#
# A fatal error has been detected by the Java Runtime Environment:
#
#  EXCEPTION_ACCESS_VIOLATION (0xc0000005) at pc=0x00007fff03edd61f, pid=3592, tid=20244
#
# JRE version: OpenJDK Runtime Environment Temurin-17.0.7+7 (17.0.7+7) (build 17.0.7+7)
# Java VM: OpenJDK 64-Bit Server VM Temurin-17.0.7+7 (17.0.7+7, mixed mode, sharing, tiered, compressed oops, compressed class ptrs, g1 gc, windows-amd64)
# Problematic frame:
# C  0x00007fff03edd61f
#
# No core dump will be written. Minidumps are not enabled by default on client versions of Windows
#
# If you would like to submit a bug report, please visit:
#   https://github.com/adoptium/adoptium-support/issues
# The crash happened outside the Java Virtual Machine in native code.
# See problematic frame for where to report the bug.
#

---------------  S U M M A R Y ------------

Command Line: -Dsun.java2d.pmoffscreen=false -Dhttps.protocols=TLSv1,TLSv1.1,TLSv1.2 -Dsun.java2d.xrender=false -Dsun.java2d.d3d=false -Dsun.awt.nopixfmt=true -Dsun.java2d.dpiaware=true -Dsun.java2d.uiScale.enabled=false -Dswing.aatext=true -XX:-UsePerfData -Djdk.map.althashing.threshold=512 -XX:StringTableSize=4072 -XX:+UseStringDeduplication -XX:MaxGCPauseMillis=200 -XX:+ParallelRefProcEnabled --add-opens=java.desktop/javax.swing.plaf.synth=ALL-UNNAMED --add-opens=java.base/java.nio=ALL-UNNAMED --add-opens=java.desktop/sun.swing=ALL-UNNAMED --add-opens=java.desktop/javax.swing=ALL-UNNAMED --add-opens=java.desktop/javax.swing.tree=ALL-UNNAMED --add-opens=java.desktop/javax.swing.plaf.basic=ALL-UNNAMED --add-opens=java.desktop/javax.swing.plaf.synth=ALL-UNNAMED --add-opens=java.desktop/javax.swing.plaf.basic=ALL-UNNAMED --add-opens=java.desktop/javax.swing=ALL-UNNAMED --add-opens=java.desktop/javax.swing.tree=ALL-UNNAMED --add-opens=java.desktop/java.awt.event=ALL-UNNAMED --add-exports=java.desktop/javax.swing.plaf.synth=ALL-UNNAMED --add-exports=java.base/java.nio=ALL-UNNAMED --add-exports=java.desktop/sun.swing=ALL-UNNAMED --add-exports=java.desktop/javax.swing=ALL-UNNAMED --add-exports=java.desktop/javax.swing.tree=ALL-UNNAMED --add-exports=java.desktop/javax.swing.plaf.basic=ALL-UNNAMED --add-exports=java.desktop/sun.swing=ALL-UNNAMED --add-exports=java.desktop/sun.swing.table=ALL-UNNAMED --add-exports=java.desktop/sun.swing.plaf.synth=ALL-UNNAMED --add-exports=java.desktop/sun.awt.shell=ALL-UNNAMED --add-exports=java.base/sun.security.action=ALL-UNNAMED --add-exports=java.desktop/sun.font=ALL-UNNAMED -XX:NewSize=80m -XX:MaxNewSize=80m -Xms512m -Xmx4072m -Xss10m 

Host: Intel(R) Core(TM) i5-10300H CPU @ 2.50GHz, 8 cores, 7G,  Windows 11 , 64 bit Build 26100 (10.0.26100.3323)
Time: Fri Mar  7 11:32:51 2025 India Standard Time elapsed time: 240.866164 seconds (0d 0h 4m 0s)

---------------  T H R E A D  ---------------

Current thread (0x000001e47ab951a0):  JavaThread "AWT-EventQueue-0" [_thread_in_native, id=20244, stack(0x000000c246200000,0x000000c246c00000)]

Stack: [0x000000c246200000,0x000000c246c00000],  sp=0x000000c246bfb248,  free space=10220k
Native frames: (J=compiled Java code, j=interpreted, Vv=VM code, C=native code)
C  0x00007fff03edd61f

Java frames: (J=compiled Java code, j=interpreted, Vv=VM code)
j  ui.views.waveform.waveformi.WVExecutive_getValueDataSize(J)J+0
j  ui.views.waveform.executive.a.kYC()Lui/views/waveform/executive/protobuf/WVNameValue$WVValueTreeMessage;+4
j  ui.views.waveform.g.D.laE()[Ljava/lang/String;+7
j  ui.views.waveform.g.D.Kp(Z)V+22
j  ui.views.waveform.g.u.Kp(Z)V+16
j  ui.views.waveform.a.Kq(Z)V+5
j  ui.views.waveform.a.Kp(Z)V+20
j  ui.views.waveform.u.aS(ZZ)V+30
J 17037 c1 ui.views.waveform.d.b.j(Lui/frmwork/a/k;)V (605 bytes) @ 0x000001e45b0e387c [0x000001e45b0dd3a0+0x00000000000064dc]
J 17036 c1 ui.views.waveform.u.handleTclEvent(Lui/frmwork/a/k;)V (17 bytes) @ 0x000001e45b0dc29c [0x000001e45b0dc1c0+0x00000000000000dc]
J 14897 c1 ui.frmwork.a.m.c(Lui/frmwork/a/k;)V (61 bytes) @ 0x000001e459cf2444 [0x000001e459cf1ac0+0x0000000000000984]
J 14836 c1 ui.frmwork.F.i(JZ)V (471 bytes) @ 0x000001e4599c8a5c [0x000001e4599c5920+0x000000000000313c]
J 14839 c1 ui.frmwork.F.fireTclEvent(J)I (113 bytes) @ 0x000001e45abb1e7c [0x000001e45abb1500+0x000000000000097c]
v  ~StubRoutines::call_stub
j  ui.views.waveform.waveformi.WVExecutive_processModelEvent(JJ)V+0
j  ui.views.waveform.executive.a.fU(J)V+5
j  ui.views.waveform.d.b.fS(J)V+8
J 17037 c1 ui.views.waveform.d.b.j(Lui/frmwork/a/k;)V (605 bytes) @ 0x000001e45b0e4584 [0x000001e45b0dd3a0+0x00000000000071e4]
J 17036 c1 ui.views.waveform.u.handleTclEvent(Lui/frmwork/a/k;)V (17 bytes) @ 0x000001e45b0dc29c [0x000001e45b0dc1c0+0x00000000000000dc]
J 14897 c1 ui.frmwork.a.m.c(Lui/frmwork/a/k;)V (61 bytes) @ 0x000001e459cf2444 [0x000001e459cf1ac0+0x0000000000000984]
J 14836 c1 ui.frmwork.F.i(JZ)V (471 bytes) @ 0x000001e4599c8a5c [0x000001e4599c5920+0x000000000000313c]
J 17265 c1 ui.frmwork.F.dv(J)V (15 bytes) @ 0x000001e4597b35ec [0x000001e4597b3560+0x000000000000008c]
J 17264 c1 ui.frmwork.F$$Lambda$220+0x0000000801725ca8.run()V (12 bytes) @ 0x000001e459a641c4 [0x000001e459a64140+0x0000000000000084]
J 13672 c2 java.awt.EventQueue.dispatchEvent(Ljava/awt/AWTEvent;)V java.desktop@17.0.7 (80 bytes) @ 0x000001e461927ce0 [0x000001e4619270e0+0x0000000000000c00]
J 16684 c2 ui.frmwork.a.d.dispatchEvent(Ljava/awt/AWTEvent;)V (42 bytes) @ 0x000001e461c1b52c [0x000001e461c1b440+0x00000000000000ec]
J 14021 c2 java.awt.EventDispatchThread.pumpOneEventForFilters(I)V java.desktop@17.0.7 (113 bytes) @ 0x000001e4619c3f50 [0x000001e4619c3b40+0x0000000000000410]
j  java.awt.EventDispatchThread.pumpEventsForFilter(ILjava/awt/Conditional;Ljava/awt/EventFilter;)V+35 java.desktop@17.0.7
j  java.awt.EventDispatchThread.pumpEventsForFilter(Ljava/awt/Conditional;Ljava/awt/EventFilter;)V+4 java.desktop@17.0.7
j  java.awt.WaitDispatchSupport$2.run()V+59 java.desktop@17.0.7
j  java.awt.WaitDispatchSupport$4.run()Ljava/lang/Void;+4 java.desktop@17.0.7
j  java.awt.WaitDispatchSupport$4.run()Ljava/lang/Object;+1 java.desktop@17.0.7
J 13754 c2 java.security.AccessController.doPrivileged(Ljava/security/PrivilegedAction;)Ljava/lang/Object; java.base@17.0.7 (9 bytes) @ 0x000001e461950050 [0x000001e461950020+0x0000000000000030]
j  java.awt.WaitDispatchSupport.enter()Z+260 java.desktop@17.0.7
j  java.awt.Dialog.show()V+225 java.desktop@17.0.7
J 9673 c1 java.awt.Component.setVisible(Z)V java.desktop@17.0.7 (6 bytes) @ 0x000001e45a60395c [0x000001e45a603760+0x00000000000001fc]
j  java.awt.Window.setVisible(Z)V+2 java.desktop@17.0.7
j  java.awt.Dialog.setVisible(Z)V+2 java.desktop@17.0.7
j  ui.dlg.c.e.setVisible(Z)V+2
j  ui.dlg.c.bq.bCa()V+65
j  ui.dlg.c.bq$c.actionPerformed(Ljava/awt/event/ActionEvent;)V+8
j  ui.dlg.c.bq.eTh()V+422
j  ui.views.c.w.b.f.run()V+4
j  ui.views.S.W.a(Ljava/lang/String;ZLjava/lang/Runnable;Ljava/lang/Runnable;)Z+275
j  ui.views.S.W.a(Ljava/lang/String;Ljava/lang/Runnable;Ljava/lang/Runnable;)Z+5
j  ui.views.S.W.c(Ljava/lang/String;Ljava/lang/Runnable;)Z+4
j  ui.views.c.w.b.d.b(Lui/data/design/B;Ljava/lang/String;Ljava/lang/String;)V+472
j  ui.views.c.w.b.d.E(Lui/data/design/B;)V+6
j  ui.views.c.w.b.d.F(Lui/data/design/B;)V+134
j  ui.views.c.w.b.d.run()V+249
j  ui.frmwork.cmd.a.hnk()Z+96
j  ui.utils.ad.actionPerformed(Ljava/awt/event/ActionEvent;)V+4
j  javax.swing.AbstractButton.fireActionPerformed(Ljava/awt/event/ActionEvent;)V+84 java.desktop@17.0.7
j  javax.swing.AbstractButton$Handler.actionPerformed(Ljava/awt/event/ActionEvent;)V+5 java.desktop@17.0.7
j  javax.swing.DefaultButtonModel.fireActionPerformed(Ljava/awt/event/ActionEvent;)V+34 java.desktop@17.0.7
j  javax.swing.DefaultButtonModel.setPressed(Z)V+117 java.desktop@17.0.7
j  javax.swing.AbstractButton.doClick(I)V+60 java.desktop@17.0.7
j  javax.swing.plaf.basic.BasicMenuItemUI.doClick(Ljavax/swing/MenuSelectionManager;)V+47 java.desktop@17.0.7
j  javax.swing.plaf.basic.BasicMenuItemUI$Handler.mouseReleased(Ljava/awt/event/MouseEvent;)V+76 java.desktop@17.0.7
j  java.awt.AWTEventMulticaster.mouseReleased(Ljava/awt/event/MouseEvent;)V+8 java.desktop@17.0.7
j  java.awt.AWTEventMulticaster.mouseReleased(Ljava/awt/event/MouseEvent;)V+8 java.desktop@17.0.7
j  java.awt.Component.processMouseEvent(Ljava/awt/event/MouseEvent;)V+64 java.desktop@17.0.7
j  javax.swing.JComponent.processMouseEvent(Ljava/awt/event/MouseEvent;)V+23 java.desktop@17.0.7
J 14380 c2 java.awt.Container.processEvent(Ljava/awt/AWTEvent;)V java.desktop@17.0.7 (22 bytes) @ 0x000001e461636d44 [0x000001e461636ba0+0x00000000000001a4]
J 14631 c2 java.awt.Component.dispatchEventImpl(Ljava/awt/AWTEvent;)V java.desktop@17.0.7 (777 bytes) @ 0x000001e461a3c444 [0x000001e461a3b140+0x0000000000001304]
J 14465 c1 java.awt.Container.dispatchEventImpl(Ljava/awt/AWTEvent;)V java.desktop@17.0.7 (129 bytes) @ 0x000001e45976826c [0x000001e459768140+0x000000000000012c]
J 13776 c2 java.awt.LightweightDispatcher.retargetMouseEvent(Ljava/awt/Component;ILjava/awt/event/MouseEvent;)V java.desktop@17.0.7 (372 bytes) @ 0x000001e461954ecc [0x000001e461954a60+0x000000000000046c]
J 13182 c1 java.awt.LightweightDispatcher.processMouseEvent(Ljava/awt/event/MouseEvent;)Z java.desktop@17.0.7 (265 bytes) @ 0x000001e4598be204 [0x000001e4598bd220+0x0000000000000fe4]
J 12688 c1 java.awt.LightweightDispatcher.dispatchEvent(Ljava/awt/AWTEvent;)Z java.desktop@17.0.7 (73 bytes) @ 0x000001e45abe0a54 [0x000001e45abe0600+0x0000000000000454]
J 14465 c1 java.awt.Container.dispatchEventImpl(Ljava/awt/AWTEvent;)V java.desktop@17.0.7 (129 bytes) @ 0x000001e45976820c [0x000001e459768140+0x00000000000000cc]
J 12671 c1 java.awt.Window.dispatchEventImpl(Ljava/awt/AWTEvent;)V java.desktop@17.0.7 (23 bytes) @ 0x000001e45abd5f14 [0x000001e45abd5900+0x0000000000000614]
J 13779 c2 java.awt.EventQueue.dispatchEventImpl(Ljava/awt/AWTEvent;Ljava/lang/Object;)V java.desktop@17.0.7 (136 bytes) @ 0x000001e46195db14 [0x000001e46195d6e0+0x0000000000000434]
J 14595 c2 java.awt.EventQueue$4.run()Ljava/lang/Object; java.desktop@17.0.7 (5 bytes) @ 0x000001e461a2cbf8 [0x000001e461a2cba0+0x0000000000000058]
J 13672 c2 java.awt.EventQueue.dispatchEvent(Ljava/awt/AWTEvent;)V java.desktop@17.0.7 (80 bytes) @ 0x000001e461927550 [0x000001e4619270e0+0x0000000000000470]
J 13674 c2 ui.frmwork.a.d.dispatchEvent(Ljava/awt/AWTEvent;)V (42 bytes) @ 0x000001e46192b748 [0x000001e46192aae0+0x0000000000000c68]
J 14021 c2 java.awt.EventDispatchThread.pumpOneEventForFilters(I)V java.desktop@17.0.7 (113 bytes) @ 0x000001e4619c3f50 [0x000001e4619c3b40+0x0000000000000410]
j  java.awt.EventDispatchThread.pumpEventsForFilter(ILjava/awt/Conditional;Ljava/awt/EventFilter;)V+35 java.desktop@17.0.7
j  java.awt.EventDispatchThread.pumpEventsForHierarchy(ILjava/awt/Conditional;Ljava/awt/Component;)V+11 java.desktop@17.0.7
j  java.awt.EventDispatchThread.pumpEvents(ILjava/awt/Conditional;)V+4 java.desktop@17.0.7
j  java.awt.EventDispatchThread.pumpEvents(Ljava/awt/Conditional;)V+3 java.desktop@17.0.7
j  java.awt.EventDispatchThread.run()V+9 java.desktop@17.0.7
v  ~StubRoutines::call_stub

siginfo: EXCEPTION_ACCESS_VIOLATION (0xc0000005), reading address 0x0000000000000010


Register to memory mapping:

RIP=0x00007fff03edd61f points into unknown readable memory: 83
RAX=0x0 is NULL
RBX=0x000000c246bfb488 is pointing into the stack for thread: 0x000001e47ab951a0
RCX=0x000001e4167d5120 points into unknown readable memory: 0x0000000000000000 | 00 00 00 00 00 00 00 00
RDX=0x0 is NULL
RSP=0x000000c246bfb248 is pointing into the stack for thread: 0x000001e47ab951a0
RBP=0x000001e4167d5120 points into unknown readable memory: 0x0000000000000000 | 00 00 00 00 00 00 00 00
RSI=0x000001e41062e1c0 points into unknown readable memory: 0x00000000000343b7 | b7 43 03 00 00 00 00 00
RDI=0x000000c246bfb470 is pointing into the stack for thread: 0x000001e47ab951a0
R8 =0x000001e446f245c0 points into unknown readable memory: 0x000001e446f20d80 | 80 0d f2 46 e4 01 00 00
R9 =0x0000000000000040 is an unknown value
R10=0x000001e446f20000 points into unknown readable memory: 0x0000000000000000 | 00 00 00 00 00 00 00 00
R11=0x00007fff627d16d1 VCRUNTIME140.dll
R12=0x000000c246bfb2e8 is pointing into the stack for thread: 0x000001e47ab951a0
R13=0x000000c246bfb500 is pointing into the stack for thread: 0x000001e47ab951a0
R14=0x0000000000000001 is an unknown value
R15=0x000001e47910c168 points into unknown readable memory: 0x000001e40d2a1040 | 40 10 2a 0d e4 01 00 00


Registers:
RAX=0x0000000000000000, RBX=0x000000c246bfb488, RCX=0x000001e4167d5120, RDX=0x0000000000000000
RSP=0x000000c246bfb248, RBP=0x000001e4167d5120, RSI=0x000001e41062e1c0, RDI=0x000000c246bfb470
R8 =0x000001e446f245c0, R9 =0x0000000000000040, R10=0x000001e446f20000, R11=0x00007fff627d16d1
R12=0x000000c246bfb2e8, R13=0x000000c246bfb500, R14=0x0000000000000001, R15=0x000001e47910c168
RIP=0x00007fff03edd61f, EFLAGS=0x0000000000010246

Top of Stack: (sp=0x000000c246bfb248)
0x000000c246bfb248:   00007fff03ebd981 000000c246bfb488
0x000000c246bfb258:   000001e4167d4220 000001e41062e1c0
0x000000c246bfb268:   000000c246bfb550 000000000000013c
0x000000c246bfb278:   000000c246bfb550 000000c246bfb510
0x000000c246bfb288:   00000000000343b0 0000000000000004
0x000000c246bfb298:   00007ffe6010bf7a 000000c246bfb300
0x000000c246bfb2a8:   000001e4167d5120 000001e404f842b0
0x000000c246bfb2b8:   00000000000343b3 00000000000343b7
0x000000c246bfb2c8:   0000000000000004 fffffffffffffffe
0x000000c246bfb2d8:   00000000000343b0 0000ce6f00000008
0x000000c246bfb2e8:   000001e41062e1b0 000001e41062e1d0
0x000000c246bfb2f8:   000001e41062e1d0 000001e47910c150
0x000000c246bfb308:   000000c246bfb618 000000c246bfb550
0x000000c246bfb318:   000000c246bfb510 0000000000000c60
0x000000c246bfb328:   00007ffe6010bd50 000001e410000000
0x000000c246bfb338:   0000000000000b23 0000000000000002 

Instructions: (pc=0x00007fff03edd61f)
0x00007fff03edd51f:   c8 e9 6b ff ff ff cc cc cc cc cc cc cc cc cc cc
0x00007fff03edd52f:   cc 48 89 5c 24 10 56 48 8b 99 f8 00 00 00 33 f6
0x00007fff03edd53f:   89 b1 f0 00 00 00 48 85 db 74 78 44 8b 43 10 8b
0x00007fff03edd54f:   c6 41 83 e8 01 48 89 7c 24 10 44 8b ce 40 0f b6
0x00007fff03edd55f:   fe 78 34 4c 8b 59 20 66 66 0f 1f 84 00 00 00 00
0x00007fff03edd56f:   00 43 8d 04 08 99 2b c2 d1 f8 4c 3b 5c c3 18 7e
0x00007fff03edd57f:   06 44 8d 48 01 eb 06 7d 0b 44 8d 40 ff 45 3b c8
0x00007fff03edd58f:   7e df eb 03 40 b7 01 40 84 ff 48 8b 7c 24 10 74
0x00007fff03edd59f:   0d 89 81 f0 00 00 00 48 8b 5c 24 18 5e c3 45 3b
0x00007fff03edd5af:   c8 45 0f 4c c1 45 85 c0 44 0f 48 c6 44 89 81 f0
0x00007fff03edd5bf:   00 00 00 48 8b 5c 24 18 5e c3 cc cc cc cc cc cc
0x00007fff03edd5cf:   cc 83 79 38 ff 0f 95 c0 c3 cc cc cc cc cc cc cc
0x00007fff03edd5df:   cc 8b 51 5c 85 d2 74 43 83 ea 01 74 3b 83 ea 01
0x00007fff03edd5ef:   74 2a 83 fa 01 75 34 48 8b 49 68 80 b9 49 48 00
0x00007fff03edd5ff:   00 00 74 06 83 79 30 00 75 1e 48 8b 81 68 48 00
0x00007fff03edd60f:   00 48 39 81 60 48 00 00 0f 94 c0 c3 48 8b 41 60
0x00007fff03edd61f:   83 78 10 00 0f 94 c0 c3 32 c0 c3 b0 01 c3 cc cc
0x00007fff03edd62f:   cc 40 53 48 83 ec 20 48 8b d9 e8 42 fd ff ff 48
0x00007fff03edd63f:   8b 43 40 48 39 43 38 74 2c 48 8b c8 48 8b 43 30
0x00007fff03edd64f:   48 85 c0 7e 0e 48 8b 51 d8 48 85 d2 7e 05 48 3b
0x00007fff03edd65f:   c2 7d 2e 8b 41 f8 3b 41 e8 74 0a 48 8b 94 c1 d8
0x00007fff03edd66f:   bf ff ff eb 02 33 d2 48 8b 4b 08 4c 8d 43 50 41
0x00007fff03edd67f:   b9 20 48 00 00 48 8b 01 48 83 c4 20 5b 48 ff 60
0x00007fff03edd68f:   10 48 83 c4 20 5b c3 cc cc cc cc cc cc cc cc cc
0x00007fff03edd69f:   cc 40 57 48 83 ec 20 80 79 59 00 48 8b f9 0f 85
0x00007fff03edd6af:   86 01 00 00 8b 81 f0 00 00 00 ff c0 89 81 f0 00
0x00007fff03edd6bf:   00 00 48 8b 89 f8 00 00 00 48 85 c9 74 0d 84 d2
0x00007fff03edd6cf:   75 09 3b 41 10 0f 82 5f 01 00 00 48 89 5c 24 30
0x00007fff03edd6df:   48 89 74 24 38 48 8d b7 00 01 00 00 48 8b ce c6
0x00007fff03edd6ef:   47 59 01 48 c7 87 f8 00 00 00 00 00 00 00 c7 87
0x00007fff03edd6ff:   f0 00 00 00 00 00 00 00 e8 74 fc ff ff 48 8b 46
0x00007fff03edd70f:   40 48 39 46 38 74 46 48 8b c8 0f 1f 80 00 00 00 


Stack slot to memory mapping:
stack at sp + 0 slots: 0x00007fff03ebd981 points into unknown readable memory: 84 c0 0f 84 85 00 00
stack at sp + 1 slots: 0x000000c246bfb488 is pointing into the stack for thread: 0x000001e47ab951a0
stack at sp + 2 slots: 0x000001e4167d4220 points into unknown readable memory: 0x0000000000000000 | 00 00 00 00 00 00 00 00
stack at sp + 3 slots: 0x000001e41062e1c0 points into unknown readable memory: 0x00000000000343b7 | b7 43 03 00 00 00 00 00
stack at sp + 4 slots: 0x000000c246bfb550 is pointing into the stack for thread: 0x000001e47ab951a0
stack at sp + 5 slots: 0x000000000000013c is an unknown value
stack at sp + 6 slots: 0x000000c246bfb550 is pointing into the stack for thread: 0x000001e47ab951a0
stack at sp + 7 slots: 0x000000c246bfb510 is pointing into the stack for thread: 0x000001e47ab951a0


---------------  P R O C E S S  ---------------

Threads class SMR info:
_java_thread_list=0x000001e4247e57d0, length=44, elements={
0x000001e450ff75e0, 0x000001e451856b70, 0x000001e45185b440, 0x000001e4518782b0,
0x000001e451878b70, 0x000001e45187b440, 0x000001e45187d130, 0x000001e451887dc0,
0x000001e4518886c0, 0x000001e45188bc00, 0x000001e451a07610, 0x000001e451a0baf0,
0x000001e479539fb0, 0x000001e4791ed3a0, 0x000001e479a11860, 0x000001e47ab93270,
0x000001e47ab951a0, 0x000001e47b28cd80, 0x000001e47b28d250, 0x000001e47b28fda0,
0x000001e47b28c3e0, 0x000001e403334ef0, 0x000001e403336230, 0x000001e400e79d60,
0x000001e400e7f400, 0x000001e47eb1baf0, 0x000001e40c4a5090, 0x000001e40c4a4bc0,
0x000001e40c4a63d0, 0x000001e40c4a2a10, 0x000001e40c4a8f20, 0x000001e40c4a68a0,
0x000001e40c4a7be0, 0x000001e40c4a7710, 0x000001e40c4a8580, 0x000001e40c4a80b0,
0x000001e40c4a3880, 0x000001e40c4a93f0, 0x000001e40c4a98c0, 0x000001e40d6506e0,
0x000001e40d64e530, 0x000001e40d64f3a0, 0x000001e40d64e060, 0x000001e47de4f5b0
}

Java Threads: ( => current thread )
  0x000001e450ff75e0 JavaThread "main" [_thread_blocked, id=20408, stack(0x000000c23d500000,0x000000c23d600000)]
  0x000001e451856b70 JavaThread "Reference Handler" daemon [_thread_blocked, id=15228, stack(0x000000c23dd00000,0x000000c23e700000)]
  0x000001e45185b440 JavaThread "Finalizer" daemon [_thread_blocked, id=9748, stack(0x000000c23e700000,0x000000c23f100000)]
  0x000001e4518782b0 JavaThread "Signal Dispatcher" daemon [_thread_blocked, id=9312, stack(0x000000c23f100000,0x000000c23fb00000)]
  0x000001e451878b70 JavaThread "Attach Listener" daemon [_thread_blocked, id=10844, stack(0x000000c23fb00000,0x000000c240500000)]
  0x000001e45187b440 JavaThread "Service Thread" daemon [_thread_blocked, id=10472, stack(0x000000c240500000,0x000000c240f00000)]
  0x000001e45187d130 JavaThread "Monitor Deflation Thread" daemon [_thread_blocked, id=17712, stack(0x000000c240f00000,0x000000c241900000)]
  0x000001e451887dc0 JavaThread "C2 CompilerThread0" daemon [_thread_blocked, id=15836, stack(0x000000c241900000,0x000000c241a00000)]
  0x000001e4518886c0 JavaThread "C1 CompilerThread0" daemon [_thread_blocked, id=5608, stack(0x000000c241a00000,0x000000c241b00000)]
  0x000001e45188bc00 JavaThread "Sweeper thread" daemon [_thread_blocked, id=14160, stack(0x000000c241b00000,0x000000c242500000)]
  0x000001e451a07610 JavaThread "Common-Cleaner" daemon [_thread_blocked, id=5116, stack(0x000000c242500000,0x000000c242f00000)]
  0x000001e451a0baf0 JavaThread "Notification Thread" daemon [_thread_blocked, id=16944, stack(0x000000c242f00000,0x000000c243900000)]
  0x000001e479539fb0 JavaThread "Java2D Disposer" daemon [_thread_blocked, id=10048, stack(0x000000c243a00000,0x000000c244400000)]
  0x000001e4791ed3a0 JavaThread "AWT-Shutdown" [_thread_blocked, id=12420, stack(0x000000c244400000,0x000000c244e00000)]
  0x000001e479a11860 JavaThread "AWT-Windows" daemon [_thread_in_native, id=15380, stack(0x000000c244e00000,0x000000c245800000)]
  0x000001e47ab93270 JavaThread "TimerQueue" daemon [_thread_blocked, id=19984, stack(0x000000c245800000,0x000000c246200000)]
=>0x000001e47ab951a0 JavaThread "AWT-EventQueue-0" [_thread_in_native, id=20244, stack(0x000000c246200000,0x000000c246c00000)]
  0x000001e47b28cd80 JavaThread "Thread-1" [_thread_in_native, id=9152, stack(0x000000c23bd00000,0x000000c23d100000)]
  0x000001e47b28d250 JavaThread "Process Messages Thread" [_thread_blocked, id=7024, stack(0x000000c248a00000,0x000000c249400000)]
  0x000001e47b28fda0 JavaThread "Batik CleanerThread" daemon [_thread_blocked, id=18340, stack(0x000000c248000000,0x000000c248a00000)]
  0x000001e47b28c3e0 JavaThread "SyntheticaCleanerThread" daemon [_thread_blocked, id=16968, stack(0x000000c249f00000,0x000000c24a900000)]
  0x000001e403334ef0 JavaThread "Timer-0" [_thread_blocked, id=20188, stack(0x000000c24b400000,0x000000c24be00000)]
  0x000001e403336230 JavaThread "Monitor File Timestamp Swing Worker Thread" [_thread_blocked, id=19584, stack(0x000000c24be00000,0x000000c24c800000)]
  0x000001e400e79d60 JavaThread "Monitor HEventQueue Thread" [_thread_blocked, id=10536, stack(0x000000c24c900000,0x000000c24d300000)]
  0x000001e400e7f400 JavaThread "SyntheticaAnimation 50" daemon [_thread_blocked, id=3516, stack(0x000000c24d300000,0x000000c24dd00000)]
  0x000001e47eb1baf0 JavaThread "SyntheticaAnimation 25" daemon [_thread_blocked, id=20760, stack(0x000000c24dd00000,0x000000c24e700000)]
  0x000001e40c4a5090 JavaThread "SyntheticaAnimation 70" daemon [_thread_blocked, id=21268, stack(0x000000c249500000,0x000000c249f00000)]
  0x000001e40c4a4bc0 JavaThread "Refresh Filesets Swing Worker Thread" [_thread_blocked, id=12792, stack(0x000000c24aa00000,0x000000c24b400000)]
  0x000001e40c4a63d0 JavaThread "hw_ila_monitor" [_thread_blocked, id=11220, stack(0x000000c24e700000,0x000000c24f100000)]
  0x000001e40c4a2a10 JavaThread "pool-1-thread-1" [_thread_blocked, id=16820, stack(0x000000c250500000,0x000000c250f00000)]
  0x000001e40c4a8f20 JavaThread "Timer-1" [_thread_blocked, id=19792, stack(0x000000c250f00000,0x000000c251900000)]
  0x000001e40c4a68a0 JavaThread "pool-2-thread-1" [_thread_blocked, id=15236, stack(0x000000c251900000,0x000000c252300000)]
  0x000001e40c4a7be0 JavaThread "Timer-2" [_thread_blocked, id=11028, stack(0x000000c252300000,0x000000c252d00000)]
  0x000001e40c4a7710 JavaThread "pool-3-thread-1" [_thread_blocked, id=19176, stack(0x000000c252d00000,0x000000c253700000)]
  0x000001e40c4a8580 JavaThread "Timer-3" [_thread_blocked, id=3624, stack(0x000000c253700000,0x000000c254100000)]
  0x000001e40c4a80b0 JavaThread "Update Runs Swing Worker Thread" [_thread_blocked, id=16544, stack(0x000000c254100000,0x000000c254b00000)]
  0x000001e40c4a3880 JavaThread "Image Animator 3" daemon [_thread_blocked, id=9700, stack(0x000000c24f100000,0x000000c24fb00000)]
  0x000001e40c4a93f0 JavaThread "Timer-4" [_thread_blocked, id=19996, stack(0x000000c24fb00000,0x000000c250500000)]
  0x000001e40c4a98c0 JavaThread "Monitor File Timestamp Swing Worker Thread" [_thread_blocked, id=7088, stack(0x000000c254b00000,0x000000c255500000)]
  0x000001e40d6506e0 JavaThread "SyntheticaAnimation 50" daemon [_thread_blocked, id=17240, stack(0x000000c256a00000,0x000000c257400000)]
  0x000001e40d64e530 JavaThread "Timer-6" [_thread_blocked, id=18728, stack(0x000000c257400000,0x000000c257e00000)]
  0x000001e40d64f3a0 JavaThread "Monitor File Timestamp Swing Worker Thread" [_thread_blocked, id=16464, stack(0x000000c257e00000,0x000000c258800000)]
  0x000001e40d64e060 JavaThread "Swing-Shell" daemon [_thread_blocked, id=17276, stack(0x000000c255500000,0x000000c255f00000)]
  0x000001e47de4f5b0 JavaThread "Run Simulation Thread" [_thread_blocked, id=16100, stack(0x000000c256000000,0x000000c256a00000)]

Other Threads:
  0x000001e450719830 VMThread "VM Thread" [stack: 0x000000c23dc00000,0x000000c23dd00000] [id=6384]
  0x000001e4508be160 WatcherThread [stack: 0x000000c243900000,0x000000c243a00000] [id=15840]
  0x000001e4501e4ee0 GCTaskThread "GC Thread#0" [stack: 0x000000c23d600000,0x000000c23d700000] [id=19776]
  0x000001e4501e3400 GCTaskThread "GC Thread#1" [stack: 0x000000c247600000,0x000000c247700000] [id=13104]
  0x000001e4501e36b0 GCTaskThread "GC Thread#2" [stack: 0x000000c247700000,0x000000c247800000] [id=11324]
  0x000001e4501e3ec0 GCTaskThread "GC Thread#3" [stack: 0x000000c247800000,0x000000c247900000] [id=9392]
  0x000001e4501e1110 GCTaskThread "GC Thread#4" [stack: 0x000000c247900000,0x000000c247a00000] [id=15096]
  0x000001e4501e5190 GCTaskThread "GC Thread#5" [stack: 0x000000c247a00000,0x000000c247b00000] [id=16524]
  0x000001e4501e5440 GCTaskThread "GC Thread#6" [stack: 0x000000c247b00000,0x000000c247c00000] [id=4296]
  0x000001e4501e56f0 GCTaskThread "GC Thread#7" [stack: 0x000000c247c00000,0x000000c247d00000] [id=19908]
  0x000001e4505a6d00 ConcurrentGCThread "G1 Main Marker" [stack: 0x000000c23d700000,0x000000c23d800000] [id=2344]
  0x000001e4501e4420 ConcurrentGCThread "G1 Conc#0" [stack: 0x000000c23d800000,0x000000c23d900000] [id=12484]
  0x000001e4501e5f00 ConcurrentGCThread "G1 Conc#1" [stack: 0x000000c249400000,0x000000c249500000] [id=20896]
  0x000001e450b77d20 ConcurrentGCThread "G1 Refine#0" [stack: 0x000000c23d900000,0x000000c23da00000] [id=11864]
  0x000001e450b76340 ConcurrentGCThread "G1 Refine#1" [stack: 0x000000c247d00000,0x000000c247e00000] [id=14392]
  0x000001e47c6212d0 ConcurrentGCThread "G1 Refine#2" [stack: 0x000000c24a900000,0x000000c24aa00000] [id=15872]
  0x000001e451778250 ConcurrentGCThread "G1 Service" [stack: 0x000000c23da00000,0x000000c23db00000] [id=12416]
  0x000001e4501e3960 ConcurrentGCThread "StringDedupProcessor" [stack: 0x000000c23db00000,0x000000c23dc00000] [id=14412]

Threads with active compile tasks:

VM state: not at safepoint (normal execution)

VM Mutex/Monitor currently owned by a thread: None

Heap address: 0x0000000701800000, size: 4072 MB, Compressed Oops mode: Zero based, Oop shift amount: 3

CDS archive(s) mapped at: [0x0000000800000000-0x0000000800bc0000-0x0000000800bc0000), size 12320768, SharedBaseAddress: 0x0000000800000000, ArchiveRelocationMode: 0.
Compressed class space mapped at: 0x0000000801000000-0x0000000841000000, reserved size: 1073741824
Narrow klass base: 0x0000000800000000, Narrow klass shift: 0, Narrow klass range: 0x100000000

GC Precious Log:
 CPUs: 8 total, 8 available
 Memory: 8023M
 Large Page Support: Disabled
 NUMA Support: Disabled
 Compressed Oops: Enabled (Zero based)
 Heap Region Size: 2M
 Heap Min Capacity: 512M
 Heap Initial Capacity: 512M
 Heap Max Capacity: 4072M
 Pre-touch: Disabled
 Parallel Workers: 8
 Concurrent Workers: 2
 Concurrent Refinement Workers: 8
 Periodic GC: Disabled
 String Deduplication is enabled

Heap:
 garbage-first heap   total 524288K, used 118296K [0x0000000701800000, 0x0000000800000000)
  region size 2048K, 10 young (20480K), 2 survivors (4096K)
 Metaspace       used 84670K, committed 85376K, reserved 1179648K
  class space    used 12078K, committed 12416K, reserved 1048576K

Heap Regions: E=young(eden), S=young(survivor), O=old, HS=humongous(starts), HC=humongous(continues), CS=collection set, F=free, OA=open archive, CA=closed archive, TAMS=top-at-mark-start (previous, next)
|   0|0x0000000701800000, 0x0000000701a00000, 0x0000000701a00000|100%|HS|  |TAMS 0x0000000701a00000, 0x0000000701800000| Untracked 
|   1|0x0000000701a00000, 0x0000000701bfff78, 0x0000000701c00000| 99%| O|  |TAMS 0x0000000701bfff78, 0x0000000701a00000| Untracked 
|   2|0x0000000701c00000, 0x0000000701dfcdc8, 0x0000000701e00000| 99%| O|  |TAMS 0x0000000701dfcdc8, 0x0000000701c00000| Untracked 
|   3|0x0000000701e00000, 0x0000000701ffffe0, 0x0000000702000000| 99%| O|  |TAMS 0x0000000701ffffe0, 0x0000000701e00000| Untracked 
|   4|0x0000000702000000, 0x00000007021fffe8, 0x0000000702200000| 99%| O|  |TAMS 0x00000007021fffe8, 0x0000000702000000| Untracked 
|   5|0x0000000702200000, 0x00000007023fff78, 0x0000000702400000| 99%| O|  |TAMS 0x00000007023fff78, 0x0000000702200000| Untracked 
|   6|0x0000000702400000, 0x00000007025ffff0, 0x0000000702600000| 99%| O|  |TAMS 0x00000007025ffff0, 0x0000000702400000| Untracked 
|   7|0x0000000702600000, 0x0000000702800000, 0x0000000702800000|100%| O|  |TAMS 0x0000000702800000, 0x0000000702600000| Untracked 
|   8|0x0000000702800000, 0x0000000702a00000, 0x0000000702a00000|100%| O|  |TAMS 0x0000000702a00000, 0x0000000702800000| Untracked 
|   9|0x0000000702a00000, 0x0000000702bfff98, 0x0000000702c00000| 99%| O|  |TAMS 0x0000000702bfff98, 0x0000000702a00000| Untracked 
|  10|0x0000000702c00000, 0x0000000702dffe70, 0x0000000702e00000| 99%| O|  |TAMS 0x0000000702dffe70, 0x0000000702c00000| Untracked 
|  11|0x0000000702e00000, 0x0000000703000000, 0x0000000703000000|100%| O|  |TAMS 0x0000000703000000, 0x0000000702e00000| Untracked 
|  12|0x0000000703000000, 0x00000007031ffff8, 0x0000000703200000| 99%| O|  |TAMS 0x00000007031ffff8, 0x0000000703000000| Untracked 
|  13|0x0000000703200000, 0x00000007033ffff8, 0x0000000703400000| 99%| O|  |TAMS 0x00000007033ffff8, 0x0000000703200000| Untracked 
|  14|0x0000000703400000, 0x00000007035ffff8, 0x0000000703600000| 99%| O|  |TAMS 0x00000007035ffff8, 0x0000000703400000| Untracked 
|  15|0x0000000703600000, 0x0000000703800000, 0x0000000703800000|100%| O|  |TAMS 0x0000000703800000, 0x0000000703600000| Untracked 
|  16|0x0000000703800000, 0x0000000703a00000, 0x0000000703a00000|100%|HS|  |TAMS 0x0000000703a00000, 0x0000000703800000| Untracked 
|  17|0x0000000703a00000, 0x0000000703c00000, 0x0000000703c00000|100%|HC|  |TAMS 0x0000000703c00000, 0x0000000703a00000| Untracked 
|  18|0x0000000703c00000, 0x0000000703e00000, 0x0000000703e00000|100%|HC|  |TAMS 0x0000000703e00000, 0x0000000703c00000| Untracked 
|  19|0x0000000703e00000, 0x0000000704000000, 0x0000000704000000|100%|HC|  |TAMS 0x0000000704000000, 0x0000000703e00000| Untracked 
|  20|0x0000000704000000, 0x0000000704200000, 0x0000000704200000|100%|HC|  |TAMS 0x0000000704200000, 0x0000000704000000| Untracked 
|  21|0x0000000704200000, 0x0000000704400000, 0x0000000704400000|100%|HC|  |TAMS 0x0000000704400000, 0x0000000704200000| Untracked 
|  22|0x0000000704400000, 0x0000000704600000, 0x0000000704600000|100%| O|  |TAMS 0x0000000704400000, 0x0000000704400000| Untracked 
|  23|0x0000000704600000, 0x0000000704800000, 0x0000000704800000|100%|HS|  |TAMS 0x0000000704800000, 0x0000000704600000| Untracked 
|  24|0x0000000704800000, 0x0000000704a00000, 0x0000000704a00000|100%|HC|  |TAMS 0x0000000704a00000, 0x0000000704800000| Untracked 
|  25|0x0000000704a00000, 0x0000000704c00000, 0x0000000704c00000|100%|HC|  |TAMS 0x0000000704c00000, 0x0000000704a00000| Untracked 
|  26|0x0000000704c00000, 0x0000000704e00000, 0x0000000704e00000|100%|HC|  |TAMS 0x0000000704e00000, 0x0000000704c00000| Untracked 
|  27|0x0000000704e00000, 0x0000000705000000, 0x0000000705000000|100%| O|  |TAMS 0x0000000705000000, 0x0000000704e00000| Untracked 
|  28|0x0000000705000000, 0x0000000705200000, 0x0000000705200000|100%| O|  |TAMS 0x0000000705200000, 0x0000000705000000| Untracked 
|  29|0x0000000705200000, 0x0000000705400000, 0x0000000705400000|100%| O|  |TAMS 0x0000000705400000, 0x0000000705200000| Untracked 
|  30|0x0000000705400000, 0x00000007055ffff0, 0x0000000705600000| 99%| O|  |TAMS 0x00000007055ffff0, 0x0000000705400000| Untracked 
|  31|0x0000000705600000, 0x0000000705800000, 0x0000000705800000|100%| O|  |TAMS 0x0000000705800000, 0x0000000705600000| Untracked 
|  32|0x0000000705800000, 0x0000000705a00000, 0x0000000705a00000|100%| O|  |TAMS 0x0000000705a00000, 0x0000000705800000| Untracked 
|  33|0x0000000705a00000, 0x0000000705bfffd0, 0x0000000705c00000| 99%| O|  |TAMS 0x0000000705bfffd0, 0x0000000705a00000| Untracked 
|  34|0x0000000705c00000, 0x0000000705dfffd0, 0x0000000705e00000| 99%| O|  |TAMS 0x0000000705dfffd0, 0x0000000705c00000| Untracked 
|  35|0x0000000705e00000, 0x0000000705fffff0, 0x0000000706000000| 99%| O|  |TAMS 0x0000000705fffff0, 0x0000000705e00000| Untracked 
|  36|0x0000000706000000, 0x00000007061ffff0, 0x0000000706200000| 99%| O|  |TAMS 0x00000007061ffff0, 0x0000000706000000| Untracked 
|  37|0x0000000706200000, 0x00000007063b58e8, 0x0000000706400000| 85%| O|  |TAMS 0x0000000706200000, 0x0000000706200000| Untracked 
|  38|0x0000000706400000, 0x00000007065ffff8, 0x0000000706600000| 99%| O|  |TAMS 0x0000000706400000, 0x0000000706400000| Untracked 
|  39|0x0000000706600000, 0x00000007067fffe8, 0x0000000706800000| 99%| O|  |TAMS 0x0000000706600000, 0x0000000706600000| Untracked 
|  40|0x0000000706800000, 0x000000070698e940, 0x0000000706a00000| 77%| O|  |TAMS 0x0000000706800000, 0x0000000706800000| Untracked 
|  41|0x0000000706a00000, 0x0000000706bb2e50, 0x0000000706c00000| 84%| O|  |TAMS 0x0000000706a00000, 0x0000000706a00000| Untracked 
|  42|0x0000000706c00000, 0x0000000706de2d60, 0x0000000706e00000| 94%| O|  |TAMS 0x0000000706c00000, 0x0000000706c00000| Untracked 
|  43|0x0000000706e00000, 0x0000000706e02200, 0x0000000707000000|  0%| O|  |TAMS 0x0000000706e00000, 0x0000000706e00000| Untracked 
|  44|0x0000000707000000, 0x0000000707200000, 0x0000000707200000|100%| O|  |TAMS 0x0000000707000000, 0x0000000707000000| Untracked 
|  45|0x0000000707200000, 0x0000000707202900, 0x0000000707400000|  0%| O|  |TAMS 0x0000000707200000, 0x0000000707200000| Untracked 
|  46|0x0000000707400000, 0x0000000707400000, 0x0000000707600000|  0%| F|  |TAMS 0x0000000707400000, 0x0000000707400000| Untracked 
|  47|0x0000000707600000, 0x0000000707800000, 0x0000000707800000|100%|HS|  |TAMS 0x0000000707800000, 0x0000000707600000| Untracked 
|  48|0x0000000707800000, 0x0000000707a00000, 0x0000000707a00000|100%|HC|  |TAMS 0x0000000707a00000, 0x0000000707800000| Untracked 
|  49|0x0000000707a00000, 0x0000000707c00000, 0x0000000707c00000|100%|HS|  |TAMS 0x0000000707c00000, 0x0000000707a00000| Untracked 
|  50|0x0000000707c00000, 0x0000000707e00000, 0x0000000707e00000|100%|HC|  |TAMS 0x0000000707e00000, 0x0000000707c00000| Untracked 
|  51|0x0000000707e00000, 0x0000000707e00000, 0x0000000708000000|  0%| F|  |TAMS 0x0000000707e00000, 0x0000000707e00000| Untracked 
|  52|0x0000000708000000, 0x0000000708054578, 0x0000000708200000| 16%| O|  |TAMS 0x0000000708000000, 0x0000000708000000| Untracked 
|  53|0x0000000708200000, 0x000000070839fd18, 0x0000000708400000| 81%| O|  |TAMS 0x0000000708200000, 0x0000000708200000| Untracked 
|  54|0x0000000708400000, 0x0000000708400000, 0x0000000708600000|  0%| F|  |TAMS 0x0000000708400000, 0x0000000708400000| Untracked 
|  55|0x0000000708600000, 0x0000000708600000, 0x0000000708800000|  0%| F|  |TAMS 0x0000000708600000, 0x0000000708600000| Untracked 
|  56|0x0000000708800000, 0x0000000708800000, 0x0000000708a00000|  0%| F|  |TAMS 0x0000000708800000, 0x0000000708800000| Untracked 
|  57|0x0000000708a00000, 0x0000000708a00000, 0x0000000708c00000|  0%| F|  |TAMS 0x0000000708a00000, 0x0000000708a00000| Untracked 
|  58|0x0000000708c00000, 0x0000000708c00000, 0x0000000708e00000|  0%| F|  |TAMS 0x0000000708c00000, 0x0000000708c00000| Untracked 
|  59|0x0000000708e00000, 0x0000000708e00000, 0x0000000709000000|  0%| F|  |TAMS 0x0000000708e00000, 0x0000000708e00000| Untracked 
|  60|0x0000000709000000, 0x0000000709000000, 0x0000000709200000|  0%| F|  |TAMS 0x0000000709000000, 0x0000000709000000| Untracked 
|  61|0x0000000709200000, 0x0000000709200000, 0x0000000709400000|  0%| F|  |TAMS 0x0000000709200000, 0x0000000709200000| Untracked 
|  62|0x0000000709400000, 0x0000000709400000, 0x0000000709600000|  0%| F|  |TAMS 0x0000000709400000, 0x0000000709400000| Untracked 
|  63|0x0000000709600000, 0x0000000709600000, 0x0000000709800000|  0%| F|  |TAMS 0x0000000709600000, 0x0000000709600000| Untracked 
|  64|0x0000000709800000, 0x0000000709800000, 0x0000000709a00000|  0%| F|  |TAMS 0x0000000709800000, 0x0000000709800000| Untracked 
|  65|0x0000000709a00000, 0x0000000709a00000, 0x0000000709c00000|  0%| F|  |TAMS 0x0000000709a00000, 0x0000000709a00000| Untracked 
|  66|0x0000000709c00000, 0x0000000709c00000, 0x0000000709e00000|  0%| F|  |TAMS 0x0000000709c00000, 0x0000000709c00000| Untracked 
|  67|0x0000000709e00000, 0x0000000709e00000, 0x000000070a000000|  0%| F|  |TAMS 0x0000000709e00000, 0x0000000709e00000| Untracked 
|  68|0x000000070a000000, 0x000000070a000000, 0x000000070a200000|  0%| F|  |TAMS 0x000000070a000000, 0x000000070a000000| Untracked 
|  69|0x000000070a200000, 0x000000070a231a10, 0x000000070a400000|  9%| O|  |TAMS 0x000000070a200000, 0x000000070a200000| Untracked 
|  70|0x000000070a400000, 0x000000070a400000, 0x000000070a600000|  0%| F|  |TAMS 0x000000070a400000, 0x000000070a400000| Untracked 
|  71|0x000000070a600000, 0x000000070a600000, 0x000000070a800000|  0%| F|  |TAMS 0x000000070a600000, 0x000000070a600000| Untracked 
|  72|0x000000070a800000, 0x000000070a800000, 0x000000070aa00000|  0%| F|  |TAMS 0x000000070a800000, 0x000000070a800000| Untracked 
|  73|0x000000070aa00000, 0x000000070aa00000, 0x000000070ac00000|  0%| F|  |TAMS 0x000000070aa00000, 0x000000070aa00000| Untracked 
|  74|0x000000070ac00000, 0x000000070ac00000, 0x000000070ae00000|  0%| F|  |TAMS 0x000000070ac00000, 0x000000070ac00000| Untracked 
|  75|0x000000070ae00000, 0x000000070ae00000, 0x000000070b000000|  0%| F|  |TAMS 0x000000070ae00000, 0x000000070ae00000| Untracked 
|  76|0x000000070b000000, 0x000000070b000000, 0x000000070b200000|  0%| F|  |TAMS 0x000000070b000000, 0x000000070b000000| Untracked 
|  77|0x000000070b200000, 0x000000070b200000, 0x000000070b400000|  0%| F|  |TAMS 0x000000070b200000, 0x000000070b200000| Untracked 
|  78|0x000000070b400000, 0x000000070b400000, 0x000000070b600000|  0%| F|  |TAMS 0x000000070b400000, 0x000000070b400000| Untracked 
|  79|0x000000070b600000, 0x000000070b600000, 0x000000070b800000|  0%| F|  |TAMS 0x000000070b600000, 0x000000070b600000| Untracked 
|  80|0x000000070b800000, 0x000000070b800000, 0x000000070ba00000|  0%| F|  |TAMS 0x000000070b800000, 0x000000070b800000| Untracked 
|  81|0x000000070ba00000, 0x000000070ba00000, 0x000000070bc00000|  0%| F|  |TAMS 0x000000070ba00000, 0x000000070ba00000| Untracked 
|  82|0x000000070bc00000, 0x000000070bc00000, 0x000000070be00000|  0%| F|  |TAMS 0x000000070bc00000, 0x000000070bc00000| Untracked 
|  83|0x000000070be00000, 0x000000070be00000, 0x000000070c000000|  0%| F|  |TAMS 0x000000070be00000, 0x000000070be00000| Untracked 
|  84|0x000000070c000000, 0x000000070c000000, 0x000000070c200000|  0%| F|  |TAMS 0x000000070c000000, 0x000000070c000000| Untracked 
|  85|0x000000070c200000, 0x000000070c200000, 0x000000070c400000|  0%| F|  |TAMS 0x000000070c200000, 0x000000070c200000| Untracked 
|  86|0x000000070c400000, 0x000000070c400000, 0x000000070c600000|  0%| F|  |TAMS 0x000000070c400000, 0x000000070c400000| Untracked 
|  87|0x000000070c600000, 0x000000070c600000, 0x000000070c800000|  0%| F|  |TAMS 0x000000070c600000, 0x000000070c600000| Untracked 
|  88|0x000000070c800000, 0x000000070c800000, 0x000000070ca00000|  0%| F|  |TAMS 0x000000070c800000, 0x000000070c800000| Untracked 
|  89|0x000000070ca00000, 0x000000070ca00000, 0x000000070cc00000|  0%| F|  |TAMS 0x000000070ca00000, 0x000000070ca00000| Untracked 
|  90|0x000000070cc00000, 0x000000070cc00000, 0x000000070ce00000|  0%| F|  |TAMS 0x000000070cc00000, 0x000000070cc00000| Untracked 
|  91|0x000000070ce00000, 0x000000070ce00000, 0x000000070d000000|  0%| F|  |TAMS 0x000000070ce00000, 0x000000070ce00000| Untracked 
|  92|0x000000070d000000, 0x000000070d000000, 0x000000070d200000|  0%| F|  |TAMS 0x000000070d000000, 0x000000070d000000| Untracked 
|  93|0x000000070d200000, 0x000000070d200000, 0x000000070d400000|  0%| F|  |TAMS 0x000000070d200000, 0x000000070d200000| Untracked 
|  94|0x000000070d400000, 0x000000070d400000, 0x000000070d600000|  0%| F|  |TAMS 0x000000070d400000, 0x000000070d400000| Untracked 
|  95|0x000000070d600000, 0x000000070d600000, 0x000000070d800000|  0%| F|  |TAMS 0x000000070d600000, 0x000000070d600000| Untracked 
|  96|0x000000070d800000, 0x000000070d800000, 0x000000070da00000|  0%| F|  |TAMS 0x000000070d800000, 0x000000070d800000| Untracked 
|  97|0x000000070da00000, 0x000000070da00000, 0x000000070dc00000|  0%| F|  |TAMS 0x000000070da00000, 0x000000070da00000| Untracked 
|  98|0x000000070dc00000, 0x000000070dc00000, 0x000000070de00000|  0%| F|  |TAMS 0x000000070dc00000, 0x000000070dc00000| Untracked 
|  99|0x000000070de00000, 0x000000070de00000, 0x000000070e000000|  0%| F|  |TAMS 0x000000070de00000, 0x000000070de00000| Untracked 
| 100|0x000000070e000000, 0x000000070e000000, 0x000000070e200000|  0%| F|  |TAMS 0x000000070e000000, 0x000000070e000000| Untracked 
| 101|0x000000070e200000, 0x000000070e200000, 0x000000070e400000|  0%| F|  |TAMS 0x000000070e200000, 0x000000070e200000| Untracked 
| 102|0x000000070e400000, 0x000000070e400000, 0x000000070e600000|  0%| F|  |TAMS 0x000000070e400000, 0x000000070e400000| Untracked 
| 103|0x000000070e600000, 0x000000070e600000, 0x000000070e800000|  0%| F|  |TAMS 0x000000070e600000, 0x000000070e600000| Untracked 
| 104|0x000000070e800000, 0x000000070e800000, 0x000000070ea00000|  0%| F|  |TAMS 0x000000070e800000, 0x000000070e800000| Untracked 
| 105|0x000000070ea00000, 0x000000070ea00000, 0x000000070ec00000|  0%| F|  |TAMS 0x000000070ea00000, 0x000000070ea00000| Untracked 
| 106|0x000000070ec00000, 0x000000070ec00000, 0x000000070ee00000|  0%| F|  |TAMS 0x000000070ec00000, 0x000000070ec00000| Untracked 
| 107|0x000000070ee00000, 0x000000070ee00000, 0x000000070f000000|  0%| F|  |TAMS 0x000000070ee00000, 0x000000070ee00000| Untracked 
| 108|0x000000070f000000, 0x000000070f000000, 0x000000070f200000|  0%| F|  |TAMS 0x000000070f000000, 0x000000070f000000| Untracked 
| 109|0x000000070f200000, 0x000000070f200000, 0x000000070f400000|  0%| F|  |TAMS 0x000000070f200000, 0x000000070f200000| Untracked 
| 110|0x000000070f400000, 0x000000070f400000, 0x000000070f600000|  0%| F|  |TAMS 0x000000070f400000, 0x000000070f400000| Untracked 
| 111|0x000000070f600000, 0x000000070f600000, 0x000000070f800000|  0%| F|  |TAMS 0x000000070f600000, 0x000000070f600000| Untracked 
| 112|0x000000070f800000, 0x000000070f800000, 0x000000070fa00000|  0%| F|  |TAMS 0x000000070f800000, 0x000000070f800000| Untracked 
| 113|0x000000070fa00000, 0x000000070fa00000, 0x000000070fc00000|  0%| F|  |TAMS 0x000000070fa00000, 0x000000070fa00000| Untracked 
| 114|0x000000070fc00000, 0x000000070fc00000, 0x000000070fe00000|  0%| F|  |TAMS 0x000000070fc00000, 0x000000070fc00000| Untracked 
| 115|0x000000070fe00000, 0x000000070fe00000, 0x0000000710000000|  0%| F|  |TAMS 0x000000070fe00000, 0x000000070fe00000| Untracked 
| 116|0x0000000710000000, 0x0000000710000000, 0x0000000710200000|  0%| F|  |TAMS 0x0000000710000000, 0x0000000710000000| Untracked 
| 117|0x0000000710200000, 0x0000000710200000, 0x0000000710400000|  0%| F|  |TAMS 0x0000000710200000, 0x0000000710200000| Untracked 
| 118|0x0000000710400000, 0x0000000710400000, 0x0000000710600000|  0%| F|  |TAMS 0x0000000710400000, 0x0000000710400000| Untracked 
| 119|0x0000000710600000, 0x0000000710600000, 0x0000000710800000|  0%| F|  |TAMS 0x0000000710600000, 0x0000000710600000| Untracked 
| 120|0x0000000710800000, 0x0000000710800000, 0x0000000710a00000|  0%| F|  |TAMS 0x0000000710800000, 0x0000000710800000| Untracked 
| 121|0x0000000710a00000, 0x0000000710a00000, 0x0000000710c00000|  0%| F|  |TAMS 0x0000000710a00000, 0x0000000710a00000| Untracked 
| 122|0x0000000710c00000, 0x0000000710c00000, 0x0000000710e00000|  0%| F|  |TAMS 0x0000000710c00000, 0x0000000710c00000| Untracked 
| 123|0x0000000710e00000, 0x0000000710e00000, 0x0000000711000000|  0%| F|  |TAMS 0x0000000710e00000, 0x0000000710e00000| Untracked 
| 124|0x0000000711000000, 0x0000000711000000, 0x0000000711200000|  0%| F|  |TAMS 0x0000000711000000, 0x0000000711000000| Untracked 
| 125|0x0000000711200000, 0x0000000711200000, 0x0000000711400000|  0%| F|  |TAMS 0x0000000711200000, 0x0000000711200000| Untracked 
| 126|0x0000000711400000, 0x0000000711400000, 0x0000000711600000|  0%| F|  |TAMS 0x0000000711400000, 0x0000000711400000| Untracked 
| 127|0x0000000711600000, 0x0000000711600000, 0x0000000711800000|  0%| F|  |TAMS 0x0000000711600000, 0x0000000711600000| Untracked 
| 128|0x0000000711800000, 0x0000000711800000, 0x0000000711a00000|  0%| F|  |TAMS 0x0000000711800000, 0x0000000711800000| Untracked 
| 129|0x0000000711a00000, 0x0000000711a00000, 0x0000000711c00000|  0%| F|  |TAMS 0x0000000711a00000, 0x0000000711a00000| Untracked 
| 130|0x0000000711c00000, 0x0000000711c00000, 0x0000000711e00000|  0%| F|  |TAMS 0x0000000711c00000, 0x0000000711c00000| Untracked 
| 131|0x0000000711e00000, 0x0000000711e00000, 0x0000000712000000|  0%| F|  |TAMS 0x0000000711e00000, 0x0000000711e00000| Untracked 
| 132|0x0000000712000000, 0x0000000712000000, 0x0000000712200000|  0%| F|  |TAMS 0x0000000712000000, 0x0000000712000000| Untracked 
| 133|0x0000000712200000, 0x0000000712200000, 0x0000000712400000|  0%| F|  |TAMS 0x0000000712200000, 0x0000000712200000| Untracked 
| 134|0x0000000712400000, 0x0000000712400000, 0x0000000712600000|  0%| F|  |TAMS 0x0000000712400000, 0x0000000712400000| Untracked 
| 135|0x0000000712600000, 0x0000000712600000, 0x0000000712800000|  0%| F|  |TAMS 0x0000000712600000, 0x0000000712600000| Untracked 
| 136|0x0000000712800000, 0x0000000712800000, 0x0000000712a00000|  0%| F|  |TAMS 0x0000000712800000, 0x0000000712800000| Untracked 
| 137|0x0000000712a00000, 0x0000000712a00000, 0x0000000712c00000|  0%| F|  |TAMS 0x0000000712a00000, 0x0000000712a00000| Untracked 
| 138|0x0000000712c00000, 0x0000000712c00000, 0x0000000712e00000|  0%| F|  |TAMS 0x0000000712c00000, 0x0000000712c00000| Untracked 
| 139|0x0000000712e00000, 0x0000000712e00000, 0x0000000713000000|  0%| F|  |TAMS 0x0000000712e00000, 0x0000000712e00000| Untracked 
| 140|0x0000000713000000, 0x0000000713000000, 0x0000000713200000|  0%| F|  |TAMS 0x0000000713000000, 0x0000000713000000| Untracked 
| 141|0x0000000713200000, 0x0000000713200000, 0x0000000713400000|  0%| F|  |TAMS 0x0000000713200000, 0x0000000713200000| Untracked 
| 142|0x0000000713400000, 0x0000000713400000, 0x0000000713600000|  0%| F|  |TAMS 0x0000000713400000, 0x0000000713400000| Untracked 
| 143|0x0000000713600000, 0x0000000713600000, 0x0000000713800000|  0%| F|  |TAMS 0x0000000713600000, 0x0000000713600000| Untracked 
| 144|0x0000000713800000, 0x0000000713800000, 0x0000000713a00000|  0%| F|  |TAMS 0x0000000713800000, 0x0000000713800000| Untracked 
| 145|0x0000000713a00000, 0x0000000713a00000, 0x0000000713c00000|  0%| F|  |TAMS 0x0000000713a00000, 0x0000000713a00000| Untracked 
| 146|0x0000000713c00000, 0x0000000713c00000, 0x0000000713e00000|  0%| F|  |TAMS 0x0000000713c00000, 0x0000000713c00000| Untracked 
| 147|0x0000000713e00000, 0x0000000713e00000, 0x0000000714000000|  0%| F|  |TAMS 0x0000000713e00000, 0x0000000713e00000| Untracked 
| 148|0x0000000714000000, 0x0000000714000000, 0x0000000714200000|  0%| F|  |TAMS 0x0000000714000000, 0x0000000714000000| Untracked 
| 149|0x0000000714200000, 0x0000000714200000, 0x0000000714400000|  0%| F|  |TAMS 0x0000000714200000, 0x0000000714200000| Untracked 
| 150|0x0000000714400000, 0x0000000714400000, 0x0000000714600000|  0%| F|  |TAMS 0x0000000714400000, 0x0000000714400000| Untracked 
| 151|0x0000000714600000, 0x0000000714600000, 0x0000000714800000|  0%| F|  |TAMS 0x0000000714600000, 0x0000000714600000| Untracked 
| 152|0x0000000714800000, 0x0000000714800000, 0x0000000714a00000|  0%| F|  |TAMS 0x0000000714800000, 0x0000000714800000| Untracked 
| 153|0x0000000714a00000, 0x0000000714a00000, 0x0000000714c00000|  0%| F|  |TAMS 0x0000000714a00000, 0x0000000714a00000| Untracked 
| 154|0x0000000714c00000, 0x0000000714c00000, 0x0000000714e00000|  0%| F|  |TAMS 0x0000000714c00000, 0x0000000714c00000| Untracked 
| 155|0x0000000714e00000, 0x0000000714e00000, 0x0000000715000000|  0%| F|  |TAMS 0x0000000714e00000, 0x0000000714e00000| Untracked 
| 156|0x0000000715000000, 0x0000000715000000, 0x0000000715200000|  0%| F|  |TAMS 0x0000000715000000, 0x0000000715000000| Untracked 
| 157|0x0000000715200000, 0x0000000715200000, 0x0000000715400000|  0%| F|  |TAMS 0x0000000715200000, 0x0000000715200000| Untracked 
| 158|0x0000000715400000, 0x0000000715400000, 0x0000000715600000|  0%| F|  |TAMS 0x0000000715400000, 0x0000000715400000| Untracked 
| 159|0x0000000715600000, 0x0000000715600000, 0x0000000715800000|  0%| F|  |TAMS 0x0000000715600000, 0x0000000715600000| Untracked 
| 160|0x0000000715800000, 0x0000000715800000, 0x0000000715a00000|  0%| F|  |TAMS 0x0000000715800000, 0x0000000715800000| Untracked 
| 161|0x0000000715a00000, 0x0000000715a00000, 0x0000000715c00000|  0%| F|  |TAMS 0x0000000715a00000, 0x0000000715a00000| Untracked 
| 162|0x0000000715c00000, 0x0000000715c00000, 0x0000000715e00000|  0%| F|  |TAMS 0x0000000715c00000, 0x0000000715c00000| Untracked 
| 163|0x0000000715e00000, 0x0000000715e00000, 0x0000000716000000|  0%| F|  |TAMS 0x0000000715e00000, 0x0000000715e00000| Untracked 
| 164|0x0000000716000000, 0x0000000716000000, 0x0000000716200000|  0%| F|  |TAMS 0x0000000716000000, 0x0000000716000000| Untracked 
| 165|0x0000000716200000, 0x0000000716200000, 0x0000000716400000|  0%| F|  |TAMS 0x0000000716200000, 0x0000000716200000| Untracked 
| 166|0x0000000716400000, 0x0000000716400000, 0x0000000716600000|  0%| F|  |TAMS 0x0000000716400000, 0x0000000716400000| Untracked 
| 167|0x0000000716600000, 0x0000000716600000, 0x0000000716800000|  0%| F|  |TAMS 0x0000000716600000, 0x0000000716600000| Untracked 
| 168|0x0000000716800000, 0x0000000716800000, 0x0000000716a00000|  0%| F|  |TAMS 0x0000000716800000, 0x0000000716800000| Untracked 
| 169|0x0000000716a00000, 0x0000000716a00000, 0x0000000716c00000|  0%| F|  |TAMS 0x0000000716a00000, 0x0000000716a00000| Untracked 
| 170|0x0000000716c00000, 0x0000000716c00000, 0x0000000716e00000|  0%| F|  |TAMS 0x0000000716c00000, 0x0000000716c00000| Untracked 
| 171|0x0000000716e00000, 0x0000000716e00000, 0x0000000717000000|  0%| F|  |TAMS 0x0000000716e00000, 0x0000000716e00000| Untracked 
| 172|0x0000000717000000, 0x0000000717000000, 0x0000000717200000|  0%| F|  |TAMS 0x0000000717000000, 0x0000000717000000| Untracked 
| 173|0x0000000717200000, 0x0000000717200000, 0x0000000717400000|  0%| F|  |TAMS 0x0000000717200000, 0x0000000717200000| Untracked 
| 174|0x0000000717400000, 0x0000000717400000, 0x0000000717600000|  0%| F|  |TAMS 0x0000000717400000, 0x0000000717400000| Untracked 
| 175|0x0000000717600000, 0x0000000717600000, 0x0000000717800000|  0%| F|  |TAMS 0x0000000717600000, 0x0000000717600000| Untracked 
| 176|0x0000000717800000, 0x0000000717800000, 0x0000000717a00000|  0%| F|  |TAMS 0x0000000717800000, 0x0000000717800000| Untracked 
| 177|0x0000000717a00000, 0x0000000717a00000, 0x0000000717c00000|  0%| F|  |TAMS 0x0000000717a00000, 0x0000000717a00000| Untracked 
| 178|0x0000000717c00000, 0x0000000717c00000, 0x0000000717e00000|  0%| F|  |TAMS 0x0000000717c00000, 0x0000000717c00000| Untracked 
| 179|0x0000000717e00000, 0x0000000717e00000, 0x0000000718000000|  0%| F|  |TAMS 0x0000000717e00000, 0x0000000717e00000| Untracked 
| 180|0x0000000718000000, 0x0000000718000000, 0x0000000718200000|  0%| F|  |TAMS 0x0000000718000000, 0x0000000718000000| Untracked 
| 181|0x0000000718200000, 0x0000000718200000, 0x0000000718400000|  0%| F|  |TAMS 0x0000000718200000, 0x0000000718200000| Untracked 
| 182|0x0000000718400000, 0x0000000718400000, 0x0000000718600000|  0%| F|  |TAMS 0x0000000718400000, 0x0000000718400000| Untracked 
| 183|0x0000000718600000, 0x0000000718600000, 0x0000000718800000|  0%| F|  |TAMS 0x0000000718600000, 0x0000000718600000| Untracked 
| 184|0x0000000718800000, 0x0000000718800000, 0x0000000718a00000|  0%| F|  |TAMS 0x0000000718800000, 0x0000000718800000| Untracked 
| 185|0x0000000718a00000, 0x0000000718a00000, 0x0000000718c00000|  0%| F|  |TAMS 0x0000000718a00000, 0x0000000718a00000| Untracked 
| 186|0x0000000718c00000, 0x0000000718c00000, 0x0000000718e00000|  0%| F|  |TAMS 0x0000000718c00000, 0x0000000718c00000| Untracked 
| 187|0x0000000718e00000, 0x0000000718e00000, 0x0000000719000000|  0%| F|  |TAMS 0x0000000718e00000, 0x0000000718e00000| Untracked 
| 188|0x0000000719000000, 0x0000000719000000, 0x0000000719200000|  0%| F|  |TAMS 0x0000000719000000, 0x0000000719000000| Untracked 
| 189|0x0000000719200000, 0x0000000719200000, 0x0000000719400000|  0%| F|  |TAMS 0x0000000719200000, 0x0000000719200000| Untracked 
| 190|0x0000000719400000, 0x0000000719400000, 0x0000000719600000|  0%| F|  |TAMS 0x0000000719400000, 0x0000000719400000| Untracked 
| 191|0x0000000719600000, 0x0000000719600000, 0x0000000719800000|  0%| F|  |TAMS 0x0000000719600000, 0x0000000719600000| Untracked 
| 192|0x0000000719800000, 0x0000000719800000, 0x0000000719a00000|  0%| F|  |TAMS 0x0000000719800000, 0x0000000719800000| Untracked 
| 193|0x0000000719a00000, 0x0000000719a00000, 0x0000000719c00000|  0%| F|  |TAMS 0x0000000719a00000, 0x0000000719a00000| Untracked 
| 194|0x0000000719c00000, 0x0000000719c00000, 0x0000000719e00000|  0%| F|  |TAMS 0x0000000719c00000, 0x0000000719c00000| Untracked 
| 195|0x0000000719e00000, 0x0000000719e23270, 0x000000071a000000|  6%| O|  |TAMS 0x0000000719e00000, 0x0000000719e00000| Untracked 
| 196|0x000000071a000000, 0x000000071a000000, 0x000000071a200000|  0%| F|  |TAMS 0x000000071a000000, 0x000000071a000000| Untracked 
| 197|0x000000071a200000, 0x000000071a200000, 0x000000071a400000|  0%| F|  |TAMS 0x000000071a200000, 0x000000071a200000| Untracked 
| 198|0x000000071a400000, 0x000000071a400000, 0x000000071a600000|  0%| F|  |TAMS 0x000000071a400000, 0x000000071a400000| Untracked 
| 199|0x000000071a600000, 0x000000071a600000, 0x000000071a800000|  0%| F|  |TAMS 0x000000071a600000, 0x000000071a600000| Untracked 
| 200|0x000000071a800000, 0x000000071a800000, 0x000000071aa00000|  0%| F|  |TAMS 0x000000071a800000, 0x000000071a800000| Untracked 
| 201|0x000000071aa00000, 0x000000071aa00000, 0x000000071ac00000|  0%| F|  |TAMS 0x000000071aa00000, 0x000000071aa00000| Untracked 
| 202|0x000000071ac00000, 0x000000071ac00000, 0x000000071ae00000|  0%| F|  |TAMS 0x000000071ac00000, 0x000000071ac00000| Untracked 
| 203|0x000000071ae00000, 0x000000071ae00000, 0x000000071b000000|  0%| F|  |TAMS 0x000000071ae00000, 0x000000071ae00000| Untracked 
| 204|0x000000071b000000, 0x000000071b000000, 0x000000071b200000|  0%| F|  |TAMS 0x000000071b000000, 0x000000071b000000| Untracked 
| 205|0x000000071b200000, 0x000000071b200000, 0x000000071b400000|  0%| F|  |TAMS 0x000000071b200000, 0x000000071b200000| Untracked 
| 206|0x000000071b400000, 0x000000071b400000, 0x000000071b600000|  0%| F|  |TAMS 0x000000071b400000, 0x000000071b400000| Untracked 
| 207|0x000000071b600000, 0x000000071b600000, 0x000000071b800000|  0%| F|  |TAMS 0x000000071b600000, 0x000000071b600000| Untracked 
| 208|0x000000071b800000, 0x000000071b800000, 0x000000071ba00000|  0%| F|  |TAMS 0x000000071b800000, 0x000000071b800000| Untracked 
| 209|0x000000071ba00000, 0x000000071ba00000, 0x000000071bc00000|  0%| F|  |TAMS 0x000000071ba00000, 0x000000071ba00000| Untracked 
| 210|0x000000071bc00000, 0x000000071bc00000, 0x000000071be00000|  0%| F|  |TAMS 0x000000071bc00000, 0x000000071bc00000| Untracked 
| 211|0x000000071be00000, 0x000000071be00000, 0x000000071c000000|  0%| F|  |TAMS 0x000000071be00000, 0x000000071be00000| Untracked 
| 212|0x000000071c000000, 0x000000071c000000, 0x000000071c200000|  0%| F|  |TAMS 0x000000071c000000, 0x000000071c000000| Untracked 
| 213|0x000000071c200000, 0x000000071c200000, 0x000000071c400000|  0%| F|  |TAMS 0x000000071c200000, 0x000000071c200000| Untracked 
| 214|0x000000071c400000, 0x000000071c400000, 0x000000071c600000|  0%| F|  |TAMS 0x000000071c400000, 0x000000071c400000| Untracked 
| 215|0x000000071c600000, 0x000000071c800000, 0x000000071c800000|100%| O|  |TAMS 0x000000071c800000, 0x000000071c600000| Untracked 
| 216|0x000000071c800000, 0x000000071c8621c0, 0x000000071ca00000| 19%| S|CS|TAMS 0x000000071c800000, 0x000000071c800000| Complete 
| 217|0x000000071ca00000, 0x000000071cc00000, 0x000000071cc00000|100%| S|CS|TAMS 0x000000071ca00000, 0x000000071ca00000| Complete 
| 218|0x000000071cc00000, 0x000000071cc00000, 0x000000071ce00000|  0%| F|  |TAMS 0x000000071cc00000, 0x000000071cc00000| Untracked 
| 219|0x000000071ce00000, 0x000000071ce00000, 0x000000071d000000|  0%| F|  |TAMS 0x000000071ce00000, 0x000000071ce00000| Untracked 
| 220|0x000000071d000000, 0x000000071d000000, 0x000000071d200000|  0%| F|  |TAMS 0x000000071d000000, 0x000000071d000000| Untracked 
| 221|0x000000071d200000, 0x000000071d200000, 0x000000071d400000|  0%| F|  |TAMS 0x000000071d200000, 0x000000071d200000| Untracked 
| 222|0x000000071d400000, 0x000000071d400000, 0x000000071d600000|  0%| F|  |TAMS 0x000000071d400000, 0x000000071d400000| Untracked 
| 223|0x000000071d600000, 0x000000071d600000, 0x000000071d800000|  0%| F|  |TAMS 0x000000071d600000, 0x000000071d600000| Untracked 
| 224|0x000000071d800000, 0x000000071d800000, 0x000000071da00000|  0%| F|  |TAMS 0x000000071d800000, 0x000000071d800000| Untracked 
| 225|0x000000071da00000, 0x000000071da00000, 0x000000071dc00000|  0%| F|  |TAMS 0x000000071da00000, 0x000000071da00000| Untracked 
| 226|0x000000071dc00000, 0x000000071dc00000, 0x000000071de00000|  0%| F|  |TAMS 0x000000071dc00000, 0x000000071dc00000| Untracked 
| 227|0x000000071de00000, 0x000000071de00000, 0x000000071e000000|  0%| F|  |TAMS 0x000000071de00000, 0x000000071de00000| Untracked 
| 228|0x000000071e000000, 0x000000071e000000, 0x000000071e200000|  0%| F|  |TAMS 0x000000071e000000, 0x000000071e000000| Untracked 
| 229|0x000000071e200000, 0x000000071e200000, 0x000000071e400000|  0%| F|  |TAMS 0x000000071e200000, 0x000000071e200000| Untracked 
| 230|0x000000071e400000, 0x000000071e400000, 0x000000071e600000|  0%| F|  |TAMS 0x000000071e400000, 0x000000071e400000| Untracked 
| 231|0x000000071e600000, 0x000000071e600000, 0x000000071e800000|  0%| F|  |TAMS 0x000000071e600000, 0x000000071e600000| Untracked 
| 232|0x000000071e800000, 0x000000071e800000, 0x000000071ea00000|  0%| F|  |TAMS 0x000000071e800000, 0x000000071e800000| Untracked 
| 233|0x000000071ea00000, 0x000000071ea00000, 0x000000071ec00000|  0%| F|  |TAMS 0x000000071ea00000, 0x000000071ea00000| Untracked 
| 234|0x000000071ec00000, 0x000000071ec00000, 0x000000071ee00000|  0%| F|  |TAMS 0x000000071ec00000, 0x000000071ec00000| Untracked 
| 235|0x000000071ee00000, 0x000000071ee00000, 0x000000071f000000|  0%| F|  |TAMS 0x000000071ee00000, 0x000000071ee00000| Untracked 
| 236|0x000000071f000000, 0x000000071f000000, 0x000000071f200000|  0%| F|  |TAMS 0x000000071f000000, 0x000000071f000000| Untracked 
| 237|0x000000071f200000, 0x000000071f200000, 0x000000071f400000|  0%| F|  |TAMS 0x000000071f200000, 0x000000071f200000| Untracked 
| 238|0x000000071f400000, 0x000000071f400000, 0x000000071f600000|  0%| F|  |TAMS 0x000000071f400000, 0x000000071f400000| Untracked 
| 239|0x000000071f600000, 0x000000071f600000, 0x000000071f800000|  0%| F|  |TAMS 0x000000071f600000, 0x000000071f600000| Untracked 
| 240|0x000000071f800000, 0x000000071f800000, 0x000000071fa00000|  0%| F|  |TAMS 0x000000071f800000, 0x000000071f800000| Untracked 
| 241|0x000000071fa00000, 0x000000071fa00000, 0x000000071fc00000|  0%| F|  |TAMS 0x000000071fa00000, 0x000000071fa00000| Untracked 
| 242|0x000000071fc00000, 0x000000071fc00000, 0x000000071fe00000|  0%| F|  |TAMS 0x000000071fc00000, 0x000000071fc00000| Untracked 
| 243|0x000000071fe00000, 0x000000071fe00000, 0x0000000720000000|  0%| F|  |TAMS 0x000000071fe00000, 0x000000071fe00000| Untracked 
| 244|0x0000000720000000, 0x0000000720000000, 0x0000000720200000|  0%| F|  |TAMS 0x0000000720000000, 0x0000000720000000| Untracked 
| 245|0x0000000720200000, 0x0000000720200000, 0x0000000720400000|  0%| F|  |TAMS 0x0000000720200000, 0x0000000720200000| Untracked 
| 246|0x0000000720400000, 0x0000000720400000, 0x0000000720600000|  0%| F|  |TAMS 0x0000000720400000, 0x0000000720400000| Untracked 
| 247|0x0000000720600000, 0x0000000720600000, 0x0000000720800000|  0%| F|  |TAMS 0x0000000720600000, 0x0000000720600000| Untracked 
| 248|0x0000000720800000, 0x000000072090cda8, 0x0000000720a00000| 52%| E|  |TAMS 0x0000000720800000, 0x0000000720800000| Complete 
| 249|0x0000000720a00000, 0x0000000720c00000, 0x0000000720c00000|100%| E|CS|TAMS 0x0000000720a00000, 0x0000000720a00000| Complete 
| 250|0x0000000720c00000, 0x0000000720e00000, 0x0000000720e00000|100%| E|CS|TAMS 0x0000000720c00000, 0x0000000720c00000| Complete 
| 251|0x0000000720e00000, 0x0000000721000000, 0x0000000721000000|100%| E|CS|TAMS 0x0000000720e00000, 0x0000000720e00000| Complete 
| 252|0x0000000721000000, 0x0000000721200000, 0x0000000721200000|100%| E|CS|TAMS 0x0000000721000000, 0x0000000721000000| Complete 
| 253|0x0000000721200000, 0x0000000721400000, 0x0000000721400000|100%| E|CS|TAMS 0x0000000721200000, 0x0000000721200000| Complete 
| 254|0x0000000721400000, 0x0000000721600000, 0x0000000721600000|100%| E|CS|TAMS 0x0000000721400000, 0x0000000721400000| Complete 
| 255|0x0000000721600000, 0x0000000721800000, 0x0000000721800000|100%| E|CS|TAMS 0x0000000721600000, 0x0000000721600000| Complete 

Card table byte_map: [0x000001e468ca0000,0x000001e4694a0000] _byte_map_base: 0x000001e465494000

Marking Bits (Prev, Next): (CMBitMap*) 0x000001e4515cda00, (CMBitMap*) 0x000001e4515cd9c0
 Prev Bits: [0x000001e46dc40000, 0x000001e471be0000)
 Next Bits: [0x000001e469ca0000, 0x000001e46dc40000)

Polling page: 0x000001e448a70000

Metaspace:

Usage:
  Non-class:     70.89 MB used.
      Class:     11.80 MB used.
       Both:     82.69 MB used.

Virtual space:
  Non-class space:      128.00 MB reserved,      71.25 MB ( 56%) committed,  2 nodes.
      Class space:        1.00 GB reserved,      12.12 MB (  1%) committed,  1 nodes.
             Both:        1.12 GB reserved,      83.38 MB (  7%) committed. 

Chunk freelists:
   Non-Class:  7.90 MB
       Class:  3.91 MB
        Both:  11.81 MB

MaxMetaspaceSize: unlimited
CompressedClassSpaceSize: 1.00 GB
Initial GC threshold: 21.00 MB
Current GC threshold: 138.75 MB
CDS: on
MetaspaceReclaimPolicy: balanced
 - commit_granule_bytes: 65536.
 - commit_granule_words: 8192.
 - virtual_space_node_default_size: 8388608.
 - enlarge_chunks_in_place: 1.
 - new_chunks_are_fully_committed: 0.
 - uncommit_free_chunks: 1.
 - use_allocation_guard: 0.
 - handle_deallocations: 1.


Internal statistics:

num_allocs_failed_limit: 8.
num_arena_births: 1032.
num_arena_deaths: 0.
num_vsnodes_births: 3.
num_vsnodes_deaths: 0.
num_space_committed: 1328.
num_space_uncommitted: 0.
num_chunks_returned_to_freelist: 8.
num_chunks_taken_from_freelist: 3266.
num_chunk_merges: 5.
num_chunk_splits: 2438.
num_chunks_enlarged: 1844.
num_inconsistent_stats: 0.

CodeHeap 'non-profiled nmethods': size=120000Kb used=13218Kb max_used=13648Kb free=106781Kb
 bounds [0x000001e460f70000, 0x000001e461cd0000, 0x000001e4684a0000]
CodeHeap 'profiled nmethods': size=120000Kb used=27545Kb max_used=29279Kb free=92454Kb
 bounds [0x000001e4594a0000, 0x000001e45b140000, 0x000001e4609d0000]
CodeHeap 'non-nmethods': size=5760Kb used=1657Kb max_used=1769Kb free=4102Kb
 bounds [0x000001e4609d0000, 0x000001e460c40000, 0x000001e460f70000]
 total_blobs=14397 nmethods=13315 adapters=988
 compilation: enabled
              stopped_count=0, restarted_count=0
 full_count=0

Compilation events (20 events):
Event: 234.997 Thread 0x000001e451887dc0 17306   !   4       ui.j.b.f::d (203 bytes)
Event: 235.003 Thread 0x000001e451887dc0 nmethod 17306 0x000001e461a0f710 code [0x000001e461a0f900, 0x000001e461a100c8]
Event: 235.003 Thread 0x000001e451887dc0 17305 %     4       javax.swing.text.GapContent::shiftGap @ 132 (186 bytes)
Event: 235.011 Thread 0x000001e451887dc0 nmethod 17305% 0x000001e4618d0e90 code [0x000001e4618d1020, 0x000001e4618d1598]
Event: 235.021 Thread 0x000001e451887dc0 17307       4       sun.java2d.SunGraphics2D::checkFontInfo (760 bytes)
Event: 235.293 Thread 0x000001e451887dc0 nmethod 17307 0x000001e4616a7110 code [0x000001e4616a7640, 0x000001e4616aab00]
Event: 235.677 Thread 0x000001e451887dc0 17308       4       sun.java2d.SunGraphics2D::addRenderingHints (144 bytes)
Event: 235.745 Thread 0x000001e451887dc0 nmethod 17308 0x000001e4619bbb10 code [0x000001e4619bbd60, 0x000001e4619bd0d0]
Event: 236.043 Thread 0x000001e4518886c0 17310       3       ui.frmwork.c.c::<init> (7 bytes)
Event: 236.043 Thread 0x000001e4518886c0 nmethod 17310 0x000001e459972d90 code [0x000001e459972f60, 0x000001e459973298]
Event: 237.040 Thread 0x000001e4518886c0 17311       3       ui.PlanAhead::l (48 bytes)
Event: 237.041 Thread 0x000001e4518886c0 nmethod 17311 0x000001e45a040f90 code [0x000001e45a0411a0, 0x000001e45a0419e8]
Event: 237.253 Thread 0x000001e4518886c0 17312       3       com.jidesoft.editor.TextUtils::getLineBreak (37 bytes)
Event: 237.253 Thread 0x000001e4518886c0 nmethod 17312 0x000001e459a7cf90 code [0x000001e459a7d140, 0x000001e459a7d318]
Event: 237.482 Thread 0x000001e4518886c0 17313       3       ui.views.c.w.b.e::eTc (88 bytes)
Event: 237.486 Thread 0x000001e4518886c0 nmethod 17313 0x000001e459726110 code [0x000001e4597263c0, 0x000001e459726fd8]
Event: 237.486 Thread 0x000001e4518886c0 17314       3       ui.views.c.w.b.e::eTi (1 bytes)
Event: 237.486 Thread 0x000001e4518886c0 nmethod 17314 0x000001e4597e5190 code [0x000001e4597e5320, 0x000001e4597e5438]
Event: 238.157 Thread 0x000001e4518886c0 17315       3       com.jidesoft.margin.MarginArea::invalidate (44 bytes)
Event: 238.157 Thread 0x000001e4518886c0 nmethod 17315 0x000001e459758690 code [0x000001e4597588c0, 0x000001e459759338]

GC Heap History (20 events):
Event: 234.675 GC heap before
{Heap before GC invocations=128 (full 25):
 garbage-first heap   total 524288K, used 182080K [0x0000000701800000, 0x0000000800000000)
  region size 2048K, 40 young (81920K), 1 survivors (2048K)
 Metaspace       used 84668K, committed 85376K, reserved 1179648K
  class space    used 12078K, committed 12416K, reserved 1048576K
}
Event: 234.698 GC heap after
{Heap after GC invocations=129 (full 25):
 garbage-first heap   total 524288K, used 102106K [0x0000000701800000, 0x0000000800000000)
  region size 2048K, 1 young (2048K), 1 survivors (2048K)
 Metaspace       used 84668K, committed 85376K, reserved 1179648K
  class space    used 12078K, committed 12416K, reserved 1048576K
}
Event: 234.878 GC heap before
{Heap before GC invocations=129 (full 25):
 garbage-first heap   total 524288K, used 181978K [0x0000000701800000, 0x0000000800000000)
  region size 2048K, 40 young (81920K), 1 survivors (2048K)
 Metaspace       used 84668K, committed 85376K, reserved 1179648K
  class space    used 12078K, committed 12416K, reserved 1048576K
}
Event: 234.891 GC heap after
{Heap after GC invocations=130 (full 25):
 garbage-first heap   total 524288K, used 102079K [0x0000000701800000, 0x0000000800000000)
  region size 2048K, 1 young (2048K), 1 survivors (2048K)
 Metaspace       used 84668K, committed 85376K, reserved 1179648K
  class space    used 12078K, committed 12416K, reserved 1048576K
}
Event: 235.408 GC heap before
{Heap before GC invocations=130 (full 25):
 garbage-first heap   total 524288K, used 181951K [0x0000000701800000, 0x0000000800000000)
  region size 2048K, 40 young (81920K), 1 survivors (2048K)
 Metaspace       used 84668K, committed 85376K, reserved 1179648K
  class space    used 12078K, committed 12416K, reserved 1048576K
}
Event: 235.411 GC heap after
{Heap after GC invocations=131 (full 25):
 garbage-first heap   total 524288K, used 104205K [0x0000000701800000, 0x0000000800000000)
  region size 2048K, 2 young (4096K), 2 survivors (4096K)
 Metaspace       used 84668K, committed 85376K, reserved 1179648K
  class space    used 12078K, committed 12416K, reserved 1048576K
}
Event: 235.595 GC heap before
{Heap before GC invocations=131 (full 25):
 garbage-first heap   total 524288K, used 182029K [0x0000000701800000, 0x0000000800000000)
  region size 2048K, 40 young (81920K), 2 survivors (4096K)
 Metaspace       used 84668K, committed 85376K, reserved 1179648K
  class space    used 12078K, committed 12416K, reserved 1048576K
}
Event: 235.597 GC heap after
{Heap after GC invocations=132 (full 25):
 garbage-first heap   total 524288K, used 104268K [0x0000000701800000, 0x0000000800000000)
  region size 2048K, 2 young (4096K), 2 survivors (4096K)
 Metaspace       used 84668K, committed 85376K, reserved 1179648K
  class space    used 12078K, committed 12416K, reserved 1048576K
}
Event: 236.808 GC heap before
{Heap before GC invocations=132 (full 25):
 garbage-first heap   total 524288K, used 182092K [0x0000000701800000, 0x0000000800000000)
  region size 2048K, 40 young (81920K), 2 survivors (4096K)
 Metaspace       used 84668K, committed 85376K, reserved 1179648K
  class space    used 12078K, committed 12416K, reserved 1048576K
}
Event: 236.810 GC heap after
{Heap after GC invocations=133 (full 25):
 garbage-first heap   total 524288K, used 104322K [0x0000000701800000, 0x0000000800000000)
  region size 2048K, 2 young (4096K), 2 survivors (4096K)
 Metaspace       used 84668K, committed 85376K, reserved 1179648K
  class space    used 12078K, committed 12416K, reserved 1048576K
}
Event: 236.983 GC heap before
{Heap before GC invocations=133 (full 25):
 garbage-first heap   total 524288K, used 182146K [0x0000000701800000, 0x0000000800000000)
  region size 2048K, 40 young (81920K), 2 survivors (4096K)
 Metaspace       used 84668K, committed 85376K, reserved 1179648K
  class space    used 12078K, committed 12416K, reserved 1048576K
}
Event: 236.985 GC heap after
{Heap after GC invocations=134 (full 25):
 garbage-first heap   total 524288K, used 104305K [0x0000000701800000, 0x0000000800000000)
  region size 2048K, 2 young (4096K), 2 survivors (4096K)
 Metaspace       used 84668K, committed 85376K, reserved 1179648K
  class space    used 12078K, committed 12416K, reserved 1048576K
}
Event: 237.263 GC heap before
{Heap before GC invocations=134 (full 25):
 garbage-first heap   total 524288K, used 182129K [0x0000000701800000, 0x0000000800000000)
  region size 2048K, 40 young (81920K), 2 survivors (4096K)
 Metaspace       used 84668K, committed 85376K, reserved 1179648K
  class space    used 12078K, committed 12416K, reserved 1048576K
}
Event: 237.266 GC heap after
{Heap after GC invocations=135 (full 25):
 garbage-first heap   total 524288K, used 103994K [0x0000000701800000, 0x0000000800000000)
  region size 2048K, 2 young (4096K), 2 survivors (4096K)
 Metaspace       used 84668K, committed 85376K, reserved 1179648K
  class space    used 12078K, committed 12416K, reserved 1048576K
}
Event: 237.446 GC heap before
{Heap before GC invocations=135 (full 25):
 garbage-first heap   total 524288K, used 181818K [0x0000000701800000, 0x0000000800000000)
  region size 2048K, 40 young (81920K), 2 survivors (4096K)
 Metaspace       used 84668K, committed 85376K, reserved 1179648K
  class space    used 12078K, committed 12416K, reserved 1048576K
}
Event: 237.448 GC heap after
{Heap after GC invocations=136 (full 25):
 garbage-first heap   total 524288K, used 103961K [0x0000000701800000, 0x0000000800000000)
  region size 2048K, 2 young (4096K), 2 survivors (4096K)
 Metaspace       used 84668K, committed 85376K, reserved 1179648K
  class space    used 12078K, committed 12416K, reserved 1048576K
}
Event: 238.193 GC heap before
{Heap before GC invocations=136 (full 25):
 garbage-first heap   total 524288K, used 181785K [0x0000000701800000, 0x0000000800000000)
  region size 2048K, 40 young (81920K), 2 survivors (4096K)
 Metaspace       used 84670K, committed 85376K, reserved 1179648K
  class space    used 12078K, committed 12416K, reserved 1048576K
}
Event: 238.195 GC heap after
{Heap after GC invocations=137 (full 25):
 garbage-first heap   total 524288K, used 103952K [0x0000000701800000, 0x0000000800000000)
  region size 2048K, 2 young (4096K), 2 survivors (4096K)
 Metaspace       used 84670K, committed 85376K, reserved 1179648K
  class space    used 12078K, committed 12416K, reserved 1048576K
}
Event: 238.373 GC heap before
{Heap before GC invocations=137 (full 25):
 garbage-first heap   total 524288K, used 181776K [0x0000000701800000, 0x0000000800000000)
  region size 2048K, 40 young (81920K), 2 survivors (4096K)
 Metaspace       used 84670K, committed 85376K, reserved 1179648K
  class space    used 12078K, committed 12416K, reserved 1048576K
}
Event: 238.376 GC heap after
{Heap after GC invocations=138 (full 25):
 garbage-first heap   total 524288K, used 103960K [0x0000000701800000, 0x0000000800000000)
  region size 2048K, 2 young (4096K), 2 survivors (4096K)
 Metaspace       used 84670K, committed 85376K, reserved 1179648K
  class space    used 12078K, committed 12416K, reserved 1048576K
}

Dll operation events (20 events):
Event: 1.365 Loaded shared library D:\Vivado\2023.2\lib\win64.o\librdi_ipservicestasks.dll
Event: 1.367 Loaded shared library D:\Vivado\2023.2\lib\win64.o\librdi_vivadotasks.dll
Event: 1.368 Loaded shared library D:\Vivado\2023.2\lib\win64.o\librdi_board.dll
Event: 1.369 Loaded shared library D:\Vivado\2023.2\lib\win64.o\librdi_boarddep.dll
Event: 1.369 Loaded shared library D:\Vivado\2023.2\lib\win64.o\librdi_boardcommontasks.dll
Event: 1.370 Loaded shared library D:\Vivado\2023.2\lib\win64.o\librdi_ptgen.dll
Event: 1.370 Loaded shared library D:\Vivado\2023.2\lib\win64.o\librdi_ip.dll
Event: 1.371 Loaded shared library D:\Vivado\2023.2\lib\win64.o\librdi_mig.dll
Event: 1.372 Loaded shared library D:\Vivado\2023.2\lib\win64.o\librdi_implflow.dll
Event: 1.372 Loaded shared library D:\Vivado\2023.2\lib\win64.o\librdi_xhubtasks.dll
Event: 1.405 Loaded shared library D:\Vivado\2023.2\lib\win64.o\librdi_iptasks.dll
Event: 1.408 Loaded shared library D:\Vivado\2023.2\lib\win64.o\librdi_synth.dll
Event: 2.560 Loaded shared library D:\Vivado\2023.2\tps\win64\jre17.0.7_7\bin\verify.dll
Event: 2.978 Loaded shared library D:\Vivado\2023.2\tps\win64\jre17.0.7_7\bin\javajpeg.dll
Event: 2.987 Loaded shared library D:\Vivado\2023.2\tps\win64\jre17.0.7_7\bin\lcms.dll
Event: 3.352 Loaded shared library D:\Vivado\2023.2\tps\win64\jre17.0.7_7\bin\freetype.dll
Event: 3.355 Loaded shared library D:\Vivado\2023.2\tps\win64\jre17.0.7_7\bin\fontmanager.dll
Event: 7.325 Loaded shared library D:\Vivado\2023.2\lib\win64.o\librdi_xhub.dll
Event: 13.004 Loaded shared library D:\Vivado\2023.2\tps\win64\jre17.0.7_7\bin\management.dll
Event: 13.008 Loaded shared library D:\Vivado\2023.2\tps\win64\jre17.0.7_7\bin\management_ext.dll

Deoptimization events (20 events):
Event: 214.969 Thread 0x000001e47ab951a0 DEOPT PACKING pc=0x000001e45b139b95 sp=0x000000c246bfd4a0
Event: 214.969 Thread 0x000001e47ab951a0 DEOPT UNPACKING pc=0x000001e460a27143 sp=0x000000c246bfc990 mode 0
Event: 215.040 Thread 0x000001e47ab951a0 DEOPT PACKING pc=0x000001e45b139b95 sp=0x000000c246bfd030
Event: 215.040 Thread 0x000001e47ab951a0 DEOPT UNPACKING pc=0x000001e460a27143 sp=0x000000c246bfc520 mode 0
Event: 215.105 Thread 0x000001e47ab951a0 DEOPT PACKING pc=0x000001e45b139b95 sp=0x000000c246bfd330
Event: 215.105 Thread 0x000001e47ab951a0 DEOPT UNPACKING pc=0x000001e460a27143 sp=0x000000c246bfc820 mode 0
Event: 215.197 Thread 0x000001e47ab951a0 DEOPT PACKING pc=0x000001e45b139b95 sp=0x000000c246bfd1f0
Event: 215.197 Thread 0x000001e47ab951a0 DEOPT UNPACKING pc=0x000001e460a27143 sp=0x000000c246bfc6e0 mode 0
Event: 215.978 Thread 0x000001e47ab951a0 DEOPT PACKING pc=0x000001e45b139b95 sp=0x000000c246bfd4a0
Event: 215.978 Thread 0x000001e47ab951a0 DEOPT UNPACKING pc=0x000001e460a27143 sp=0x000000c246bfc990 mode 0
Event: 227.194 Thread 0x000001e47ab951a0 Uncommon trap: trap_request=0xfffffff4 fr.pc=0x000001e461cc2edc relative=0x00000000000032fc
Event: 227.194 Thread 0x000001e47ab951a0 Uncommon trap: reason=null_check action=make_not_entrant pc=0x000001e461cc2edc method=javax.swing.text.GapContent$MarkData.getPosition()Ljavax/swing/text/GapContent$StickyPosition; @ 4 c2
Event: 227.194 Thread 0x000001e47ab951a0 DEOPT PACKING pc=0x000001e461cc2edc sp=0x000000c246bfd190
Event: 227.194 Thread 0x000001e47ab951a0 DEOPT UNPACKING pc=0x000001e460a269a3 sp=0x000000c246bfd000 mode 2
Event: 227.640 Thread 0x000001e451856b70 DEOPT PACKING pc=0x000001e45a42c145 sp=0x000000c23e6ff5a0
Event: 227.642 Thread 0x000001e451856b70 DEOPT UNPACKING pc=0x000001e460a27143 sp=0x000000c23e6fea40 mode 0
Event: 234.993 Thread 0x000001e47ab951a0 DEOPT PACKING pc=0x000001e45b136738 sp=0x000000c246bfd190
Event: 234.993 Thread 0x000001e47ab951a0 DEOPT UNPACKING pc=0x000001e460a27143 sp=0x000000c246bfc690 mode 0
Event: 235.000 Thread 0x000001e47ab951a0 DEOPT PACKING pc=0x000001e45b136738 sp=0x000000c246bfd120
Event: 235.006 Thread 0x000001e47ab951a0 DEOPT UNPACKING pc=0x000001e460a27143 sp=0x000000c246bfc620 mode 0

Classes unloaded (0 events):
No events

Classes redefined (0 events):
No events

Internal exceptions (20 events):
Event: 191.254 Thread 0x000001e47ab951a0 Exception <a 'java/io/FileNotFoundException'{0x0000000720c9d8c8}> (0x0000000720c9d8c8) 
thrown [s\src\hotspot\share\prims\jni.cpp, line 516]
Event: 196.134 Thread 0x000001e47ab951a0 Exception <a 'java/io/FileNotFoundException'{0x000000071dbedb68}> (0x000000071dbedb68) 
thrown [s\src\hotspot\share\prims\jni.cpp, line 516]
Event: 196.175 Thread 0x000001e47ab951a0 Exception <a 'java/io/FileNotFoundException'{0x000000071dbf3158}> (0x000000071dbf3158) 
thrown [s\src\hotspot\share\prims\jni.cpp, line 516]
Event: 201.134 Thread 0x000001e47ab951a0 Exception <a 'java/io/FileNotFoundException'{0x000000071e712e38}> (0x000000071e712e38) 
thrown [s\src\hotspot\share\prims\jni.cpp, line 516]
Event: 201.177 Thread 0x000001e47ab951a0 Exception <a 'java/io/FileNotFoundException'{0x000000071e713c38}> (0x000000071e713c38) 
thrown [s\src\hotspot\share\prims\jni.cpp, line 516]
Event: 206.154 Thread 0x000001e47ab951a0 Exception <a 'java/io/FileNotFoundException'{0x000000072105c850}> (0x000000072105c850) 
thrown [s\src\hotspot\share\prims\jni.cpp, line 516]
Event: 206.406 Thread 0x000001e47ab951a0 Exception <a 'java/io/FileNotFoundException'{0x0000000720c53f08}> (0x0000000720c53f08) 
thrown [s\src\hotspot\share\prims\jni.cpp, line 516]
Event: 211.136 Thread 0x000001e47ab951a0 Exception <a 'java/io/FileNotFoundException'{0x0000000721083da0}> (0x0000000721083da0) 
thrown [s\src\hotspot\share\prims\jni.cpp, line 516]
Event: 211.192 Thread 0x000001e47ab951a0 Exception <a 'java/io/FileNotFoundException'{0x000000072108c1a0}> (0x000000072108c1a0) 
thrown [s\src\hotspot\share\prims\jni.cpp, line 516]
Event: 216.243 Thread 0x000001e47ab951a0 Exception <a 'java/io/FileNotFoundException'{0x000000071e921c80}> (0x000000071e921c80) 
thrown [s\src\hotspot\share\prims\jni.cpp, line 516]
Event: 216.243 Thread 0x000001e47ab951a0 Exception <a 'java/io/FileNotFoundException'{0x000000071e922a40}> (0x000000071e922a40) 
thrown [s\src\hotspot\share\prims\jni.cpp, line 516]
Event: 221.872 Thread 0x000001e47ab951a0 Exception <a 'java/io/FileNotFoundException'{0x000000071f753188}> (0x000000071f753188) 
thrown [s\src\hotspot\share\prims\jni.cpp, line 516]
Event: 221.872 Thread 0x000001e47ab951a0 Exception <a 'java/io/FileNotFoundException'{0x000000071f755de8}> (0x000000071f755de8) 
thrown [s\src\hotspot\share\prims\jni.cpp, line 516]
Event: 226.140 Thread 0x000001e47ab951a0 Exception <a 'java/io/FileNotFoundException'{0x000000071f2d0398}> (0x000000071f2d0398) 
thrown [s\src\hotspot\share\prims\jni.cpp, line 516]
Event: 226.195 Thread 0x000001e47ab951a0 Exception <a 'java/io/FileNotFoundException'{0x000000071f2d5d38}> (0x000000071f2d5d38) 
thrown [s\src\hotspot\share\prims\jni.cpp, line 516]
Event: 227.194 Thread 0x000001e47ab951a0 Implicit null exception at 0x000001e461cc03c0 to 0x000001e461cc2eac
Event: 231.636 Thread 0x000001e47ab951a0 Exception <a 'java/io/FileNotFoundException'{0x000000071ebb9b70}> (0x000000071ebb9b70) 
thrown [s\src\hotspot\share\prims\jni.cpp, line 516]
Event: 231.636 Thread 0x000001e47ab951a0 Exception <a 'java/io/FileNotFoundException'{0x000000071ebbadb0}> (0x000000071ebbadb0) 
thrown [s\src\hotspot\share\prims\jni.cpp, line 516]
Event: 237.037 Thread 0x000001e47ab951a0 Exception <a 'java/io/FileNotFoundException'{0x000000071fe8eb80}> (0x000000071fe8eb80) 
thrown [s\src\hotspot\share\prims\jni.cpp, line 516]
Event: 237.037 Thread 0x000001e47ab951a0 Exception <a 'java/io/FileNotFoundException'{0x000000071fe8fa08}> (0x000000071fe8fa08) 
thrown [s\src\hotspot\share\prims\jni.cpp, line 516]

VM Operations (20 events):
Event: 234.675 Executing VM operation: G1CollectForAllocation
Event: 234.698 Executing VM operation: G1CollectForAllocation done
Event: 234.878 Executing VM operation: G1CollectForAllocation
Event: 234.891 Executing VM operation: G1CollectForAllocation done
Event: 235.408 Executing VM operation: G1CollectForAllocation
Event: 235.411 Executing VM operation: G1CollectForAllocation done
Event: 235.594 Executing VM operation: G1CollectForAllocation
Event: 235.597 Executing VM operation: G1CollectForAllocation done
Event: 236.808 Executing VM operation: G1CollectForAllocation
Event: 236.810 Executing VM operation: G1CollectForAllocation done
Event: 236.983 Executing VM operation: G1CollectForAllocation
Event: 236.985 Executing VM operation: G1CollectForAllocation done
Event: 237.263 Executing VM operation: G1CollectForAllocation
Event: 237.266 Executing VM operation: G1CollectForAllocation done
Event: 237.446 Executing VM operation: G1CollectForAllocation
Event: 237.448 Executing VM operation: G1CollectForAllocation done
Event: 238.193 Executing VM operation: G1CollectForAllocation
Event: 238.195 Executing VM operation: G1CollectForAllocation done
Event: 238.373 Executing VM operation: G1CollectForAllocation
Event: 238.376 Executing VM operation: G1CollectForAllocation done

Events (20 events):
Event: 231.633 Thread 0x000001e47de46ef0 Thread added: 0x000001e47de46ef0
Event: 231.638 Thread 0x000001e47de4d400 Thread added: 0x000001e47de4d400
Event: 231.643 Thread 0x000001e47de4d400 Thread exited: 0x000001e47de4d400
Event: 231.703 Thread 0x000001e47de46ef0 Thread exited: 0x000001e47de46ef0
Event: 231.997 Thread 0x000001e47de46ef0 Thread added: 0x000001e47de46ef0
Event: 232.001 Thread 0x000001e47de46ef0 Thread exited: 0x000001e47de46ef0
Event: 232.844 Thread 0x000001e47de46ef0 Thread added: 0x000001e47de46ef0
Event: 232.849 Thread 0x000001e47de46ef0 Thread exited: 0x000001e47de46ef0
Event: 234.012 Thread 0x000001e47de46ef0 Thread added: 0x000001e47de46ef0
Event: 234.016 Thread 0x000001e47de46ef0 Thread exited: 0x000001e47de46ef0
Event: 234.987 Thread 0x000001e47de46ef0 Thread added: 0x000001e47de46ef0
Event: 234.992 Thread 0x000001e47de46ef0 Thread exited: 0x000001e47de46ef0
Event: 236.724 Thread 0x000001e47de46ef0 Thread added: 0x000001e47de46ef0
Event: 236.728 Thread 0x000001e47de46ef0 Thread exited: 0x000001e47de46ef0
Event: 237.037 Thread 0x000001e47de46ef0 Thread added: 0x000001e47de46ef0
Event: 237.041 Thread 0x000001e47de4e270 Thread added: 0x000001e47de4e270
Event: 237.041 Thread 0x000001e47de46ef0 Thread exited: 0x000001e47de46ef0
Event: 237.045 Thread 0x000001e47de4e270 Thread exited: 0x000001e47de4e270
Event: 237.849 Thread 0x000001e47de46ef0 Thread added: 0x000001e47de46ef0
Event: 237.854 Thread 0x000001e47de46ef0 Thread exited: 0x000001e47de46ef0


Dynamic libraries:
0x00007ff770a30000 - 0x00007ff770a61000 	D:\Vivado\2023.2\bin\unwrapped\win64.o\vivado.exe
0x00007fff80e00000 - 0x00007fff81063000 	C:\WINDOWS\SYSTEM32\ntdll.dll
0x00007fff80090000 - 0x00007fff80157000 	C:\WINDOWS\System32\KERNEL32.DLL
0x00007fff7e380000 - 0x00007fff7e749000 	C:\WINDOWS\System32\KERNELBASE.dll
0x00007fff7ead0000 - 0x00007fff7ec1c000 	C:\WINDOWS\System32\ucrtbase.dll
0x00007fff627c0000 - 0x00007fff627de000 	C:\WINDOWS\SYSTEM32\VCRUNTIME140.dll
0x00007fff61100000 - 0x00007fff6118d000 	C:\WINDOWS\SYSTEM32\MSVCP140.dll
0x00007fff64aa0000 - 0x00007fff64aac000 	C:\WINDOWS\SYSTEM32\VCRUNTIME140_1.dll
0x00007fff774a0000 - 0x00007fff774bc000 	D:\Vivado\2023.2\lib\win64.o\librdi_commonmain.dll
0x00007fff00dd0000 - 0x00007fff0247a000 	D:\Vivado\2023.2\lib\win64.o\librdi_common.dll
0x00007fff80160000 - 0x00007fff8032a000 	C:\WINDOWS\System32\USER32.dll
0x00007fff7e000000 - 0x00007fff7e027000 	C:\WINDOWS\System32\win32u.dll
0x00007fff80060000 - 0x00007fff8008a000 	C:\WINDOWS\System32\GDI32.dll
0x00007fff7e8d0000 - 0x00007fff7ea01000 	C:\WINDOWS\System32\gdi32full.dll
0x00007fff7e0d0000 - 0x00007fff7e173000 	C:\WINDOWS\System32\msvcp_win.dll
0x00007fff80330000 - 0x00007fff803e2000 	C:\WINDOWS\System32\ADVAPI32.dll
0x00007fff76c90000 - 0x00007fff76cb1000 	D:\Vivado\2023.2\lib\win64.o\libboost_filesystem.dll
0x00007fff7fad0000 - 0x00007fff7fb79000 	C:\WINDOWS\System32\msvcrt.dll
0x00007fff6c1c0000 - 0x00007fff6c5f0000 	D:\Vivado\2023.2\lib\win64.o\python38.dll
0x00007fff7fc10000 - 0x00007fff7fcb6000 	C:\WINDOWS\System32\sechost.dll
0x00007fff7fd50000 - 0x00007fff7fe66000 	C:\WINDOWS\System32\RPCRT4.dll
0x00007fff7eed0000 - 0x00007fff7f5e5000 	C:\WINDOWS\System32\SHELL32.dll
0x00007fff78c20000 - 0x00007fff78c29000 	D:\Vivado\2023.2\lib\win64.o\librdi_commonversion.dll
0x00007fff7e210000 - 0x00007fff7e378000 	C:\WINDOWS\System32\wintypes.dll
0x00007fff803f0000 - 0x00007fff8044d000 	C:\WINDOWS\System32\SHLWAPI.dll
0x00007fff80770000 - 0x00007fff80af2000 	C:\WINDOWS\System32\combase.dll
0x00007fff32bf0000 - 0x00007fff32da6000 	D:\Vivado\2023.2\lib\win64.o\librdi_commonxillic.dll
0x00007fff7fb90000 - 0x00007fff7fc04000 	C:\WINDOWS\System32\WS2_32.dll
0x00007fff7e180000 - 0x00007fff7e1ff000 	C:\WINDOWS\System32\WINTRUST.dll
0x0000000051090000 - 0x00000000511bc000 	D:\Vivado\2023.2\lib\win64.o\tcl85t.dll
0x00007fff2f0e0000 - 0x00007fff2f44e000 	D:\Vivado\2023.2\lib\win64.o\libCOIN-all.dll
0x00007fff76e90000 - 0x00007fff76ea1000 	D:\Vivado\2023.2\lib\win64.o\libboost_date_time.dll
0x00007fff6be00000 - 0x00007fff6be79000 	D:\Vivado\2023.2\lib\win64.o\libboost_program_options.dll
0x00007fff68d10000 - 0x00007fff68e24000 	D:\Vivado\2023.2\lib\win64.o\libboost_regex.dll
0x00007fff76bb0000 - 0x00007fff76bcc000 	D:\Vivado\2023.2\lib\win64.o\libboost_thread.dll
0x00007fff78bf0000 - 0x00007fff78bfc000 	D:\Vivado\2023.2\lib\win64.o\libboost_xilinx.dll
0x00007fff339a0000 - 0x00007fff33a45000 	D:\Vivado\2023.2\lib\win64.o\libhdxml.dll
0x00007fff621a0000 - 0x00007fff62222000 	D:\Vivado\2023.2\lib\win64.o\libhdlpsolve.dll
0x00007fff6c630000 - 0x00007fff6c65a000 	D:\Vivado\2023.2\lib\win64.o\libisl_sysinfo.dll
0x00007fff35ee0000 - 0x00007fff35f45000 	D:\Vivado\2023.2\lib\win64.o\liblmx6.0.dll
0x00007fff049d0000 - 0x00007fff059f4600 	D:\Vivado\2023.2\lib\win64.o\libisl_iostreams.dll
0x00007fff76b90000 - 0x00007fff76baa000 	D:\Vivado\2023.2\lib\win64.o\pthreadVC2.dll
0x00007fff6c610000 - 0x00007fff6c62c000 	D:\Vivado\2023.2\lib\win64.o\librdiconfig.dll
0x00007fff6c190000 - 0x00007fff6c1b1000 	D:\Vivado\2023.2\lib\win64.o\librdizlib.dll
0x00007fff64b40000 - 0x00007fff64b5a000 	C:\WINDOWS\SYSTEM32\NETAPI32.dll
0x00007fff5eb00000 - 0x00007fff5ed83000 	C:\WINDOWS\SYSTEM32\WININET.dll
0x00007fff74200000 - 0x00007fff7431e000 	C:\WINDOWS\SYSTEM32\WINHTTP.dll
0x00007fff69100000 - 0x00007fff692dc000 	C:\WINDOWS\SYSTEM32\urlmon.dll
0x00007fff32250000 - 0x00007fff32511000 	D:\Vivado\2023.2\lib\win64.o\xerces-c_3_2.dll
0x00007fff6f7c0000 - 0x00007fff6f7cb000 	C:\WINDOWS\SYSTEM32\VERSION.dll
0x00007fff02b00000 - 0x00007fff02e2d000 	D:\Vivado\2023.2\lib\win64.o\libXil_lmgr11.dll
0x00007fff7d8c0000 - 0x00007fff7d8e6000 	C:\WINDOWS\SYSTEM32\bcrypt.dll
0x00007fff7edc0000 - 0x00007fff7eeb1000 	C:\WINDOWS\System32\COMDLG32.dll
0x00007fff7ecd0000 - 0x00007fff7edbb000 	C:\WINDOWS\System32\shcore.dll
0x00007fff80450000 - 0x00007fff80526000 	C:\WINDOWS\System32\OLEAUT32.dll
0x00007fff60c70000 - 0x00007fff60c7a000 	C:\WINDOWS\SYSTEM32\WSOCK32.dll
0x00007fff7fe90000 - 0x00007fff80025000 	C:\WINDOWS\System32\ole32.dll
0x00007fff7e750000 - 0x00007fff7e8c7000 	C:\WINDOWS\System32\CRYPT32.dll
0x00007fff6bdd0000 - 0x00007fff6be00000 	C:\WINDOWS\SYSTEM32\VCOMP140.DLL
0x00007ffefeeb0000 - 0x00007fff00dc7000 	D:\Vivado\2023.2\lib\win64.o\gurobi90.dll
0x00007fff80b00000 - 0x00007fff80b73000 	C:\WINDOWS\System32\WLDAP32.dll
0x00007fff80600000 - 0x00007fff80608000 	C:\WINDOWS\System32\Normaliz.dll
0x00007fff69990000 - 0x00007fff699b4000 	D:\Vivado\2023.2\lib\win64.o\libisl_iosutils.dll
0x00007fff6c170000 - 0x00007fff6c188000 	D:\Vivado\2023.2\lib\win64.o\libboost_iostreams.dll
0x00007fff68e30000 - 0x00007fff690fa000 	C:\WINDOWS\SYSTEM32\iertutil.dll
0x00007fff7bcc0000 - 0x00007fff7c505000 	C:\WINDOWS\SYSTEM32\windows.storage.dll
0x00007fff62070000 - 0x00007fff62124000 	C:\WINDOWS\WinSxS\amd64_microsoft.windows.common-controls_6595b64144ccf1df_5.82.26100.1882_none_87f34cef7a28f535\COMCTL32.dll
0x00007fff7d430000 - 0x00007fff7d45b000 	C:\WINDOWS\SYSTEM32\USERENV.dll
0x00007fff71130000 - 0x00007fff71155000 	C:\WINDOWS\SYSTEM32\dhcpcsvc.DLL
0x00007fff68be0000 - 0x00007fff68c09000 	C:\WINDOWS\SYSTEM32\srvcli.dll
0x00007fff7c7a0000 - 0x00007fff7c7ad000 	C:\WINDOWS\SYSTEM32\netutils.dll
0x00007fff7d320000 - 0x00007fff7d38a000 	C:\WINDOWS\SYSTEM32\MSWSOCK.DLL
0x00007fff7f5f0000 - 0x00007fff7f61f000 	C:\WINDOWS\System32\IMM32.DLL
0x00007fff7d810000 - 0x00007fff7d823000 	C:\WINDOWS\SYSTEM32\MSASN1.dll
0x00007fff7d690000 - 0x00007fff7d6ac000 	C:\WINDOWS\SYSTEM32\CRYPTSP.dll
0x00007fff7cd50000 - 0x00007fff7cd8a000 	C:\WINDOWS\system32\rsaenh.dll
0x00007fff7d6b0000 - 0x00007fff7d6bc000 	C:\WINDOWS\SYSTEM32\CRYPTBASE.dll
0x00007fff7e030000 - 0x00007fff7e0c9000 	C:\WINDOWS\System32\bcryptPrimitives.dll
0x00007fff80030000 - 0x00007fff80050000 	C:\WINDOWS\System32\imagehlp.dll
0x00007fff7cdf0000 - 0x00007fff7ce0a000 	C:\WINDOWS\SYSTEM32\kernel.appcore.dll
0x00007ffefe960000 - 0x00007ffefeead000 	D:\Vivado\2023.2\lib\win64.o\librdi_commontasks.dll
0x00007ffefe630000 - 0x00007ffefe95b800 	D:\Vivado\2023.2\lib\win64.o\librdi_sio.dll
0x00007fff7c850000 - 0x00007fff7c883000 	C:\WINDOWS\SYSTEM32\IPHLPAPI.DLL
0x00007ffef2460000 - 0x00007ffef30a8000 	D:\Vivado\2023.2\tps\win64\jre17.0.7_7\bin\server\jvm.dll
0x00007fff6e8b0000 - 0x00007fff6e8e6000 	C:\WINDOWS\SYSTEM32\WINMM.dll
0x00007fff7d400000 - 0x00007fff7d427000 	C:\WINDOWS\SYSTEM32\gpapi.dll
0x00007fff6f780000 - 0x00007fff6f7bb000 	C:\Windows\System32\cryptnet.dll
0x00007fff7df10000 - 0x00007fff7df3f000 	C:\WINDOWS\SYSTEM32\profapi.dll
0x00007fff78e00000 - 0x00007fff78e0f000 	C:\WINDOWS\SYSTEM32\WINNSI.DLL
0x00007fff7fb80000 - 0x00007fff7fb8a000 	C:\WINDOWS\System32\NSI.dll
0x00007fff7d090000 - 0x00007fff7d0d8000 	C:\WINDOWS\SYSTEM32\SspiCli.dll
0x00007fff59910000 - 0x00007fff59928000 	C:\WINDOWS\system32\napinsp.dll
0x00007fff7c890000 - 0x00007fff7c9b5000 	C:\WINDOWS\SYSTEM32\DNSAPI.dll
0x00007fff59a00000 - 0x00007fff59a12000 	C:\WINDOWS\System32\winrnr.dll
0x00007fff599d0000 - 0x00007fff599f2000 	C:\WINDOWS\system32\nlansp_c.dll
0x00007fff74600000 - 0x00007fff74616000 	C:\WINDOWS\system32\wshbth.dll
0x00007ffeef690000 - 0x00007ffef2456000 	D:\Vivado\2023.2\lib\win64.o\librdi_tcltasks.dll
0x00007fff2d930000 - 0x00007fff2db30000 	D:\Vivado\2023.2\lib\win64.o\librdi_board.dll
0x00007fff32b60000 - 0x00007fff32be3000 	D:\Vivado\2023.2\lib\win64.o\librdi_boarddep.dll
0x00007ffefe140000 - 0x00007ffefe621000 	D:\Vivado\2023.2\lib\win64.o\librdi_bitstream.dll
0x00007fff21860000 - 0x00007fff2198a000 	D:\Vivado\2023.2\lib\win64.o\librdi_chipscope.dll
0x00007fff21540000 - 0x00007fff21747000 	D:\Vivado\2023.2\lib\win64.o\librdi_chipscopeimpl.dll
0x00007fff04860000 - 0x00007fff049ce000 	D:\Vivado\2023.2\lib\win64.o\librdi_containers.dll
0x00007ffeecf90000 - 0x00007ffeef685000 	D:\Vivado\2023.2\lib\win64.o\librdi_constraints.dll
0x00007ffee6bb0000 - 0x00007ffee92e6000 	D:\Vivado\2023.2\lib\win64.o\librdi_coregen.dll
0x00007ffee3790000 - 0x00007ffee4d93000 	D:\Vivado\2023.2\lib\win64.o\librdi_device.dll
0x00007ffee4da0000 - 0x00007ffee6ba7000 	D:\Vivado\2023.2\lib\win64.o\librdi_designutils.dll
0x00007ffef7380000 - 0x00007ffef771f000 	D:\Vivado\2023.2\lib\win64.o\librdi_dlyest.dll
0x00007ffeec850000 - 0x00007ffeecf86000 	D:\Vivado\2023.2\lib\win64.o\librdi_drc.dll
0x00007fff2ef20000 - 0x00007fff2efd4000 	D:\Vivado\2023.2\lib\win64.o\librdi_dsp.dll
0x00007ffee2fd0000 - 0x00007ffee378f000 	D:\Vivado\2023.2\lib\win64.o\librdi_filemgmt.dll
0x00007fff345e0000 - 0x00007fff3464b000 	D:\Vivado\2023.2\lib\win64.o\librdi_hdf.dll
0x00007ffeec560000 - 0x00007ffeec844000 	D:\Vivado\2023.2\lib\win64.o\librdi_hip_devdesign.dll
0x00007fff042f0000 - 0x00007fff04438000 	D:\Vivado\2023.2\lib\win64.o\librdi_hip_perf_analysis.dll
0x00007ffee07a0000 - 0x00007ffee2fc4000 	D:\Vivado\2023.2\lib\win64.o\librdi_cdoutil.dll
0x00007ffedf8f0000 - 0x00007ffee07a0000 	D:\Vivado\2023.2\lib\win64.o\librdi_ippcw.dll
0x00007ffed98f0000 - 0x00007ffedaa33000 	D:\Vivado\2023.2\lib\win64.o\librdi_implflow.dll
0x00007ffed9050000 - 0x00007ffed98ea000 	D:\Vivado\2023.2\lib\win64.o\librdi_lopt.dll
0x00007ffed8170000 - 0x00007ffed87c6000 	D:\Vivado\2023.2\lib\win64.o\librdi_memdata.dll
0x00007fff31180000 - 0x00007fff311fd000 	D:\Vivado\2023.2\lib\win64.o\librdi_memoryarray.dll
0x00007fff2f060000 - 0x00007fff2f0d2000 	D:\Vivado\2023.2\lib\win64.o\librdi_noc_frameworks.dll
0x00007ffed4f10000 - 0x00007ffed5714000 	D:\Vivado\2023.2\lib\win64.o\librdi_netlist.dll
0x00007fff33940000 - 0x00007fff3399c000 	D:\Vivado\2023.2\lib\win64.o\librdi_pfi.dll
0x00007ffed5720000 - 0x00007ffed8161000 	D:\Vivado\2023.2\lib\win64.o\librdi_mig.dll
0x00007ffed4610000 - 0x00007ffed4f02000 	D:\Vivado\2023.2\lib\win64.o\librdi_power.dll
0x00007ffede7c0000 - 0x00007ffedec3e000 	D:\Vivado\2023.2\lib\win64.o\librdi_platform.dll
0x00007ffe622e0000 - 0x00007ffe6519c000 	D:\Vivado\2023.2\lib\win64.o\librdi_place.dll
0x00007ffec0cd0000 - 0x00007ffec1447000 	D:\Vivado\2023.2\lib\win64.o\librdi_psta.dll

dbghelp: loaded successfully - version: 4.0.5 - missing functions: none
symbol engine: initialized successfully - sym options: 0x614 - pdb path: .;D:\Vivado\2023.2\bin\unwrapped\win64.o;C:\WINDOWS\SYSTEM32;D:\Vivado\2023.2\lib\win64.o;C:\WINDOWS\WinSxS\amd64_microsoft.windows.common-controls_6595b64144ccf1df_5.82.26100.1882_none_87f34cef7a28f535;D:\Vivado\2023.2\tps\win64\jre17.0.7_7\bin\server;D:\Vivado\2023.2\tps\win64\jre17.0.7_7\bin;C:\WINDOWS\WinSxS\amd64_microsoft.windows.common-controls_6595b64144ccf1df_6.0.26100.3323_none_3e088096e3344490;C:\WINDOWS\WinSxS\amd64_microsoft.windows.gdiplus_6595b64144ccf1df_1.1.26100.3323_none_6ef3737c3dc6be5e

VM Arguments:
jvm_args: -Dsun.java2d.pmoffscreen=false -Dhttps.protocols=TLSv1,TLSv1.1,TLSv1.2 -Dsun.java2d.xrender=false -Dsun.java2d.d3d=false -Dsun.awt.nopixfmt=true -Dsun.java2d.dpiaware=true -Dsun.java2d.uiScale.enabled=false -Dswing.aatext=true -XX:-UsePerfData -Djdk.map.althashing.threshold=512 -XX:StringTableSize=4072 -XX:+UseStringDeduplication -XX:MaxGCPauseMillis=200 -XX:+ParallelRefProcEnabled --add-opens=java.desktop/javax.swing.plaf.synth=ALL-UNNAMED --add-opens=java.base/java.nio=ALL-UNNAMED --add-opens=java.desktop/sun.swing=ALL-UNNAMED --add-opens=java.desktop/javax.swing=ALL-UNNAMED --add-opens=java.desktop/javax.swing.tree=ALL-UNNAMED --add-opens=java.desktop/javax.swing.plaf.basic=ALL-UNNAMED --add-opens=java.desktop/javax.swing.plaf.synth=ALL-UNNAMED --add-opens=java.desktop/javax.swing.plaf.basic=ALL-UNNAMED --add-opens=java.desktop/javax.swing=ALL-UNNAMED --add-opens=java.desktop/javax.swing.tree=ALL-UNNAMED --add-opens=java.desktop/java.awt.event=ALL-UNNAMED --add-exports=java.desktop/javax.swing.plaf.synth=ALL-UNNAMED --add-exports=java.base/java.nio=ALL-UNNAMED --add-exports=java.desktop/sun.swing=ALL-UNNAMED --add-exports=java.desktop/javax.swing=ALL-UNNAMED --add-exports=java.desktop/javax.swing.tree=ALL-UNNAMED --add-exports=java.desktop/javax.swing.plaf.basic=ALL-UNNAMED --add-exports=java.desktop/sun.swing=ALL-UNNAMED --add-exports=java.desktop/sun.swing.table=ALL-UNNAMED --add-exports=java.desktop/sun.swing.plaf.synth=ALL-UNNAMED --add-exports=java.desktop/sun.awt.shell=ALL-UNNAMED --add-exports=java.base/sun.security.action=ALL-UNNAMED --add-exports=java.desktop/sun.font=ALL-UNNAMED -XX:NewSize=80m -XX:MaxNewSize=80m -Xms512m -Xmx4072m -Xss10m 
java_command: <unknown>
java_class_path (initial): D:/Vivado/2023.2\lib\classes\alloy.jar;D:/Vivado/2023.2\lib\classes\asm-9.3.jar;D:/Vivado/2023.2\lib\classes\asm-analysis-9.3.jar;D:/Vivado/2023.2\lib\classes\asm-commons-9.3.jar;D:/Vivado/2023.2\lib\classes\asm-tree-9.3.jar;D:/Vivado/2023.2\lib\classes\autoesl-models.jar;D:/Vivado/2023.2\lib\classes\batik-anim.jar;D:/Vivado/2023.2\lib\classes\batik-awt-util.jar;D:/Vivado/2023.2\lib\classes\batik-bridge.jar;D:/Vivado/2023.2\lib\classes\batik-codec.jar;D:/Vivado/2023.2\lib\classes\batik-constants.jar;D:/Vivado/2023.2\lib\classes\batik-css.jar;D:/Vivado/2023.2\lib\classes\batik-dom.jar;D:/Vivado/2023.2\lib\classes\batik-ext.jar;D:/Vivado/2023.2\lib\classes\batik-gui-util.jar;D:/Vivado/2023.2\lib\classes\batik-gvt.jar;D:/Vivado/2023.2\lib\classes\batik-i18n.jar;D:/Vivado/2023.2\lib\classes\batik-parser.jar;D:/Vivado/2023.2\lib\classes\batik-script.jar;D:/Vivado/2023.2\lib\classes\batik-svg-dom.jar;D:/Vivado/2023.2\lib\classes\batik-svggen.jar;D:/Vivado/2023.2\lib\classes\batik-swing.jar;D:/Vivado/2023.2\lib\classes\batik-transcoder.jar;D:/Vivado/2023.2\lib\classes\batik-util.jar;D:/Vivado/2023.2\lib\classes\batik-xml.jar;D:/Vivado/2023.2\lib\classes\com.fasterxml.jackson.core.jackson-annotations_2.12.1.v20210128-1726.jar;D:/Vivado/2023.2\lib\classes\com.fasterxml.jackson.core.jackson-core_2.12.1.v20210128-1726.jar;D:/Vivado/2023.2\lib\classes\com.fasterxml.jackson.core.jackson-databind_2.12.1.v20210128-1726.jar;D:/Vivado/2023.2\lib\classes\com.google.gson_2.8.9.v20220111-1409.jar;D:/Vivado/2023.2\lib\classes\com.google.guava_30.1.0.v20210127-2300.jar;D:/Vivado/2023.2\lib\classes\com.sigasi.hdt.connection_4.17.2.202304211001.jar;D:/Vivado/2023.2\lib\classes\com.sigasi.hdt.epl_4.17.2.202304211001.jar;D:/Vivado/2023.2\lib\classes\com.sigasi.hdt.project_4.17.2.202304211001.jar;D:/Vivado/2023.2\lib\classes\com.sigasi.hdt.readonlyfilesystem_4.17.2.202304211001.jar;D:/Vivado/2023.2\lib\classes\com.sigasi.hdt.shared_4.17.2.202304211001.jar;D:/Vivad
Launcher Type: generic

[Global flags]
     intx CICompilerCount                          = 4                                         {product} {ergonomic}
     uint ConcGCThreads                            = 2                                         {product} {ergonomic}
     uint G1ConcRefinementThreads                  = 8                                         {product} {ergonomic}
   size_t G1HeapRegionSize                         = 2097152                                   {product} {ergonomic}
    uintx GCDrainStackTargetSize                   = 64                                        {product} {ergonomic}
   size_t InitialHeapSize                          = 536870912                                 {product} {command line}
   size_t MarkStackSize                            = 4194304                                   {product} {ergonomic}
    uintx MaxGCPauseMillis                         = 200                                       {product} {command line}
   size_t MaxHeapSize                              = 4269801472                                {product} {command line}
   size_t MaxNewSize                               = 83886080                                  {product} {command line}
   size_t MinHeapDeltaBytes                        = 2097152                                   {product} {ergonomic}
   size_t MinHeapSize                              = 536870912                                 {product} {command line}
   size_t NewSize                                  = 83886080                                  {product} {command line}
    uintx NonNMethodCodeHeapSize                   = 5839372                                {pd product} {ergonomic}
    uintx NonProfiledCodeHeapSize                  = 122909434                              {pd product} {ergonomic}
     bool ParallelRefProcEnabled                   = true                                      {product} {command line}
    uintx ProfiledCodeHeapSize                     = 122909434                              {pd product} {ergonomic}
    uintx ReservedCodeCacheSize                    = 251658240                              {pd product} {ergonomic}
     bool SegmentedCodeCache                       = true                                      {product} {ergonomic}
   size_t SoftMaxHeapSize                          = 4269801472                             {manageable} {ergonomic}
    uintx StringTableSize                          = 4072                                      {product} {command line}
     intx ThreadStackSize                          = 10240                                  {pd product} {command line}
     bool UseCompressedClassPointers               = true                           {product lp64_product} {ergonomic}
     bool UseCompressedOops                        = true                           {product lp64_product} {ergonomic}
     bool UseG1GC                                  = true                                      {product} {ergonomic}
     bool UseLargePagesIndividualAllocation        = false                                  {pd product} {ergonomic}
     bool UsePerfData                              = false                                     {product} {command line}
     bool UseStringDeduplication                   = true                                      {product} {command line}

Logging:
Log output configuration:
 #0: stdout all=warning uptime,level,tags
 #1: stderr all=off uptime,level,tags

Environment Variables:
JAVA_HOME=C:\Users\debab\AppData\Local\Programs\Eclipse Adoptium\jdk-17.0.11.9-hotspot\
PATH=D:/Vivado/2023.2/bin;D:/Vivado/2023.2/tps/win64/java-cef-95.0.4638.69/bin/lib/win64;D:/Vivado/2023.2/tps/win64/javafx-sdk-17.0.1/lib;D:/Vivado/2023.2/tps/win64/javafx-sdk-17.0.1/bin;D:/Vivado/2023.2/lib/win64.o;D:/Vivado/2023.2/tps/win64/jre17.0.7_7/bin/server;D:/Vivado/2023.2/tps/win64/jre17.0.7_7/bin;D:/Vivado/2023.2/ids_lite/ISE/bin/nt64;D:/Vivado/2023.2/ids_lite/ISE/lib/nt64;D:/Vitis_HLS/2023.2/bin;C:\Program Files (x86)\Common Files\Oracle\Java\java8path;C:\Program Files (x86)\Common Files\Oracle\Java\javapath;C:\Python312\Scripts\;C:\Python312\;C:\oraclexe\app\oracle\product\11.2.0\server\bin;C:\ProgramData\Oracle\Java\javapath;C:\Windows\system32;C:\Windows;C:\Windows\System32\Wbem;C:\Windows\System32\WindowsPowerShell\v1.0\;C:\Windows\System32\OpenSSH\;C:\Program Files (x86)\NVIDIA Corporation\PhysX\Common;C:\Program Files\NVIDIA Corporation\NVIDIA NvDLISR;C:\Program Files\PuTTY\;C:\Program Files\nodejs\;C:\ProgramData\chocolatey\bin;C:\Program Files\Git\cmd;C:\Program Files\dotnet\;C:\Users\debab\AppData\Local\Programs\Eclipse Adoptium\jdk-17.0.11.9-hotspot\bin;C:\Program Files\MySQL\MySQL Shell 8.0\bin\;C:\Users\debab\AppData\Local\Microsoft\WindowsApps;C:\Users\debab\AppData\Local\Programs\Python\Python310;C:\Users\debab\AppData\Local\Programs\Python\Python310\Scripts;C:\Users\debab\AppData\Local\Programs\Microsoft VS Code\bin;C:\Users\debab\AppData\Roaming\npm;;D:/Vivado/2023.2\tps\mingw\6.2.0\win64.o\nt\bin;D:/Vivado/2023.2\tps\mingw\6.2.0\win64.o\nt\libexec\gcc\x86_64-w64-mingw32\6.2.0;D:/Vivado/2023.2\tps\win64\python-3.8.3;D:/Vivado/2023.2\tps\win64\python-3.8.3\bin;D:/Vivado/2023.2\tps\win64\python-3.8.3\lib;D:/Vivado/2023.2\tps\win64\python-3.8.3\lib\site-packages
USERNAME=debab
OS=Windows_NT
PROCESSOR_IDENTIFIER=Intel64 Family 6 Model 165 Stepping 2, GenuineIntel
TMP=C:\Users\debab\AppData\Local\Temp
TEMP=C:\Users\debab\AppData\Local\Temp



---------------  S Y S T E M  ---------------

OS:
 Windows 11 , 64 bit Build 26100 (10.0.26100.3323)
OS uptime: 0 days 1:43 hours
Hyper-V role detected

CPU: total 8 (initial active 8) (4 cores per cpu, 2 threads per core) family 6 model 165 stepping 2 microcode 0xe2, cx8, cmov, fxsr, ht, mmx, 3dnowpref, sse, sse2, sse3, ssse3, sse4.1, sse4.2, popcnt, lzcnt, tsc, tscinvbit, avx, avx2, aes, erms, clmul, bmi1, bmi2, adx, fma, vzeroupper, clflush, clflushopt, hv

Memory: 4k page, system-wide physical 8023M (257M free)
TotalPageFile size 31482M (AvailPageFile size 697M)
current process WorkingSet (physical memory assigned to process): 2845M, peak: 4259M
current process commit charge ("private bytes"): 12492M, peak: 12492M

vm_info: OpenJDK 64-Bit Server VM (17.0.7+7) for windows-amd64 JRE (17.0.7+7), built on Apr 18 2023 22:10:42 by "temurin" with MS VC++ 16.7 (VS2019)

END.
