#
# A fatal error has been detected by the Java Runtime Environment:
#
#  EXCEPTION_ACCESS_VIOLATION (0xc0000005) at pc=0x00007fff066cd61f, pid=17260, tid=8892
#
# JRE version: OpenJDK Runtime Environment Temurin-17.0.7+7 (17.0.7+7) (build 17.0.7+7)
# Java VM: OpenJDK 64-Bit Server VM Temurin-17.0.7+7 (17.0.7+7, mixed mode, sharing, tiered, compressed oops, compressed class ptrs, g1 gc, windows-amd64)
# Problematic frame:
# C  0x00007fff066cd61f
#
# No core dump will be written. Minidumps are not enabled by default on client versions of Windows
#
# If you would like to submit a bug report, please visit:
#   https://github.com/adoptium/adoptium-support/issues
# The crash happened outside the Java Virtual Machine in native code.
# See problematic frame for where to report the bug.
#

---------------  S U M M A R Y ------------

Command Line: -Dsun.java2d.pmoffscreen=false -Dhttps.protocols=TLSv1,TLSv1.1,TLSv1.2 -Dsun.java2d.xrender=false -Dsun.java2d.d3d=false -Dsun.awt.nopixfmt=true -Dsun.java2d.dpiaware=true -Dsun.java2d.uiScale.enabled=false -Dswing.aatext=true -XX:-UsePerfData -Djdk.map.althashing.threshold=512 -XX:StringTableSize=4072 -XX:+UseStringDeduplication -XX:MaxGCPauseMillis=200 -XX:+ParallelRefProcEnabled --add-opens=java.desktop/javax.swing.plaf.synth=ALL-UNNAMED --add-opens=java.base/java.nio=ALL-UNNAMED --add-opens=java.desktop/sun.swing=ALL-UNNAMED --add-opens=java.desktop/javax.swing=ALL-UNNAMED --add-opens=java.desktop/javax.swing.tree=ALL-UNNAMED --add-opens=java.desktop/javax.swing.plaf.basic=ALL-UNNAMED --add-opens=java.desktop/javax.swing.plaf.synth=ALL-UNNAMED --add-opens=java.desktop/javax.swing.plaf.basic=ALL-UNNAMED --add-opens=java.desktop/javax.swing=ALL-UNNAMED --add-opens=java.desktop/javax.swing.tree=ALL-UNNAMED --add-opens=java.desktop/java.awt.event=ALL-UNNAMED --add-exports=java.desktop/javax.swing.plaf.synth=ALL-UNNAMED --add-exports=java.base/java.nio=ALL-UNNAMED --add-exports=java.desktop/sun.swing=ALL-UNNAMED --add-exports=java.desktop/javax.swing=ALL-UNNAMED --add-exports=java.desktop/javax.swing.tree=ALL-UNNAMED --add-exports=java.desktop/javax.swing.plaf.basic=ALL-UNNAMED --add-exports=java.desktop/sun.swing=ALL-UNNAMED --add-exports=java.desktop/sun.swing.table=ALL-UNNAMED --add-exports=java.desktop/sun.swing.plaf.synth=ALL-UNNAMED --add-exports=java.desktop/sun.awt.shell=ALL-UNNAMED --add-exports=java.base/sun.security.action=ALL-UNNAMED --add-exports=java.desktop/sun.font=ALL-UNNAMED -XX:NewSize=80m -XX:MaxNewSize=80m -Xms512m -Xmx4072m -Xss10m 

Host: Intel(R) Core(TM) i5-10300H CPU @ 2.50GHz, 8 cores, 7G,  Windows 11 , 64 bit Build 26100 (10.0.26100.3775)
Time: Tue Apr 15 17:42:33 2025 India Standard Time elapsed time: 352.694713 seconds (0d 0h 5m 52s)

---------------  T H R E A D  ---------------

Current thread (0x0000026a354eb910):  JavaThread "AWT-EventQueue-0" [_thread_in_native, id=8892, stack(0x000000de98600000,0x000000de99000000)]

Stack: [0x000000de98600000,0x000000de99000000],  sp=0x000000de98ffc478,  free space=10225k
Native frames: (J=compiled Java code, j=interpreted, Vv=VM code, C=native code)
C  0x00007fff066cd61f

Java frames: (J=compiled Java code, j=interpreted, Vv=VM code)
j  ui.views.waveform.waveformi.WVExecutive_getGraphicsDataSize(J)J+0
j  ui.views.waveform.executive.a.kYk()Ljava/io/ByteArrayInputStream;+10
j  ui.views.waveform.c.a.kXF()V+7
j  ui.views.waveform.c.a.jZx()V+1
j  ui.views.waveform.a.kVY()V+4
j  ui.views.waveform.a.Kp(Z)V+11
j  ui.views.waveform.u.aS(ZZ)V+30
J 20538 c1 ui.views.waveform.d.b.j(Lui/frmwork/a/k;)V (605 bytes) @ 0x0000026a158b1e4c [0x0000026a158ab040+0x0000000000006e0c]
J 20537 c1 ui.views.waveform.u.handleTclEvent(Lui/frmwork/a/k;)V (17 bytes) @ 0x0000026a1526e71c [0x0000026a1526e640+0x00000000000000dc]
J 20102 c2 ui.frmwork.a.m.c(Lui/frmwork/a/k;)V (61 bytes) @ 0x0000026a1d09813c [0x0000026a1d097be0+0x000000000000055c]
J 20107 c2 ui.frmwork.F.i(JZ)V (471 bytes) @ 0x0000026a1d09d0e8 [0x0000026a1d09c6e0+0x0000000000000a08]
J 20530 c1 ui.frmwork.F.fireTclEvent(J)I (113 bytes) @ 0x0000026a153f7cac [0x0000026a153f7360+0x000000000000094c]
v  ~StubRoutines::call_stub
J 20649  ui.views.waveform.waveformi.WVExecutive_processModelEvent(JJ)V (0 bytes) @ 0x0000026a1cdd6d6c [0x0000026a1cdd6d20+0x000000000000004c]
J 20680 c1 ui.views.waveform.d.b.fS(J)V (109 bytes) @ 0x0000026a1545bb4c [0x0000026a1545ba80+0x00000000000000cc]
J 20538 c1 ui.views.waveform.d.b.j(Lui/frmwork/a/k;)V (605 bytes) @ 0x0000026a158b2b54 [0x0000026a158ab040+0x0000000000007b14]
J 20537 c1 ui.views.waveform.u.handleTclEvent(Lui/frmwork/a/k;)V (17 bytes) @ 0x0000026a1526e71c [0x0000026a1526e640+0x00000000000000dc]
J 20102 c2 ui.frmwork.a.m.c(Lui/frmwork/a/k;)V (61 bytes) @ 0x0000026a1d09813c [0x0000026a1d097be0+0x000000000000055c]
J 20107 c2 ui.frmwork.F.i(JZ)V (471 bytes) @ 0x0000026a1d09d0e8 [0x0000026a1d09c6e0+0x0000000000000a08]
J 20610 c1 ui.frmwork.F.dv(J)V (15 bytes) @ 0x0000026a1538856c [0x0000026a153884e0+0x000000000000008c]
J 20609 c1 ui.frmwork.F$$Lambda$220+0x000000080172d150.run()V (12 bytes) @ 0x0000026a161fcc44 [0x0000026a161fcbc0+0x0000000000000084]
J 14035 c2 java.awt.EventQueue.dispatchEvent(Ljava/awt/AWTEvent;)V java.desktop@17.0.7 (80 bytes) @ 0x0000026a1c97e9c0 [0x0000026a1c97de40+0x0000000000000b80]
J 18129 c2 java.awt.EventDispatchThread.pumpOneEventForFilters(I)V java.desktop@17.0.7 (113 bytes) @ 0x0000026a1c5b18f0 [0x0000026a1c5b08a0+0x0000000000001050]
j  java.awt.EventDispatchThread.pumpEventsForFilter(ILjava/awt/Conditional;Ljava/awt/EventFilter;)V+35 java.desktop@17.0.7
j  java.awt.EventDispatchThread.pumpEventsForHierarchy(ILjava/awt/Conditional;Ljava/awt/Component;)V+11 java.desktop@17.0.7
j  java.awt.EventDispatchThread.pumpEvents(ILjava/awt/Conditional;)V+4 java.desktop@17.0.7
j  java.awt.EventDispatchThread.pumpEvents(Ljava/awt/Conditional;)V+3 java.desktop@17.0.7
j  java.awt.EventDispatchThread.run()V+9 java.desktop@17.0.7
v  ~StubRoutines::call_stub

siginfo: EXCEPTION_ACCESS_VIOLATION (0xc0000005), reading address 0x0000000000000010


Register to memory mapping:

RIP=0x00007fff066cd61f points into unknown readable memory: 83
RAX=0x0 is NULL
RBX=0x000000de98ffc6b8 is pointing into the stack for thread: 0x0000026a354eb910
RCX=0x0000026aa8b64af0 points into unknown readable memory: 0x0000000000000000 | 00 00 00 00 00 00 00 00
RDX=0x0 is NULL
RSP=0x000000de98ffc478 is pointing into the stack for thread: 0x0000026a354eb910
RBP=0x0000026aa8b64af0 points into unknown readable memory: 0x0000000000000000 | 00 00 00 00 00 00 00 00
RSI=0x0000026aa6f645d0 points into unknown readable memory: 0x0000000000044e44 | 44 4e 04 00 00 00 00 00
RDI=0x000000de98ffc6a0 is pointing into the stack for thread: 0x0000026a354eb910
R8 =0x0000026a01ee5b80 points into unknown readable memory: 0x0000026a01ee0cf0 | f0 0c ee 01 6a 02 00 00
R9 =0x0000000000000040 is an unknown value
R10=0x0000026a01ee0000 points into unknown readable memory: 0x0000000000000000 | 00 00 00 00 00 00 00 00
R11=0x00007fff760216d1 VCRUNTIME140.dll
R12=0x000000de98ffc518 is pointing into the stack for thread: 0x0000026a354eb910
R13=0x000000de98ffc700 is pointing into the stack for thread: 0x0000026a354eb910
R14=0x0000000000000001 is an unknown value
R15=0x0000026a7982c068 points into unknown readable memory: 0x0000026a581bd520 | 20 d5 1b 58 6a 02 00 00


Registers:
RAX=0x0000000000000000, RBX=0x000000de98ffc6b8, RCX=0x0000026aa8b64af0, RDX=0x0000000000000000
RSP=0x000000de98ffc478, RBP=0x0000026aa8b64af0, RSI=0x0000026aa6f645d0, RDI=0x000000de98ffc6a0
R8 =0x0000026a01ee5b80, R9 =0x0000000000000040, R10=0x0000026a01ee0000, R11=0x00007fff760216d1
R12=0x000000de98ffc518, R13=0x000000de98ffc700, R14=0x0000000000000001, R15=0x0000026a7982c068
RIP=0x00007fff066cd61f, EFLAGS=0x0000000000010246

Top of Stack: (sp=0x000000de98ffc478)
0x000000de98ffc478:   00007fff066ad981 000000de98ffc6b8
0x000000de98ffc488:   0000026aa8b644f0 0000026aa6f645d0
0x000000de98ffc498:   000000de98ffc780 00000000000002c6
0x000000de98ffc4a8:   000000de98ffc780 000000de98ffc740
0x000000de98ffc4b8:   0000000000044e40 0000000000000006
0x000000de98ffc4c8:   00007ffec653bf7a 000000de98ffc530
0x000000de98ffc4d8:   0000026aa8b64af0 0000026a618a4ae0
0x000000de98ffc4e8:   0000000000044e40 0000000000044e44
0x000000de98ffc4f8:   00007ffe00000006 fffffffffffffffe
0x000000de98ffc508:   0000000000044e40 0000a8d100000008
0x000000de98ffc518:   0000026aa6f645c0 0000026aa6f645e0
0x000000de98ffc528:   0000026aa6f645e0 0000026a7982c050
0x000000de98ffc538:   000000de98ffc858 000000de98ffc780
0x000000de98ffc548:   000000de98ffc740 0000000000000600
0x000000de98ffc558:   00007ffec653bd50 0000000000000040
0x000000de98ffc568:   0000000000000339 0000000000000002 

Instructions: (pc=0x00007fff066cd61f)
0x00007fff066cd51f:   c8 e9 6b ff ff ff cc cc cc cc cc cc cc cc cc cc
0x00007fff066cd52f:   cc 48 89 5c 24 10 56 48 8b 99 f8 00 00 00 33 f6
0x00007fff066cd53f:   89 b1 f0 00 00 00 48 85 db 74 78 44 8b 43 10 8b
0x00007fff066cd54f:   c6 41 83 e8 01 48 89 7c 24 10 44 8b ce 40 0f b6
0x00007fff066cd55f:   fe 78 34 4c 8b 59 20 66 66 0f 1f 84 00 00 00 00
0x00007fff066cd56f:   00 43 8d 04 08 99 2b c2 d1 f8 4c 3b 5c c3 18 7e
0x00007fff066cd57f:   06 44 8d 48 01 eb 06 7d 0b 44 8d 40 ff 45 3b c8
0x00007fff066cd58f:   7e df eb 03 40 b7 01 40 84 ff 48 8b 7c 24 10 74
0x00007fff066cd59f:   0d 89 81 f0 00 00 00 48 8b 5c 24 18 5e c3 45 3b
0x00007fff066cd5af:   c8 45 0f 4c c1 45 85 c0 44 0f 48 c6 44 89 81 f0
0x00007fff066cd5bf:   00 00 00 48 8b 5c 24 18 5e c3 cc cc cc cc cc cc
0x00007fff066cd5cf:   cc 83 79 38 ff 0f 95 c0 c3 cc cc cc cc cc cc cc
0x00007fff066cd5df:   cc 8b 51 5c 85 d2 74 43 83 ea 01 74 3b 83 ea 01
0x00007fff066cd5ef:   74 2a 83 fa 01 75 34 48 8b 49 68 80 b9 49 48 00
0x00007fff066cd5ff:   00 00 74 06 83 79 30 00 75 1e 48 8b 81 68 48 00
0x00007fff066cd60f:   00 48 39 81 60 48 00 00 0f 94 c0 c3 48 8b 41 60
0x00007fff066cd61f:   83 78 10 00 0f 94 c0 c3 32 c0 c3 b0 01 c3 cc cc
0x00007fff066cd62f:   cc 40 53 48 83 ec 20 48 8b d9 e8 42 fd ff ff 48
0x00007fff066cd63f:   8b 43 40 48 39 43 38 74 2c 48 8b c8 48 8b 43 30
0x00007fff066cd64f:   48 85 c0 7e 0e 48 8b 51 d8 48 85 d2 7e 05 48 3b
0x00007fff066cd65f:   c2 7d 2e 8b 41 f8 3b 41 e8 74 0a 48 8b 94 c1 d8
0x00007fff066cd66f:   bf ff ff eb 02 33 d2 48 8b 4b 08 4c 8d 43 50 41
0x00007fff066cd67f:   b9 20 48 00 00 48 8b 01 48 83 c4 20 5b 48 ff 60
0x00007fff066cd68f:   10 48 83 c4 20 5b c3 cc cc cc cc cc cc cc cc cc
0x00007fff066cd69f:   cc 40 57 48 83 ec 20 80 79 59 00 48 8b f9 0f 85
0x00007fff066cd6af:   86 01 00 00 8b 81 f0 00 00 00 ff c0 89 81 f0 00
0x00007fff066cd6bf:   00 00 48 8b 89 f8 00 00 00 48 85 c9 74 0d 84 d2
0x00007fff066cd6cf:   75 09 3b 41 10 0f 82 5f 01 00 00 48 89 5c 24 30
0x00007fff066cd6df:   48 89 74 24 38 48 8d b7 00 01 00 00 48 8b ce c6
0x00007fff066cd6ef:   47 59 01 48 c7 87 f8 00 00 00 00 00 00 00 c7 87
0x00007fff066cd6ff:   f0 00 00 00 00 00 00 00 e8 74 fc ff ff 48 8b 46
0x00007fff066cd70f:   40 48 39 46 38 74 46 48 8b c8 0f 1f 80 00 00 00 


Stack slot to memory mapping:
stack at sp + 0 slots: 0x00007fff066ad981 points into unknown readable memory: 84 c0 0f 84 85 00 00
stack at sp + 1 slots: 0x000000de98ffc6b8 is pointing into the stack for thread: 0x0000026a354eb910
stack at sp + 2 slots: 0x0000026aa8b644f0 points into unknown readable memory: 0x0000000000000000 | 00 00 00 00 00 00 00 00
stack at sp + 3 slots: 0x0000026aa6f645d0 points into unknown readable memory: 0x0000000000044e44 | 44 4e 04 00 00 00 00 00
stack at sp + 4 slots: 0x000000de98ffc780 is pointing into the stack for thread: 0x0000026a354eb910
stack at sp + 5 slots: 0x00000000000002c6 is an unknown value
stack at sp + 6 slots: 0x000000de98ffc780 is pointing into the stack for thread: 0x0000026a354eb910
stack at sp + 7 slots: 0x000000de98ffc740 is pointing into the stack for thread: 0x0000026a354eb910


---------------  P R O C E S S  ---------------

Threads class SMR info:
_java_thread_list=0x0000026a874be490, length=49, elements={
0x0000026a0bdf0f20, 0x0000026a0c8715b0, 0x0000026a0c871e70, 0x0000026a0c885d60,
0x0000026a0c886620, 0x0000026a0c88b700, 0x0000026a0c88d810, 0x0000026a0c892930,
0x0000026a0c895660, 0x0000026a0c897b80, 0x0000026a0ca3bca0, 0x0000026a0ca3dd90,
0x0000026a3412c480, 0x0000026a342345f0, 0x0000026a3522b760, 0x0000026a35069620,
0x0000026a354eb910, 0x0000026a0c9e92e0, 0x0000026a0c9eaaf0, 0x0000026a0c9eb490,
0x0000026a0c9e8e10, 0x0000026a34a9f570, 0x0000026a34a9e700, 0x0000026a3e697060,
0x0000026a3e6996e0, 0x0000026a37801bc0, 0x0000026a3f7822a0, 0x0000026a514be770,
0x0000026a514c5af0, 0x0000026a514c42e0, 0x0000026a514c5150, 0x0000026a514c3470,
0x0000026a514c47b0, 0x0000026a514c5fc0, 0x0000026a514c2600, 0x0000026a514c6490,
0x0000026a514c8170, 0x0000026a514c3e10, 0x0000026a514c77d0, 0x0000026a514c7ca0,
0x0000026a40a1f230, 0x0000026a3f77f750, 0x0000026a56eebd10, 0x0000026a56ef1880,
0x0000026a56eefba0, 0x0000026a56eee860, 0x0000026a56eedec0, 0x0000026a56eeaea0,
0x0000026a56eed520
}

Java Threads: ( => current thread )
  0x0000026a0bdf0f20 JavaThread "main" [_thread_blocked, id=19772, stack(0x000000de8f800000,0x000000de8f900000)]
  0x0000026a0c8715b0 JavaThread "Reference Handler" daemon [_thread_blocked, id=16308, stack(0x000000de90000000,0x000000de90a00000)]
  0x0000026a0c871e70 JavaThread "Finalizer" daemon [_thread_blocked, id=10596, stack(0x000000de90a00000,0x000000de91400000)]
  0x0000026a0c885d60 JavaThread "Signal Dispatcher" daemon [_thread_blocked, id=8916, stack(0x000000de91400000,0x000000de91e00000)]
  0x0000026a0c886620 JavaThread "Attach Listener" daemon [_thread_blocked, id=11880, stack(0x000000de91e00000,0x000000de92800000)]
  0x0000026a0c88b700 JavaThread "Service Thread" daemon [_thread_blocked, id=12496, stack(0x000000de92800000,0x000000de93200000)]
  0x0000026a0c88d810 JavaThread "Monitor Deflation Thread" daemon [_thread_blocked, id=8540, stack(0x000000de93200000,0x000000de93c00000)]
  0x0000026a0c892930 JavaThread "C2 CompilerThread0" daemon [_thread_blocked, id=12860, stack(0x000000de93c00000,0x000000de93d00000)]
  0x0000026a0c895660 JavaThread "C1 CompilerThread0" daemon [_thread_blocked, id=2916, stack(0x000000de93d00000,0x000000de93e00000)]
  0x0000026a0c897b80 JavaThread "Sweeper thread" daemon [_thread_blocked, id=8960, stack(0x000000de93e00000,0x000000de94800000)]
  0x0000026a0ca3bca0 JavaThread "Common-Cleaner" daemon [_thread_blocked, id=17160, stack(0x000000de94900000,0x000000de95300000)]
  0x0000026a0ca3dd90 JavaThread "Notification Thread" daemon [_thread_blocked, id=10748, stack(0x000000de95300000,0x000000de95d00000)]
  0x0000026a3412c480 JavaThread "Java2D Disposer" daemon [_thread_blocked, id=7936, stack(0x000000de95e00000,0x000000de96800000)]
  0x0000026a342345f0 JavaThread "AWT-Windows" daemon [_thread_in_native, id=7060, stack(0x000000de97200000,0x000000de97c00000)]
  0x0000026a3522b760 JavaThread "AWT-Shutdown" [_thread_blocked, id=20072, stack(0x000000de96800000,0x000000de97200000)]
  0x0000026a35069620 JavaThread "TimerQueue" daemon [_thread_blocked, id=16872, stack(0x000000de97c00000,0x000000de98600000)]
=>0x0000026a354eb910 JavaThread "AWT-EventQueue-0" [_thread_in_native, id=8892, stack(0x000000de98600000,0x000000de99000000)]
  0x0000026a0c9e92e0 JavaThread "Thread-1" [_thread_in_native, id=6516, stack(0x000000de8e000000,0x000000de8f400000)]
  0x0000026a0c9eaaf0 JavaThread "Process Messages Thread" [_thread_blocked, id=144, stack(0x000000de9ad00000,0x000000de9b700000)]
  0x0000026a0c9eb490 JavaThread "Batik CleanerThread" daemon [_thread_blocked, id=13048, stack(0x000000de9a300000,0x000000de9ad00000)]
  0x0000026a0c9e8e10 JavaThread "SyntheticaCleanerThread" daemon [_thread_blocked, id=13080, stack(0x000000de9c600000,0x000000de9d000000)]
  0x0000026a34a9f570 JavaThread "Timer-0" [_thread_blocked, id=7056, stack(0x000000de9da00000,0x000000de9e400000)]
  0x0000026a34a9e700 JavaThread "Monitor File Timestamp Swing Worker Thread" [_thread_blocked, id=9236, stack(0x000000de9e400000,0x000000de9ee00000)]
  0x0000026a3e697060 JavaThread "Monitor HEventQueue Thread" [_thread_blocked, id=19172, stack(0x000000de99000000,0x000000de99a00000)]
  0x0000026a3e6996e0 JavaThread "SyntheticaAnimation 50" daemon [_thread_blocked, id=17812, stack(0x000000de9ee00000,0x000000de9f800000)]
  0x0000026a37801bc0 JavaThread "SyntheticaAnimation 25" daemon [_thread_blocked, id=13720, stack(0x000000de9f800000,0x000000dea0200000)]
  0x0000026a3f7822a0 JavaThread "SyntheticaAnimation 70" daemon [_thread_blocked, id=8644, stack(0x000000dea0c00000,0x000000dea1600000)]
  0x0000026a514be770 JavaThread "Refresh Filesets Swing Worker Thread" [_thread_blocked, id=6140, stack(0x000000de9b800000,0x000000de9c200000)]
  0x0000026a514c5af0 JavaThread "hw_ila_monitor" [_thread_blocked, id=12836, stack(0x000000de9d000000,0x000000de9da00000)]
  0x0000026a514c42e0 JavaThread "Image Animator 3" daemon [_thread_blocked, id=3616, stack(0x000000dea2000000,0x000000dea2a00000)]
  0x0000026a514c5150 JavaThread "pool-2-thread-1" [_thread_blocked, id=3140, stack(0x000000dea2a00000,0x000000dea3400000)]
  0x0000026a514c3470 JavaThread "Timer-1" [_thread_blocked, id=9152, stack(0x000000dea3400000,0x000000dea3e00000)]
  0x0000026a514c47b0 JavaThread "pool-3-thread-1" [_thread_blocked, id=19464, stack(0x000000dea3e00000,0x000000dea4800000)]
  0x0000026a514c5fc0 JavaThread "Timer-2" [_thread_blocked, id=672, stack(0x000000dea4800000,0x000000dea5200000)]
  0x0000026a514c2600 JavaThread "pool-4-thread-1" [_thread_blocked, id=17480, stack(0x000000dea5200000,0x000000dea5c00000)]
  0x0000026a514c6490 JavaThread "Timer-3" [_thread_blocked, id=17980, stack(0x000000dea5c00000,0x000000dea6600000)]
  0x0000026a514c8170 JavaThread "Update Runs Swing Worker Thread" [_thread_blocked, id=4544, stack(0x000000dea7000000,0x000000dea7a00000)]
  0x0000026a514c3e10 JavaThread "SyntheticaAnimation 50" daemon [_thread_blocked, id=10260, stack(0x000000dea6600000,0x000000dea7000000)]
  0x0000026a514c77d0 JavaThread "Timer-4" [_thread_blocked, id=19060, stack(0x000000dea0200000,0x000000dea0c00000)]
  0x0000026a514c7ca0 JavaThread "Monitor File Timestamp Swing Worker Thread" [_thread_blocked, id=19988, stack(0x000000dea1600000,0x000000dea2000000)]
  0x0000026a40a1f230 JavaThread "Timer-5" [_thread_blocked, id=15600, stack(0x000000dea7a00000,0x000000dea8400000)]
  0x0000026a3f77f750 JavaThread "Monitor File Timestamp Swing Worker Thread" [_thread_blocked, id=13704, stack(0x000000dea8400000,0x000000dea8e00000)]
  0x0000026a56eebd10 JavaThread "Timer-6" [_thread_blocked, id=19784, stack(0x000000dea8e00000,0x000000dea9800000)]
  0x0000026a56ef1880 JavaThread "Timer-8" [_thread_blocked, id=6884, stack(0x000000deab600000,0x000000deac000000)]
  0x0000026a56eefba0 JavaThread "Monitor File Timestamp Swing Worker Thread" [_thread_blocked, id=10360, stack(0x000000deac000000,0x000000deaca00000)]
  0x0000026a56eee860 JavaThread "Swing-Shell" daemon [_thread_blocked, id=9964, stack(0x000000dead400000,0x000000deade00000)]
  0x0000026a56eedec0 JavaThread "Timer-11" [_thread_blocked, id=8196, stack(0x000000dea9800000,0x000000deaa200000)]
  0x0000026a56eeaea0 JavaThread "Monitor File Timestamp Swing Worker Thread" [_thread_blocked, id=8824, stack(0x000000deaac00000,0x000000deab600000)]
  0x0000026a56eed520 JavaThread "Run Simulation Thread" [_thread_blocked, id=11328, stack(0x000000deaa200000,0x000000deaac00000)]

Other Threads:
  0x0000026a049b29a0 VMThread "VM Thread" [stack: 0x000000de8ff00000,0x000000de90000000] [id=3484]
  0x0000026a03d83330 WatcherThread [stack: 0x000000de95d00000,0x000000de95e00000] [id=19500]
  0x0000026a0b1e3aa0 GCTaskThread "GC Thread#0" [stack: 0x000000de8f900000,0x000000de8fa00000] [id=5460]
  0x0000026a0b1e42b0 GCTaskThread "GC Thread#1" [stack: 0x000000de94800000,0x000000de94900000] [id=17564]
  0x0000026a0b1e3d50 GCTaskThread "GC Thread#2" [stack: 0x000000de99a00000,0x000000de99b00000] [id=2516]
  0x0000026a0b1e5580 GCTaskThread "GC Thread#3" [stack: 0x000000de99b00000,0x000000de99c00000] [id=13728]
  0x0000026a0b1e5d90 GCTaskThread "GC Thread#4" [stack: 0x000000de99c00000,0x000000de99d00000] [id=2956]
  0x0000026a0b1e6040 GCTaskThread "GC Thread#5" [stack: 0x000000de99d00000,0x000000de99e00000] [id=2692]
  0x0000026a0b1e62f0 GCTaskThread "GC Thread#6" [stack: 0x000000de99e00000,0x000000de99f00000] [id=14484]
  0x0000026a0b1e65a0 GCTaskThread "GC Thread#7" [stack: 0x000000de99f00000,0x000000de9a000000] [id=1912]
  0x0000026a0c6369a0 ConcurrentGCThread "G1 Main Marker" [stack: 0x000000de8fa00000,0x000000de8fb00000] [id=14952]
  0x0000026a0b1e6b00 ConcurrentGCThread "G1 Conc#0" [stack: 0x000000de8fb00000,0x000000de8fc00000] [id=16848]
  0x0000026a0b1e8080 ConcurrentGCThread "G1 Conc#1" [stack: 0x000000de9b700000,0x000000de9b800000] [id=11324]
  0x0000026a0b26b7a0 ConcurrentGCThread "G1 Refine#0" [stack: 0x000000de8fc00000,0x000000de8fd00000] [id=13548]
  0x0000026a0b26a940 ConcurrentGCThread "G1 Refine#1" [stack: 0x000000de9a000000,0x000000de9a100000] [id=792]
  0x0000026a53d6e5d0 ConcurrentGCThread "G1 Refine#2" [stack: 0x000000deaf400000,0x000000deaf500000] [id=19112]
  0x0000026a0b535080 ConcurrentGCThread "G1 Service" [stack: 0x000000de8fd00000,0x000000de8fe00000] [id=11396]
  0x0000026a0b1e4560 ConcurrentGCThread "StringDedupProcessor" [stack: 0x000000de8fe00000,0x000000de8ff00000] [id=13796]

Threads with active compile tasks:

VM state: not at safepoint (normal execution)

VM Mutex/Monitor currently owned by a thread: None

Heap address: 0x0000000701800000, size: 4072 MB, Compressed Oops mode: Zero based, Oop shift amount: 3

CDS archive(s) mapped at: [0x0000000800000000-0x0000000800bc0000-0x0000000800bc0000), size 12320768, SharedBaseAddress: 0x0000000800000000, ArchiveRelocationMode: 0.
Compressed class space mapped at: 0x0000000801000000-0x0000000841000000, reserved size: 1073741824
Narrow klass base: 0x0000000800000000, Narrow klass shift: 0, Narrow klass range: 0x100000000

GC Precious Log:
 CPUs: 8 total, 8 available
 Memory: 8023M
 Large Page Support: Disabled
 NUMA Support: Disabled
 Compressed Oops: Enabled (Zero based)
 Heap Region Size: 2M
 Heap Min Capacity: 512M
 Heap Initial Capacity: 512M
 Heap Max Capacity: 4072M
 Pre-touch: Disabled
 Parallel Workers: 8
 Concurrent Workers: 2
 Concurrent Refinement Workers: 8
 Periodic GC: Disabled
 String Deduplication is enabled

Heap:
 garbage-first heap   total 630784K, used 217935K [0x0000000701800000, 0x0000000800000000)
  region size 2048K, 30 young (61440K), 1 survivors (2048K)
 Metaspace       used 90044K, committed 90880K, reserved 1179648K
  class space    used 13083K, committed 13504K, reserved 1048576K

Heap Regions: E=young(eden), S=young(survivor), O=old, HS=humongous(starts), HC=humongous(continues), CS=collection set, F=free, OA=open archive, CA=closed archive, TAMS=top-at-mark-start (previous, next)
|   0|0x0000000701800000, 0x0000000701a00000, 0x0000000701a00000|100%|HS|  |TAMS 0x0000000701a00000, 0x0000000701800000| Untracked 
|   1|0x0000000701a00000, 0x0000000701bffd68, 0x0000000701c00000| 99%| O|  |TAMS 0x0000000701bffd68, 0x0000000701a00000| Untracked 
|   2|0x0000000701c00000, 0x0000000701dffff0, 0x0000000701e00000| 99%| O|  |TAMS 0x0000000701dffff0, 0x0000000701c00000| Untracked 
|   3|0x0000000701e00000, 0x0000000701fffc70, 0x0000000702000000| 99%| O|  |TAMS 0x0000000701fffc70, 0x0000000701e00000| Untracked 
|   4|0x0000000702000000, 0x00000007021ffff0, 0x0000000702200000| 99%| O|  |TAMS 0x00000007021ffff0, 0x0000000702000000| Untracked 
|   5|0x0000000702200000, 0x0000000702400000, 0x0000000702400000|100%| O|  |TAMS 0x0000000702400000, 0x0000000702200000| Untracked 
|   6|0x0000000702400000, 0x00000007025ffbc0, 0x0000000702600000| 99%| O|  |TAMS 0x00000007025ffbc0, 0x0000000702400000| Untracked 
|   7|0x0000000702600000, 0x0000000702800000, 0x0000000702800000|100%| O|  |TAMS 0x0000000702800000, 0x0000000702600000| Untracked 
|   8|0x0000000702800000, 0x00000007029ffff0, 0x0000000702a00000| 99%| O|  |TAMS 0x00000007029ffff0, 0x0000000702800000| Untracked 
|   9|0x0000000702a00000, 0x0000000702bfff78, 0x0000000702c00000| 99%| O|  |TAMS 0x0000000702bfff78, 0x0000000702a00000| Untracked 
|  10|0x0000000702c00000, 0x0000000702dffff8, 0x0000000702e00000| 99%| O|  |TAMS 0x0000000702dffff8, 0x0000000702c00000| Untracked 
|  11|0x0000000702e00000, 0x0000000703000000, 0x0000000703000000|100%| O|  |TAMS 0x0000000703000000, 0x0000000702e00000| Untracked 
|  12|0x0000000703000000, 0x00000007031ffef0, 0x0000000703200000| 99%| O|  |TAMS 0x00000007031ffef0, 0x0000000703000000| Untracked 
|  13|0x0000000703200000, 0x0000000703400000, 0x0000000703400000|100%| O|  |TAMS 0x0000000703400000, 0x0000000703200000| Untracked 
|  14|0x0000000703400000, 0x0000000703600000, 0x0000000703600000|100%| O|  |TAMS 0x0000000703600000, 0x0000000703400000| Untracked 
|  15|0x0000000703600000, 0x00000007037ffff8, 0x0000000703800000| 99%| O|  |TAMS 0x00000007037ffff8, 0x0000000703600000| Untracked 
|  16|0x0000000703800000, 0x0000000703a00000, 0x0000000703a00000|100%|HS|  |TAMS 0x0000000703a00000, 0x0000000703800000| Untracked 
|  17|0x0000000703a00000, 0x0000000703c00000, 0x0000000703c00000|100%|HC|  |TAMS 0x0000000703c00000, 0x0000000703a00000| Untracked 
|  18|0x0000000703c00000, 0x0000000703e00000, 0x0000000703e00000|100%|HC|  |TAMS 0x0000000703e00000, 0x0000000703c00000| Untracked 
|  19|0x0000000703e00000, 0x0000000704000000, 0x0000000704000000|100%|HC|  |TAMS 0x0000000704000000, 0x0000000703e00000| Untracked 
|  20|0x0000000704000000, 0x0000000704200000, 0x0000000704200000|100%|HC|  |TAMS 0x0000000704200000, 0x0000000704000000| Untracked 
|  21|0x0000000704200000, 0x0000000704400000, 0x0000000704400000|100%|HC|  |TAMS 0x0000000704400000, 0x0000000704200000| Untracked 
|  22|0x0000000704400000, 0x00000007045ffff0, 0x0000000704600000| 99%| O|  |TAMS 0x00000007045ffff0, 0x0000000704400000| Untracked 
|  23|0x0000000704600000, 0x00000007047ffff0, 0x0000000704800000| 99%| O|  |TAMS 0x00000007047ffff0, 0x0000000704600000| Untracked 
|  24|0x0000000704800000, 0x00000007049ffff8, 0x0000000704a00000| 99%| O|  |TAMS 0x0000000704800000, 0x0000000704800000| Untracked 
|  25|0x0000000704a00000, 0x0000000704c00000, 0x0000000704c00000|100%| O|  |TAMS 0x0000000704c00000, 0x0000000704a00000| Untracked 
|  26|0x0000000704c00000, 0x0000000704e00000, 0x0000000704e00000|100%| O|  |TAMS 0x0000000704e00000, 0x0000000704c00000| Untracked 
|  27|0x0000000704e00000, 0x0000000704ffffb8, 0x0000000705000000| 99%| O|  |TAMS 0x0000000704ffffb8, 0x0000000704e00000| Untracked 
|  28|0x0000000705000000, 0x00000007051ffef8, 0x0000000705200000| 99%| O|  |TAMS 0x00000007051ffef8, 0x0000000705000000| Untracked 
|  29|0x0000000705200000, 0x00000007053f6718, 0x0000000705400000| 98%| O|  |TAMS 0x00000007053f6718, 0x0000000705200000| Untracked 
|  30|0x0000000705400000, 0x00000007055ffff8, 0x0000000705600000| 99%| O|  |TAMS 0x00000007055ffff8, 0x0000000705400000| Untracked 
|  31|0x0000000705600000, 0x00000007057fee30, 0x0000000705800000| 99%| O|  |TAMS 0x00000007057fee30, 0x0000000705600000| Untracked 
|  32|0x0000000705800000, 0x00000007059ffff8, 0x0000000705a00000| 99%| O|  |TAMS 0x00000007059ffff8, 0x0000000705800000| Untracked 
|  33|0x0000000705a00000, 0x0000000705bffff0, 0x0000000705c00000| 99%| O|  |TAMS 0x0000000705bffff0, 0x0000000705a00000| Untracked 
|  34|0x0000000705c00000, 0x0000000705dffff8, 0x0000000705e00000| 99%| O|  |TAMS 0x0000000705c00000, 0x0000000705c00000| Untracked 
|  35|0x0000000705e00000, 0x0000000706000000, 0x0000000706000000|100%| O|  |TAMS 0x0000000706000000, 0x0000000705e00000| Untracked 
|  36|0x0000000706000000, 0x0000000706200000, 0x0000000706200000|100%| O|  |TAMS 0x0000000706200000, 0x0000000706000000| Untracked 
|  37|0x0000000706200000, 0x00000007063fffc8, 0x0000000706400000| 99%| O|  |TAMS 0x00000007063fffc8, 0x0000000706200000| Untracked 
|  38|0x0000000706400000, 0x00000007065e5080, 0x0000000706600000| 94%| O|  |TAMS 0x0000000706400000, 0x0000000706400000| Untracked 
|  39|0x0000000706600000, 0x0000000706800000, 0x0000000706800000|100%| O|  |TAMS 0x0000000706800000, 0x0000000706600000| Untracked 
|  40|0x0000000706800000, 0x0000000706a00000, 0x0000000706a00000|100%| O|  |TAMS 0x0000000706800000, 0x0000000706800000| Untracked 
|  41|0x0000000706a00000, 0x0000000706bfff50, 0x0000000706c00000| 99%| O|  |TAMS 0x0000000706bfff50, 0x0000000706a00000| Untracked 
|  42|0x0000000706c00000, 0x0000000706dfac88, 0x0000000706e00000| 98%| O|  |TAMS 0x0000000706dfac88, 0x0000000706c00000| Untracked 
|  43|0x0000000706e00000, 0x0000000707000000, 0x0000000707000000|100%| O|  |TAMS 0x0000000707000000, 0x0000000706e00000| Untracked 
|  44|0x0000000707000000, 0x00000007071fff40, 0x0000000707200000| 99%| O|  |TAMS 0x00000007071fff40, 0x0000000707000000| Untracked 
|  45|0x0000000707200000, 0x0000000707400000, 0x0000000707400000|100%|HS|  |TAMS 0x0000000707400000, 0x0000000707200000| Untracked 
|  46|0x0000000707400000, 0x0000000707600000, 0x0000000707600000|100%|HC|  |TAMS 0x0000000707600000, 0x0000000707400000| Untracked 
|  47|0x0000000707600000, 0x00000007077ffff0, 0x0000000707800000| 99%| O|  |TAMS 0x0000000707600000, 0x0000000707600000| Untracked 
|  48|0x0000000707800000, 0x00000007079ffff8, 0x0000000707a00000| 99%| O|  |TAMS 0x0000000707800000, 0x0000000707800000| Untracked 
|  49|0x0000000707a00000, 0x0000000707b6ee68, 0x0000000707c00000| 71%| O|  |TAMS 0x0000000707a00000, 0x0000000707a00000| Untracked 
|  50|0x0000000707c00000, 0x0000000707dffff8, 0x0000000707e00000| 99%| O|  |TAMS 0x0000000707c00000, 0x0000000707c00000| Untracked 
|  51|0x0000000707e00000, 0x0000000707fb7530, 0x0000000708000000| 85%| O|  |TAMS 0x0000000707e00000, 0x0000000707e00000| Untracked 
|  52|0x0000000708000000, 0x00000007081ffff8, 0x0000000708200000| 99%| O|  |TAMS 0x0000000708000000, 0x0000000708000000| Untracked 
|  53|0x0000000708200000, 0x00000007083e54c0, 0x0000000708400000| 94%| O|  |TAMS 0x0000000708200000, 0x0000000708200000| Untracked 
|  54|0x0000000708400000, 0x0000000708600000, 0x0000000708600000|100%| O|  |TAMS 0x0000000708600000, 0x0000000708400000| Untracked 
|  55|0x0000000708600000, 0x0000000708800000, 0x0000000708800000|100%| O|  |TAMS 0x0000000708800000, 0x0000000708600000| Untracked 
|  56|0x0000000708800000, 0x0000000708a00000, 0x0000000708a00000|100%| O|  |TAMS 0x0000000708800000, 0x0000000708800000| Untracked 
|  57|0x0000000708a00000, 0x0000000708a07cd8, 0x0000000708c00000|  1%| O|  |TAMS 0x0000000708a00000, 0x0000000708a00000| Untracked 
|  58|0x0000000708c00000, 0x0000000708ccea50, 0x0000000708e00000| 40%| O|  |TAMS 0x0000000708c00000, 0x0000000708c00000| Untracked 
|  59|0x0000000708e00000, 0x0000000709000000, 0x0000000709000000|100%|HS|  |TAMS 0x0000000709000000, 0x0000000708e00000| Untracked 
|  60|0x0000000709000000, 0x0000000709200000, 0x0000000709200000|100%|HC|  |TAMS 0x0000000709200000, 0x0000000709000000| Untracked 
|  61|0x0000000709200000, 0x0000000709400000, 0x0000000709400000|100%|HC|  |TAMS 0x0000000709400000, 0x0000000709200000| Untracked 
|  62|0x0000000709400000, 0x0000000709600000, 0x0000000709600000|100%|HC|  |TAMS 0x0000000709600000, 0x0000000709400000| Untracked 
|  63|0x0000000709600000, 0x000000070978c278, 0x0000000709800000| 77%| O|  |TAMS 0x0000000709600000, 0x0000000709600000| Untracked 
|  64|0x0000000709800000, 0x00000007099ffff0, 0x0000000709a00000| 99%| O|  |TAMS 0x0000000709800000, 0x0000000709800000| Untracked 
|  65|0x0000000709a00000, 0x0000000709a00000, 0x0000000709c00000|  0%| F|  |TAMS 0x0000000709a00000, 0x0000000709a00000| Untracked 
|  66|0x0000000709c00000, 0x0000000709e00000, 0x0000000709e00000|100%|HS|  |TAMS 0x0000000709c00000, 0x0000000709c00000| Complete 
|  67|0x0000000709e00000, 0x0000000709e00000, 0x000000070a000000|  0%| F|  |TAMS 0x0000000709e00000, 0x0000000709e00000| Untracked 
|  68|0x000000070a000000, 0x000000070a000000, 0x000000070a200000|  0%| F|  |TAMS 0x000000070a000000, 0x000000070a000000| Untracked 
|  69|0x000000070a200000, 0x000000070a3bdbb0, 0x000000070a400000| 87%| O|  |TAMS 0x000000070a200000, 0x000000070a200000| Untracked 
|  70|0x000000070a400000, 0x000000070a400000, 0x000000070a600000|  0%| F|  |TAMS 0x000000070a400000, 0x000000070a400000| Untracked 
|  71|0x000000070a600000, 0x000000070a800000, 0x000000070a800000|100%| O|  |TAMS 0x000000070a600000, 0x000000070a600000| Untracked 
|  72|0x000000070a800000, 0x000000070aa00000, 0x000000070aa00000|100%| O|  |TAMS 0x000000070a800000, 0x000000070a800000| Untracked 
|  73|0x000000070aa00000, 0x000000070ac00000, 0x000000070ac00000|100%| O|  |TAMS 0x000000070aa00000, 0x000000070aa00000| Untracked 
|  74|0x000000070ac00000, 0x000000070ae00000, 0x000000070ae00000|100%| O|  |TAMS 0x000000070ac00000, 0x000000070ac00000| Untracked 
|  75|0x000000070ae00000, 0x000000070b000000, 0x000000070b000000|100%| O|  |TAMS 0x000000070ae00000, 0x000000070ae00000| Untracked 
|  76|0x000000070b000000, 0x000000070b04b600, 0x000000070b200000| 14%| O|  |TAMS 0x000000070b000000, 0x000000070b000000| Untracked 
|  77|0x000000070b200000, 0x000000070b200000, 0x000000070b400000|  0%| F|  |TAMS 0x000000070b200000, 0x000000070b200000| Untracked 
|  78|0x000000070b400000, 0x000000070b400000, 0x000000070b600000|  0%| F|  |TAMS 0x000000070b400000, 0x000000070b400000| Untracked 
|  79|0x000000070b600000, 0x000000070b600000, 0x000000070b800000|  0%| F|  |TAMS 0x000000070b600000, 0x000000070b600000| Untracked 
|  80|0x000000070b800000, 0x000000070b800000, 0x000000070ba00000|  0%| F|  |TAMS 0x000000070b800000, 0x000000070b800000| Untracked 
|  81|0x000000070ba00000, 0x000000070ba00000, 0x000000070bc00000|  0%| F|  |TAMS 0x000000070ba00000, 0x000000070ba00000| Untracked 
|  82|0x000000070bc00000, 0x000000070bc00000, 0x000000070be00000|  0%| F|  |TAMS 0x000000070bc00000, 0x000000070bc00000| Untracked 
|  83|0x000000070be00000, 0x000000070be00000, 0x000000070c000000|  0%| F|  |TAMS 0x000000070be00000, 0x000000070be00000| Untracked 
|  84|0x000000070c000000, 0x000000070c000000, 0x000000070c200000|  0%| F|  |TAMS 0x000000070c000000, 0x000000070c000000| Untracked 
|  85|0x000000070c200000, 0x000000070c200000, 0x000000070c400000|  0%| F|  |TAMS 0x000000070c200000, 0x000000070c200000| Untracked 
|  86|0x000000070c400000, 0x000000070c400000, 0x000000070c600000|  0%| F|  |TAMS 0x000000070c400000, 0x000000070c400000| Untracked 
|  87|0x000000070c600000, 0x000000070c600000, 0x000000070c800000|  0%| F|  |TAMS 0x000000070c600000, 0x000000070c600000| Untracked 
|  88|0x000000070c800000, 0x000000070c800000, 0x000000070ca00000|  0%| F|  |TAMS 0x000000070c800000, 0x000000070c800000| Untracked 
|  89|0x000000070ca00000, 0x000000070ca00000, 0x000000070cc00000|  0%| F|  |TAMS 0x000000070ca00000, 0x000000070ca00000| Untracked 
|  90|0x000000070cc00000, 0x000000070cc00000, 0x000000070ce00000|  0%| F|  |TAMS 0x000000070cc00000, 0x000000070cc00000| Untracked 
|  91|0x000000070ce00000, 0x000000070d000000, 0x000000070d000000|100%|HS|  |TAMS 0x000000070d000000, 0x000000070ce00000| Untracked 
|  92|0x000000070d000000, 0x000000070d000000, 0x000000070d200000|  0%| F|  |TAMS 0x000000070d000000, 0x000000070d000000| Untracked 
|  93|0x000000070d200000, 0x000000070d200000, 0x000000070d400000|  0%| F|  |TAMS 0x000000070d200000, 0x000000070d200000| Untracked 
|  94|0x000000070d400000, 0x000000070d400000, 0x000000070d600000|  0%| F|  |TAMS 0x000000070d400000, 0x000000070d400000| Untracked 
|  95|0x000000070d600000, 0x000000070d600000, 0x000000070d800000|  0%| F|  |TAMS 0x000000070d600000, 0x000000070d600000| Untracked 
|  96|0x000000070d800000, 0x000000070d800000, 0x000000070da00000|  0%| F|  |TAMS 0x000000070d800000, 0x000000070d800000| Untracked 
|  97|0x000000070da00000, 0x000000070da00000, 0x000000070dc00000|  0%| F|  |TAMS 0x000000070da00000, 0x000000070da00000| Untracked 
|  98|0x000000070dc00000, 0x000000070dc00000, 0x000000070de00000|  0%| F|  |TAMS 0x000000070dc00000, 0x000000070dc00000| Untracked 
|  99|0x000000070de00000, 0x000000070e000000, 0x000000070e000000|100%|HS|  |TAMS 0x000000070e000000, 0x000000070de00000| Untracked 
| 100|0x000000070e000000, 0x000000070e200000, 0x000000070e200000|100%|HC|  |TAMS 0x000000070e200000, 0x000000070e000000| Untracked 
| 101|0x000000070e200000, 0x000000070e400000, 0x000000070e400000|100%|HC|  |TAMS 0x000000070e400000, 0x000000070e200000| Untracked 
| 102|0x000000070e400000, 0x000000070e600000, 0x000000070e600000|100%|HC|  |TAMS 0x000000070e600000, 0x000000070e400000| Untracked 
| 103|0x000000070e600000, 0x000000070e800000, 0x000000070e800000|100%|HC|  |TAMS 0x000000070e800000, 0x000000070e600000| Untracked 
| 104|0x000000070e800000, 0x000000070ea00000, 0x000000070ea00000|100%|HC|  |TAMS 0x000000070ea00000, 0x000000070e800000| Untracked 
| 105|0x000000070ea00000, 0x000000070ea00000, 0x000000070ec00000|  0%| F|  |TAMS 0x000000070ea00000, 0x000000070ea00000| Untracked 
| 106|0x000000070ec00000, 0x000000070ec00000, 0x000000070ee00000|  0%| F|  |TAMS 0x000000070ec00000, 0x000000070ec00000| Untracked 
| 107|0x000000070ee00000, 0x000000070ee00000, 0x000000070f000000|  0%| F|  |TAMS 0x000000070ee00000, 0x000000070ee00000| Untracked 
| 108|0x000000070f000000, 0x000000070f000000, 0x000000070f200000|  0%| F|  |TAMS 0x000000070f000000, 0x000000070f000000| Untracked 
| 109|0x000000070f200000, 0x000000070f200000, 0x000000070f400000|  0%| F|  |TAMS 0x000000070f200000, 0x000000070f200000| Untracked 
| 110|0x000000070f400000, 0x000000070f400000, 0x000000070f600000|  0%| F|  |TAMS 0x000000070f400000, 0x000000070f400000| Untracked 
| 111|0x000000070f600000, 0x000000070f600000, 0x000000070f800000|  0%| F|  |TAMS 0x000000070f600000, 0x000000070f600000| Untracked 
| 112|0x000000070f800000, 0x000000070f800000, 0x000000070fa00000|  0%| F|  |TAMS 0x000000070f800000, 0x000000070f800000| Untracked 
| 113|0x000000070fa00000, 0x000000070fa00000, 0x000000070fc00000|  0%| F|  |TAMS 0x000000070fa00000, 0x000000070fa00000| Untracked 
| 114|0x000000070fc00000, 0x000000070fc00000, 0x000000070fe00000|  0%| F|  |TAMS 0x000000070fc00000, 0x000000070fc00000| Untracked 
| 115|0x000000070fe00000, 0x000000070fe00000, 0x0000000710000000|  0%| F|  |TAMS 0x000000070fe00000, 0x000000070fe00000| Untracked 
| 116|0x0000000710000000, 0x0000000710000000, 0x0000000710200000|  0%| F|  |TAMS 0x0000000710000000, 0x0000000710000000| Untracked 
| 117|0x0000000710200000, 0x0000000710200000, 0x0000000710400000|  0%| F|  |TAMS 0x0000000710200000, 0x0000000710200000| Untracked 
| 118|0x0000000710400000, 0x0000000710400000, 0x0000000710600000|  0%| F|  |TAMS 0x0000000710400000, 0x0000000710400000| Untracked 
| 119|0x0000000710600000, 0x0000000710600000, 0x0000000710800000|  0%| F|  |TAMS 0x0000000710600000, 0x0000000710600000| Untracked 
| 120|0x0000000710800000, 0x0000000710800000, 0x0000000710a00000|  0%| F|  |TAMS 0x0000000710800000, 0x0000000710800000| Untracked 
| 121|0x0000000710a00000, 0x0000000710a00000, 0x0000000710c00000|  0%| F|  |TAMS 0x0000000710a00000, 0x0000000710a00000| Untracked 
| 122|0x0000000710c00000, 0x0000000710c00000, 0x0000000710e00000|  0%| F|  |TAMS 0x0000000710c00000, 0x0000000710c00000| Untracked 
| 123|0x0000000710e00000, 0x0000000710e00000, 0x0000000711000000|  0%| F|  |TAMS 0x0000000710e00000, 0x0000000710e00000| Untracked 
| 124|0x0000000711000000, 0x0000000711000000, 0x0000000711200000|  0%| F|  |TAMS 0x0000000711000000, 0x0000000711000000| Untracked 
| 125|0x0000000711200000, 0x0000000711200000, 0x0000000711400000|  0%| F|  |TAMS 0x0000000711200000, 0x0000000711200000| Untracked 
| 126|0x0000000711400000, 0x0000000711400000, 0x0000000711600000|  0%| F|  |TAMS 0x0000000711400000, 0x0000000711400000| Untracked 
| 127|0x0000000711600000, 0x0000000711600000, 0x0000000711800000|  0%| F|  |TAMS 0x0000000711600000, 0x0000000711600000| Untracked 
| 128|0x0000000711800000, 0x0000000711800000, 0x0000000711a00000|  0%| F|  |TAMS 0x0000000711800000, 0x0000000711800000| Untracked 
| 129|0x0000000711a00000, 0x0000000711a00000, 0x0000000711c00000|  0%| F|  |TAMS 0x0000000711a00000, 0x0000000711a00000| Untracked 
| 130|0x0000000711c00000, 0x0000000711c00000, 0x0000000711e00000|  0%| F|  |TAMS 0x0000000711c00000, 0x0000000711c00000| Untracked 
| 131|0x0000000711e00000, 0x0000000711e00000, 0x0000000712000000|  0%| F|  |TAMS 0x0000000711e00000, 0x0000000711e00000| Untracked 
| 132|0x0000000712000000, 0x0000000712000000, 0x0000000712200000|  0%| F|  |TAMS 0x0000000712000000, 0x0000000712000000| Untracked 
| 133|0x0000000712200000, 0x0000000712200000, 0x0000000712400000|  0%| F|  |TAMS 0x0000000712200000, 0x0000000712200000| Untracked 
| 134|0x0000000712400000, 0x0000000712400000, 0x0000000712600000|  0%| F|  |TAMS 0x0000000712400000, 0x0000000712400000| Untracked 
| 135|0x0000000712600000, 0x0000000712600000, 0x0000000712800000|  0%| F|  |TAMS 0x0000000712600000, 0x0000000712600000| Untracked 
| 136|0x0000000712800000, 0x0000000712800000, 0x0000000712a00000|  0%| F|  |TAMS 0x0000000712800000, 0x0000000712800000| Untracked 
| 137|0x0000000712a00000, 0x0000000712a00000, 0x0000000712c00000|  0%| F|  |TAMS 0x0000000712a00000, 0x0000000712a00000| Untracked 
| 138|0x0000000712c00000, 0x0000000712c00000, 0x0000000712e00000|  0%| F|  |TAMS 0x0000000712c00000, 0x0000000712c00000| Untracked 
| 139|0x0000000712e00000, 0x0000000712e00000, 0x0000000713000000|  0%| F|  |TAMS 0x0000000712e00000, 0x0000000712e00000| Untracked 
| 140|0x0000000713000000, 0x0000000713000000, 0x0000000713200000|  0%| F|  |TAMS 0x0000000713000000, 0x0000000713000000| Untracked 
| 141|0x0000000713200000, 0x0000000713200000, 0x0000000713400000|  0%| F|  |TAMS 0x0000000713200000, 0x0000000713200000| Untracked 
| 142|0x0000000713400000, 0x0000000713400000, 0x0000000713600000|  0%| F|  |TAMS 0x0000000713400000, 0x0000000713400000| Untracked 
| 143|0x0000000713600000, 0x0000000713600000, 0x0000000713800000|  0%| F|  |TAMS 0x0000000713600000, 0x0000000713600000| Untracked 
| 144|0x0000000713800000, 0x0000000713800000, 0x0000000713a00000|  0%| F|  |TAMS 0x0000000713800000, 0x0000000713800000| Untracked 
| 145|0x0000000713a00000, 0x0000000713a00000, 0x0000000713c00000|  0%| F|  |TAMS 0x0000000713a00000, 0x0000000713a00000| Untracked 
| 146|0x0000000713c00000, 0x0000000713c00000, 0x0000000713e00000|  0%| F|  |TAMS 0x0000000713c00000, 0x0000000713c00000| Untracked 
| 147|0x0000000713e00000, 0x0000000713e00000, 0x0000000714000000|  0%| F|  |TAMS 0x0000000713e00000, 0x0000000713e00000| Untracked 
| 148|0x0000000714000000, 0x0000000714000000, 0x0000000714200000|  0%| F|  |TAMS 0x0000000714000000, 0x0000000714000000| Untracked 
| 149|0x0000000714200000, 0x0000000714200000, 0x0000000714400000|  0%| F|  |TAMS 0x0000000714200000, 0x0000000714200000| Untracked 
| 150|0x0000000714400000, 0x0000000714400000, 0x0000000714600000|  0%| F|  |TAMS 0x0000000714400000, 0x0000000714400000| Untracked 
| 151|0x0000000714600000, 0x0000000714600000, 0x0000000714800000|  0%| F|  |TAMS 0x0000000714600000, 0x0000000714600000| Untracked 
| 152|0x0000000714800000, 0x0000000714800000, 0x0000000714a00000|  0%| F|  |TAMS 0x0000000714800000, 0x0000000714800000| Untracked 
| 153|0x0000000714a00000, 0x0000000714a00000, 0x0000000714c00000|  0%| F|  |TAMS 0x0000000714a00000, 0x0000000714a00000| Untracked 
| 154|0x0000000714c00000, 0x0000000714c00000, 0x0000000714e00000|  0%| F|  |TAMS 0x0000000714c00000, 0x0000000714c00000| Untracked 
| 155|0x0000000714e00000, 0x0000000714e00000, 0x0000000715000000|  0%| F|  |TAMS 0x0000000714e00000, 0x0000000714e00000| Untracked 
| 156|0x0000000715000000, 0x0000000715000000, 0x0000000715200000|  0%| F|  |TAMS 0x0000000715000000, 0x0000000715000000| Untracked 
| 157|0x0000000715200000, 0x0000000715200000, 0x0000000715400000|  0%| F|  |TAMS 0x0000000715200000, 0x0000000715200000| Untracked 
| 158|0x0000000715400000, 0x0000000715400000, 0x0000000715600000|  0%| F|  |TAMS 0x0000000715400000, 0x0000000715400000| Untracked 
| 159|0x0000000715600000, 0x0000000715600000, 0x0000000715800000|  0%| F|  |TAMS 0x0000000715600000, 0x0000000715600000| Untracked 
| 160|0x0000000715800000, 0x0000000715800000, 0x0000000715a00000|  0%| F|  |TAMS 0x0000000715800000, 0x0000000715800000| Untracked 
| 161|0x0000000715a00000, 0x0000000715a00000, 0x0000000715c00000|  0%| F|  |TAMS 0x0000000715a00000, 0x0000000715a00000| Untracked 
| 162|0x0000000715c00000, 0x0000000715c00000, 0x0000000715e00000|  0%| F|  |TAMS 0x0000000715c00000, 0x0000000715c00000| Untracked 
| 163|0x0000000715e00000, 0x0000000715e00000, 0x0000000716000000|  0%| F|  |TAMS 0x0000000715e00000, 0x0000000715e00000| Untracked 
| 164|0x0000000716000000, 0x0000000716000000, 0x0000000716200000|  0%| F|  |TAMS 0x0000000716000000, 0x0000000716000000| Untracked 
| 165|0x0000000716200000, 0x0000000716200000, 0x0000000716400000|  0%| F|  |TAMS 0x0000000716200000, 0x0000000716200000| Untracked 
| 166|0x0000000716400000, 0x0000000716400000, 0x0000000716600000|  0%| F|  |TAMS 0x0000000716400000, 0x0000000716400000| Untracked 
| 167|0x0000000716600000, 0x0000000716600000, 0x0000000716800000|  0%| F|  |TAMS 0x0000000716600000, 0x0000000716600000| Untracked 
| 168|0x0000000716800000, 0x0000000716800000, 0x0000000716a00000|  0%| F|  |TAMS 0x0000000716800000, 0x0000000716800000| Untracked 
| 169|0x0000000716a00000, 0x0000000716a00000, 0x0000000716c00000|  0%| F|  |TAMS 0x0000000716a00000, 0x0000000716a00000| Untracked 
| 170|0x0000000716c00000, 0x0000000716c00000, 0x0000000716e00000|  0%| F|  |TAMS 0x0000000716c00000, 0x0000000716c00000| Untracked 
| 171|0x0000000716e00000, 0x0000000716e00000, 0x0000000717000000|  0%| F|  |TAMS 0x0000000716e00000, 0x0000000716e00000| Untracked 
| 172|0x0000000717000000, 0x0000000717000000, 0x0000000717200000|  0%| F|  |TAMS 0x0000000717000000, 0x0000000717000000| Untracked 
| 173|0x0000000717200000, 0x0000000717200000, 0x0000000717400000|  0%| F|  |TAMS 0x0000000717200000, 0x0000000717200000| Untracked 
| 174|0x0000000717400000, 0x0000000717400000, 0x0000000717600000|  0%| F|  |TAMS 0x0000000717400000, 0x0000000717400000| Untracked 
| 175|0x0000000717600000, 0x0000000717600000, 0x0000000717800000|  0%| F|  |TAMS 0x0000000717600000, 0x0000000717600000| Untracked 
| 176|0x0000000717800000, 0x0000000717800000, 0x0000000717a00000|  0%| F|  |TAMS 0x0000000717800000, 0x0000000717800000| Untracked 
| 177|0x0000000717a00000, 0x0000000717a00000, 0x0000000717c00000|  0%| F|  |TAMS 0x0000000717a00000, 0x0000000717a00000| Untracked 
| 178|0x0000000717c00000, 0x0000000717c00000, 0x0000000717e00000|  0%| F|  |TAMS 0x0000000717c00000, 0x0000000717c00000| Untracked 
| 179|0x0000000717e00000, 0x0000000717e00000, 0x0000000718000000|  0%| F|  |TAMS 0x0000000717e00000, 0x0000000717e00000| Untracked 
| 180|0x0000000718000000, 0x0000000718000000, 0x0000000718200000|  0%| F|  |TAMS 0x0000000718000000, 0x0000000718000000| Untracked 
| 181|0x0000000718200000, 0x0000000718200000, 0x0000000718400000|  0%| F|  |TAMS 0x0000000718200000, 0x0000000718200000| Untracked 
| 182|0x0000000718400000, 0x0000000718400000, 0x0000000718600000|  0%| F|  |TAMS 0x0000000718400000, 0x0000000718400000| Untracked 
| 183|0x0000000718600000, 0x0000000718600000, 0x0000000718800000|  0%| F|  |TAMS 0x0000000718600000, 0x0000000718600000| Untracked 
| 184|0x0000000718800000, 0x0000000718800000, 0x0000000718a00000|  0%| F|  |TAMS 0x0000000718800000, 0x0000000718800000| Untracked 
| 185|0x0000000718a00000, 0x0000000718a00000, 0x0000000718c00000|  0%| F|  |TAMS 0x0000000718a00000, 0x0000000718a00000| Untracked 
| 186|0x0000000718c00000, 0x0000000718c00000, 0x0000000718e00000|  0%| F|  |TAMS 0x0000000718c00000, 0x0000000718c00000| Untracked 
| 187|0x0000000718e00000, 0x0000000718e00000, 0x0000000719000000|  0%| F|  |TAMS 0x0000000718e00000, 0x0000000718e00000| Untracked 
| 188|0x0000000719000000, 0x0000000719000000, 0x0000000719200000|  0%| F|  |TAMS 0x0000000719000000, 0x0000000719000000| Untracked 
| 189|0x0000000719200000, 0x0000000719200000, 0x0000000719400000|  0%| F|  |TAMS 0x0000000719200000, 0x0000000719200000| Untracked 
| 190|0x0000000719400000, 0x0000000719400000, 0x0000000719600000|  0%| F|  |TAMS 0x0000000719400000, 0x0000000719400000| Untracked 
| 191|0x0000000719600000, 0x0000000719600000, 0x0000000719800000|  0%| F|  |TAMS 0x0000000719600000, 0x0000000719600000| Untracked 
| 192|0x0000000719800000, 0x0000000719800000, 0x0000000719a00000|  0%| F|  |TAMS 0x0000000719800000, 0x0000000719800000| Untracked 
| 193|0x0000000719a00000, 0x0000000719a00000, 0x0000000719c00000|  0%| F|  |TAMS 0x0000000719a00000, 0x0000000719a00000| Untracked 
| 194|0x0000000719c00000, 0x0000000719c00000, 0x0000000719e00000|  0%| F|  |TAMS 0x0000000719c00000, 0x0000000719c00000| Untracked 
| 195|0x0000000719e00000, 0x0000000719e00000, 0x000000071a000000|  0%| F|  |TAMS 0x0000000719e00000, 0x0000000719e00000| Untracked 
| 196|0x000000071a000000, 0x000000071a000000, 0x000000071a200000|  0%| F|  |TAMS 0x000000071a000000, 0x000000071a000000| Untracked 
| 197|0x000000071a200000, 0x000000071a200000, 0x000000071a400000|  0%| F|  |TAMS 0x000000071a200000, 0x000000071a200000| Untracked 
| 198|0x000000071a400000, 0x000000071a400000, 0x000000071a600000|  0%| F|  |TAMS 0x000000071a400000, 0x000000071a400000| Untracked 
| 199|0x000000071a600000, 0x000000071a600000, 0x000000071a800000|  0%| F|  |TAMS 0x000000071a600000, 0x000000071a600000| Untracked 
| 200|0x000000071a800000, 0x000000071a800000, 0x000000071aa00000|  0%| F|  |TAMS 0x000000071a800000, 0x000000071a800000| Untracked 
| 201|0x000000071aa00000, 0x000000071aa00000, 0x000000071ac00000|  0%| F|  |TAMS 0x000000071aa00000, 0x000000071aa00000| Untracked 
| 202|0x000000071ac00000, 0x000000071ac00000, 0x000000071ae00000|  0%| F|  |TAMS 0x000000071ac00000, 0x000000071ac00000| Untracked 
| 203|0x000000071ae00000, 0x000000071ae00000, 0x000000071b000000|  0%| F|  |TAMS 0x000000071ae00000, 0x000000071ae00000| Untracked 
| 204|0x000000071b000000, 0x000000071b000000, 0x000000071b200000|  0%| F|  |TAMS 0x000000071b000000, 0x000000071b000000| Untracked 
| 205|0x000000071b200000, 0x000000071b200000, 0x000000071b400000|  0%| F|  |TAMS 0x000000071b200000, 0x000000071b200000| Untracked 
| 206|0x000000071b400000, 0x000000071b400000, 0x000000071b600000|  0%| F|  |TAMS 0x000000071b400000, 0x000000071b400000| Untracked 
| 207|0x000000071b600000, 0x000000071b600000, 0x000000071b800000|  0%| F|  |TAMS 0x000000071b600000, 0x000000071b600000| Untracked 
| 208|0x000000071b800000, 0x000000071b800000, 0x000000071ba00000|  0%| F|  |TAMS 0x000000071b800000, 0x000000071b800000| Untracked 
| 209|0x000000071ba00000, 0x000000071ba00000, 0x000000071bc00000|  0%| F|  |TAMS 0x000000071ba00000, 0x000000071ba00000| Untracked 
| 210|0x000000071bc00000, 0x000000071bc00000, 0x000000071be00000|  0%| F|  |TAMS 0x000000071bc00000, 0x000000071bc00000| Untracked 
| 211|0x000000071be00000, 0x000000071be00000, 0x000000071c000000|  0%| F|  |TAMS 0x000000071be00000, 0x000000071be00000| Untracked 
| 212|0x000000071c000000, 0x000000071c000000, 0x000000071c200000|  0%| F|  |TAMS 0x000000071c000000, 0x000000071c000000| Untracked 
| 213|0x000000071c200000, 0x000000071c200000, 0x000000071c400000|  0%| F|  |TAMS 0x000000071c200000, 0x000000071c200000| Untracked 
| 214|0x000000071c400000, 0x000000071c400000, 0x000000071c600000|  0%| F|  |TAMS 0x000000071c400000, 0x000000071c400000| Untracked 
| 215|0x000000071c600000, 0x000000071c600000, 0x000000071c800000|  0%| F|  |TAMS 0x000000071c600000, 0x000000071c600000| Untracked 
| 216|0x000000071c800000, 0x000000071c800000, 0x000000071ca00000|  0%| F|  |TAMS 0x000000071c800000, 0x000000071c800000| Untracked 
| 217|0x000000071ca00000, 0x000000071cc00000, 0x000000071cc00000|100%| O|  |TAMS 0x000000071cc00000, 0x000000071ca00000| Untracked 
| 218|0x000000071cc00000, 0x000000071cc00000, 0x000000071ce00000|  0%| F|  |TAMS 0x000000071cc00000, 0x000000071cc00000| Untracked 
| 219|0x000000071ce00000, 0x000000071ce00000, 0x000000071d000000|  0%| F|  |TAMS 0x000000071ce00000, 0x000000071ce00000| Untracked 
| 220|0x000000071d000000, 0x000000071d000000, 0x000000071d200000|  0%| F|  |TAMS 0x000000071d000000, 0x000000071d000000| Untracked 
| 221|0x000000071d200000, 0x000000071d200000, 0x000000071d400000|  0%| F|  |TAMS 0x000000071d200000, 0x000000071d200000| Untracked 
| 222|0x000000071d400000, 0x000000071d400000, 0x000000071d600000|  0%| F|  |TAMS 0x000000071d400000, 0x000000071d400000| Untracked 
| 223|0x000000071d600000, 0x000000071d600000, 0x000000071d800000|  0%| F|  |TAMS 0x000000071d600000, 0x000000071d600000| Untracked 
| 224|0x000000071d800000, 0x000000071d800000, 0x000000071da00000|  0%| F|  |TAMS 0x000000071d800000, 0x000000071d800000| Untracked 
| 225|0x000000071da00000, 0x000000071da00000, 0x000000071dc00000|  0%| F|  |TAMS 0x000000071da00000, 0x000000071da00000| Untracked 
| 226|0x000000071dc00000, 0x000000071dc00000, 0x000000071de00000|  0%| F|  |TAMS 0x000000071dc00000, 0x000000071dc00000| Untracked 
| 227|0x000000071de00000, 0x000000071de00000, 0x000000071e000000|  0%| F|  |TAMS 0x000000071de00000, 0x000000071de00000| Untracked 
| 228|0x000000071e000000, 0x000000071e000000, 0x000000071e200000|  0%| F|  |TAMS 0x000000071e000000, 0x000000071e000000| Untracked 
| 229|0x000000071e200000, 0x000000071e200000, 0x000000071e400000|  0%| F|  |TAMS 0x000000071e200000, 0x000000071e200000| Untracked 
| 230|0x000000071e400000, 0x000000071e400000, 0x000000071e600000|  0%| F|  |TAMS 0x000000071e400000, 0x000000071e400000| Untracked 
| 231|0x000000071e600000, 0x000000071e600000, 0x000000071e800000|  0%| F|  |TAMS 0x000000071e600000, 0x000000071e600000| Untracked 
| 232|0x000000071e800000, 0x000000071e800000, 0x000000071ea00000|  0%| F|  |TAMS 0x000000071e800000, 0x000000071e800000| Untracked 
| 233|0x000000071ea00000, 0x000000071ea00000, 0x000000071ec00000|  0%| F|  |TAMS 0x000000071ea00000, 0x000000071ea00000| Untracked 
| 234|0x000000071ec00000, 0x000000071ec00000, 0x000000071ee00000|  0%| F|  |TAMS 0x000000071ec00000, 0x000000071ec00000| Untracked 
| 235|0x000000071ee00000, 0x000000071ee00000, 0x000000071f000000|  0%| F|  |TAMS 0x000000071ee00000, 0x000000071ee00000| Untracked 
| 236|0x000000071f000000, 0x000000071f000000, 0x000000071f200000|  0%| F|  |TAMS 0x000000071f000000, 0x000000071f000000| Untracked 
| 237|0x000000071f200000, 0x000000071f200000, 0x000000071f400000|  0%| F|  |TAMS 0x000000071f200000, 0x000000071f200000| Untracked 
| 238|0x000000071f400000, 0x000000071f400000, 0x000000071f600000|  0%| F|  |TAMS 0x000000071f400000, 0x000000071f400000| Untracked 
| 239|0x000000071f600000, 0x000000071f600000, 0x000000071f800000|  0%| F|  |TAMS 0x000000071f600000, 0x000000071f600000| Untracked 
| 240|0x000000071f800000, 0x000000071f800000, 0x000000071fa00000|  0%| F|  |TAMS 0x000000071f800000, 0x000000071f800000| Untracked 
| 241|0x000000071fa00000, 0x000000071fa00000, 0x000000071fc00000|  0%| F|  |TAMS 0x000000071fa00000, 0x000000071fa00000| Untracked 
| 242|0x000000071fc00000, 0x000000071fc00000, 0x000000071fe00000|  0%| F|  |TAMS 0x000000071fc00000, 0x000000071fc00000| Untracked 
| 243|0x000000071fe00000, 0x000000071fe00000, 0x0000000720000000|  0%| F|  |TAMS 0x000000071fe00000, 0x000000071fe00000| Untracked 
| 244|0x0000000720000000, 0x0000000720000000, 0x0000000720200000|  0%| F|  |TAMS 0x0000000720000000, 0x0000000720000000| Untracked 
| 245|0x0000000720200000, 0x0000000720200000, 0x0000000720400000|  0%| F|  |TAMS 0x0000000720200000, 0x0000000720200000| Untracked 
| 246|0x0000000720400000, 0x0000000720400000, 0x0000000720600000|  0%| F|  |TAMS 0x0000000720400000, 0x0000000720400000| Untracked 
| 247|0x0000000720600000, 0x0000000720600000, 0x0000000720800000|  0%| F|  |TAMS 0x0000000720600000, 0x0000000720600000| Untracked 
| 248|0x0000000720800000, 0x0000000720800000, 0x0000000720a00000|  0%| F|  |TAMS 0x0000000720800000, 0x0000000720800000| Untracked 
| 249|0x0000000720a00000, 0x0000000720a00000, 0x0000000720c00000|  0%| F|  |TAMS 0x0000000720a00000, 0x0000000720a00000| Untracked 
| 250|0x0000000720c00000, 0x0000000720c00000, 0x0000000720e00000|  0%| F|  |TAMS 0x0000000720c00000, 0x0000000720c00000| Untracked 
| 251|0x0000000720e00000, 0x0000000720e00000, 0x0000000721000000|  0%| F|  |TAMS 0x0000000720e00000, 0x0000000720e00000| Untracked 
| 252|0x0000000721000000, 0x0000000721000000, 0x0000000721200000|  0%| F|  |TAMS 0x0000000721000000, 0x0000000721000000| Untracked 
| 253|0x0000000721200000, 0x0000000721200000, 0x0000000721400000|  0%| F|  |TAMS 0x0000000721200000, 0x0000000721200000| Untracked 
| 254|0x0000000721400000, 0x0000000721400000, 0x0000000721600000|  0%| F|  |TAMS 0x0000000721400000, 0x0000000721400000| Untracked 
| 255|0x0000000721600000, 0x0000000721600000, 0x0000000721800000|  0%| F|  |TAMS 0x0000000721600000, 0x0000000721600000| Untracked 
| 256|0x0000000721800000, 0x0000000721800000, 0x0000000721a00000|  0%| F|  |TAMS 0x0000000721800000, 0x0000000721800000| Untracked 
| 257|0x0000000721a00000, 0x0000000721a00000, 0x0000000721c00000|  0%| F|  |TAMS 0x0000000721a00000, 0x0000000721a00000| Untracked 
| 258|0x0000000721c00000, 0x0000000721c00000, 0x0000000721e00000|  0%| F|  |TAMS 0x0000000721c00000, 0x0000000721c00000| Untracked 
| 259|0x0000000721e00000, 0x0000000721e00000, 0x0000000722000000|  0%| F|  |TAMS 0x0000000721e00000, 0x0000000721e00000| Untracked 
| 260|0x0000000722000000, 0x0000000722000000, 0x0000000722200000|  0%| F|  |TAMS 0x0000000722000000, 0x0000000722000000| Untracked 
| 261|0x0000000722200000, 0x0000000722200000, 0x0000000722400000|  0%| F|  |TAMS 0x0000000722200000, 0x0000000722200000| Untracked 
| 262|0x0000000722400000, 0x0000000722400000, 0x0000000722600000|  0%| F|  |TAMS 0x0000000722400000, 0x0000000722400000| Untracked 
| 263|0x0000000722600000, 0x0000000722600000, 0x0000000722800000|  0%| F|  |TAMS 0x0000000722600000, 0x0000000722600000| Untracked 
| 264|0x0000000722800000, 0x0000000722800000, 0x0000000722a00000|  0%| F|  |TAMS 0x0000000722800000, 0x0000000722800000| Untracked 
| 265|0x0000000722a00000, 0x0000000722a00000, 0x0000000722c00000|  0%| F|  |TAMS 0x0000000722a00000, 0x0000000722a00000| Untracked 
| 266|0x0000000722c00000, 0x0000000722c00000, 0x0000000722e00000|  0%| F|  |TAMS 0x0000000722c00000, 0x0000000722c00000| Untracked 
| 267|0x0000000722e00000, 0x0000000722e00000, 0x0000000723000000|  0%| F|  |TAMS 0x0000000722e00000, 0x0000000722e00000| Untracked 
| 268|0x0000000723000000, 0x0000000723000000, 0x0000000723200000|  0%| F|  |TAMS 0x0000000723000000, 0x0000000723000000| Untracked 
| 269|0x0000000723200000, 0x0000000723388760, 0x0000000723400000| 76%| S|CS|TAMS 0x0000000723200000, 0x0000000723200000| Complete 
| 270|0x0000000723400000, 0x0000000723400000, 0x0000000723600000|  0%| F|  |TAMS 0x0000000723400000, 0x0000000723400000| Untracked 
| 271|0x0000000723600000, 0x0000000723600000, 0x0000000723800000|  0%| F|  |TAMS 0x0000000723600000, 0x0000000723600000| Untracked 
| 272|0x0000000723800000, 0x0000000723800000, 0x0000000723a00000|  0%| F|  |TAMS 0x0000000723800000, 0x0000000723800000| Untracked 
| 273|0x0000000723a00000, 0x0000000723a00000, 0x0000000723c00000|  0%| F|  |TAMS 0x0000000723a00000, 0x0000000723a00000| Untracked 
| 274|0x0000000723c00000, 0x0000000723c00000, 0x0000000723e00000|  0%| F|  |TAMS 0x0000000723c00000, 0x0000000723c00000| Untracked 
| 275|0x0000000723e00000, 0x0000000723e00000, 0x0000000724000000|  0%| F|  |TAMS 0x0000000723e00000, 0x0000000723e00000| Untracked 
| 276|0x0000000724000000, 0x0000000724000000, 0x0000000724200000|  0%| F|  |TAMS 0x0000000724000000, 0x0000000724000000| Untracked 
| 277|0x0000000724200000, 0x0000000724200000, 0x0000000724400000|  0%| F|  |TAMS 0x0000000724200000, 0x0000000724200000| Untracked 
| 278|0x0000000724400000, 0x0000000724400000, 0x0000000724600000|  0%| F|  |TAMS 0x0000000724400000, 0x0000000724400000| Untracked 
| 279|0x0000000724600000, 0x0000000724721768, 0x0000000724800000| 56%| E|  |TAMS 0x0000000724600000, 0x0000000724600000| Complete 
| 280|0x0000000724800000, 0x0000000724a00000, 0x0000000724a00000|100%| E|CS|TAMS 0x0000000724800000, 0x0000000724800000| Complete 
| 281|0x0000000724a00000, 0x0000000724c00000, 0x0000000724c00000|100%| E|CS|TAMS 0x0000000724a00000, 0x0000000724a00000| Complete 
| 282|0x0000000724c00000, 0x0000000724e00000, 0x0000000724e00000|100%| E|CS|TAMS 0x0000000724c00000, 0x0000000724c00000| Complete 
| 283|0x0000000724e00000, 0x0000000725000000, 0x0000000725000000|100%| E|CS|TAMS 0x0000000724e00000, 0x0000000724e00000| Complete 
| 284|0x0000000725000000, 0x0000000725200000, 0x0000000725200000|100%| E|CS|TAMS 0x0000000725000000, 0x0000000725000000| Complete 
| 285|0x0000000725200000, 0x0000000725400000, 0x0000000725400000|100%| E|CS|TAMS 0x0000000725200000, 0x0000000725200000| Complete 
| 286|0x0000000725400000, 0x0000000725600000, 0x0000000725600000|100%| E|CS|TAMS 0x0000000725400000, 0x0000000725400000| Complete 
| 287|0x0000000725600000, 0x0000000725800000, 0x0000000725800000|100%| E|CS|TAMS 0x0000000725600000, 0x0000000725600000| Complete 
| 288|0x0000000725800000, 0x0000000725a00000, 0x0000000725a00000|100%| E|CS|TAMS 0x0000000725800000, 0x0000000725800000| Complete 
| 289|0x0000000725a00000, 0x0000000725c00000, 0x0000000725c00000|100%| E|CS|TAMS 0x0000000725a00000, 0x0000000725a00000| Complete 
| 290|0x0000000725c00000, 0x0000000725e00000, 0x0000000725e00000|100%| E|CS|TAMS 0x0000000725c00000, 0x0000000725c00000| Complete 
| 291|0x0000000725e00000, 0x0000000726000000, 0x0000000726000000|100%| E|CS|TAMS 0x0000000725e00000, 0x0000000725e00000| Complete 
| 292|0x0000000726000000, 0x0000000726200000, 0x0000000726200000|100%| E|CS|TAMS 0x0000000726000000, 0x0000000726000000| Complete 
| 293|0x0000000726200000, 0x0000000726400000, 0x0000000726400000|100%| E|CS|TAMS 0x0000000726200000, 0x0000000726200000| Complete 
| 294|0x0000000726400000, 0x0000000726600000, 0x0000000726600000|100%| E|CS|TAMS 0x0000000726400000, 0x0000000726400000| Complete 
| 295|0x0000000726600000, 0x0000000726800000, 0x0000000726800000|100%| E|CS|TAMS 0x0000000726600000, 0x0000000726600000| Complete 
| 296|0x0000000726800000, 0x0000000726a00000, 0x0000000726a00000|100%| E|CS|TAMS 0x0000000726800000, 0x0000000726800000| Complete 
| 297|0x0000000726a00000, 0x0000000726c00000, 0x0000000726c00000|100%| E|CS|TAMS 0x0000000726a00000, 0x0000000726a00000| Complete 
| 298|0x0000000726c00000, 0x0000000726e00000, 0x0000000726e00000|100%| E|CS|TAMS 0x0000000726c00000, 0x0000000726c00000| Complete 
| 299|0x0000000726e00000, 0x0000000727000000, 0x0000000727000000|100%| E|CS|TAMS 0x0000000726e00000, 0x0000000726e00000| Complete 
| 300|0x0000000727000000, 0x0000000727200000, 0x0000000727200000|100%| E|CS|TAMS 0x0000000727000000, 0x0000000727000000| Complete 
| 301|0x0000000727200000, 0x0000000727400000, 0x0000000727400000|100%| E|CS|TAMS 0x0000000727200000, 0x0000000727200000| Complete 
| 302|0x0000000727400000, 0x0000000727600000, 0x0000000727600000|100%| E|CS|TAMS 0x0000000727400000, 0x0000000727400000| Complete 
| 303|0x0000000727600000, 0x0000000727800000, 0x0000000727800000|100%| E|CS|TAMS 0x0000000727600000, 0x0000000727600000| Complete 
| 304|0x0000000727800000, 0x0000000727a00000, 0x0000000727a00000|100%| E|CS|TAMS 0x0000000727800000, 0x0000000727800000| Complete 
| 305|0x0000000727a00000, 0x0000000727c00000, 0x0000000727c00000|100%| E|CS|TAMS 0x0000000727a00000, 0x0000000727a00000| Complete 
| 306|0x0000000727c00000, 0x0000000727e00000, 0x0000000727e00000|100%| E|CS|TAMS 0x0000000727c00000, 0x0000000727c00000| Complete 
| 307|0x0000000727e00000, 0x0000000728000000, 0x0000000728000000|100%| E|CS|TAMS 0x0000000727e00000, 0x0000000727e00000| Complete 

Card table byte_map: [0x0000026a23ca0000,0x0000026a244a0000] _byte_map_base: 0x0000026a20494000

Marking Bits (Prev, Next): (CMBitMap*) 0x0000026a09403960, (CMBitMap*) 0x0000026a094039a0
 Prev Bits: [0x0000026a24ca0000, 0x0000026a28c40000)
 Next Bits: [0x0000026a28c40000, 0x0000026a2cbe0000)

Polling page: 0x0000026a03920000

Metaspace:

Usage:
  Non-class:     75.16 MB used.
      Class:     12.78 MB used.
       Both:     87.93 MB used.

Virtual space:
  Non-class space:      128.00 MB reserved,      75.56 MB ( 59%) committed,  2 nodes.
      Class space:        1.00 GB reserved,      13.19 MB (  1%) committed,  1 nodes.
             Both:        1.12 GB reserved,      88.75 MB (  8%) committed. 

Chunk freelists:
   Non-Class:  4.09 MB
       Class:  2.77 MB
        Both:  6.87 MB

MaxMetaspaceSize: unlimited
CompressedClassSpaceSize: 1.00 GB
Initial GC threshold: 21.00 MB
Current GC threshold: 147.81 MB
CDS: on
MetaspaceReclaimPolicy: balanced
 - commit_granule_bytes: 65536.
 - commit_granule_words: 8192.
 - virtual_space_node_default_size: 8388608.
 - enlarge_chunks_in_place: 1.
 - new_chunks_are_fully_committed: 0.
 - uncommit_free_chunks: 1.
 - use_allocation_guard: 0.
 - handle_deallocations: 1.


Internal statistics:

num_allocs_failed_limit: 6.
num_arena_births: 1350.
num_arena_deaths: 0.
num_vsnodes_births: 3.
num_vsnodes_deaths: 0.
num_space_committed: 1414.
num_space_uncommitted: 0.
num_chunks_returned_to_freelist: 6.
num_chunks_taken_from_freelist: 3847.
num_chunk_merges: 6.
num_chunk_splits: 2843.
num_chunks_enlarged: 2113.
num_inconsistent_stats: 0.

CodeHeap 'non-profiled nmethods': size=120000Kb used=19349Kb max_used=19349Kb free=100650Kb
 bounds [0x0000026a1bf70000, 0x0000026a1d260000, 0x0000026a234a0000]
CodeHeap 'profiled nmethods': size=120000Kb used=33540Kb max_used=33540Kb free=86460Kb
 bounds [0x0000026a144a0000, 0x0000026a16580000, 0x0000026a1b9d0000]
CodeHeap 'non-nmethods': size=5760Kb used=1693Kb max_used=1882Kb free=4066Kb
 bounds [0x0000026a1b9d0000, 0x0000026a1bc40000, 0x0000026a1bf70000]
 total_blobs=17053 nmethods=15926 adapters=1034
 compilation: enabled
              stopped_count=0, restarted_count=0
 full_count=0

Compilation events (20 events):
Event: 344.469 Thread 0x0000026a0c895660 21134   !   3       ui.data.q.d.a$L::<init> (347 bytes)
Event: 344.471 Thread 0x0000026a0c895660 nmethod 21134 0x0000026a1615f390 code [0x0000026a1615f880, 0x0000026a161629b8]
Event: 344.702 Thread 0x0000026a0c892930 21135       4       javax.swing.SizeSequence::changeSize (57 bytes)
Event: 344.704 Thread 0x0000026a0c895660 21136       3       javax.swing.ScrollPaneLayout::adjustForHSB (84 bytes)
Event: 344.704 Thread 0x0000026a0c892930 nmethod 21135 0x0000026a1d252710 code [0x0000026a1d2528c0, 0x0000026a1d252b10]
Event: 344.704 Thread 0x0000026a0c895660 nmethod 21136 0x0000026a1615eb90 code [0x0000026a1615ed60, 0x0000026a1615f168]
Event: 345.466 Thread 0x0000026a0c892930 21137       4       java.awt.image.IndexColorModel::equals (291 bytes)
Event: 345.466 Thread 0x0000026a0c892930 nmethod 21137 0x0000026a1d252d10 code [0x0000026a1d252e80, 0x0000026a1d252f38]
Event: 347.006 Thread 0x0000026a0c895660 21138       3       ui.utils.r::ivi (4 bytes)
Event: 347.007 Thread 0x0000026a0c895660 nmethod 21138 0x0000026a14f02890 code [0x0000026a14f02a20, 0x0000026a14f02b18]
Event: 347.099 Thread 0x0000026a0c892930 21139       4       javax.swing.text.html.HTMLEditorKit$NavigateLinkAction::caretUpdate (68 bytes)
Event: 347.103 Thread 0x0000026a0c892930 nmethod 21139 0x0000026a1d253010 code [0x0000026a1d2531a0, 0x0000026a1d253538]
Event: 347.816 Thread 0x0000026a0c892930 21140       4       ui.data.common.r::iterator (2 bytes)
Event: 347.817 Thread 0x0000026a0c892930 nmethod 21140 0x0000026a1d253790 code [0x0000026a1d253900, 0x0000026a1d253978]
Event: 348.818 Thread 0x0000026a0c892930 21141       4       javax.swing.tree.VariableHeightLayoutCache::isExpanded (31 bytes)
Event: 348.819 Thread 0x0000026a0c892930 nmethod 21141 0x0000026a1d253a90 code [0x0000026a1d253c20, 0x0000026a1d253d08]
Event: 349.518 Thread 0x0000026a0c895660 21142       1       ui.a::aJm (5 bytes)
Event: 349.518 Thread 0x0000026a0c895660 nmethod 21142 0x0000026a1d253e10 code [0x0000026a1d253fa0, 0x0000026a1d254078]
Event: 350.905 Thread 0x0000026a0c892930 21143       4       javax.swing.tree.VariableHeightLayoutCache::updateYLocationsFrom (86 bytes)
Event: 350.920 Thread 0x0000026a0c892930 nmethod 21143 0x0000026a1d254110 code [0x0000026a1d254300, 0x0000026a1d254fd0]

GC Heap History (20 events):
Event: 340.296 GC heap before
{Heap before GC invocations=168 (full 17):
 garbage-first heap   total 630784K, used 308104K [0x0000000701800000, 0x0000000800000000)
  region size 2048K, 40 young (81920K), 1 survivors (2048K)
 Metaspace       used 90035K, committed 90880K, reserved 1179648K
  class space    used 13083K, committed 13504K, reserved 1048576K
}
Event: 340.298 GC heap after
{Heap after GC invocations=169 (full 17):
 garbage-first heap   total 630784K, used 228068K [0x0000000701800000, 0x0000000800000000)
  region size 2048K, 1 young (2048K), 1 survivors (2048K)
 Metaspace       used 90035K, committed 90880K, reserved 1179648K
  class space    used 13083K, committed 13504K, reserved 1048576K
}
Event: 345.158 GC heap before
{Heap before GC invocations=169 (full 17):
 garbage-first heap   total 630784K, used 307940K [0x0000000701800000, 0x0000000800000000)
  region size 2048K, 40 young (81920K), 1 survivors (2048K)
 Metaspace       used 90043K, committed 90880K, reserved 1179648K
  class space    used 13083K, committed 13504K, reserved 1048576K
}
Event: 345.162 GC heap after
{Heap after GC invocations=170 (full 17):
 garbage-first heap   total 630784K, used 229379K [0x0000000701800000, 0x0000000800000000)
  region size 2048K, 2 young (4096K), 2 survivors (4096K)
 Metaspace       used 90043K, committed 90880K, reserved 1179648K
  class space    used 13083K, committed 13504K, reserved 1048576K
}
Event: 345.551 GC heap before
{Heap before GC invocations=170 (full 17):
 garbage-first heap   total 630784K, used 311299K [0x0000000701800000, 0x0000000800000000)
  region size 2048K, 40 young (81920K), 2 survivors (4096K)
 Metaspace       used 90043K, committed 90880K, reserved 1179648K
  class space    used 13083K, committed 13504K, reserved 1048576K
}
Event: 345.564 GC heap after
{Heap after GC invocations=171 (full 17):
 garbage-first heap   total 630784K, used 243538K [0x0000000701800000, 0x0000000800000000)
  region size 2048K, 5 young (10240K), 5 survivors (10240K)
 Metaspace       used 90043K, committed 90880K, reserved 1179648K
  class space    used 13083K, committed 13504K, reserved 1048576K
}
Event: 345.812 GC heap before
{Heap before GC invocations=171 (full 17):
 garbage-first heap   total 630784K, used 323410K [0x0000000701800000, 0x0000000800000000)
  region size 2048K, 40 young (81920K), 5 survivors (10240K)
 Metaspace       used 90043K, committed 90880K, reserved 1179648K
  class space    used 13083K, committed 13504K, reserved 1048576K
}
Event: 345.820 GC heap after
{Heap after GC invocations=172 (full 17):
 garbage-first heap   total 630784K, used 246015K [0x0000000701800000, 0x0000000800000000)
  region size 2048K, 2 young (4096K), 2 survivors (4096K)
 Metaspace       used 90043K, committed 90880K, reserved 1179648K
  class space    used 13083K, committed 13504K, reserved 1048576K
}
Event: 346.056 GC heap before
{Heap before GC invocations=172 (full 17):
 garbage-first heap   total 630784K, used 323839K [0x0000000701800000, 0x0000000800000000)
  region size 2048K, 40 young (81920K), 2 survivors (4096K)
 Metaspace       used 90043K, committed 90880K, reserved 1179648K
  class space    used 13083K, committed 13504K, reserved 1048576K
}
Event: 346.059 GC heap after
{Heap after GC invocations=173 (full 17):
 garbage-first heap   total 630784K, used 242726K [0x0000000701800000, 0x0000000800000000)
  region size 2048K, 2 young (4096K), 2 survivors (4096K)
 Metaspace       used 90043K, committed 90880K, reserved 1179648K
  class space    used 13083K, committed 13504K, reserved 1048576K
}
Event: 347.024 GC heap before
{Heap before GC invocations=173 (full 17):
 garbage-first heap   total 630784K, used 320550K [0x0000000701800000, 0x0000000800000000)
  region size 2048K, 40 young (81920K), 2 survivors (4096K)
 Metaspace       used 90044K, committed 90880K, reserved 1179648K
  class space    used 13083K, committed 13504K, reserved 1048576K
}
Event: 347.028 GC heap after
{Heap after GC invocations=174 (full 17):
 garbage-first heap   total 630784K, used 243142K [0x0000000701800000, 0x0000000800000000)
  region size 2048K, 2 young (4096K), 2 survivors (4096K)
 Metaspace       used 90044K, committed 90880K, reserved 1179648K
  class space    used 13083K, committed 13504K, reserved 1048576K
}
Event: 350.748 GC heap before
{Heap before GC invocations=174 (full 17):
 garbage-first heap   total 630784K, used 282054K [0x0000000701800000, 0x0000000800000000)
  region size 2048K, 22 young (45056K), 2 survivors (4096K)
 Metaspace       used 90044K, committed 90880K, reserved 1179648K
  class space    used 13083K, committed 13504K, reserved 1048576K
}
Event: 350.870 GC heap after
{Heap after GC invocations=175 (full 18):
 garbage-first heap   total 524288K, used 146432K [0x0000000701800000, 0x0000000800000000)
  region size 2048K, 0 young (0K), 0 survivors (0K)
 Metaspace       used 90044K, committed 90880K, reserved 1179648K
  class space    used 13083K, committed 13504K, reserved 1048576K
}
Event: 351.467 GC heap before
{Heap before GC invocations=175 (full 18):
 garbage-first heap   total 524288K, used 236544K [0x0000000701800000, 0x0000000800000000)
  region size 2048K, 40 young (81920K), 0 survivors (0K)
 Metaspace       used 90044K, committed 90880K, reserved 1179648K
  class space    used 13083K, committed 13504K, reserved 1048576K
}
Event: 351.482 GC heap after
{Heap after GC invocations=176 (full 18):
 garbage-first heap   total 524288K, used 164771K [0x0000000701800000, 0x0000000800000000)
  region size 2048K, 5 young (10240K), 5 survivors (10240K)
 Metaspace       used 90044K, committed 90880K, reserved 1179648K
  class space    used 13083K, committed 13504K, reserved 1048576K
}
Event: 351.796 GC heap before
{Heap before GC invocations=176 (full 18):
 garbage-first heap   total 524288K, used 240547K [0x0000000701800000, 0x0000000800000000)
  region size 2048K, 40 young (81920K), 5 survivors (10240K)
 Metaspace       used 90044K, committed 90880K, reserved 1179648K
  class space    used 13083K, committed 13504K, reserved 1048576K
}
Event: 351.802 GC heap after
{Heap after GC invocations=177 (full 18):
 garbage-first heap   total 630784K, used 164139K [0x0000000701800000, 0x0000000800000000)
  region size 2048K, 2 young (4096K), 2 survivors (4096K)
 Metaspace       used 90044K, committed 90880K, reserved 1179648K
  class space    used 13083K, committed 13504K, reserved 1048576K
}
Event: 352.119 GC heap before
{Heap before GC invocations=177 (full 18):
 garbage-first heap   total 630784K, used 241963K [0x0000000701800000, 0x0000000800000000)
  region size 2048K, 40 young (81920K), 2 survivors (4096K)
 Metaspace       used 90044K, committed 90880K, reserved 1179648K
  class space    used 13083K, committed 13504K, reserved 1048576K
}
Event: 352.121 GC heap after
{Heap after GC invocations=178 (full 18):
 garbage-first heap   total 630784K, used 160591K [0x0000000701800000, 0x0000000800000000)
  region size 2048K, 1 young (2048K), 1 survivors (2048K)
 Metaspace       used 90044K, committed 90880K, reserved 1179648K
  class space    used 13083K, committed 13504K, reserved 1048576K
}

Dll operation events (20 events):
Event: 9.659 Loaded shared library D:\Vivado\2023.2\lib\win64.o\librdi_ipservicestasks.dll
Event: 9.660 Loaded shared library D:\Vivado\2023.2\lib\win64.o\librdi_vivadotasks.dll
Event: 9.662 Loaded shared library D:\Vivado\2023.2\lib\win64.o\librdi_board.dll
Event: 9.662 Loaded shared library D:\Vivado\2023.2\lib\win64.o\librdi_boarddep.dll
Event: 9.664 Loaded shared library D:\Vivado\2023.2\lib\win64.o\librdi_boardcommontasks.dll
Event: 9.664 Loaded shared library D:\Vivado\2023.2\lib\win64.o\librdi_ptgen.dll
Event: 9.665 Loaded shared library D:\Vivado\2023.2\lib\win64.o\librdi_ip.dll
Event: 9.668 Loaded shared library D:\Vivado\2023.2\lib\win64.o\librdi_mig.dll
Event: 9.671 Loaded shared library D:\Vivado\2023.2\lib\win64.o\librdi_implflow.dll
Event: 9.672 Loaded shared library D:\Vivado\2023.2\lib\win64.o\librdi_xhubtasks.dll
Event: 9.795 Loaded shared library D:\Vivado\2023.2\lib\win64.o\librdi_iptasks.dll
Event: 9.796 Loaded shared library D:\Vivado\2023.2\lib\win64.o\librdi_synth.dll
Event: 11.856 Loaded shared library D:\Vivado\2023.2\tps\win64\jre17.0.7_7\bin\verify.dll
Event: 12.492 Loaded shared library D:\Vivado\2023.2\tps\win64\jre17.0.7_7\bin\javajpeg.dll
Event: 12.548 Loaded shared library D:\Vivado\2023.2\tps\win64\jre17.0.7_7\bin\lcms.dll
Event: 13.263 Loaded shared library D:\Vivado\2023.2\tps\win64\jre17.0.7_7\bin\freetype.dll
Event: 13.346 Loaded shared library D:\Vivado\2023.2\tps\win64\jre17.0.7_7\bin\fontmanager.dll
Event: 22.709 Loaded shared library D:\Vivado\2023.2\lib\win64.o\librdi_xhub.dll
Event: 29.737 Loaded shared library D:\Vivado\2023.2\tps\win64\jre17.0.7_7\bin\management.dll
Event: 29.775 Loaded shared library D:\Vivado\2023.2\tps\win64\jre17.0.7_7\bin\management_ext.dll

Deoptimization events (20 events):
Event: 304.659 Thread 0x0000026a354eb910 DEOPT PACKING pc=0x0000026a15cbba84 sp=0x000000de98ffeb20
Event: 304.659 Thread 0x0000026a354eb910 DEOPT UNPACKING pc=0x0000026a1ba27143 sp=0x000000de98ffe0c0 mode 0
Event: 304.660 Thread 0x0000026a354eb910 DEOPT PACKING pc=0x0000026a15f92d66 sp=0x000000de98ffe8a0
Event: 304.660 Thread 0x0000026a354eb910 DEOPT UNPACKING pc=0x0000026a1ba27143 sp=0x000000de98ffddf8 mode 0
Event: 304.688 Thread 0x0000026a0c9eaaf0 DEOPT PACKING pc=0x0000026a15b5ab50 sp=0x000000de9b6fefc0
Event: 304.688 Thread 0x0000026a0c9eaaf0 DEOPT UNPACKING pc=0x0000026a1ba27143 sp=0x000000de9b6fe4a8 mode 0
Event: 310.430 Thread 0x0000026a354eb910 DEOPT PACKING pc=0x0000026a15f92d66 sp=0x000000de98ffe8a0
Event: 310.430 Thread 0x0000026a354eb910 DEOPT UNPACKING pc=0x0000026a1ba27143 sp=0x000000de98ffddf8 mode 0
Event: 316.189 Thread 0x0000026a354eb910 DEOPT PACKING pc=0x0000026a15f92d66 sp=0x000000de98ffe8a0
Event: 316.189 Thread 0x0000026a354eb910 DEOPT UNPACKING pc=0x0000026a1ba27143 sp=0x000000de98ffddf8 mode 0
Event: 317.761 Thread 0x0000026a354eb910 Uncommon trap: trap_request=0xffffffde fr.pc=0x0000026a1c7a460c relative=0x000000000000006c
Event: 317.761 Thread 0x0000026a354eb910 Uncommon trap: reason=class_check action=maybe_recompile pc=0x0000026a1c7a460c method=java.awt.Component.updateZOrder()V @ 8 c2
Event: 317.761 Thread 0x0000026a354eb910 DEOPT PACKING pc=0x0000026a1c7a460c sp=0x000000de98ffe8c0
Event: 317.761 Thread 0x0000026a354eb910 DEOPT UNPACKING pc=0x0000026a1ba269a3 sp=0x000000de98ffe850 mode 2
Event: 320.123 Thread 0x0000026a354eb910 Uncommon trap: trap_request=0xffffff45 fr.pc=0x0000026a1c5e3010 relative=0x0000000000000770
Event: 320.123 Thread 0x0000026a354eb910 Uncommon trap: reason=unstable_if action=reinterpret pc=0x0000026a1c5e3010 method=java.awt.Component.getHWPeerAboveMe()Ljava/awt/peer/ComponentPeer; @ 50 c2
Event: 320.123 Thread 0x0000026a354eb910 DEOPT PACKING pc=0x0000026a1c5e3010 sp=0x000000de98ffe0b0
Event: 320.123 Thread 0x0000026a354eb910 DEOPT UNPACKING pc=0x0000026a1ba269a3 sp=0x000000de98ffe058 mode 2
Event: 350.905 Thread 0x0000026a354eb910 DEOPT PACKING pc=0x0000026a163c6036 sp=0x000000de98ffe7b0
Event: 350.905 Thread 0x0000026a354eb910 DEOPT UNPACKING pc=0x0000026a1ba27143 sp=0x000000de98ffdc78 mode 0

Classes unloaded (0 events):
No events

Classes redefined (0 events):
No events

Internal exceptions (20 events):
Event: 263.432 Thread 0x0000026a354eb910 Exception <a 'java/io/FileNotFoundException'{0x00000007224cf4e8}> (0x00000007224cf4e8) 
thrown [s\src\hotspot\share\prims\jni.cpp, line 516]
Event: 268.433 Thread 0x0000026a354eb910 Exception <a 'java/io/FileNotFoundException'{0x0000000722b63d50}> (0x0000000722b63d50) 
thrown [s\src\hotspot\share\prims\jni.cpp, line 516]
Event: 273.434 Thread 0x0000026a354eb910 Exception <a 'java/io/FileNotFoundException'{0x0000000720cd01a8}> (0x0000000720cd01a8) 
thrown [s\src\hotspot\share\prims\jni.cpp, line 516]
Event: 278.802 Thread 0x0000026a354eb910 Exception <a 'java/io/FileNotFoundException'{0x0000000720288968}> (0x0000000720288968) 
thrown [s\src\hotspot\share\prims\jni.cpp, line 516]
Event: 283.454 Thread 0x0000026a354eb910 Exception <a 'java/io/FileNotFoundException'{0x000000071e361078}> (0x000000071e361078) 
thrown [s\src\hotspot\share\prims\jni.cpp, line 516]
Event: 284.743 Thread 0x0000026a354eb910 Exception <a 'java/lang/NoSuchMethodError'{0x000000071d42d968}: 'java.lang.Object java.lang.invoke.DirectMethodHandle$Holder.invokeSpecial(java.lang.Object, java.lang.Object, java.lang.Object, java.lang.Object, int, java.lang.Object)'> (0x000000071d42d968) 
thrown [s\src\hotspot\share\interpreter\linkResolver.cpp, line 759]
Event: 284.744 Thread 0x0000026a354eb910 Exception <a 'java/lang/NoSuchMethodError'{0x000000071d431450}: 'java.lang.Object java.lang.invoke.Invokers$Holder.linkToTargetMethod(java.lang.Object, java.lang.Object, int, java.lang.Object, java.lang.Object)'> (0x000000071d431450) 
thrown [s\src\hotspot\share\interpreter\linkResolver.cpp, line 759]
Event: 288.879 Thread 0x0000026a354eb910 Exception <a 'java/io/FileNotFoundException'{0x000000071eb00248}> (0x000000071eb00248) 
thrown [s\src\hotspot\share\prims\jni.cpp, line 516]
Event: 294.425 Thread 0x0000026a354eb910 Exception <a 'java/io/FileNotFoundException'{0x000000071ef93fc8}> (0x000000071ef93fc8) 
thrown [s\src\hotspot\share\prims\jni.cpp, line 516]
Event: 298.453 Thread 0x0000026a354eb910 Exception <a 'java/io/FileNotFoundException'{0x000000071d120e88}> (0x000000071d120e88) 
thrown [s\src\hotspot\share\prims\jni.cpp, line 516]
Event: 303.693 Thread 0x0000026a354eb910 Exception <a 'java/io/FileNotFoundException'{0x000000071dfda150}> (0x000000071dfda150) 
thrown [s\src\hotspot\share\prims\jni.cpp, line 516]
Event: 308.455 Thread 0x0000026a354eb910 Exception <a 'java/io/FileNotFoundException'{0x000000071fcbaf58}> (0x000000071fcbaf58) 
thrown [s\src\hotspot\share\prims\jni.cpp, line 516]
Event: 313.739 Thread 0x0000026a354eb910 Exception <a 'java/io/FileNotFoundException'{0x0000000720fa9ad0}> (0x0000000720fa9ad0) 
thrown [s\src\hotspot\share\prims\jni.cpp, line 516]
Event: 318.456 Thread 0x0000026a354eb910 Exception <a 'java/io/FileNotFoundException'{0x00000007213ce378}> (0x00000007213ce378) 
thrown [s\src\hotspot\share\prims\jni.cpp, line 516]
Event: 323.512 Thread 0x0000026a354eb910 Exception <a 'java/io/FileNotFoundException'{0x000000071da38060}> (0x000000071da38060) 
thrown [s\src\hotspot\share\prims\jni.cpp, line 516]
Event: 329.251 Thread 0x0000026a354eb910 Exception <a 'java/io/FileNotFoundException'{0x000000071e476c10}> (0x000000071e476c10) 
thrown [s\src\hotspot\share\prims\jni.cpp, line 516]
Event: 333.460 Thread 0x0000026a354eb910 Exception <a 'java/io/FileNotFoundException'{0x0000000721693300}> (0x0000000721693300) 
thrown [s\src\hotspot\share\prims\jni.cpp, line 516]
Event: 338.696 Thread 0x0000026a354eb910 Exception <a 'java/io/FileNotFoundException'{0x000000071e0bc508}> (0x000000071e0bc508) 
thrown [s\src\hotspot\share\prims\jni.cpp, line 516]
Event: 343.462 Thread 0x0000026a354eb910 Exception <a 'java/io/FileNotFoundException'{0x000000072378e300}> (0x000000072378e300) 
thrown [s\src\hotspot\share\prims\jni.cpp, line 516]
Event: 348.723 Thread 0x0000026a354eb910 Exception <a 'java/io/FileNotFoundException'{0x0000000726f8f9c8}> (0x0000000726f8f9c8) 
thrown [s\src\hotspot\share\prims\jni.cpp, line 516]

VM Operations (20 events):
Event: 344.298 Executing VM operation: Cleanup
Event: 344.298 Executing VM operation: Cleanup done
Event: 345.158 Executing VM operation: G1CollectForAllocation
Event: 345.162 Executing VM operation: G1CollectForAllocation done
Event: 345.551 Executing VM operation: G1CollectForAllocation
Event: 345.564 Executing VM operation: G1CollectForAllocation done
Event: 345.812 Executing VM operation: G1CollectForAllocation
Event: 345.820 Executing VM operation: G1CollectForAllocation done
Event: 346.056 Executing VM operation: G1CollectForAllocation
Event: 346.059 Executing VM operation: G1CollectForAllocation done
Event: 347.024 Executing VM operation: G1CollectForAllocation
Event: 347.030 Executing VM operation: G1CollectForAllocation done
Event: 350.747 Executing VM operation: G1CollectFull
Event: 350.872 Executing VM operation: G1CollectFull done
Event: 351.467 Executing VM operation: G1CollectForAllocation
Event: 351.482 Executing VM operation: G1CollectForAllocation done
Event: 351.796 Executing VM operation: G1CollectForAllocation
Event: 351.802 Executing VM operation: G1CollectForAllocation done
Event: 352.119 Executing VM operation: G1CollectForAllocation
Event: 352.121 Executing VM operation: G1CollectForAllocation done

Events (20 events):
Event: 342.968 Thread 0x0000026a56ef3f00 Thread added: 0x0000026a56ef3f00
Event: 342.974 Thread 0x0000026a56ef3f00 Thread exited: 0x0000026a56ef3f00
Event: 343.807 Thread 0x0000026a56ef48a0 Thread added: 0x0000026a56ef48a0
Event: 343.813 Thread 0x0000026a56ef48a0 Thread exited: 0x0000026a56ef48a0
Event: 344.807 Thread 0x0000026a56ef2bc0 Thread added: 0x0000026a56ef2bc0
Event: 344.811 Thread 0x0000026a56ef2bc0 Thread exited: 0x0000026a56ef2bc0
Event: 347.004 Thread 0x0000026a56ef4d70 Thread added: 0x0000026a56ef4d70
Event: 347.010 Thread 0x0000026a56ef4d70 Thread exited: 0x0000026a56ef4d70
Event: 347.810 Thread 0x0000026a56ef2bc0 Thread added: 0x0000026a56ef2bc0
Event: 347.816 Thread 0x0000026a56ef2bc0 Thread exited: 0x0000026a56ef2bc0
Event: 348.811 Thread 0x0000026a56ef5be0 Thread added: 0x0000026a56ef5be0
Event: 348.816 Thread 0x0000026a56ef5be0 Thread exited: 0x0000026a56ef5be0
Event: 350.463 Thread 0x0000026a56ef3f00 Thread added: 0x0000026a56ef3f00
Event: 350.469 Thread 0x0000026a56ef3f00 Thread exited: 0x0000026a56ef3f00
Event: 350.738 Thread 0x0000026a56ef5be0 Thread added: 0x0000026a56ef5be0
Event: 350.742 Thread 0x0000026a56ef3090 Thread added: 0x0000026a56ef3090
Event: 350.747 Thread 0x0000026a56ef3090 Thread exited: 0x0000026a56ef3090
Event: 350.873 Thread 0x0000026a56ef5be0 Thread exited: 0x0000026a56ef5be0
Event: 350.874 Thread 0x0000026a56ef3f00 Thread added: 0x0000026a56ef3f00
Event: 350.891 Thread 0x0000026a56ef3f00 Thread exited: 0x0000026a56ef3f00


Dynamic libraries:
0x00007ff70a350000 - 0x00007ff70a381000 	D:\Vivado\2023.2\bin\unwrapped\win64.o\vivado.exe
0x00007fff8fc00000 - 0x00007fff8fe60000 	C:\WINDOWS\SYSTEM32\ntdll.dll
0x00007fff8ed60000 - 0x00007fff8ee27000 	C:\WINDOWS\System32\KERNEL32.DLL
0x00007fff8d550000 - 0x00007fff8d91a000 	C:\WINDOWS\System32\KERNELBASE.dll
0x00007fff8d1f0000 - 0x00007fff8d33b000 	C:\WINDOWS\System32\ucrtbase.dll
0x00007fff72130000 - 0x00007fff721bd000 	C:\WINDOWS\SYSTEM32\MSVCP140.dll
0x00007fff76010000 - 0x00007fff7602e000 	C:\WINDOWS\SYSTEM32\VCRUNTIME140.dll
0x00007fff75f20000 - 0x00007fff75f2c000 	C:\WINDOWS\SYSTEM32\VCRUNTIME140_1.dll
0x00007fff67000000 - 0x00007fff6701c000 	D:\Vivado\2023.2\lib\win64.o\librdi_commonmain.dll
0x00007fff64310000 - 0x00007fff64331000 	D:\Vivado\2023.2\lib\win64.o\libboost_filesystem.dll
0x00007fff8ea90000 - 0x00007fff8eb42000 	C:\WINDOWS\System32\ADVAPI32.dll
0x00007fff8dcd0000 - 0x00007fff8dd79000 	C:\WINDOWS\System32\msvcrt.dll
0x00007fff8ee30000 - 0x00007fff8eed6000 	C:\WINDOWS\System32\sechost.dll
0x00007fff8e290000 - 0x00007fff8e3a6000 	C:\WINDOWS\System32\RPCRT4.dll
0x00007fff03310000 - 0x00007fff03740000 	D:\Vivado\2023.2\lib\win64.o\python38.dll
0x00007fff8f0f0000 - 0x00007fff8f154000 	C:\WINDOWS\System32\SHLWAPI.dll
0x00007fff8e740000 - 0x00007fff8e7b4000 	C:\WINDOWS\System32\WS2_32.dll
0x00007fff7a320000 - 0x00007fff7a329000 	D:\Vivado\2023.2\lib\win64.o\librdi_commonversion.dll
0x00007fff059d0000 - 0x00007fff05b86000 	D:\Vivado\2023.2\lib\win64.o\librdi_commonxillic.dll
0x00007fff8e8b0000 - 0x00007fff8ea7c000 	C:\WINDOWS\System32\USER32.dll
0x00007fff8d920000 - 0x00007fff8d947000 	C:\WINDOWS\System32\win32u.dll
0x00007fff8fb90000 - 0x00007fff8fbba000 	C:\WINDOWS\System32\GDI32.dll
0x00007fff8d010000 - 0x00007fff8d141000 	C:\WINDOWS\System32\gdi32full.dll
0x00007fff8d950000 - 0x00007fff8d9f3000 	C:\WINDOWS\System32\msvcp_win.dll
0x0000000058c90000 - 0x0000000058dbc000 	D:\Vivado\2023.2\lib\win64.o\tcl85t.dll
0x00007fff84d20000 - 0x00007fff84d2b000 	C:\WINDOWS\SYSTEM32\VERSION.dll
0x00007fff01c60000 - 0x00007fff0330a000 	D:\Vivado\2023.2\lib\win64.o\librdi_common.dll
0x00007fff8f160000 - 0x00007fff8f889000 	C:\WINDOWS\System32\SHELL32.dll
0x00007fff8cea0000 - 0x00007fff8d008000 	C:\WINDOWS\System32\wintypes.dll
0x00007fff8e3b0000 - 0x00007fff8e732000 	C:\WINDOWS\System32\combase.dll
0x00007fff8d4c0000 - 0x00007fff8d53f000 	C:\WINDOWS\System32\WINTRUST.dll
0x00007fff1ae20000 - 0x00007fff1af34000 	D:\Vivado\2023.2\lib\win64.o\libboost_regex.dll
0x00007fff8ccc0000 - 0x00007fff8cce6000 	C:\WINDOWS\SYSTEM32\bcrypt.dll
0x00007fff01930000 - 0x00007fff01c5d000 	D:\Vivado\2023.2\lib\win64.o\libXil_lmgr11.dll
0x00007fff8fa70000 - 0x00007fff8fb64000 	C:\WINDOWS\System32\COMDLG32.dll
0x00007fff8dbe0000 - 0x00007fff8dccd000 	C:\WINDOWS\System32\shcore.dll
0x00007fff8ec00000 - 0x00007fff8ecd6000 	C:\WINDOWS\System32\OLEAUT32.dll
0x00007fff8f890000 - 0x00007fff8fa26000 	C:\WINDOWS\System32\ole32.dll
0x00007fff8d340000 - 0x00007fff8d4b7000 	C:\WINDOWS\System32\CRYPT32.dll
0x00007fff64f30000 - 0x00007fff64f41000 	D:\Vivado\2023.2\lib\win64.o\libboost_date_time.dll
0x00007fff015c0000 - 0x00007fff0192e000 	D:\Vivado\2023.2\lib\win64.o\libCOIN-all.dll
0x00007fff32cf0000 - 0x00007fff32d69000 	D:\Vivado\2023.2\lib\win64.o\libboost_program_options.dll
0x00007fff64960000 - 0x00007fff6497c000 	D:\Vivado\2023.2\lib\win64.o\libboost_thread.dll
0x00007fff78e50000 - 0x00007fff78e5c000 	D:\Vivado\2023.2\lib\win64.o\libboost_xilinx.dll
0x00007fff26000000 - 0x00007fff26082000 	D:\Vivado\2023.2\lib\win64.o\libhdlpsolve.dll
0x00007fff25ef0000 - 0x00007fff25f95000 	D:\Vivado\2023.2\lib\win64.o\libhdxml.dll
0x00007fff52b30000 - 0x00007fff52b5a000 	D:\Vivado\2023.2\lib\win64.o\libisl_sysinfo.dll
0x00007fff32b00000 - 0x00007fff32b65000 	D:\Vivado\2023.2\lib\win64.o\liblmx6.0.dll
0x00007fff61650000 - 0x00007fff6166a000 	D:\Vivado\2023.2\lib\win64.o\pthreadVC2.dll
0x00007fff54610000 - 0x00007fff5462c000 	D:\Vivado\2023.2\lib\win64.o\librdiconfig.dll
0x00007ffeff480000 - 0x00007fff004a4600 	D:\Vivado\2023.2\lib\win64.o\libisl_iostreams.dll
0x00007fff77c70000 - 0x00007fff77c8a000 	C:\WINDOWS\SYSTEM32\NETAPI32.dll
0x00007fff756f0000 - 0x00007fff75973000 	C:\WINDOWS\SYSTEM32\WININET.dll
0x00007fff84920000 - 0x00007fff84a3d000 	C:\WINDOWS\SYSTEM32\WINHTTP.dll
0x00007fff79910000 - 0x00007fff79aec000 	C:\WINDOWS\SYSTEM32\urlmon.dll
0x00007fff4c010000 - 0x00007fff4c031000 	D:\Vivado\2023.2\lib\win64.o\librdizlib.dll
0x00007fff714a0000 - 0x00007fff714aa000 	C:\WINDOWS\SYSTEM32\WSOCK32.dll
0x00007fff4b760000 - 0x00007fff4b790000 	C:\WINDOWS\SYSTEM32\VCOMP140.DLL
0x00007fff5f1e0000 - 0x00007fff5f294000 	C:\WINDOWS\WinSxS\amd64_microsoft.windows.common-controls_6595b64144ccf1df_5.82.26100.1882_none_87f34cef7a28f535\COMCTL32.dll
0x00007fff82c20000 - 0x00007fff82c45000 	C:\WINDOWS\SYSTEM32\dhcpcsvc.DLL
0x00007fff8c220000 - 0x00007fff8c24b000 	C:\WINDOWS\SYSTEM32\USERENV.dll
0x00007fff52d80000 - 0x00007fff52d98000 	D:\Vivado\2023.2\lib\win64.o\libboost_iostreams.dll
0x00007ffeec960000 - 0x00007ffeee877000 	D:\Vivado\2023.2\lib\win64.o\gurobi90.dll
0x00007fff8ece0000 - 0x00007fff8ed54000 	C:\WINDOWS\System32\WLDAP32.dll
0x00007fff4aaa0000 - 0x00007fff4aac4000 	D:\Vivado\2023.2\lib\win64.o\libisl_iosutils.dll
0x00007fff8fb80000 - 0x00007fff8fb88000 	C:\WINDOWS\System32\Normaliz.dll
0x00007fff8aa60000 - 0x00007fff8b2b2000 	C:\WINDOWS\SYSTEM32\windows.storage.dll
0x00007fff795b0000 - 0x00007fff7987b000 	C:\WINDOWS\SYSTEM32\iertutil.dll
0x00007fff794b0000 - 0x00007fff794d9000 	C:\WINDOWS\SYSTEM32\srvcli.dll
0x00007fff8b5b0000 - 0x00007fff8b5bd000 	C:\WINDOWS\SYSTEM32\netutils.dll
0x00007fff012f0000 - 0x00007fff015b1000 	D:\Vivado\2023.2\lib\win64.o\xerces-c_3_2.dll
0x00007fff8c160000 - 0x00007fff8c1ca000 	C:\WINDOWS\SYSTEM32\MSWSOCK.DLL
0x00007fff8fa30000 - 0x00007fff8fa5f000 	C:\WINDOWS\System32\IMM32.DLL
0x00007fff8c5f0000 - 0x00007fff8c603000 	C:\WINDOWS\SYSTEM32\MSASN1.dll
0x00007fff8c4d0000 - 0x00007fff8c4ec000 	C:\WINDOWS\SYSTEM32\CRYPTSP.dll
0x00007fff8bb20000 - 0x00007fff8bb5a000 	C:\WINDOWS\system32\rsaenh.dll
0x00007fff8c4f0000 - 0x00007fff8c4fc000 	C:\WINDOWS\SYSTEM32\CRYPTBASE.dll
0x00007fff8d150000 - 0x00007fff8d1e9000 	C:\WINDOWS\System32\bcryptPrimitives.dll
0x00007fff8ef60000 - 0x00007fff8ef80000 	C:\WINDOWS\System32\imagehlp.dll
0x00007fff8bbc0000 - 0x00007fff8bbda000 	C:\WINDOWS\SYSTEM32\kernel.appcore.dll
0x00007fff00da0000 - 0x00007fff012ed000 	D:\Vivado\2023.2\lib\win64.o\librdi_commontasks.dll
0x00007ffefd900000 - 0x00007ffefe548000 	D:\Vivado\2023.2\tps\win64\jre17.0.7_7\bin\server\jvm.dll
0x00007fff7e540000 - 0x00007fff7e576000 	C:\WINDOWS\SYSTEM32\WINMM.dll
0x00007fff00a70000 - 0x00007fff00d9b800 	D:\Vivado\2023.2\lib\win64.o\librdi_sio.dll
0x00007fff8b5c0000 - 0x00007fff8b5f3000 	C:\WINDOWS\SYSTEM32\IPHLPAPI.DLL
0x00007fff8c1f0000 - 0x00007fff8c217000 	C:\WINDOWS\SYSTEM32\gpapi.dll
0x00007fff82620000 - 0x00007fff8265b000 	C:\Windows\System32\cryptnet.dll
0x00007fff8ccf0000 - 0x00007fff8cd1f000 	C:\WINDOWS\SYSTEM32\profapi.dll
0x00007fff89cf0000 - 0x00007fff89cff000 	C:\WINDOWS\SYSTEM32\WINNSI.DLL
0x00007fff8fb70000 - 0x00007fff8fb7a000 	C:\WINDOWS\System32\NSI.dll
0x00007fff8be70000 - 0x00007fff8beb8000 	C:\WINDOWS\SYSTEM32\SspiCli.dll
0x00007fff717c0000 - 0x00007fff717d8000 	C:\WINDOWS\system32\napinsp.dll
0x00007fff8b6b0000 - 0x00007fff8b7d5000 	C:\WINDOWS\SYSTEM32\DNSAPI.dll
0x00007fff717a0000 - 0x00007fff717b2000 	C:\WINDOWS\System32\winrnr.dll
0x00007fff6cf80000 - 0x00007fff6cfb0000 	C:\WINDOWS\system32\nlansp_c.dll
0x00007fff82c00000 - 0x00007fff82c16000 	C:\WINDOWS\system32\wshbth.dll
0x00007ffee9b90000 - 0x00007ffeec956000 	D:\Vivado\2023.2\lib\win64.o\librdi_tcltasks.dll
0x00007fff1d160000 - 0x00007fff1d1e3000 	D:\Vivado\2023.2\lib\win64.o\librdi_boarddep.dll
0x00007ffefd700000 - 0x00007ffefd900000 	D:\Vivado\2023.2\lib\win64.o\librdi_board.dll
0x00007ffef9230000 - 0x00007ffef9711000 	D:\Vivado\2023.2\lib\win64.o\librdi_bitstream.dll
0x00007fff0a9a0000 - 0x00007fff0aaca000 	D:\Vivado\2023.2\lib\win64.o\librdi_chipscope.dll
0x00007ffefcef0000 - 0x00007ffefd0f7000 	D:\Vivado\2023.2\lib\win64.o\librdi_chipscopeimpl.dll
0x00007ffefea00000 - 0x00007ffefeb6e000 	D:\Vivado\2023.2\lib\win64.o\librdi_containers.dll
0x00007ffedc850000 - 0x00007ffede657000 	D:\Vivado\2023.2\lib\win64.o\librdi_designutils.dll
0x00007ffefbf10000 - 0x00007ffefc2af000 	D:\Vivado\2023.2\lib\win64.o\librdi_dlyest.dll
0x00007ffef7c50000 - 0x00007ffef8386000 	D:\Vivado\2023.2\lib\win64.o\librdi_drc.dll
0x00007ffeda150000 - 0x00007ffedc845000 	D:\Vivado\2023.2\lib\win64.o\librdi_constraints.dll
0x00007fff1a950000 - 0x00007fff1aa04000 	D:\Vivado\2023.2\lib\win64.o\librdi_dsp.dll
0x00007ffef24c0000 - 0x00007ffef3ac3000 	D:\Vivado\2023.2\lib\win64.o\librdi_device.dll
0x00007fff1cd10000 - 0x00007fff1cd7b000 	D:\Vivado\2023.2\lib\win64.o\librdi_hdf.dll
0x00007ffed4ba0000 - 0x00007ffed72d6000 	D:\Vivado\2023.2\lib\win64.o\librdi_coregen.dll
0x00007ffed9990000 - 0x00007ffeda14f000 	D:\Vivado\2023.2\lib\win64.o\librdi_filemgmt.dll
0x00007ffefd5b0000 - 0x00007ffefd6f8000 	D:\Vivado\2023.2\lib\win64.o\librdi_hip_perf_analysis.dll
0x00007ffef9d10000 - 0x00007ffef9ff4000 	D:\Vivado\2023.2\lib\win64.o\librdi_hip_devdesign.dll
0x00007ffed8ae0000 - 0x00007ffed9990000 	D:\Vivado\2023.2\lib\win64.o\librdi_ippcw.dll
0x00007ffed8240000 - 0x00007ffed8ada000 	D:\Vivado\2023.2\lib\win64.o\librdi_lopt.dll
0x00007ffee9530000 - 0x00007ffee9b86000 	D:\Vivado\2023.2\lib\win64.o\librdi_memdata.dll
0x00007ffed3a50000 - 0x00007ffed4b93000 	D:\Vivado\2023.2\lib\win64.o\librdi_implflow.dll
0x00007fff1cc30000 - 0x00007fff1ccad000 	D:\Vivado\2023.2\lib\win64.o\librdi_memoryarray.dll
0x00007fff1b530000 - 0x00007fff1b5a2000 	D:\Vivado\2023.2\lib\win64.o\librdi_noc_frameworks.dll
0x00007fff4a440000 - 0x00007fff4a49c000 	D:\Vivado\2023.2\lib\win64.o\librdi_pfi.dll
0x00007ffed07f0000 - 0x00007ffed0ff4000 	D:\Vivado\2023.2\lib\win64.o\librdi_netlist.dll
0x00007ffed1000000 - 0x00007ffed3a41000 	D:\Vivado\2023.2\lib\win64.o\librdi_mig.dll
0x00007ffecfef0000 - 0x00007ffed07e2000 	D:\Vivado\2023.2\lib\win64.o\librdi_power.dll
0x00007ffecfa70000 - 0x00007ffecfeee000 	D:\Vivado\2023.2\lib\win64.o\librdi_platform.dll
0x00007ffeccbb0000 - 0x00007ffecfa6c000 	D:\Vivado\2023.2\lib\win64.o\librdi_place.dll
0x00007ffecc320000 - 0x00007ffeccbab000 	D:\Vivado\2023.2\lib\win64.o\librdi_project.dll
0x00007ffecbba0000 - 0x00007ffecc317000 	D:\Vivado\2023.2\lib\win64.o\librdi_psta.dll

dbghelp: loaded successfully - version: 4.0.5 - missing functions: none
symbol engine: initialized successfully - sym options: 0x614 - pdb path: .;D:\Vivado\2023.2\bin\unwrapped\win64.o;C:\WINDOWS\SYSTEM32;D:\Vivado\2023.2\lib\win64.o;C:\WINDOWS\WinSxS\amd64_microsoft.windows.common-controls_6595b64144ccf1df_5.82.26100.1882_none_87f34cef7a28f535;D:\Vivado\2023.2\tps\win64\jre17.0.7_7\bin\server;D:\Vivado\2023.2\tps\win64\jre17.0.7_7\bin;C:\WINDOWS\WinSxS\amd64_microsoft.windows.common-controls_6595b64144ccf1df_6.0.26100.3624_none_3e086962e3345f24

VM Arguments:
jvm_args: -Dsun.java2d.pmoffscreen=false -Dhttps.protocols=TLSv1,TLSv1.1,TLSv1.2 -Dsun.java2d.xrender=false -Dsun.java2d.d3d=false -Dsun.awt.nopixfmt=true -Dsun.java2d.dpiaware=true -Dsun.java2d.uiScale.enabled=false -Dswing.aatext=true -XX:-UsePerfData -Djdk.map.althashing.threshold=512 -XX:StringTableSize=4072 -XX:+UseStringDeduplication -XX:MaxGCPauseMillis=200 -XX:+ParallelRefProcEnabled --add-opens=java.desktop/javax.swing.plaf.synth=ALL-UNNAMED --add-opens=java.base/java.nio=ALL-UNNAMED --add-opens=java.desktop/sun.swing=ALL-UNNAMED --add-opens=java.desktop/javax.swing=ALL-UNNAMED --add-opens=java.desktop/javax.swing.tree=ALL-UNNAMED --add-opens=java.desktop/javax.swing.plaf.basic=ALL-UNNAMED --add-opens=java.desktop/javax.swing.plaf.synth=ALL-UNNAMED --add-opens=java.desktop/javax.swing.plaf.basic=ALL-UNNAMED --add-opens=java.desktop/javax.swing=ALL-UNNAMED --add-opens=java.desktop/javax.swing.tree=ALL-UNNAMED --add-opens=java.desktop/java.awt.event=ALL-UNNAMED --add-exports=java.desktop/javax.swing.plaf.synth=ALL-UNNAMED --add-exports=java.base/java.nio=ALL-UNNAMED --add-exports=java.desktop/sun.swing=ALL-UNNAMED --add-exports=java.desktop/javax.swing=ALL-UNNAMED --add-exports=java.desktop/javax.swing.tree=ALL-UNNAMED --add-exports=java.desktop/javax.swing.plaf.basic=ALL-UNNAMED --add-exports=java.desktop/sun.swing=ALL-UNNAMED --add-exports=java.desktop/sun.swing.table=ALL-UNNAMED --add-exports=java.desktop/sun.swing.plaf.synth=ALL-UNNAMED --add-exports=java.desktop/sun.awt.shell=ALL-UNNAMED --add-exports=java.base/sun.security.action=ALL-UNNAMED --add-exports=java.desktop/sun.font=ALL-UNNAMED -XX:NewSize=80m -XX:MaxNewSize=80m -Xms512m -Xmx4072m -Xss10m 
java_command: <unknown>
java_class_path (initial): D:/Vivado/2023.2\lib\classes\alloy.jar;D:/Vivado/2023.2\lib\classes\asm-9.3.jar;D:/Vivado/2023.2\lib\classes\asm-analysis-9.3.jar;D:/Vivado/2023.2\lib\classes\asm-commons-9.3.jar;D:/Vivado/2023.2\lib\classes\asm-tree-9.3.jar;D:/Vivado/2023.2\lib\classes\autoesl-models.jar;D:/Vivado/2023.2\lib\classes\batik-anim.jar;D:/Vivado/2023.2\lib\classes\batik-awt-util.jar;D:/Vivado/2023.2\lib\classes\batik-bridge.jar;D:/Vivado/2023.2\lib\classes\batik-codec.jar;D:/Vivado/2023.2\lib\classes\batik-constants.jar;D:/Vivado/2023.2\lib\classes\batik-css.jar;D:/Vivado/2023.2\lib\classes\batik-dom.jar;D:/Vivado/2023.2\lib\classes\batik-ext.jar;D:/Vivado/2023.2\lib\classes\batik-gui-util.jar;D:/Vivado/2023.2\lib\classes\batik-gvt.jar;D:/Vivado/2023.2\lib\classes\batik-i18n.jar;D:/Vivado/2023.2\lib\classes\batik-parser.jar;D:/Vivado/2023.2\lib\classes\batik-script.jar;D:/Vivado/2023.2\lib\classes\batik-svg-dom.jar;D:/Vivado/2023.2\lib\classes\batik-svggen.jar;D:/Vivado/2023.2\lib\classes\batik-swing.jar;D:/Vivado/2023.2\lib\classes\batik-transcoder.jar;D:/Vivado/2023.2\lib\classes\batik-util.jar;D:/Vivado/2023.2\lib\classes\batik-xml.jar;D:/Vivado/2023.2\lib\classes\com.fasterxml.jackson.core.jackson-annotations_2.12.1.v20210128-1726.jar;D:/Vivado/2023.2\lib\classes\com.fasterxml.jackson.core.jackson-core_2.12.1.v20210128-1726.jar;D:/Vivado/2023.2\lib\classes\com.fasterxml.jackson.core.jackson-databind_2.12.1.v20210128-1726.jar;D:/Vivado/2023.2\lib\classes\com.google.gson_2.8.9.v20220111-1409.jar;D:/Vivado/2023.2\lib\classes\com.google.guava_30.1.0.v20210127-2300.jar;D:/Vivado/2023.2\lib\classes\com.sigasi.hdt.connection_4.17.2.202304211001.jar;D:/Vivado/2023.2\lib\classes\com.sigasi.hdt.epl_4.17.2.202304211001.jar;D:/Vivado/2023.2\lib\classes\com.sigasi.hdt.project_4.17.2.202304211001.jar;D:/Vivado/2023.2\lib\classes\com.sigasi.hdt.readonlyfilesystem_4.17.2.202304211001.jar;D:/Vivado/2023.2\lib\classes\com.sigasi.hdt.shared_4.17.2.202304211001.jar;D:/Vivad
Launcher Type: generic

[Global flags]
     intx CICompilerCount                          = 4                                         {product} {ergonomic}
     uint ConcGCThreads                            = 2                                         {product} {ergonomic}
     uint G1ConcRefinementThreads                  = 8                                         {product} {ergonomic}
   size_t G1HeapRegionSize                         = 2097152                                   {product} {ergonomic}
    uintx GCDrainStackTargetSize                   = 64                                        {product} {ergonomic}
   size_t InitialHeapSize                          = 536870912                                 {product} {command line}
   size_t MarkStackSize                            = 4194304                                   {product} {ergonomic}
    uintx MaxGCPauseMillis                         = 200                                       {product} {command line}
   size_t MaxHeapSize                              = 4269801472                                {product} {command line}
   size_t MaxNewSize                               = 83886080                                  {product} {command line}
   size_t MinHeapDeltaBytes                        = 2097152                                   {product} {ergonomic}
   size_t MinHeapSize                              = 536870912                                 {product} {command line}
   size_t NewSize                                  = 83886080                                  {product} {command line}
    uintx NonNMethodCodeHeapSize                   = 5839372                                {pd product} {ergonomic}
    uintx NonProfiledCodeHeapSize                  = 122909434                              {pd product} {ergonomic}
     bool ParallelRefProcEnabled                   = true                                      {product} {command line}
    uintx ProfiledCodeHeapSize                     = 122909434                              {pd product} {ergonomic}
    uintx ReservedCodeCacheSize                    = 251658240                              {pd product} {ergonomic}
     bool SegmentedCodeCache                       = true                                      {product} {ergonomic}
   size_t SoftMaxHeapSize                          = 4269801472                             {manageable} {ergonomic}
    uintx StringTableSize                          = 4072                                      {product} {command line}
     intx ThreadStackSize                          = 10240                                  {pd product} {command line}
     bool UseCompressedClassPointers               = true                           {product lp64_product} {ergonomic}
     bool UseCompressedOops                        = true                           {product lp64_product} {ergonomic}
     bool UseG1GC                                  = true                                      {product} {ergonomic}
     bool UseLargePagesIndividualAllocation        = false                                  {pd product} {ergonomic}
     bool UsePerfData                              = false                                     {product} {command line}
     bool UseStringDeduplication                   = true                                      {product} {command line}

Logging:
Log output configuration:
 #0: stdout all=warning uptime,level,tags
 #1: stderr all=off uptime,level,tags

Environment Variables:
JAVA_HOME=C:\Users\debab\AppData\Local\Programs\Eclipse Adoptium\jdk-17.0.11.9-hotspot\
PATH=D:/Vivado/2023.2/bin;D:/Vivado/2023.2/tps/win64/java-cef-95.0.4638.69/bin/lib/win64;D:/Vivado/2023.2/tps/win64/javafx-sdk-17.0.1/lib;D:/Vivado/2023.2/tps/win64/javafx-sdk-17.0.1/bin;D:/Vivado/2023.2/lib/win64.o;D:/Vivado/2023.2/tps/win64/jre17.0.7_7/bin/server;D:/Vivado/2023.2/tps/win64/jre17.0.7_7/bin;D:/Vivado/2023.2/ids_lite/ISE/bin/nt64;D:/Vivado/2023.2/ids_lite/ISE/lib/nt64;D:/Vitis_HLS/2023.2/bin;C:\Program Files (x86)\Common Files\Oracle\Java\java8path;C:\Program Files (x86)\Common Files\Oracle\Java\javapath;C:\Python312\Scripts\;C:\Python312\;C:\oraclexe\app\oracle\product\11.2.0\server\bin;C:\ProgramData\Oracle\Java\javapath;C:\Windows\system32;C:\Windows;C:\Windows\System32\Wbem;C:\Windows\System32\WindowsPowerShell\v1.0\;C:\Windows\System32\OpenSSH\;C:\Program Files (x86)\NVIDIA Corporation\PhysX\Common;C:\Program Files\NVIDIA Corporation\NVIDIA NvDLISR;C:\Program Files\PuTTY\;C:\Program Files\nodejs\;C:\ProgramData\chocolatey\bin;C:\Program Files\Git\cmd;C:\Program Files\dotnet\;C:\Users\debab\AppData\Local\Programs\Eclipse Adoptium\jdk-17.0.11.9-hotspot\bin;C:\Program Files\MySQL\MySQL Shell 8.0\bin\;C:\Users\debab\AppData\Local\Microsoft\WindowsApps;C:\Users\debab\AppData\Local\Programs\Python\Python310;C:\Users\debab\AppData\Local\Programs\Python\Python310\Scripts;C:\Users\debab\AppData\Local\Programs\Microsoft VS Code\bin;C:\Users\debab\AppData\Roaming\npm;;D:/Vivado/2023.2\tps\mingw\6.2.0\win64.o\nt\bin;D:/Vivado/2023.2\tps\mingw\6.2.0\win64.o\nt\libexec\gcc\x86_64-w64-mingw32\6.2.0;D:/Vivado/2023.2\tps\win64\python-3.8.3;D:/Vivado/2023.2\tps\win64\python-3.8.3\bin;D:/Vivado/2023.2\tps\win64\python-3.8.3\lib;D:/Vivado/2023.2\tps\win64\python-3.8.3\lib\site-packages
USERNAME=debab
OS=Windows_NT
PROCESSOR_IDENTIFIER=Intel64 Family 6 Model 165 Stepping 2, GenuineIntel
TMP=C:\Users\debab\AppData\Local\Temp
TEMP=C:\Users\debab\AppData\Local\Temp



---------------  S Y S T E M  ---------------

OS:
 Windows 11 , 64 bit Build 26100 (10.0.26100.3775)
OS uptime: 0 days 17:39 hours
Hyper-V role detected

CPU: total 8 (initial active 8) (4 cores per cpu, 2 threads per core) family 6 model 165 stepping 2 microcode 0xe2, cx8, cmov, fxsr, ht, mmx, 3dnowpref, sse, sse2, sse3, ssse3, sse4.1, sse4.2, popcnt, lzcnt, tsc, tscinvbit, avx, avx2, aes, erms, clmul, bmi1, bmi2, adx, fma, vzeroupper, clflush, clflushopt, hv

Memory: 4k page, system-wide physical 8023M (971M free)
TotalPageFile size 20311M (AvailPageFile size 4432M)
current process WorkingSet (physical memory assigned to process): 2390M, peak: 2829M
current process commit charge ("private bytes"): 5483M, peak: 5483M

vm_info: OpenJDK 64-Bit Server VM (17.0.7+7) for windows-amd64 JRE (17.0.7+7), built on Apr 18 2023 22:10:42 by "temurin" with MS VC++ 16.7 (VS2019)

END.
