#
# A fatal error has been detected by the Java Runtime Environment:
#
#  EXCEPTION_ACCESS_VIOLATION (0xc0000005) at pc=0x00007ffa8bb9d61f, pid=4256, tid=5480
#
# JRE version: OpenJDK Runtime Environment Temurin-17.0.7+7 (17.0.7+7) (build 17.0.7+7)
# Java VM: OpenJDK 64-Bit Server VM Temurin-17.0.7+7 (17.0.7+7, mixed mode, sharing, tiered, compressed oops, compressed class ptrs, g1 gc, windows-amd64)
# Problematic frame:
# C  0x00007ffa8bb9d61f
#
# No core dump will be written. Minidumps are not enabled by default on client versions of Windows
#
# If you would like to submit a bug report, please visit:
#   https://github.com/adoptium/adoptium-support/issues
# The crash happened outside the Java Virtual Machine in native code.
# See problematic frame for where to report the bug.
#

---------------  S U M M A R Y ------------

Command Line: -Dsun.java2d.pmoffscreen=false -Dhttps.protocols=TLSv1,TLSv1.1,TLSv1.2 -Dsun.java2d.xrender=false -Dsun.java2d.d3d=false -Dsun.awt.nopixfmt=true -Dsun.java2d.dpiaware=true -Dsun.java2d.uiScale.enabled=false -Dswing.aatext=true -XX:-UsePerfData -Djdk.map.althashing.threshold=512 -XX:StringTableSize=4072 -XX:+UseStringDeduplication -XX:MaxGCPauseMillis=200 -XX:+ParallelRefProcEnabled --add-opens=java.desktop/javax.swing.plaf.synth=ALL-UNNAMED --add-opens=java.base/java.nio=ALL-UNNAMED --add-opens=java.desktop/sun.swing=ALL-UNNAMED --add-opens=java.desktop/javax.swing=ALL-UNNAMED --add-opens=java.desktop/javax.swing.tree=ALL-UNNAMED --add-opens=java.desktop/javax.swing.plaf.basic=ALL-UNNAMED --add-opens=java.desktop/javax.swing.plaf.synth=ALL-UNNAMED --add-opens=java.desktop/javax.swing.plaf.basic=ALL-UNNAMED --add-opens=java.desktop/javax.swing=ALL-UNNAMED --add-opens=java.desktop/javax.swing.tree=ALL-UNNAMED --add-opens=java.desktop/java.awt.event=ALL-UNNAMED --add-exports=java.desktop/javax.swing.plaf.synth=ALL-UNNAMED --add-exports=java.base/java.nio=ALL-UNNAMED --add-exports=java.desktop/sun.swing=ALL-UNNAMED --add-exports=java.desktop/javax.swing=ALL-UNNAMED --add-exports=java.desktop/javax.swing.tree=ALL-UNNAMED --add-exports=java.desktop/javax.swing.plaf.basic=ALL-UNNAMED --add-exports=java.desktop/sun.swing=ALL-UNNAMED --add-exports=java.desktop/sun.swing.table=ALL-UNNAMED --add-exports=java.desktop/sun.swing.plaf.synth=ALL-UNNAMED --add-exports=java.desktop/sun.awt.shell=ALL-UNNAMED --add-exports=java.base/sun.security.action=ALL-UNNAMED --add-exports=java.desktop/sun.font=ALL-UNNAMED -XX:NewSize=80m -XX:MaxNewSize=80m -Xms512m -Xmx4072m -Xss10m 

Host: Intel(R) Core(TM) i5-10300H CPU @ 2.50GHz, 8 cores, 7G,  Windows 11 , 64 bit Build 26100 (10.0.26100.3037)
Time: Mon Feb  3 12:07:57 2025 India Standard Time elapsed time: 4488.526134 seconds (0d 1h 14m 48s)

---------------  T H R E A D  ---------------

Current thread (0x00000249629d2600):  JavaThread "AWT-EventQueue-0" [_thread_in_native, id=5480, stack(0x000000a026800000,0x000000a027200000)]

Stack: [0x000000a026800000,0x000000a027200000],  sp=0x000000a0271fb848,  free space=10222k
Native frames: (J=compiled Java code, j=interpreted, Vv=VM code, C=native code)
C  0x00007ffa8bb9d61f

Java frames: (J=compiled Java code, j=interpreted, Vv=VM code)
j  ui.views.waveform.waveformi.WVExecutive_getValueDataSize(J)J+0
j  ui.views.waveform.executive.a.kYC()Lui/views/waveform/executive/protobuf/WVNameValue$WVValueTreeMessage;+4
j  ui.views.waveform.g.D.laE()[Ljava/lang/String;+7
J 25149 c1 ui.views.waveform.g.D.Kp(Z)V (64 bytes) @ 0x000002496b26cc64 [0x000002496b26c940+0x0000000000000324]
J 25148 c1 ui.views.waveform.g.u.Kp(Z)V (36 bytes) @ 0x000002496acb2754 [0x000002496acb2500+0x0000000000000254]
J 25245 c1 ui.views.waveform.a.Kp(Z)V (29 bytes) @ 0x000002496b53eb54 [0x000002496b53e920+0x0000000000000234]
j  ui.views.waveform.u.aS(ZZ)V+30
J 22160 c1 ui.views.waveform.d.b.j(Lui/frmwork/a/k;)V (605 bytes) @ 0x000002496c7a264c [0x000002496c79b840+0x0000000000006e0c]
J 22159 c1 ui.views.waveform.u.handleTclEvent(Lui/frmwork/a/k;)V (17 bytes) @ 0x000002496c79a61c [0x000002496c79a540+0x00000000000000dc]
J 21755 c2 ui.frmwork.a.m.c(Lui/frmwork/a/k;)V (61 bytes) @ 0x000002497328bfbc [0x000002497328ba60+0x000000000000055c]
J 21756 c2 ui.frmwork.F.i(JZ)V (471 bytes) @ 0x000002497328db48 [0x000002497328d140+0x0000000000000a08]
J 22237 c2 ui.frmwork.F.fireTclEvent(J)I (113 bytes) @ 0x0000024972633ee0 [0x0000024972632ac0+0x0000000000001420]
v  ~StubRoutines::call_stub
J 22642  ui.views.waveform.waveformi.WVExecutive_processModelEvent(JJ)V (0 bytes) @ 0x000002497336f2ec [0x000002497336f2a0+0x000000000000004c]
J 22807 c1 ui.views.waveform.d.b.fS(J)V (109 bytes) @ 0x000002496c24304c [0x000002496c242f80+0x00000000000000cc]
J 22160 c1 ui.views.waveform.d.b.j(Lui/frmwork/a/k;)V (605 bytes) @ 0x000002496c7a3354 [0x000002496c79b840+0x0000000000007b14]
J 22159 c1 ui.views.waveform.u.handleTclEvent(Lui/frmwork/a/k;)V (17 bytes) @ 0x000002496c79a61c [0x000002496c79a540+0x00000000000000dc]
J 21755 c2 ui.frmwork.a.m.c(Lui/frmwork/a/k;)V (61 bytes) @ 0x000002497328bfbc [0x000002497328ba60+0x000000000000055c]
J 21756 c2 ui.frmwork.F.i(JZ)V (471 bytes) @ 0x000002497328db48 [0x000002497328d140+0x0000000000000a08]
J 20227 c1 ui.frmwork.F.dv(J)V (15 bytes) @ 0x000002496c413aec [0x000002496c413a60+0x000000000000008c]
J 20226 c1 ui.frmwork.F$$Lambda$220+0x000000080171b1d8.run()V (12 bytes) @ 0x000002496c4136c4 [0x000002496c413640+0x0000000000000084]
J 12499 c2 java.awt.EventQueue.dispatchEvent(Ljava/awt/AWTEvent;)V java.desktop@17.0.7 (80 bytes) @ 0x0000024972717694 [0x0000024972716ac0+0x0000000000000bd4]
J 13992 c2 ui.frmwork.a.d.dispatchEvent(Ljava/awt/AWTEvent;)V (42 bytes) @ 0x0000024972936fac [0x0000024972936ec0+0x00000000000000ec]
J 19067 c2 java.awt.EventDispatchThread.pumpOneEventForFilters(I)V java.desktop@17.0.7 (113 bytes) @ 0x0000024972472548 [0x0000024972472140+0x0000000000000408]
J 21307 c2 java.awt.EventDispatchThread.pumpEventsForFilter(ILjava/awt/Conditional;Ljava/awt/EventFilter;)V java.desktop@17.0.7 (47 bytes) @ 0x000002497319fbe4 [0x000002497319fa00+0x00000000000001e4]
j  java.awt.EventDispatchThread.pumpEventsForFilter(Ljava/awt/Conditional;Ljava/awt/EventFilter;)V+4 java.desktop@17.0.7
j  java.awt.WaitDispatchSupport$2.run()V+59 java.desktop@17.0.7
j  java.awt.WaitDispatchSupport$4.run()Ljava/lang/Void;+4 java.desktop@17.0.7
j  java.awt.WaitDispatchSupport$4.run()Ljava/lang/Object;+1 java.desktop@17.0.7
J 21245 c2 java.security.AccessController.doPrivileged(Ljava/security/PrivilegedAction;)Ljava/lang/Object; java.base@17.0.7 (9 bytes) @ 0x0000024973195bd0 [0x0000024973195ba0+0x0000000000000030]
j  java.awt.WaitDispatchSupport.enter()Z+260 java.desktop@17.0.7
j  java.awt.Dialog.show()V+225 java.desktop@17.0.7
J 10805 c1 java.awt.Component.setVisible(Z)V java.desktop@17.0.7 (6 bytes) @ 0x000002496b3b67dc [0x000002496b3b65e0+0x00000000000001fc]
j  java.awt.Window.setVisible(Z)V+2 java.desktop@17.0.7
j  java.awt.Dialog.setVisible(Z)V+2 java.desktop@17.0.7
j  ui.dlg.c.e.setVisible(Z)V+2
j  ui.dlg.c.bq.bCa()V+65
j  ui.dlg.c.bq$c.actionPerformed(Ljava/awt/event/ActionEvent;)V+8
j  ui.dlg.c.bq.eTh()V+422
j  ui.views.c.w.b.f.run()V+4
j  ui.views.S.W.a(Ljava/lang/String;ZLjava/lang/Runnable;Ljava/lang/Runnable;)Z+275
j  ui.views.S.W.a(Ljava/lang/String;Ljava/lang/Runnable;Ljava/lang/Runnable;)Z+5
j  ui.views.S.W.c(Ljava/lang/String;Ljava/lang/Runnable;)Z+4
j  ui.views.c.w.b.d.b(Lui/data/design/B;Ljava/lang/String;Ljava/lang/String;)V+472
j  ui.views.c.w.b.d.E(Lui/data/design/B;)V+6
j  ui.views.c.w.b.d.F(Lui/data/design/B;)V+134
j  ui.views.c.w.b.d.run()V+249
j  ui.frmwork.cmd.a.hnk()Z+96
j  ui.utils.ad.actionPerformed(Ljava/awt/event/ActionEvent;)V+4
j  javax.swing.AbstractButton.fireActionPerformed(Ljava/awt/event/ActionEvent;)V+84 java.desktop@17.0.7
j  javax.swing.AbstractButton$Handler.actionPerformed(Ljava/awt/event/ActionEvent;)V+5 java.desktop@17.0.7
j  javax.swing.DefaultButtonModel.fireActionPerformed(Ljava/awt/event/ActionEvent;)V+34 java.desktop@17.0.7
j  javax.swing.DefaultButtonModel.setPressed(Z)V+117 java.desktop@17.0.7
j  javax.swing.AbstractButton.doClick(I)V+60 java.desktop@17.0.7
j  javax.swing.plaf.basic.BasicMenuItemUI.doClick(Ljavax/swing/MenuSelectionManager;)V+47 java.desktop@17.0.7
j  javax.swing.plaf.basic.BasicMenuItemUI$Handler.mouseReleased(Ljava/awt/event/MouseEvent;)V+76 java.desktop@17.0.7
J 17198 c1 java.awt.AWTEventMulticaster.mouseReleased(Ljava/awt/event/MouseEvent;)V java.desktop@17.0.7 (27 bytes) @ 0x000002496ad1ea84 [0x000002496ad1e860+0x0000000000000224]
J 17198 c1 java.awt.AWTEventMulticaster.mouseReleased(Ljava/awt/event/MouseEvent;)V java.desktop@17.0.7 (27 bytes) @ 0x000002496ad1ea84 [0x000002496ad1e860+0x0000000000000224]
J 16129 c1 java.awt.Component.processMouseEvent(Ljava/awt/event/MouseEvent;)V java.desktop@17.0.7 (100 bytes) @ 0x000002496a889d9c [0x000002496a889920+0x000000000000047c]
J 16130 c1 javax.swing.JComponent.processMouseEvent(Ljava/awt/event/MouseEvent;)V java.desktop@17.0.7 (27 bytes) @ 0x000002496b066974 [0x000002496b066760+0x0000000000000214]
J 19772 c2 java.awt.Container.processEvent(Ljava/awt/AWTEvent;)V java.desktop@17.0.7 (22 bytes) @ 0x0000024972fb8480 [0x0000024972fb81c0+0x00000000000002c0]
J 25270 c2 java.awt.Component.dispatchEventImpl(Ljava/awt/AWTEvent;)V java.desktop@17.0.7 (777 bytes) @ 0x000002497380b02c [0x000002497380a2c0+0x0000000000000d6c]
J 17429 c2 java.awt.Container.dispatchEventImpl(Ljava/awt/AWTEvent;)V java.desktop@17.0.7 (129 bytes) @ 0x0000024972ec8718 [0x0000024972ec86c0+0x0000000000000058]
J 13993 c2 java.awt.LightweightDispatcher.retargetMouseEvent(Ljava/awt/Component;ILjava/awt/event/MouseEvent;)V java.desktop@17.0.7 (372 bytes) @ 0x00000249729387cc [0x0000024972938420+0x00000000000003ac]
J 16961 c2 java.awt.LightweightDispatcher.processMouseEvent(Ljava/awt/event/MouseEvent;)Z java.desktop@17.0.7 (265 bytes) @ 0x00000249722a7764 [0x00000249722a7200+0x0000000000000564]
J 17429 c2 java.awt.Container.dispatchEventImpl(Ljava/awt/AWTEvent;)V java.desktop@17.0.7 (129 bytes) @ 0x0000024972ec8c18 [0x0000024972ec86c0+0x0000000000000558]
J 19464 c2 java.awt.Window.dispatchEventImpl(Ljava/awt/AWTEvent;)V java.desktop@17.0.7 (23 bytes) @ 0x0000024972eb2cec [0x0000024972eb2ca0+0x000000000000004c]
J 13988 c2 java.awt.EventQueue$4.run()Ljava/lang/Void; java.desktop@17.0.7 (60 bytes) @ 0x0000024972933c54 [0x00000249729337e0+0x0000000000000474]
J 14767 c2 java.awt.EventQueue$4.run()Ljava/lang/Object; java.desktop@17.0.7 (5 bytes) @ 0x00000249729d83d4 [0x00000249729d83a0+0x0000000000000034]
J 12499 c2 java.awt.EventQueue.dispatchEvent(Ljava/awt/AWTEvent;)V java.desktop@17.0.7 (80 bytes) @ 0x0000024972717600 [0x0000024972716ac0+0x0000000000000b40]
J 13992 c2 ui.frmwork.a.d.dispatchEvent(Ljava/awt/AWTEvent;)V (42 bytes) @ 0x0000024972936fac [0x0000024972936ec0+0x00000000000000ec]
J 19067 c2 java.awt.EventDispatchThread.pumpOneEventForFilters(I)V java.desktop@17.0.7 (113 bytes) @ 0x0000024972472548 [0x0000024972472140+0x0000000000000408]
J 21073% c2 java.awt.EventDispatchThread.pumpEventsForFilter(ILjava/awt/Conditional;Ljava/awt/EventFilter;)V java.desktop@17.0.7 (47 bytes) @ 0x000002497316af34 [0x000002497316ae00+0x0000000000000134]
j  java.awt.EventDispatchThread.pumpEventsForHierarchy(ILjava/awt/Conditional;Ljava/awt/Component;)V+11 java.desktop@17.0.7
j  java.awt.EventDispatchThread.pumpEvents(ILjava/awt/Conditional;)V+4 java.desktop@17.0.7
j  java.awt.EventDispatchThread.pumpEvents(Ljava/awt/Conditional;)V+3 java.desktop@17.0.7
j  java.awt.EventDispatchThread.run()V+9 java.desktop@17.0.7
v  ~StubRoutines::call_stub

siginfo: EXCEPTION_ACCESS_VIOLATION (0xc0000005), reading address 0x0000000000000010


Register to memory mapping:

RIP=0x00007ffa8bb9d61f points into unknown readable memory: 83
RAX=0x0 is NULL
RBX=0x000000a0271fba88 is pointing into the stack for thread: 0x00000249629d2600
RCX=0x000002498ffdb860 points into unknown readable memory: 0x0000000000000000 | 00 00 00 00 00 00 00 00
RDX=0x0 is NULL
RSP=0x000000a0271fb848 is pointing into the stack for thread: 0x00000249629d2600
RBP=0x000002498ffdb860 points into unknown readable memory: 0x0000000000000000 | 00 00 00 00 00 00 00 00
RSI=0x00000249fd1fd690 points into unknown readable memory: 0x0000000000024a39 | 39 4a 02 00 00 00 00 00
RDI=0x000000a0271fba70 is pointing into the stack for thread: 0x00000249629d2600
R8 =0x0000024957bf9fc0 points into unknown readable memory: 0x0000024957bf0de0 | e0 0d bf 57 49 02 00 00
R9 =0x0000000000000040 is an unknown value
R10=0x0000024957bf0000 points into unknown readable memory: 0x0000000000000000 | 00 00 00 00 00 00 00 00
R11=0x00007ffae91b16d1 VCRUNTIME140.dll
R12=0x000000a0271fb8e8 is pointing into the stack for thread: 0x00000249629d2600
R13=0x000000a0271fbb00 is pointing into the stack for thread: 0x00000249629d2600
R14=0x0 is NULL
R15=0x00000249bd03ed78 points into unknown readable memory: 0x0000024a16b0f840 | 40 f8 b0 16 4a 02 00 00


Registers:
RAX=0x0000000000000000, RBX=0x000000a0271fba88, RCX=0x000002498ffdb860, RDX=0x0000000000000000
RSP=0x000000a0271fb848, RBP=0x000002498ffdb860, RSI=0x00000249fd1fd690, RDI=0x000000a0271fba70
R8 =0x0000024957bf9fc0, R9 =0x0000000000000040, R10=0x0000024957bf0000, R11=0x00007ffae91b16d1
R12=0x000000a0271fb8e8, R13=0x000000a0271fbb00, R14=0x0000000000000000, R15=0x00000249bd03ed78
RIP=0x00007ffa8bb9d61f, EFLAGS=0x0000000000010246

Top of Stack: (sp=0x000000a0271fb848)
0x000000a0271fb848:   00007ffa8bb7d981 000000a0271fba88
0x000000a0271fb858:   000000a0271fb900 00000249fd1fd690
0x000000a0271fb868:   000000a0271fbb50 0000000000000fc9
0x000000a0271fb878:   000000a0271fbb50 000000a0271fbb10
0x000000a0271fb888:   0000000000024a38 0000000000000001
0x000000a0271fb898:   00007ffa56cabf7a 000000a0271fb900
0x000000a0271fb8a8:   000002498ffdb860 00000249bc33b9c0
0x000000a0271fb8b8:   0000000000024a39 0000000000024a3d
0x000000a0271fb8c8:   0000000000000001 fffffffffffffffe
0x000000a0271fb8d8:   0000000000024a38 0000ce3400000008
0x000000a0271fb8e8:   00000249fd1fd690 00000249fd1fd6b0
0x000000a0271fb8f8:   00000249fd1fd6b0 00000249bd03ed60
0x000000a0271fb908:   000000a0271fbc18 000000a0271fbb50
0x000000a0271fb918:   000000a0271fbb10 0000000000002000
0x000000a0271fb928:   00007ffa56cabd50 0000024900000200
0x000000a0271fb938:   0000000000001036 0000000000000002 

Instructions: (pc=0x00007ffa8bb9d61f)
0x00007ffa8bb9d51f:   c8 e9 6b ff ff ff cc cc cc cc cc cc cc cc cc cc
0x00007ffa8bb9d52f:   cc 48 89 5c 24 10 56 48 8b 99 f8 00 00 00 33 f6
0x00007ffa8bb9d53f:   89 b1 f0 00 00 00 48 85 db 74 78 44 8b 43 10 8b
0x00007ffa8bb9d54f:   c6 41 83 e8 01 48 89 7c 24 10 44 8b ce 40 0f b6
0x00007ffa8bb9d55f:   fe 78 34 4c 8b 59 20 66 66 0f 1f 84 00 00 00 00
0x00007ffa8bb9d56f:   00 43 8d 04 08 99 2b c2 d1 f8 4c 3b 5c c3 18 7e
0x00007ffa8bb9d57f:   06 44 8d 48 01 eb 06 7d 0b 44 8d 40 ff 45 3b c8
0x00007ffa8bb9d58f:   7e df eb 03 40 b7 01 40 84 ff 48 8b 7c 24 10 74
0x00007ffa8bb9d59f:   0d 89 81 f0 00 00 00 48 8b 5c 24 18 5e c3 45 3b
0x00007ffa8bb9d5af:   c8 45 0f 4c c1 45 85 c0 44 0f 48 c6 44 89 81 f0
0x00007ffa8bb9d5bf:   00 00 00 48 8b 5c 24 18 5e c3 cc cc cc cc cc cc
0x00007ffa8bb9d5cf:   cc 83 79 38 ff 0f 95 c0 c3 cc cc cc cc cc cc cc
0x00007ffa8bb9d5df:   cc 8b 51 5c 85 d2 74 43 83 ea 01 74 3b 83 ea 01
0x00007ffa8bb9d5ef:   74 2a 83 fa 01 75 34 48 8b 49 68 80 b9 49 48 00
0x00007ffa8bb9d5ff:   00 00 74 06 83 79 30 00 75 1e 48 8b 81 68 48 00
0x00007ffa8bb9d60f:   00 48 39 81 60 48 00 00 0f 94 c0 c3 48 8b 41 60
0x00007ffa8bb9d61f:   83 78 10 00 0f 94 c0 c3 32 c0 c3 b0 01 c3 cc cc
0x00007ffa8bb9d62f:   cc 40 53 48 83 ec 20 48 8b d9 e8 42 fd ff ff 48
0x00007ffa8bb9d63f:   8b 43 40 48 39 43 38 74 2c 48 8b c8 48 8b 43 30
0x00007ffa8bb9d64f:   48 85 c0 7e 0e 48 8b 51 d8 48 85 d2 7e 05 48 3b
0x00007ffa8bb9d65f:   c2 7d 2e 8b 41 f8 3b 41 e8 74 0a 48 8b 94 c1 d8
0x00007ffa8bb9d66f:   bf ff ff eb 02 33 d2 48 8b 4b 08 4c 8d 43 50 41
0x00007ffa8bb9d67f:   b9 20 48 00 00 48 8b 01 48 83 c4 20 5b 48 ff 60
0x00007ffa8bb9d68f:   10 48 83 c4 20 5b c3 cc cc cc cc cc cc cc cc cc
0x00007ffa8bb9d69f:   cc 40 57 48 83 ec 20 80 79 59 00 48 8b f9 0f 85
0x00007ffa8bb9d6af:   86 01 00 00 8b 81 f0 00 00 00 ff c0 89 81 f0 00
0x00007ffa8bb9d6bf:   00 00 48 8b 89 f8 00 00 00 48 85 c9 74 0d 84 d2
0x00007ffa8bb9d6cf:   75 09 3b 41 10 0f 82 5f 01 00 00 48 89 5c 24 30
0x00007ffa8bb9d6df:   48 89 74 24 38 48 8d b7 00 01 00 00 48 8b ce c6
0x00007ffa8bb9d6ef:   47 59 01 48 c7 87 f8 00 00 00 00 00 00 00 c7 87
0x00007ffa8bb9d6ff:   f0 00 00 00 00 00 00 00 e8 74 fc ff ff 48 8b 46
0x00007ffa8bb9d70f:   40 48 39 46 38 74 46 48 8b c8 0f 1f 80 00 00 00 


Stack slot to memory mapping:
stack at sp + 0 slots: 0x00007ffa8bb7d981 points into unknown readable memory: 84 c0 0f 84 85 00 00
stack at sp + 1 slots: 0x000000a0271fba88 is pointing into the stack for thread: 0x00000249629d2600
stack at sp + 2 slots: 0x000000a0271fb900 is pointing into the stack for thread: 0x00000249629d2600
stack at sp + 3 slots: 0x00000249fd1fd690 points into unknown readable memory: 0x0000000000024a39 | 39 4a 02 00 00 00 00 00
stack at sp + 4 slots: 0x000000a0271fbb50 is pointing into the stack for thread: 0x00000249629d2600
stack at sp + 5 slots: 0x0000000000000fc9 is an unknown value
stack at sp + 6 slots: 0x000000a0271fbb50 is pointing into the stack for thread: 0x00000249629d2600
stack at sp + 7 slots: 0x000000a0271fbb10 is pointing into the stack for thread: 0x00000249629d2600


---------------  P R O C E S S  ---------------

Threads class SMR info:
_java_thread_list=0x00000249444a0390, length=54, elements={
0x0000024961d34720, 0x00000249627be290, 0x00000249627bf360, 0x00000249627e96b0,
0x00000249627e9f70, 0x00000249627ec060, 0x00000249627f20c0, 0x00000249627f79b0,
0x00000249627fbaf0, 0x00000249627fc810, 0x00000249629d5620, 0x00000249629d5af0,
0x00000249629d4c80, 0x00000249629d42e0, 0x00000249629d2130, 0x00000249629d5150,
0x00000249629d2600, 0x00000249629d2fa0, 0x00000249629d47b0, 0x00000249629d3940,
0x000002490d7c0a20, 0x00000249159ccbe0, 0x00000249159cd0b0, 0x0000024916b1b060,
0x0000024916b1b530, 0x0000024916b20230, 0x00000249186fd3f0, 0x00000249298e2f60,
0x00000249298e4770, 0x00000249298e42a0, 0x00000249298e4c40, 0x00000249298e5110,
0x00000249298e5ab0, 0x00000249298e55e0, 0x000002492bb260d0, 0x000002492bb25c00,
0x000002492bb27db0, 0x000002492bb26a70, 0x000002492bb26f40, 0x000002492bb27410,
0x000002492bb2b770, 0x000002492bb2bc40, 0x000002492bb265a0, 0x000002492bb2f600,
0x000002492bb2d450, 0x000002492bb15cf0, 0x000002492bb18840, 0x000002492bb2ec60,
0x000002492bb2f130, 0x000002492bb1da10, 0x000002492bb1d070, 0x000002492bb17ea0,
0x000002492bb161c0, 0x000002492bb16b60
}

Java Threads: ( => current thread )
  0x0000024961d34720 JavaThread "main" [_thread_blocked, id=15044, stack(0x000000a01da00000,0x000000a01db00000)]
  0x00000249627be290 JavaThread "Reference Handler" daemon [_thread_blocked, id=912, stack(0x000000a01e200000,0x000000a01ec00000)]
  0x00000249627bf360 JavaThread "Finalizer" daemon [_thread_blocked, id=12676, stack(0x000000a01ec00000,0x000000a01f600000)]
  0x00000249627e96b0 JavaThread "Signal Dispatcher" daemon [_thread_blocked, id=22416, stack(0x000000a01f600000,0x000000a020000000)]
  0x00000249627e9f70 JavaThread "Attach Listener" daemon [_thread_blocked, id=18056, stack(0x000000a020000000,0x000000a020a00000)]
  0x00000249627ec060 JavaThread "Service Thread" daemon [_thread_blocked, id=13128, stack(0x000000a020a00000,0x000000a021400000)]
  0x00000249627f20c0 JavaThread "Monitor Deflation Thread" daemon [_thread_blocked, id=10704, stack(0x000000a021400000,0x000000a021e00000)]
  0x00000249627f79b0 JavaThread "C2 CompilerThread0" daemon [_thread_blocked, id=13448, stack(0x000000a021e00000,0x000000a021f00000)]
  0x00000249627fbaf0 JavaThread "C1 CompilerThread0" daemon [_thread_blocked, id=12788, stack(0x000000a021f00000,0x000000a022000000)]
  0x00000249627fc810 JavaThread "Sweeper thread" daemon [_thread_blocked, id=13868, stack(0x000000a022000000,0x000000a022a00000)]
  0x00000249629d5620 JavaThread "Common-Cleaner" daemon [_thread_blocked, id=14700, stack(0x000000a022b00000,0x000000a023500000)]
  0x00000249629d5af0 JavaThread "Notification Thread" daemon [_thread_blocked, id=6244, stack(0x000000a023500000,0x000000a023f00000)]
  0x00000249629d4c80 JavaThread "Java2D Disposer" daemon [_thread_blocked, id=12096, stack(0x000000a024000000,0x000000a024a00000)]
  0x00000249629d42e0 JavaThread "AWT-Windows" daemon [_thread_in_native, id=21688, stack(0x000000a025400000,0x000000a025e00000)]
  0x00000249629d2130 JavaThread "TimerQueue" daemon [_thread_blocked, id=17940, stack(0x000000a024a00000,0x000000a025400000)]
  0x00000249629d5150 JavaThread "AWT-Shutdown" [_thread_blocked, id=22360, stack(0x000000a025e00000,0x000000a026800000)]
=>0x00000249629d2600 JavaThread "AWT-EventQueue-0" [_thread_in_native, id=5480, stack(0x000000a026800000,0x000000a027200000)]
  0x00000249629d2fa0 JavaThread "Thread-1" [_thread_in_native, id=12116, stack(0x000000a01c000000,0x000000a01d400000)]
  0x00000249629d47b0 JavaThread "Process Messages Thread" [_thread_blocked, id=16268, stack(0x000000a028f00000,0x000000a029900000)]
  0x00000249629d3940 JavaThread "Batik CleanerThread" daemon [_thread_blocked, id=22104, stack(0x000000a028500000,0x000000a028f00000)]
  0x000002490d7c0a20 JavaThread "SyntheticaCleanerThread" daemon [_thread_blocked, id=2800, stack(0x000000a02a400000,0x000000a02ae00000)]
  0x00000249159ccbe0 JavaThread "Timer-0" [_thread_blocked, id=4552, stack(0x000000a02b800000,0x000000a02c200000)]
  0x00000249159cd0b0 JavaThread "Monitor File Timestamp Swing Worker Thread" [_thread_blocked, id=10116, stack(0x000000a02c200000,0x000000a02cc00000)]
  0x0000024916b1b060 JavaThread "Monitor HEventQueue Thread" [_thread_blocked, id=4544, stack(0x000000a02cd00000,0x000000a02d700000)]
  0x0000024916b1b530 JavaThread "SyntheticaAnimation 50" daemon [_thread_blocked, id=1444, stack(0x000000a02d700000,0x000000a02e100000)]
  0x0000024916b20230 JavaThread "SyntheticaAnimation 25" daemon [_thread_blocked, id=4412, stack(0x000000a02e100000,0x000000a02eb00000)]
  0x00000249186fd3f0 JavaThread "SyntheticaAnimation 70" daemon [_thread_blocked, id=21148, stack(0x000000a02eb00000,0x000000a02f500000)]
  0x00000249298e2f60 JavaThread "Refresh Filesets Swing Worker Thread" [_thread_blocked, id=9648, stack(0x000000a027200000,0x000000a027c00000)]
  0x00000249298e4770 JavaThread "hw_ila_monitor" [_thread_blocked, id=18148, stack(0x000000a02ae00000,0x000000a02b800000)]
  0x00000249298e42a0 JavaThread "pool-1-thread-1" [_thread_blocked, id=2312, stack(0x000000a030900000,0x000000a031300000)]
  0x00000249298e4c40 JavaThread "Timer-1" [_thread_blocked, id=19988, stack(0x000000a031300000,0x000000a031d00000)]
  0x00000249298e5110 JavaThread "pool-2-thread-1" [_thread_blocked, id=21624, stack(0x000000a031d00000,0x000000a032700000)]
  0x00000249298e5ab0 JavaThread "Timer-2" [_thread_blocked, id=9300, stack(0x000000a032700000,0x000000a033100000)]
  0x00000249298e55e0 JavaThread "pool-3-thread-1" [_thread_blocked, id=4640, stack(0x000000a033100000,0x000000a033b00000)]
  0x000002492bb260d0 JavaThread "Timer-3" [_thread_blocked, id=19540, stack(0x000000a033b00000,0x000000a034500000)]
  0x000002492bb25c00 JavaThread "Update Runs Swing Worker Thread" [_thread_blocked, id=11344, stack(0x000000a034500000,0x000000a034f00000)]
  0x000002492bb27db0 JavaThread "SyntheticaAnimation 50" daemon [_thread_blocked, id=7204, stack(0x000000a029900000,0x000000a02a300000)]
  0x000002492bb26a70 JavaThread "Image Animator 3" daemon [_thread_blocked, id=11896, stack(0x000000a02f500000,0x000000a02ff00000)]
  0x000002492bb26f40 JavaThread "Timer-4" [_thread_blocked, id=1632, stack(0x000000a02ff00000,0x000000a030900000)]
  0x000002492bb27410 JavaThread "Monitor File Timestamp Swing Worker Thread" [_thread_blocked, id=21736, stack(0x000000a034f00000,0x000000a035900000)]
  0x000002492bb2b770 JavaThread "Thread-2342" [_thread_in_native, id=7748, stack(0x000000a01bc00000,0x000000a01bd00000)]
  0x000002492bb2bc40 JavaThread "Thread-2344" [_thread_in_native, id=4896, stack(0x000000a01d500000,0x000000a01d600000)]
  0x000002492bb265a0 JavaThread "Timer-13" [_thread_blocked, id=9900, stack(0x000000a035900000,0x000000a036300000)]
  0x000002492bb2f600 JavaThread "Timer-15" [_thread_blocked, id=19392, stack(0x000000a038100000,0x000000a038b00000)]
  0x000002492bb2d450 JavaThread "Timer-19" [_thread_blocked, id=6508, stack(0x000000a039f00000,0x000000a03a900000)]
  0x000002492bb15cf0 JavaThread "Timer-26" [_thread_blocked, id=21496, stack(0x000000a036300000,0x000000a036d00000)]
  0x000002492bb18840 JavaThread "Timer-28" [_thread_blocked, id=17008, stack(0x000000a03bd00000,0x000000a03c700000)]
  0x000002492bb2ec60 JavaThread "Timer-34" [_thread_blocked, id=16216, stack(0x000000a03e500000,0x000000a03ef00000)]
  0x000002492bb2f130 JavaThread "Monitor File Timestamp Swing Worker Thread" [_thread_blocked, id=23356, stack(0x000000a03ef00000,0x000000a03f900000)]
  0x000002492bb1da10 JavaThread "Timer-42" [_thread_blocked, id=21652, stack(0x000000a03f900000,0x000000a040300000)]
  0x000002492bb1d070 JavaThread "Monitor File Timestamp Swing Worker Thread" [_thread_blocked, id=19400, stack(0x000000a040300000,0x000000a040d00000)]
  0x000002492bb17ea0 JavaThread "Timer-48" [_thread_blocked, id=18728, stack(0x000000a036d00000,0x000000a037700000)]
  0x000002492bb161c0 JavaThread "Monitor File Timestamp Swing Worker Thread" [_thread_blocked, id=19736, stack(0x000000a038b00000,0x000000a039500000)]
  0x000002492bb16b60 JavaThread "Run Simulation Thread" [_thread_blocked, id=5736, stack(0x000000a037700000,0x000000a038100000)]

Other Threads:
  0x000002495ec61d80 VMThread "VM Thread" [stack: 0x000000a01e100000,0x000000a01e200000] [id=23132]
  0x000002495eae1250 WatcherThread [stack: 0x000000a023f00000,0x000000a024000000] [id=10028]
  0x0000024961162400 GCTaskThread "GC Thread#0" [stack: 0x000000a01db00000,0x000000a01dc00000] [id=7880]
  0x0000024961163ee0 GCTaskThread "GC Thread#1" [stack: 0x000000a022a00000,0x000000a022b00000] [id=23152]
  0x0000024961162ec0 GCTaskThread "GC Thread#2" [stack: 0x000000a027c00000,0x000000a027d00000] [id=4676]
  0x00000249611649a0 GCTaskThread "GC Thread#3" [stack: 0x000000a027d00000,0x000000a027e00000] [id=21968]
  0x0000024961162960 GCTaskThread "GC Thread#4" [stack: 0x000000a027e00000,0x000000a027f00000] [id=9948]
  0x00000249611636d0 GCTaskThread "GC Thread#5" [stack: 0x000000a027f00000,0x000000a028000000] [id=16628]
  0x0000024961163c30 GCTaskThread "GC Thread#6" [stack: 0x000000a028000000,0x000000a028100000] [id=6468]
  0x0000024961161bf0 GCTaskThread "GC Thread#7" [stack: 0x000000a028100000,0x000000a028200000] [id=16664]
  0x00000249618eef50 ConcurrentGCThread "G1 Main Marker" [stack: 0x000000a01dc00000,0x000000a01dd00000] [id=17128]
  0x000002496115e630 ConcurrentGCThread "G1 Conc#0" [stack: 0x000000a01dd00000,0x000000a01de00000] [id=16136]
  0x00000249611651b0 ConcurrentGCThread "G1 Conc#1" [stack: 0x000000a028400000,0x000000a028500000] [id=13496]
  0x00000249615bb600 ConcurrentGCThread "G1 Refine#0" [stack: 0x000000a01de00000,0x000000a01df00000] [id=22496]
  0x000002490c775cf0 ConcurrentGCThread "G1 Refine#1" [stack: 0x000000a028200000,0x000000a028300000] [id=22656]
  0x00000249626ebf40 ConcurrentGCThread "G1 Service" [stack: 0x000000a01df00000,0x000000a01e000000] [id=12380]
  0x0000024961164190 ConcurrentGCThread "StringDedupProcessor" [stack: 0x000000a01e000000,0x000000a01e100000] [id=20168]

Threads with active compile tasks:

VM state: not at safepoint (normal execution)

VM Mutex/Monitor currently owned by a thread: None

Heap address: 0x0000000701800000, size: 4072 MB, Compressed Oops mode: Zero based, Oop shift amount: 3

CDS archive(s) mapped at: [0x0000000800000000-0x0000000800bc0000-0x0000000800bc0000), size 12320768, SharedBaseAddress: 0x0000000800000000, ArchiveRelocationMode: 0.
Compressed class space mapped at: 0x0000000801000000-0x0000000841000000, reserved size: 1073741824
Narrow klass base: 0x0000000800000000, Narrow klass shift: 0, Narrow klass range: 0x100000000

GC Precious Log:
 CPUs: 8 total, 8 available
 Memory: 8023M
 Large Page Support: Disabled
 NUMA Support: Disabled
 Compressed Oops: Enabled (Zero based)
 Heap Region Size: 2M
 Heap Min Capacity: 512M
 Heap Initial Capacity: 512M
 Heap Max Capacity: 4072M
 Pre-touch: Disabled
 Parallel Workers: 8
 Concurrent Workers: 2
 Concurrent Refinement Workers: 8
 Periodic GC: Disabled
 String Deduplication is enabled

Heap:
 garbage-first heap   total 524288K, used 172172K [0x0000000701800000, 0x0000000800000000)
  region size 2048K, 23 young (47104K), 0 survivors (0K)
 Metaspace       used 88038K, committed 88832K, reserved 1179648K
  class space    used 11694K, committed 12160K, reserved 1048576K

Heap Regions: E=young(eden), S=young(survivor), O=old, HS=humongous(starts), HC=humongous(continues), CS=collection set, F=free, OA=open archive, CA=closed archive, TAMS=top-at-mark-start (previous, next)
|   0|0x0000000701800000, 0x0000000701a00000, 0x0000000701a00000|100%|HS|  |TAMS 0x0000000701a00000, 0x0000000701800000| Untracked 
|   1|0x0000000701a00000, 0x0000000701bfffd8, 0x0000000701c00000| 99%| O|  |TAMS 0x0000000701a00000, 0x0000000701a00000| Untracked 
|   2|0x0000000701c00000, 0x0000000701dfffb8, 0x0000000701e00000| 99%| O|  |TAMS 0x0000000701dfffb8, 0x0000000701c00000| Untracked 
|   3|0x0000000701e00000, 0x0000000701fffff8, 0x0000000702000000| 99%| O|  |TAMS 0x0000000701fffff8, 0x0000000701e00000| Untracked 
|   4|0x0000000702000000, 0x00000007021ffff0, 0x0000000702200000| 99%| O|  |TAMS 0x00000007021ffff0, 0x0000000702000000| Untracked 
|   5|0x0000000702200000, 0x00000007023fffa8, 0x0000000702400000| 99%| O|  |TAMS 0x00000007023fffa8, 0x0000000702200000| Untracked 
|   6|0x0000000702400000, 0x00000007025ffff8, 0x0000000702600000| 99%| O|  |TAMS 0x00000007025ffff8, 0x0000000702400000| Untracked 
|   7|0x0000000702600000, 0x00000007027fffe0, 0x0000000702800000| 99%| O|  |TAMS 0x00000007027fffe0, 0x0000000702600000| Untracked 
|   8|0x0000000702800000, 0x00000007029fffd0, 0x0000000702a00000| 99%| O|  |TAMS 0x00000007029fffd0, 0x0000000702800000| Untracked 
|   9|0x0000000702a00000, 0x0000000702bff5c0, 0x0000000702c00000| 99%| O|  |TAMS 0x0000000702bff5c0, 0x0000000702a00000| Untracked 
|  10|0x0000000702c00000, 0x0000000702dfc980, 0x0000000702e00000| 99%| O|  |TAMS 0x0000000702dfc980, 0x0000000702c00000| Untracked 
|  11|0x0000000702e00000, 0x0000000703000000, 0x0000000703000000|100%| O|  |TAMS 0x0000000703000000, 0x0000000702e00000| Untracked 
|  12|0x0000000703000000, 0x0000000703200000, 0x0000000703200000|100%| O|  |TAMS 0x0000000703200000, 0x0000000703000000| Untracked 
|  13|0x0000000703200000, 0x00000007033fffe8, 0x0000000703400000| 99%| O|  |TAMS 0x00000007033fffe8, 0x0000000703200000| Untracked 
|  14|0x0000000703400000, 0x0000000703600000, 0x0000000703600000|100%| O|  |TAMS 0x0000000703600000, 0x0000000703400000| Untracked 
|  15|0x0000000703600000, 0x00000007037fff80, 0x0000000703800000| 99%| O|  |TAMS 0x00000007037fff80, 0x0000000703600000| Untracked 
|  16|0x0000000703800000, 0x00000007039ffff0, 0x0000000703a00000| 99%| O|  |TAMS 0x0000000703800000, 0x0000000703800000| Untracked 
|  17|0x0000000703a00000, 0x0000000703bfff10, 0x0000000703c00000| 99%| O|  |TAMS 0x0000000703bfff10, 0x0000000703a00000| Untracked 
|  18|0x0000000703c00000, 0x0000000703dffff8, 0x0000000703e00000| 99%| O|  |TAMS 0x0000000703c00000, 0x0000000703c00000| Untracked 
|  19|0x0000000703e00000, 0x0000000703fffff0, 0x0000000704000000| 99%| O|  |TAMS 0x0000000703e00000, 0x0000000703e00000| Untracked 
|  20|0x0000000704000000, 0x00000007041fffe8, 0x0000000704200000| 99%| O|  |TAMS 0x0000000704000000, 0x0000000704000000| Untracked 
|  21|0x0000000704200000, 0x0000000704400000, 0x0000000704400000|100%| O|  |TAMS 0x0000000704200000, 0x0000000704200000| Untracked 
|  22|0x0000000704400000, 0x00000007045ffff0, 0x0000000704600000| 99%| O|  |TAMS 0x0000000704400000, 0x0000000704400000| Untracked 
|  23|0x0000000704600000, 0x00000007047ffff8, 0x0000000704800000| 99%| O|  |TAMS 0x00000007047ffff8, 0x0000000704600000| Untracked 
|  24|0x0000000704800000, 0x00000007049ffff0, 0x0000000704a00000| 99%| O|  |TAMS 0x00000007049ffff0, 0x0000000704800000| Untracked 
|  25|0x0000000704a00000, 0x0000000704bffff0, 0x0000000704c00000| 99%| O|  |TAMS 0x0000000704bffff0, 0x0000000704a00000| Untracked 
|  26|0x0000000704c00000, 0x0000000704e00000, 0x0000000704e00000|100%|HS|  |TAMS 0x0000000704e00000, 0x0000000704c00000| Untracked 
|  27|0x0000000704e00000, 0x0000000705000000, 0x0000000705000000|100%|HC|  |TAMS 0x0000000705000000, 0x0000000704e00000| Untracked 
|  28|0x0000000705000000, 0x0000000705200000, 0x0000000705200000|100%|HC|  |TAMS 0x0000000705200000, 0x0000000705000000| Untracked 
|  29|0x0000000705200000, 0x0000000705400000, 0x0000000705400000|100%|HC|  |TAMS 0x0000000705400000, 0x0000000705200000| Untracked 
|  30|0x0000000705400000, 0x0000000705600000, 0x0000000705600000|100%| O|  |TAMS 0x0000000705600000, 0x0000000705400000| Untracked 
|  31|0x0000000705600000, 0x00000007057ffff8, 0x0000000705800000| 99%| O|  |TAMS 0x00000007057ffff8, 0x0000000705600000| Untracked 
|  32|0x0000000705800000, 0x00000007059ffff8, 0x0000000705a00000| 99%| O|  |TAMS 0x00000007059ffff8, 0x0000000705800000| Untracked 
|  33|0x0000000705a00000, 0x0000000705bfffd8, 0x0000000705c00000| 99%| O|  |TAMS 0x0000000705bfffd8, 0x0000000705a00000| Untracked 
|  34|0x0000000705c00000, 0x0000000705dffff8, 0x0000000705e00000| 99%| O|  |TAMS 0x0000000705dffff8, 0x0000000705c00000| Untracked 
|  35|0x0000000705e00000, 0x0000000706000000, 0x0000000706000000|100%| O|  |TAMS 0x0000000706000000, 0x0000000705e00000| Untracked 
|  36|0x0000000706000000, 0x0000000706200000, 0x0000000706200000|100%| O|  |TAMS 0x0000000706200000, 0x0000000706000000| Untracked 
|  37|0x0000000706200000, 0x00000007063fffe8, 0x0000000706400000| 99%| O|  |TAMS 0x0000000706200000, 0x0000000706200000| Untracked 
|  38|0x0000000706400000, 0x00000007065c9480, 0x0000000706600000| 89%| O|  |TAMS 0x0000000706400000, 0x0000000706400000| Untracked 
|  39|0x0000000706600000, 0x00000007067ffe80, 0x0000000706800000| 99%| O|  |TAMS 0x00000007067ffe80, 0x0000000706600000| Untracked 
|  40|0x0000000706800000, 0x00000007069fffe0, 0x0000000706a00000| 99%| O|  |TAMS 0x0000000706800000, 0x0000000706800000| Untracked 
|  41|0x0000000706a00000, 0x0000000706bffff8, 0x0000000706c00000| 99%| O|  |TAMS 0x0000000706bffff8, 0x0000000706a00000| Untracked 
|  42|0x0000000706c00000, 0x0000000706e00000, 0x0000000706e00000|100%| O|  |TAMS 0x0000000706c00000, 0x0000000706c00000| Untracked 
|  43|0x0000000706e00000, 0x0000000706fffff0, 0x0000000707000000| 99%| O|  |TAMS 0x0000000706e00000, 0x0000000706e00000| Untracked 
|  44|0x0000000707000000, 0x00000007071fffe8, 0x0000000707200000| 99%| O|  |TAMS 0x0000000707000000, 0x0000000707000000| Untracked 
|  45|0x0000000707200000, 0x00000007072ebc50, 0x0000000707400000| 46%| O|  |TAMS 0x0000000707200000, 0x0000000707200000| Untracked 
|  46|0x0000000707400000, 0x00000007075fffe8, 0x0000000707600000| 99%| O|  |TAMS 0x0000000707400000, 0x0000000707400000| Untracked 
|  47|0x0000000707600000, 0x000000070761e6e0, 0x0000000707800000|  5%| O|  |TAMS 0x0000000707600000, 0x0000000707600000| Untracked 
|  48|0x0000000707800000, 0x00000007079ffe88, 0x0000000707a00000| 99%| O|  |TAMS 0x0000000707800000, 0x0000000707800000| Untracked 
|  49|0x0000000707a00000, 0x0000000707b26238, 0x0000000707c00000| 57%| O|  |TAMS 0x0000000707a00000, 0x0000000707a00000| Untracked 
|  50|0x0000000707c00000, 0x0000000707c00000, 0x0000000707e00000|  0%| F|  |TAMS 0x0000000707c00000, 0x0000000707c00000| Untracked 
|  51|0x0000000707e00000, 0x0000000708000000, 0x0000000708000000|100%|HS|  |TAMS 0x0000000708000000, 0x0000000707e00000| Untracked 
|  52|0x0000000708000000, 0x0000000708000000, 0x0000000708200000|  0%| F|  |TAMS 0x0000000708000000, 0x0000000708000000| Untracked 
|  53|0x0000000708200000, 0x0000000708200000, 0x0000000708400000|  0%| F|  |TAMS 0x0000000708200000, 0x0000000708200000| Untracked 
|  54|0x0000000708400000, 0x0000000708600000, 0x0000000708600000|100%|HS|  |TAMS 0x0000000708600000, 0x0000000708400000| Untracked 
|  55|0x0000000708600000, 0x0000000708800000, 0x0000000708800000|100%| O|  |TAMS 0x0000000708800000, 0x0000000708600000| Untracked 
|  56|0x0000000708800000, 0x0000000708890720, 0x0000000708a00000| 28%| O|  |TAMS 0x0000000708800000, 0x0000000708800000| Untracked 
|  57|0x0000000708a00000, 0x0000000708a00000, 0x0000000708c00000|  0%| F|  |TAMS 0x0000000708a00000, 0x0000000708a00000| Untracked 
|  58|0x0000000708c00000, 0x0000000708c00000, 0x0000000708e00000|  0%| F|  |TAMS 0x0000000708c00000, 0x0000000708c00000| Untracked 
|  59|0x0000000708e00000, 0x0000000708e00000, 0x0000000709000000|  0%| F|  |TAMS 0x0000000708e00000, 0x0000000708e00000| Untracked 
|  60|0x0000000709000000, 0x0000000709000000, 0x0000000709200000|  0%| F|  |TAMS 0x0000000709000000, 0x0000000709000000| Untracked 
|  61|0x0000000709200000, 0x0000000709200000, 0x0000000709400000|  0%| F|  |TAMS 0x0000000709200000, 0x0000000709200000| Untracked 
|  62|0x0000000709400000, 0x0000000709600000, 0x0000000709600000|100%| O|  |TAMS 0x0000000709600000, 0x0000000709400000| Untracked 
|  63|0x0000000709600000, 0x0000000709600000, 0x0000000709800000|  0%| F|  |TAMS 0x0000000709600000, 0x0000000709600000| Untracked 
|  64|0x0000000709800000, 0x00000007099787e8, 0x0000000709a00000| 73%| O|  |TAMS 0x0000000709800000, 0x0000000709800000| Untracked 
|  65|0x0000000709a00000, 0x0000000709a00000, 0x0000000709c00000|  0%| F|  |TAMS 0x0000000709a00000, 0x0000000709a00000| Untracked 
|  66|0x0000000709c00000, 0x0000000709c00000, 0x0000000709e00000|  0%| F|  |TAMS 0x0000000709c00000, 0x0000000709c00000| Untracked 
|  67|0x0000000709e00000, 0x000000070a000000, 0x000000070a000000|100%|HS|  |TAMS 0x000000070a000000, 0x0000000709e00000| Untracked 
|  68|0x000000070a000000, 0x000000070a000000, 0x000000070a200000|  0%| F|  |TAMS 0x000000070a000000, 0x000000070a000000| Untracked 
|  69|0x000000070a200000, 0x000000070a200000, 0x000000070a400000|  0%| F|  |TAMS 0x000000070a200000, 0x000000070a200000| Untracked 
|  70|0x000000070a400000, 0x000000070a400000, 0x000000070a600000|  0%| F|  |TAMS 0x000000070a400000, 0x000000070a400000| Untracked 
|  71|0x000000070a600000, 0x000000070a600000, 0x000000070a800000|  0%| F|  |TAMS 0x000000070a600000, 0x000000070a600000| Untracked 
|  72|0x000000070a800000, 0x000000070a800000, 0x000000070aa00000|  0%| F|  |TAMS 0x000000070a800000, 0x000000070a800000| Untracked 
|  73|0x000000070aa00000, 0x000000070ac00000, 0x000000070ac00000|100%| O|  |TAMS 0x000000070ac00000, 0x000000070aa00000| Untracked 
|  74|0x000000070ac00000, 0x000000070ac00000, 0x000000070ae00000|  0%| F|  |TAMS 0x000000070ac00000, 0x000000070ac00000| Untracked 
|  75|0x000000070ae00000, 0x000000070ae00000, 0x000000070b000000|  0%| F|  |TAMS 0x000000070ae00000, 0x000000070ae00000| Untracked 
|  76|0x000000070b000000, 0x000000070b000000, 0x000000070b200000|  0%| F|  |TAMS 0x000000070b000000, 0x000000070b000000| Untracked 
|  77|0x000000070b200000, 0x000000070b200000, 0x000000070b400000|  0%| F|  |TAMS 0x000000070b200000, 0x000000070b200000| Untracked 
|  78|0x000000070b400000, 0x000000070b400000, 0x000000070b600000|  0%| F|  |TAMS 0x000000070b400000, 0x000000070b400000| Untracked 
|  79|0x000000070b600000, 0x000000070b600000, 0x000000070b800000|  0%| F|  |TAMS 0x000000070b600000, 0x000000070b600000| Untracked 
|  80|0x000000070b800000, 0x000000070b800000, 0x000000070ba00000|  0%| F|  |TAMS 0x000000070b800000, 0x000000070b800000| Untracked 
|  81|0x000000070ba00000, 0x000000070ba00000, 0x000000070bc00000|  0%| F|  |TAMS 0x000000070ba00000, 0x000000070ba00000| Untracked 
|  82|0x000000070bc00000, 0x000000070bc00000, 0x000000070be00000|  0%| F|  |TAMS 0x000000070bc00000, 0x000000070bc00000| Untracked 
|  83|0x000000070be00000, 0x000000070be00000, 0x000000070c000000|  0%| F|  |TAMS 0x000000070be00000, 0x000000070be00000| Untracked 
|  84|0x000000070c000000, 0x000000070c000000, 0x000000070c200000|  0%| F|  |TAMS 0x000000070c000000, 0x000000070c000000| Untracked 
|  85|0x000000070c200000, 0x000000070c200000, 0x000000070c400000|  0%| F|  |TAMS 0x000000070c200000, 0x000000070c200000| Untracked 
|  86|0x000000070c400000, 0x000000070c400000, 0x000000070c600000|  0%| F|  |TAMS 0x000000070c400000, 0x000000070c400000| Untracked 
|  87|0x000000070c600000, 0x000000070c600000, 0x000000070c800000|  0%| F|  |TAMS 0x000000070c600000, 0x000000070c600000| Untracked 
|  88|0x000000070c800000, 0x000000070c800000, 0x000000070ca00000|  0%| F|  |TAMS 0x000000070c800000, 0x000000070c800000| Untracked 
|  89|0x000000070ca00000, 0x000000070ca00000, 0x000000070cc00000|  0%| F|  |TAMS 0x000000070ca00000, 0x000000070ca00000| Untracked 
|  90|0x000000070cc00000, 0x000000070cc00000, 0x000000070ce00000|  0%| F|  |TAMS 0x000000070cc00000, 0x000000070cc00000| Untracked 
|  91|0x000000070ce00000, 0x000000070ce00000, 0x000000070d000000|  0%| F|  |TAMS 0x000000070ce00000, 0x000000070ce00000| Untracked 
|  92|0x000000070d000000, 0x000000070d000000, 0x000000070d200000|  0%| F|  |TAMS 0x000000070d000000, 0x000000070d000000| Untracked 
|  93|0x000000070d200000, 0x000000070d200000, 0x000000070d400000|  0%| F|  |TAMS 0x000000070d200000, 0x000000070d200000| Untracked 
|  94|0x000000070d400000, 0x000000070d400000, 0x000000070d600000|  0%| F|  |TAMS 0x000000070d400000, 0x000000070d400000| Untracked 
|  95|0x000000070d600000, 0x000000070d600000, 0x000000070d800000|  0%| F|  |TAMS 0x000000070d600000, 0x000000070d600000| Untracked 
|  96|0x000000070d800000, 0x000000070d800000, 0x000000070da00000|  0%| F|  |TAMS 0x000000070d800000, 0x000000070d800000| Untracked 
|  97|0x000000070da00000, 0x000000070da00000, 0x000000070dc00000|  0%| F|  |TAMS 0x000000070da00000, 0x000000070da00000| Untracked 
|  98|0x000000070dc00000, 0x000000070dc00000, 0x000000070de00000|  0%| F|  |TAMS 0x000000070dc00000, 0x000000070dc00000| Untracked 
|  99|0x000000070de00000, 0x000000070de00000, 0x000000070e000000|  0%| F|  |TAMS 0x000000070de00000, 0x000000070de00000| Untracked 
| 100|0x000000070e000000, 0x000000070e200000, 0x000000070e200000|100%|HS|  |TAMS 0x000000070e200000, 0x000000070e000000| Untracked 
| 101|0x000000070e200000, 0x000000070e400000, 0x000000070e400000|100%|HC|  |TAMS 0x000000070e400000, 0x000000070e200000| Untracked 
| 102|0x000000070e400000, 0x000000070e600000, 0x000000070e600000|100%|HC|  |TAMS 0x000000070e600000, 0x000000070e400000| Untracked 
| 103|0x000000070e600000, 0x000000070e800000, 0x000000070e800000|100%|HC|  |TAMS 0x000000070e800000, 0x000000070e600000| Untracked 
| 104|0x000000070e800000, 0x000000070ea00000, 0x000000070ea00000|100%|HC|  |TAMS 0x000000070ea00000, 0x000000070e800000| Untracked 
| 105|0x000000070ea00000, 0x000000070ec00000, 0x000000070ec00000|100%|HC|  |TAMS 0x000000070ec00000, 0x000000070ea00000| Untracked 
| 106|0x000000070ec00000, 0x000000070ec00000, 0x000000070ee00000|  0%| F|  |TAMS 0x000000070ec00000, 0x000000070ec00000| Untracked 
| 107|0x000000070ee00000, 0x000000070ee00000, 0x000000070f000000|  0%| F|  |TAMS 0x000000070ee00000, 0x000000070ee00000| Untracked 
| 108|0x000000070f000000, 0x000000070f000000, 0x000000070f200000|  0%| F|  |TAMS 0x000000070f000000, 0x000000070f000000| Untracked 
| 109|0x000000070f200000, 0x000000070f200000, 0x000000070f400000|  0%| F|  |TAMS 0x000000070f200000, 0x000000070f200000| Untracked 
| 110|0x000000070f400000, 0x000000070f400000, 0x000000070f600000|  0%| F|  |TAMS 0x000000070f400000, 0x000000070f400000| Untracked 
| 111|0x000000070f600000, 0x000000070f600000, 0x000000070f800000|  0%| F|  |TAMS 0x000000070f600000, 0x000000070f600000| Untracked 
| 112|0x000000070f800000, 0x000000070f800000, 0x000000070fa00000|  0%| F|  |TAMS 0x000000070f800000, 0x000000070f800000| Untracked 
| 113|0x000000070fa00000, 0x000000070fa00000, 0x000000070fc00000|  0%| F|  |TAMS 0x000000070fa00000, 0x000000070fa00000| Untracked 
| 114|0x000000070fc00000, 0x000000070fc00000, 0x000000070fe00000|  0%| F|  |TAMS 0x000000070fc00000, 0x000000070fc00000| Untracked 
| 115|0x000000070fe00000, 0x000000070fe00000, 0x0000000710000000|  0%| F|  |TAMS 0x000000070fe00000, 0x000000070fe00000| Untracked 
| 116|0x0000000710000000, 0x0000000710000000, 0x0000000710200000|  0%| F|  |TAMS 0x0000000710000000, 0x0000000710000000| Untracked 
| 117|0x0000000710200000, 0x0000000710200000, 0x0000000710400000|  0%| F|  |TAMS 0x0000000710200000, 0x0000000710200000| Untracked 
| 118|0x0000000710400000, 0x0000000710400000, 0x0000000710600000|  0%| F|  |TAMS 0x0000000710400000, 0x0000000710400000| Untracked 
| 119|0x0000000710600000, 0x0000000710600000, 0x0000000710800000|  0%| F|  |TAMS 0x0000000710600000, 0x0000000710600000| Untracked 
| 120|0x0000000710800000, 0x0000000710800000, 0x0000000710a00000|  0%| F|  |TAMS 0x0000000710800000, 0x0000000710800000| Untracked 
| 121|0x0000000710a00000, 0x0000000710a00000, 0x0000000710c00000|  0%| F|  |TAMS 0x0000000710a00000, 0x0000000710a00000| Untracked 
| 122|0x0000000710c00000, 0x0000000710c00000, 0x0000000710e00000|  0%| F|  |TAMS 0x0000000710c00000, 0x0000000710c00000| Untracked 
| 123|0x0000000710e00000, 0x0000000710e00000, 0x0000000711000000|  0%| F|  |TAMS 0x0000000710e00000, 0x0000000710e00000| Untracked 
| 124|0x0000000711000000, 0x0000000711000000, 0x0000000711200000|  0%| F|  |TAMS 0x0000000711000000, 0x0000000711000000| Untracked 
| 125|0x0000000711200000, 0x0000000711200000, 0x0000000711400000|  0%| F|  |TAMS 0x0000000711200000, 0x0000000711200000| Untracked 
| 126|0x0000000711400000, 0x0000000711400000, 0x0000000711600000|  0%| F|  |TAMS 0x0000000711400000, 0x0000000711400000| Untracked 
| 127|0x0000000711600000, 0x0000000711600000, 0x0000000711800000|  0%| F|  |TAMS 0x0000000711600000, 0x0000000711600000| Untracked 
| 128|0x0000000711800000, 0x0000000711800000, 0x0000000711a00000|  0%| F|  |TAMS 0x0000000711800000, 0x0000000711800000| Untracked 
| 129|0x0000000711a00000, 0x0000000711a00000, 0x0000000711c00000|  0%| F|  |TAMS 0x0000000711a00000, 0x0000000711a00000| Untracked 
| 130|0x0000000711c00000, 0x0000000711c00000, 0x0000000711e00000|  0%| F|  |TAMS 0x0000000711c00000, 0x0000000711c00000| Untracked 
| 131|0x0000000711e00000, 0x0000000711e00000, 0x0000000712000000|  0%| F|  |TAMS 0x0000000711e00000, 0x0000000711e00000| Untracked 
| 132|0x0000000712000000, 0x0000000712000000, 0x0000000712200000|  0%| F|  |TAMS 0x0000000712000000, 0x0000000712000000| Untracked 
| 133|0x0000000712200000, 0x0000000712200000, 0x0000000712400000|  0%| F|  |TAMS 0x0000000712200000, 0x0000000712200000| Untracked 
| 134|0x0000000712400000, 0x0000000712400000, 0x0000000712600000|  0%| F|  |TAMS 0x0000000712400000, 0x0000000712400000| Untracked 
| 135|0x0000000712600000, 0x0000000712600000, 0x0000000712800000|  0%| F|  |TAMS 0x0000000712600000, 0x0000000712600000| Untracked 
| 136|0x0000000712800000, 0x0000000712800000, 0x0000000712a00000|  0%| F|  |TAMS 0x0000000712800000, 0x0000000712800000| Untracked 
| 137|0x0000000712a00000, 0x0000000712a00000, 0x0000000712c00000|  0%| F|  |TAMS 0x0000000712a00000, 0x0000000712a00000| Untracked 
| 138|0x0000000712c00000, 0x0000000712c00000, 0x0000000712e00000|  0%| F|  |TAMS 0x0000000712c00000, 0x0000000712c00000| Untracked 
| 139|0x0000000712e00000, 0x0000000712e00000, 0x0000000713000000|  0%| F|  |TAMS 0x0000000712e00000, 0x0000000712e00000| Untracked 
| 140|0x0000000713000000, 0x0000000713000000, 0x0000000713200000|  0%| F|  |TAMS 0x0000000713000000, 0x0000000713000000| Untracked 
| 141|0x0000000713200000, 0x0000000713200000, 0x0000000713400000|  0%| F|  |TAMS 0x0000000713200000, 0x0000000713200000| Untracked 
| 142|0x0000000713400000, 0x0000000713400000, 0x0000000713600000|  0%| F|  |TAMS 0x0000000713400000, 0x0000000713400000| Untracked 
| 143|0x0000000713600000, 0x0000000713600000, 0x0000000713800000|  0%| F|  |TAMS 0x0000000713600000, 0x0000000713600000| Untracked 
| 144|0x0000000713800000, 0x0000000713800000, 0x0000000713a00000|  0%| F|  |TAMS 0x0000000713800000, 0x0000000713800000| Untracked 
| 145|0x0000000713a00000, 0x0000000713a00000, 0x0000000713c00000|  0%| F|  |TAMS 0x0000000713a00000, 0x0000000713a00000| Untracked 
| 146|0x0000000713c00000, 0x0000000713c00000, 0x0000000713e00000|  0%| F|  |TAMS 0x0000000713c00000, 0x0000000713c00000| Untracked 
| 147|0x0000000713e00000, 0x0000000713e00000, 0x0000000714000000|  0%| F|  |TAMS 0x0000000713e00000, 0x0000000713e00000| Untracked 
| 148|0x0000000714000000, 0x0000000714000000, 0x0000000714200000|  0%| F|  |TAMS 0x0000000714000000, 0x0000000714000000| Untracked 
| 149|0x0000000714200000, 0x0000000714200000, 0x0000000714400000|  0%| F|  |TAMS 0x0000000714200000, 0x0000000714200000| Untracked 
| 150|0x0000000714400000, 0x0000000714400000, 0x0000000714600000|  0%| F|  |TAMS 0x0000000714400000, 0x0000000714400000| Untracked 
| 151|0x0000000714600000, 0x0000000714600000, 0x0000000714800000|  0%| F|  |TAMS 0x0000000714600000, 0x0000000714600000| Untracked 
| 152|0x0000000714800000, 0x0000000714800000, 0x0000000714a00000|  0%| F|  |TAMS 0x0000000714800000, 0x0000000714800000| Untracked 
| 153|0x0000000714a00000, 0x0000000714a00000, 0x0000000714c00000|  0%| F|  |TAMS 0x0000000714a00000, 0x0000000714a00000| Untracked 
| 154|0x0000000714c00000, 0x0000000714c00000, 0x0000000714e00000|  0%| F|  |TAMS 0x0000000714c00000, 0x0000000714c00000| Untracked 
| 155|0x0000000714e00000, 0x0000000714e00000, 0x0000000715000000|  0%| F|  |TAMS 0x0000000714e00000, 0x0000000714e00000| Untracked 
| 156|0x0000000715000000, 0x0000000715000000, 0x0000000715200000|  0%| F|  |TAMS 0x0000000715000000, 0x0000000715000000| Untracked 
| 157|0x0000000715200000, 0x0000000715200000, 0x0000000715400000|  0%| F|  |TAMS 0x0000000715200000, 0x0000000715200000| Untracked 
| 158|0x0000000715400000, 0x0000000715400000, 0x0000000715600000|  0%| F|  |TAMS 0x0000000715400000, 0x0000000715400000| Untracked 
| 159|0x0000000715600000, 0x0000000715600000, 0x0000000715800000|  0%| F|  |TAMS 0x0000000715600000, 0x0000000715600000| Untracked 
| 160|0x0000000715800000, 0x0000000715800000, 0x0000000715a00000|  0%| F|  |TAMS 0x0000000715800000, 0x0000000715800000| Untracked 
| 161|0x0000000715a00000, 0x0000000715a00000, 0x0000000715c00000|  0%| F|  |TAMS 0x0000000715a00000, 0x0000000715a00000| Untracked 
| 162|0x0000000715c00000, 0x0000000715c00000, 0x0000000715e00000|  0%| F|  |TAMS 0x0000000715c00000, 0x0000000715c00000| Untracked 
| 163|0x0000000715e00000, 0x0000000715e00000, 0x0000000716000000|  0%| F|  |TAMS 0x0000000715e00000, 0x0000000715e00000| Untracked 
| 164|0x0000000716000000, 0x0000000716000000, 0x0000000716200000|  0%| F|  |TAMS 0x0000000716000000, 0x0000000716000000| Untracked 
| 165|0x0000000716200000, 0x0000000716200000, 0x0000000716400000|  0%| F|  |TAMS 0x0000000716200000, 0x0000000716200000| Untracked 
| 166|0x0000000716400000, 0x0000000716400000, 0x0000000716600000|  0%| F|  |TAMS 0x0000000716400000, 0x0000000716400000| Untracked 
| 167|0x0000000716600000, 0x0000000716600000, 0x0000000716800000|  0%| F|  |TAMS 0x0000000716600000, 0x0000000716600000| Untracked 
| 168|0x0000000716800000, 0x0000000716800000, 0x0000000716a00000|  0%| F|  |TAMS 0x0000000716800000, 0x0000000716800000| Untracked 
| 169|0x0000000716a00000, 0x0000000716a00000, 0x0000000716c00000|  0%| F|  |TAMS 0x0000000716a00000, 0x0000000716a00000| Untracked 
| 170|0x0000000716c00000, 0x0000000716c00000, 0x0000000716e00000|  0%| F|  |TAMS 0x0000000716c00000, 0x0000000716c00000| Untracked 
| 171|0x0000000716e00000, 0x0000000716e00000, 0x0000000717000000|  0%| F|  |TAMS 0x0000000716e00000, 0x0000000716e00000| Untracked 
| 172|0x0000000717000000, 0x0000000717000000, 0x0000000717200000|  0%| F|  |TAMS 0x0000000717000000, 0x0000000717000000| Untracked 
| 173|0x0000000717200000, 0x0000000717200000, 0x0000000717400000|  0%| F|  |TAMS 0x0000000717200000, 0x0000000717200000| Untracked 
| 174|0x0000000717400000, 0x0000000717400000, 0x0000000717600000|  0%| F|  |TAMS 0x0000000717400000, 0x0000000717400000| Untracked 
| 175|0x0000000717600000, 0x0000000717600000, 0x0000000717800000|  0%| F|  |TAMS 0x0000000717600000, 0x0000000717600000| Untracked 
| 176|0x0000000717800000, 0x0000000717800000, 0x0000000717a00000|  0%| F|  |TAMS 0x0000000717800000, 0x0000000717800000| Untracked 
| 177|0x0000000717a00000, 0x0000000717a00000, 0x0000000717c00000|  0%| F|  |TAMS 0x0000000717a00000, 0x0000000717a00000| Untracked 
| 178|0x0000000717c00000, 0x0000000717c00000, 0x0000000717e00000|  0%| F|  |TAMS 0x0000000717c00000, 0x0000000717c00000| Untracked 
| 179|0x0000000717e00000, 0x0000000717e00000, 0x0000000718000000|  0%| F|  |TAMS 0x0000000717e00000, 0x0000000717e00000| Untracked 
| 180|0x0000000718000000, 0x0000000718000000, 0x0000000718200000|  0%| F|  |TAMS 0x0000000718000000, 0x0000000718000000| Untracked 
| 181|0x0000000718200000, 0x0000000718200000, 0x0000000718400000|  0%| F|  |TAMS 0x0000000718200000, 0x0000000718200000| Untracked 
| 182|0x0000000718400000, 0x0000000718400000, 0x0000000718600000|  0%| F|  |TAMS 0x0000000718400000, 0x0000000718400000| Untracked 
| 183|0x0000000718600000, 0x0000000718600000, 0x0000000718800000|  0%| F|  |TAMS 0x0000000718600000, 0x0000000718600000| Untracked 
| 184|0x0000000718800000, 0x0000000718800000, 0x0000000718a00000|  0%| F|  |TAMS 0x0000000718800000, 0x0000000718800000| Untracked 
| 185|0x0000000718a00000, 0x0000000718a00000, 0x0000000718c00000|  0%| F|  |TAMS 0x0000000718a00000, 0x0000000718a00000| Untracked 
| 186|0x0000000718c00000, 0x0000000718c00000, 0x0000000718e00000|  0%| F|  |TAMS 0x0000000718c00000, 0x0000000718c00000| Untracked 
| 187|0x0000000718e00000, 0x0000000718e00000, 0x0000000719000000|  0%| F|  |TAMS 0x0000000718e00000, 0x0000000718e00000| Untracked 
| 188|0x0000000719000000, 0x0000000719000000, 0x0000000719200000|  0%| F|  |TAMS 0x0000000719000000, 0x0000000719000000| Untracked 
| 189|0x0000000719200000, 0x0000000719200000, 0x0000000719400000|  0%| F|  |TAMS 0x0000000719200000, 0x0000000719200000| Untracked 
| 190|0x0000000719400000, 0x0000000719400000, 0x0000000719600000|  0%| F|  |TAMS 0x0000000719400000, 0x0000000719400000| Untracked 
| 191|0x0000000719600000, 0x0000000719600000, 0x0000000719800000|  0%| F|  |TAMS 0x0000000719600000, 0x0000000719600000| Untracked 
| 192|0x0000000719800000, 0x0000000719800000, 0x0000000719a00000|  0%| F|  |TAMS 0x0000000719800000, 0x0000000719800000| Untracked 
| 193|0x0000000719a00000, 0x0000000719a00000, 0x0000000719c00000|  0%| F|  |TAMS 0x0000000719a00000, 0x0000000719a00000| Untracked 
| 194|0x0000000719c00000, 0x0000000719c00000, 0x0000000719e00000|  0%| F|  |TAMS 0x0000000719c00000, 0x0000000719c00000| Untracked 
| 195|0x0000000719e00000, 0x0000000719e00000, 0x000000071a000000|  0%| F|  |TAMS 0x0000000719e00000, 0x0000000719e00000| Untracked 
| 196|0x000000071a000000, 0x000000071a000000, 0x000000071a200000|  0%| F|  |TAMS 0x000000071a000000, 0x000000071a000000| Untracked 
| 197|0x000000071a200000, 0x000000071a200000, 0x000000071a400000|  0%| F|  |TAMS 0x000000071a200000, 0x000000071a200000| Untracked 
| 198|0x000000071a400000, 0x000000071a400000, 0x000000071a600000|  0%| F|  |TAMS 0x000000071a400000, 0x000000071a400000| Untracked 
| 199|0x000000071a600000, 0x000000071a600000, 0x000000071a800000|  0%| F|  |TAMS 0x000000071a600000, 0x000000071a600000| Untracked 
| 200|0x000000071a800000, 0x000000071a800000, 0x000000071aa00000|  0%| F|  |TAMS 0x000000071a800000, 0x000000071a800000| Untracked 
| 201|0x000000071aa00000, 0x000000071aa00000, 0x000000071ac00000|  0%| F|  |TAMS 0x000000071aa00000, 0x000000071aa00000| Untracked 
| 202|0x000000071ac00000, 0x000000071ac00000, 0x000000071ae00000|  0%| F|  |TAMS 0x000000071ac00000, 0x000000071ac00000| Untracked 
| 203|0x000000071ae00000, 0x000000071ae00000, 0x000000071b000000|  0%| F|  |TAMS 0x000000071ae00000, 0x000000071ae00000| Untracked 
| 204|0x000000071b000000, 0x000000071b000000, 0x000000071b200000|  0%| F|  |TAMS 0x000000071b000000, 0x000000071b000000| Untracked 
| 205|0x000000071b200000, 0x000000071b200000, 0x000000071b400000|  0%| F|  |TAMS 0x000000071b200000, 0x000000071b200000| Untracked 
| 206|0x000000071b400000, 0x000000071b400000, 0x000000071b600000|  0%| F|  |TAMS 0x000000071b400000, 0x000000071b400000| Untracked 
| 207|0x000000071b600000, 0x000000071b600000, 0x000000071b800000|  0%| F|  |TAMS 0x000000071b600000, 0x000000071b600000| Untracked 
| 208|0x000000071b800000, 0x000000071b800000, 0x000000071ba00000|  0%| F|  |TAMS 0x000000071b800000, 0x000000071b800000| Untracked 
| 209|0x000000071ba00000, 0x000000071ba00000, 0x000000071bc00000|  0%| F|  |TAMS 0x000000071ba00000, 0x000000071ba00000| Untracked 
| 210|0x000000071bc00000, 0x000000071bc00000, 0x000000071be00000|  0%| F|  |TAMS 0x000000071bc00000, 0x000000071bc00000| Untracked 
| 211|0x000000071be00000, 0x000000071be00000, 0x000000071c000000|  0%| F|  |TAMS 0x000000071be00000, 0x000000071be00000| Untracked 
| 212|0x000000071c000000, 0x000000071c000000, 0x000000071c200000|  0%| F|  |TAMS 0x000000071c000000, 0x000000071c000000| Untracked 
| 213|0x000000071c200000, 0x000000071c200000, 0x000000071c400000|  0%| F|  |TAMS 0x000000071c200000, 0x000000071c200000| Untracked 
| 214|0x000000071c400000, 0x000000071c400000, 0x000000071c600000|  0%| F|  |TAMS 0x000000071c400000, 0x000000071c400000| Untracked 
| 215|0x000000071c600000, 0x000000071c600000, 0x000000071c800000|  0%| F|  |TAMS 0x000000071c600000, 0x000000071c600000| Untracked 
| 216|0x000000071c800000, 0x000000071c800000, 0x000000071ca00000|  0%| F|  |TAMS 0x000000071c800000, 0x000000071c800000| Untracked 
| 217|0x000000071ca00000, 0x000000071ca00000, 0x000000071cc00000|  0%| F|  |TAMS 0x000000071ca00000, 0x000000071ca00000| Untracked 
| 218|0x000000071cc00000, 0x000000071ce00000, 0x000000071ce00000|100%| O|  |TAMS 0x000000071ce00000, 0x000000071cc00000| Untracked 
| 219|0x000000071ce00000, 0x000000071ce24f48, 0x000000071d000000|  7%| O|  |TAMS 0x000000071ce00000, 0x000000071ce00000| Untracked 
| 220|0x000000071d000000, 0x000000071d000000, 0x000000071d200000|  0%| F|  |TAMS 0x000000071d000000, 0x000000071d000000| Untracked 
| 221|0x000000071d200000, 0x000000071d200000, 0x000000071d400000|  0%| F|  |TAMS 0x000000071d200000, 0x000000071d200000| Untracked 
| 222|0x000000071d400000, 0x000000071d400000, 0x000000071d600000|  0%| F|  |TAMS 0x000000071d400000, 0x000000071d400000| Untracked 
| 223|0x000000071d600000, 0x000000071d600000, 0x000000071d800000|  0%| F|  |TAMS 0x000000071d600000, 0x000000071d600000| Untracked 
| 224|0x000000071d800000, 0x000000071d800000, 0x000000071da00000|  0%| F|  |TAMS 0x000000071d800000, 0x000000071d800000| Untracked 
| 225|0x000000071da00000, 0x000000071da00000, 0x000000071dc00000|  0%| F|  |TAMS 0x000000071da00000, 0x000000071da00000| Untracked 
| 226|0x000000071dc00000, 0x000000071dc00000, 0x000000071de00000|  0%| F|  |TAMS 0x000000071dc00000, 0x000000071dc00000| Untracked 
| 227|0x000000071de00000, 0x000000071de00000, 0x000000071e000000|  0%| F|  |TAMS 0x000000071de00000, 0x000000071de00000| Untracked 
| 228|0x000000071e000000, 0x000000071e000000, 0x000000071e200000|  0%| F|  |TAMS 0x000000071e000000, 0x000000071e000000| Untracked 
| 229|0x000000071e200000, 0x000000071e200000, 0x000000071e400000|  0%| F|  |TAMS 0x000000071e200000, 0x000000071e200000| Untracked 
| 230|0x000000071e400000, 0x000000071e400000, 0x000000071e600000|  0%| F|  |TAMS 0x000000071e400000, 0x000000071e400000| Untracked 
| 231|0x000000071e600000, 0x000000071e600000, 0x000000071e800000|  0%| F|  |TAMS 0x000000071e600000, 0x000000071e600000| Untracked 
| 232|0x000000071e800000, 0x000000071e800000, 0x000000071ea00000|  0%| F|  |TAMS 0x000000071e800000, 0x000000071e800000| Untracked 
| 233|0x000000071ea00000, 0x000000071eb3d2a8, 0x000000071ec00000| 61%| E|  |TAMS 0x000000071ea00000, 0x000000071ea00000| Complete 
| 234|0x000000071ec00000, 0x000000071ee00000, 0x000000071ee00000|100%| E|CS|TAMS 0x000000071ec00000, 0x000000071ec00000| Complete 
| 235|0x000000071ee00000, 0x000000071f000000, 0x000000071f000000|100%| E|CS|TAMS 0x000000071ee00000, 0x000000071ee00000| Complete 
| 236|0x000000071f000000, 0x000000071f200000, 0x000000071f200000|100%| E|CS|TAMS 0x000000071f000000, 0x000000071f000000| Complete 
| 237|0x000000071f200000, 0x000000071f400000, 0x000000071f400000|100%| E|CS|TAMS 0x000000071f200000, 0x000000071f200000| Complete 
| 238|0x000000071f400000, 0x000000071f600000, 0x000000071f600000|100%| E|CS|TAMS 0x000000071f400000, 0x000000071f400000| Complete 
| 239|0x000000071f600000, 0x000000071f800000, 0x000000071f800000|100%| E|CS|TAMS 0x000000071f600000, 0x000000071f600000| Complete 
| 240|0x000000071f800000, 0x000000071fa00000, 0x000000071fa00000|100%| E|CS|TAMS 0x000000071f800000, 0x000000071f800000| Complete 
| 241|0x000000071fa00000, 0x000000071fc00000, 0x000000071fc00000|100%| E|CS|TAMS 0x000000071fa00000, 0x000000071fa00000| Complete 
| 242|0x000000071fc00000, 0x000000071fe00000, 0x000000071fe00000|100%| E|CS|TAMS 0x000000071fc00000, 0x000000071fc00000| Complete 
| 243|0x000000071fe00000, 0x0000000720000000, 0x0000000720000000|100%| E|CS|TAMS 0x000000071fe00000, 0x000000071fe00000| Complete 
| 244|0x0000000720000000, 0x0000000720200000, 0x0000000720200000|100%| E|CS|TAMS 0x0000000720000000, 0x0000000720000000| Complete 
| 245|0x0000000720200000, 0x0000000720400000, 0x0000000720400000|100%| E|CS|TAMS 0x0000000720200000, 0x0000000720200000| Complete 
| 246|0x0000000720400000, 0x0000000720600000, 0x0000000720600000|100%| E|CS|TAMS 0x0000000720400000, 0x0000000720400000| Complete 
| 247|0x0000000720600000, 0x0000000720800000, 0x0000000720800000|100%| E|CS|TAMS 0x0000000720600000, 0x0000000720600000| Complete 
| 248|0x0000000720800000, 0x0000000720a00000, 0x0000000720a00000|100%| E|CS|TAMS 0x0000000720800000, 0x0000000720800000| Complete 
| 249|0x0000000720a00000, 0x0000000720c00000, 0x0000000720c00000|100%| E|CS|TAMS 0x0000000720a00000, 0x0000000720a00000| Complete 
| 250|0x0000000720c00000, 0x0000000720e00000, 0x0000000720e00000|100%| E|CS|TAMS 0x0000000720c00000, 0x0000000720c00000| Complete 
| 251|0x0000000720e00000, 0x0000000721000000, 0x0000000721000000|100%| E|CS|TAMS 0x0000000720e00000, 0x0000000720e00000| Complete 
| 252|0x0000000721000000, 0x0000000721200000, 0x0000000721200000|100%| E|CS|TAMS 0x0000000721000000, 0x0000000721000000| Complete 
| 253|0x0000000721200000, 0x0000000721400000, 0x0000000721400000|100%| E|CS|TAMS 0x0000000721200000, 0x0000000721200000| Complete 
| 254|0x0000000721400000, 0x0000000721600000, 0x0000000721600000|100%| E|CS|TAMS 0x0000000721400000, 0x0000000721400000| Complete 
| 255|0x0000000721600000, 0x0000000721800000, 0x0000000721800000|100%| E|CS|TAMS 0x0000000721600000, 0x0000000721600000| Complete 

Card table byte_map: [0x0000024979c00000,0x000002497a400000] _byte_map_base: 0x00000249763f4000

Marking Bits (Prev, Next): (CMBitMap*) 0x000002496253aa10, (CMBitMap*) 0x000002496253a9d0
 Prev Bits: [0x0000024900000000, 0x0000024903fa0000)
 Next Bits: [0x000002497ac00000, 0x000002497eba0000)

Polling page: 0x0000024959a70000

Metaspace:

Usage:
  Non-class:     74.56 MB used.
      Class:     11.42 MB used.
       Both:     85.98 MB used.

Virtual space:
  Non-class space:      128.00 MB reserved,      74.88 MB ( 58%) committed,  2 nodes.
      Class space:        1.00 GB reserved,      11.88 MB (  1%) committed,  1 nodes.
             Both:        1.12 GB reserved,      86.75 MB (  8%) committed. 

Chunk freelists:
   Non-Class:  4.36 MB
       Class:  4.29 MB
        Both:  8.65 MB

MaxMetaspaceSize: unlimited
CompressedClassSpaceSize: 1.00 GB
Initial GC threshold: 21.00 MB
Current GC threshold: 144.50 MB
CDS: on
MetaspaceReclaimPolicy: balanced
 - commit_granule_bytes: 65536.
 - commit_granule_words: 8192.
 - virtual_space_node_default_size: 8388608.
 - enlarge_chunks_in_place: 1.
 - new_chunks_are_fully_committed: 0.
 - uncommit_free_chunks: 1.
 - use_allocation_guard: 0.
 - handle_deallocations: 1.


Internal statistics:

num_allocs_failed_limit: 6.
num_arena_births: 1234.
num_arena_deaths: 244.
num_vsnodes_births: 3.
num_vsnodes_deaths: 0.
num_space_committed: 1382.
num_space_uncommitted: 0.
num_chunks_returned_to_freelist: 283.
num_chunks_taken_from_freelist: 3675.
num_chunk_merges: 115.
num_chunk_splits: 2653.
num_chunks_enlarged: 1974.
num_inconsistent_stats: 0.

CodeHeap 'non-profiled nmethods': size=120000Kb used=26604Kb max_used=26604Kb free=93395Kb
 bounds [0x0000024971ed0000, 0x00000249738d0000, 0x0000024979400000]
CodeHeap 'profiled nmethods': size=120000Kb used=39340Kb max_used=40113Kb free=80660Kb
 bounds [0x000002496a400000, 0x000002496cb80000, 0x0000024971930000]
CodeHeap 'non-nmethods': size=5760Kb used=1671Kb max_used=1765Kb free=4088Kb
 bounds [0x0000024971930000, 0x0000024971ba0000, 0x0000024971ed0000]
 total_blobs=20062 nmethods=18964 adapters=1004
 compilation: enabled
              stopped_count=0, restarted_count=0
 full_count=0

Compilation events (20 events):
Event: 4481.926 Thread 0x00000249627fbaf0 nmethod 25702 0x000002496ba6a110 code [0x000002496ba6a2e0, 0x000002496ba6a838]
Event: 4481.926 Thread 0x00000249627fbaf0 25703       3       com.jidesoft.grid.RowHeights::insertRows (40 bytes)
Event: 4481.926 Thread 0x00000249627fbaf0 nmethod 25703 0x000002496bd9b390 code [0x000002496bd9b560, 0x000002496bd9b938]
Event: 4482.091 Thread 0x00000249627f79b0 nmethod 25700 0x00000249738bed90 code [0x00000249738bf1c0, 0x00000249738c2d28]
Event: 4482.092 Thread 0x00000249627f79b0 25704       4       javax.swing.plaf.synth.SynthProgressBarUI::paintBorder (24 bytes)
Event: 4482.106 Thread 0x00000249627f79b0 nmethod 25704 0x00000249738c4c90 code [0x00000249738c4ec0, 0x00000249738c5610]
Event: 4482.107 Thread 0x00000249627f79b0 25705       4       javax.swing.plaf.synth.SynthPainter::paintProgressBarBorder (14 bytes)
Event: 4482.118 Thread 0x00000249627f79b0 nmethod 25705 0x00000249738c6510 code [0x00000249738c6720, 0x00000249738c6df0]
Event: 4482.118 Thread 0x00000249627f79b0 25706       4       de.javasoft.plaf.synthetica.painter.SyntheticaPainter::paintProgressBarBorder (80 bytes)
Event: 4482.128 Thread 0x00000249627f79b0 nmethod 25706 0x00000249738c7b90 code [0x00000249738c7da0, 0x00000249738c8430]
Event: 4482.700 Thread 0x00000249627fbaf0 25707   !   3       ui.views.waveform.g.k::paintComponent (77 bytes)
Event: 4482.701 Thread 0x00000249627fbaf0 nmethod 25707 0x000002496c2b4010 code [0x000002496c2b4240, 0x000002496c2b4b98]
Event: 4482.701 Thread 0x00000249627fbaf0 25708       3       ui.views.waveform.g.D::laD (11 bytes)
Event: 4482.701 Thread 0x00000249627fbaf0 nmethod 25708 0x000002496c2b3810 code [0x000002496c2b39c0, 0x000002496c2b3c78]
Event: 4485.371 Thread 0x00000249627f79b0 25709       4       sun.awt.geom.Curve::insertLine (56 bytes)
Event: 4485.386 Thread 0x00000249627f79b0 nmethod 25709 0x00000249738c9190 code [0x00000249738c9360, 0x00000249738ca618]
Event: 4486.142 Thread 0x00000249627f79b0 25710       4       com.jidesoft.plaf.basic.BasicStyledLabelUI$1::compare (13 bytes)
Event: 4486.143 Thread 0x00000249627f79b0 nmethod 25710 0x00000249738cab90 code [0x00000249738cad20, 0x00000249738cae58]
Event: 4487.124 Thread 0x00000249627f79b0 25711       4       javax.swing.JTree$TreeModelHandler::treeNodesChanged (1 bytes)
Event: 4487.124 Thread 0x00000249627f79b0 nmethod 25711 0x00000249738caf90 code [0x00000249738cb100, 0x00000249738cb178]

GC Heap History (20 events):
Event: 4435.412 GC heap before
{Heap before GC invocations=650 (full 60):
 garbage-first heap   total 524288K, used 214370K [0x0000000701800000, 0x0000000800000000)
  region size 2048K, 40 young (81920K), 1 survivors (2048K)
 Metaspace       used 87912K, committed 88832K, reserved 1179648K
  class space    used 11692K, committed 12160K, reserved 1048576K
}
Event: 4435.415 GC heap after
{Heap after GC invocations=651 (full 60):
 garbage-first heap   total 524288K, used 134700K [0x0000000701800000, 0x0000000800000000)
  region size 2048K, 2 young (4096K), 2 survivors (4096K)
 Metaspace       used 87912K, committed 88832K, reserved 1179648K
  class space    used 11692K, committed 12160K, reserved 1048576K
}
Event: 4437.545 GC heap before
{Heap before GC invocations=651 (full 60):
 garbage-first heap   total 524288K, used 212524K [0x0000000701800000, 0x0000000800000000)
  region size 2048K, 40 young (81920K), 2 survivors (4096K)
 Metaspace       used 87915K, committed 88832K, reserved 1179648K
  class space    used 11692K, committed 12160K, reserved 1048576K
}
Event: 4437.548 GC heap after
{Heap after GC invocations=652 (full 60):
 garbage-first heap   total 524288K, used 135593K [0x0000000701800000, 0x0000000800000000)
  region size 2048K, 2 young (4096K), 2 survivors (4096K)
 Metaspace       used 87915K, committed 88832K, reserved 1179648K
  class space    used 11692K, committed 12160K, reserved 1048576K
}
Event: 4437.759 GC heap before
{Heap before GC invocations=652 (full 60):
 garbage-first heap   total 524288K, used 213417K [0x0000000701800000, 0x0000000800000000)
  region size 2048K, 40 young (81920K), 2 survivors (4096K)
 Metaspace       used 87915K, committed 88832K, reserved 1179648K
  class space    used 11692K, committed 12160K, reserved 1048576K
}
Event: 4437.761 GC heap after
{Heap after GC invocations=653 (full 60):
 garbage-first heap   total 524288K, used 134702K [0x0000000701800000, 0x0000000800000000)
  region size 2048K, 2 young (4096K), 2 survivors (4096K)
 Metaspace       used 87915K, committed 88832K, reserved 1179648K
  class space    used 11692K, committed 12160K, reserved 1048576K
}
Event: 4437.965 GC heap before
{Heap before GC invocations=653 (full 60):
 garbage-first heap   total 524288K, used 212526K [0x0000000701800000, 0x0000000800000000)
  region size 2048K, 40 young (81920K), 2 survivors (4096K)
 Metaspace       used 87915K, committed 88832K, reserved 1179648K
  class space    used 11692K, committed 12160K, reserved 1048576K
}
Event: 4437.967 GC heap after
{Heap after GC invocations=654 (full 60):
 garbage-first heap   total 524288K, used 134785K [0x0000000701800000, 0x0000000800000000)
  region size 2048K, 2 young (4096K), 2 survivors (4096K)
 Metaspace       used 87915K, committed 88832K, reserved 1179648K
  class space    used 11692K, committed 12160K, reserved 1048576K
}
Event: 4438.285 GC heap before
{Heap before GC invocations=654 (full 60):
 garbage-first heap   total 524288K, used 218753K [0x0000000701800000, 0x0000000800000000)
  region size 2048K, 40 young (81920K), 2 survivors (4096K)
 Metaspace       used 87915K, committed 88832K, reserved 1179648K
  class space    used 11692K, committed 12160K, reserved 1048576K
}
Event: 4438.291 GC heap after
{Heap after GC invocations=655 (full 60):
 garbage-first heap   total 524288K, used 146818K [0x0000000701800000, 0x0000000800000000)
  region size 2048K, 4 young (8192K), 4 survivors (8192K)
 Metaspace       used 87915K, committed 88832K, reserved 1179648K
  class space    used 11692K, committed 12160K, reserved 1048576K
}
Event: 4438.734 GC heap before
{Heap before GC invocations=655 (full 60):
 garbage-first heap   total 524288K, used 220546K [0x0000000701800000, 0x0000000800000000)
  region size 2048K, 40 young (81920K), 4 survivors (8192K)
 Metaspace       used 87915K, committed 88832K, reserved 1179648K
  class space    used 11692K, committed 12160K, reserved 1048576K
}
Event: 4438.740 GC heap after
{Heap after GC invocations=656 (full 60):
 garbage-first heap   total 524288K, used 147719K [0x0000000701800000, 0x0000000800000000)
  region size 2048K, 1 young (2048K), 1 survivors (2048K)
 Metaspace       used 87915K, committed 88832K, reserved 1179648K
  class space    used 11692K, committed 12160K, reserved 1048576K
}
Event: 4442.971 GC heap before
{Heap before GC invocations=656 (full 60):
 garbage-first heap   total 524288K, used 227591K [0x0000000701800000, 0x0000000800000000)
  region size 2048K, 40 young (81920K), 1 survivors (2048K)
 Metaspace       used 87931K, committed 88832K, reserved 1179648K
  class space    used 11692K, committed 12160K, reserved 1048576K
}
Event: 4442.975 GC heap after
{Heap after GC invocations=657 (full 60):
 garbage-first heap   total 524288K, used 149796K [0x0000000701800000, 0x0000000800000000)
  region size 2048K, 2 young (4096K), 2 survivors (4096K)
 Metaspace       used 87931K, committed 88832K, reserved 1179648K
  class space    used 11692K, committed 12160K, reserved 1048576K
}
Event: 4479.957 GC heap before
{Heap before GC invocations=657 (full 60):
 garbage-first heap   total 524288K, used 227620K [0x0000000701800000, 0x0000000800000000)
  region size 2048K, 40 young (81920K), 2 survivors (4096K)
 Metaspace       used 87935K, committed 88832K, reserved 1179648K
  class space    used 11692K, committed 12160K, reserved 1048576K
}
Event: 4479.962 GC heap after
{Heap after GC invocations=658 (full 60):
 garbage-first heap   total 524288K, used 151707K [0x0000000701800000, 0x0000000800000000)
  region size 2048K, 3 young (6144K), 3 survivors (6144K)
 Metaspace       used 87935K, committed 88832K, reserved 1179648K
  class space    used 11692K, committed 12160K, reserved 1048576K
}
Event: 4481.516 GC heap before
{Heap before GC invocations=658 (full 60):
 garbage-first heap   total 524288K, used 227483K [0x0000000701800000, 0x0000000800000000)
  region size 2048K, 40 young (81920K), 3 survivors (6144K)
 Metaspace       used 87999K, committed 88832K, reserved 1179648K
  class space    used 11692K, committed 12160K, reserved 1048576K
}
Event: 4481.523 GC heap after
{Heap after GC invocations=659 (full 60):
 garbage-first heap   total 524288K, used 154553K [0x0000000701800000, 0x0000000800000000)
  region size 2048K, 4 young (8192K), 4 survivors (8192K)
 Metaspace       used 87999K, committed 88832K, reserved 1179648K
  class space    used 11692K, committed 12160K, reserved 1048576K
}
Event: 4481.960 GC heap before
{Heap before GC invocations=659 (full 60):
 garbage-first heap   total 524288K, used 183225K [0x0000000701800000, 0x0000000800000000)
  region size 2048K, 19 young (38912K), 4 survivors (8192K)
 Metaspace       used 88038K, committed 88832K, reserved 1179648K
  class space    used 11694K, committed 12160K, reserved 1048576K
}
Event: 4482.085 GC heap after
{Heap after GC invocations=660 (full 61):
 garbage-first heap   total 524288K, used 127116K [0x0000000701800000, 0x0000000800000000)
  region size 2048K, 0 young (0K), 0 survivors (0K)
 Metaspace       used 88038K, committed 88832K, reserved 1179648K
  class space    used 11694K, committed 12160K, reserved 1048576K
}

Dll operation events (20 events):
Event: 2.212 Loaded shared library D:\Vivado\2023.2\lib\win64.o\librdi_ipservicestasks.dll
Event: 2.219 Loaded shared library D:\Vivado\2023.2\lib\win64.o\librdi_vivadotasks.dll
Event: 2.224 Loaded shared library D:\Vivado\2023.2\lib\win64.o\librdi_board.dll
Event: 2.228 Loaded shared library D:\Vivado\2023.2\lib\win64.o\librdi_boarddep.dll
Event: 2.231 Loaded shared library D:\Vivado\2023.2\lib\win64.o\librdi_boardcommontasks.dll
Event: 2.234 Loaded shared library D:\Vivado\2023.2\lib\win64.o\librdi_ptgen.dll
Event: 2.236 Loaded shared library D:\Vivado\2023.2\lib\win64.o\librdi_ip.dll
Event: 2.243 Loaded shared library D:\Vivado\2023.2\lib\win64.o\librdi_mig.dll
Event: 2.248 Loaded shared library D:\Vivado\2023.2\lib\win64.o\librdi_implflow.dll
Event: 2.250 Loaded shared library D:\Vivado\2023.2\lib\win64.o\librdi_xhubtasks.dll
Event: 2.311 Loaded shared library D:\Vivado\2023.2\lib\win64.o\librdi_iptasks.dll
Event: 2.317 Loaded shared library D:\Vivado\2023.2\lib\win64.o\librdi_synth.dll
Event: 4.264 Loaded shared library D:\Vivado\2023.2\tps\win64\jre17.0.7_7\bin\verify.dll
Event: 4.686 Loaded shared library D:\Vivado\2023.2\tps\win64\jre17.0.7_7\bin\javajpeg.dll
Event: 4.718 Loaded shared library D:\Vivado\2023.2\tps\win64\jre17.0.7_7\bin\lcms.dll
Event: 5.343 Loaded shared library D:\Vivado\2023.2\tps\win64\jre17.0.7_7\bin\freetype.dll
Event: 5.347 Loaded shared library D:\Vivado\2023.2\tps\win64\jre17.0.7_7\bin\fontmanager.dll
Event: 11.786 Loaded shared library D:\Vivado\2023.2\lib\win64.o\librdi_xhub.dll
Event: 18.837 Loaded shared library D:\Vivado\2023.2\tps\win64\jre17.0.7_7\bin\management.dll
Event: 18.841 Loaded shared library D:\Vivado\2023.2\tps\win64\jre17.0.7_7\bin\management_ext.dll

Deoptimization events (20 events):
Event: 4431.478 Thread 0x00000249629d2600 Uncommon trap: trap_request=0xffffffde fr.pc=0x00000249736cb8cc relative=0x000000000000052c
Event: 4431.478 Thread 0x00000249629d2600 Uncommon trap: reason=class_check action=maybe_recompile pc=0x00000249736cb8cc method=ui.views.x.b.p.o(Ljava/lang/Object;Ljava/lang/String;)Lui/views/x/b/d; @ 218 c2
Event: 4431.478 Thread 0x00000249629d2600 DEOPT PACKING pc=0x00000249736cb8cc sp=0x000000a0271fedc0
Event: 4431.478 Thread 0x00000249629d2600 DEOPT UNPACKING pc=0x00000249719869a3 sp=0x000000a0271fed40 mode 2
Event: 4441.217 Thread 0x00000249629d2600 Uncommon trap: trap_request=0xffffff45 fr.pc=0x000002497302de88 relative=0x00000000000005a8
Event: 4441.217 Thread 0x00000249629d2600 Uncommon trap: reason=unstable_if action=reinterpret pc=0x000002497302de88 method=javax.swing.text.CompositeView.modelToView(ILjava/awt/Shape;Ljavax/swing/text/Position$Bias;)Ljava/awt/Shape; @ 4 c2
Event: 4441.217 Thread 0x00000249629d2600 DEOPT PACKING pc=0x000002497302de88 sp=0x000000a0271fd7a0
Event: 4441.219 Thread 0x00000249629d2600 DEOPT UNPACKING pc=0x00000249719869a3 sp=0x000000a0271fd6b8 mode 2
Event: 4441.219 Thread 0x00000249629d2600 Uncommon trap: trap_request=0xffffff45 fr.pc=0x00000249731ea1a4 relative=0x00000000000007c4
Event: 4441.219 Thread 0x00000249629d2600 Uncommon trap: reason=unstable_if action=reinterpret pc=0x00000249731ea1a4 method=javax.swing.text.ParagraphView$Row.getViewIndexAtPosition(I)I @ 13 c2
Event: 4441.219 Thread 0x00000249629d2600 DEOPT PACKING pc=0x00000249731ea1a4 sp=0x000000a0271fd350
Event: 4441.219 Thread 0x00000249629d2600 DEOPT UNPACKING pc=0x00000249719869a3 sp=0x000000a0271fd2e8 mode 2
Event: 4441.219 Thread 0x00000249629d2600 Uncommon trap: trap_request=0xffffff45 fr.pc=0x0000024972c5e3f0 relative=0x0000000000000c10
Event: 4441.220 Thread 0x00000249629d2600 Uncommon trap: reason=unstable_if action=reinterpret pc=0x0000024972c5e3f0 method=javax.swing.text.CompositeView.getViewAtPosition(ILjava/awt/Rectangle;)Ljavax/swing/text/View; @ 7 c2
Event: 4441.220 Thread 0x00000249629d2600 DEOPT PACKING pc=0x0000024972c5e3f0 sp=0x000000a0271fd3a0
Event: 4441.220 Thread 0x00000249629d2600 DEOPT UNPACKING pc=0x00000249719869a3 sp=0x000000a0271fd2e0 mode 2
Event: 4441.220 Thread 0x00000249629d2600 Uncommon trap: trap_request=0xffffff45 fr.pc=0x0000024972c5b270 relative=0x0000000000000f30
Event: 4441.220 Thread 0x00000249629d2600 Uncommon trap: reason=unstable_if action=reinterpret pc=0x0000024972c5b270 method=javax.swing.text.GlyphPainter1.modelToView(Ljavax/swing/text/GlyphView;ILjavax/swing/text/Position$Bias;Ljava/awt/Shape;)Ljava/awt/Shape; @ 51 c2
Event: 4441.220 Thread 0x00000249629d2600 DEOPT PACKING pc=0x0000024972c5b270 sp=0x000000a0271fd1b0
Event: 4441.220 Thread 0x00000249629d2600 DEOPT UNPACKING pc=0x00000249719869a3 sp=0x000000a0271fd0d0 mode 2

Classes unloaded (20 events):
Event: 3998.683 Thread 0x000002495ec61d80 Unloading class 0x0000000801490000 'java/lang/invoke/LambdaForm$MH+0x0000000801490000'
Event: 3998.683 Thread 0x000002495ec61d80 Unloading class 0x000000080148fc00 'java/lang/invoke/LambdaForm$MH+0x000000080148fc00'
Event: 3998.683 Thread 0x000002495ec61d80 Unloading class 0x000000080148f800 'java/lang/invoke/LambdaForm$BMH+0x000000080148f800'
Event: 3998.683 Thread 0x000002495ec61d80 Unloading class 0x000000080148ec00 'java/lang/invoke/LambdaForm$MH+0x000000080148ec00'
Event: 3998.683 Thread 0x000002495ec61d80 Unloading class 0x000000080148e800 'java/lang/invoke/LambdaForm$MH+0x000000080148e800'
Event: 3998.683 Thread 0x000002495ec61d80 Unloading class 0x000000080148e400 'java/lang/invoke/LambdaForm$MH+0x000000080148e400'
Event: 3998.683 Thread 0x000002495ec61d80 Unloading class 0x000000080148e000 'java/lang/invoke/LambdaForm$MH+0x000000080148e000'
Event: 3998.683 Thread 0x000002495ec61d80 Unloading class 0x000000080148dc00 'java/lang/invoke/LambdaForm$MH+0x000000080148dc00'
Event: 3998.683 Thread 0x000002495ec61d80 Unloading class 0x000000080148d800 'java/lang/invoke/LambdaForm$MH+0x000000080148d800'
Event: 3998.683 Thread 0x000002495ec61d80 Unloading class 0x000000080148d400 'java/lang/invoke/LambdaForm$MH+0x000000080148d400'
Event: 3998.683 Thread 0x000002495ec61d80 Unloading class 0x000000080148d000 'java/lang/invoke/LambdaForm$MH+0x000000080148d000'
Event: 3998.683 Thread 0x000002495ec61d80 Unloading class 0x000000080148cc00 'java/lang/invoke/LambdaForm$MH+0x000000080148cc00'
Event: 3998.683 Thread 0x000002495ec61d80 Unloading class 0x000000080148c800 'java/lang/invoke/LambdaForm$MH+0x000000080148c800'
Event: 3998.683 Thread 0x000002495ec61d80 Unloading class 0x000000080148c400 'java/lang/invoke/LambdaForm$MH+0x000000080148c400'
Event: 3998.683 Thread 0x000002495ec61d80 Unloading class 0x000000080148c000 'java/lang/invoke/LambdaForm$MH+0x000000080148c000'
Event: 3998.683 Thread 0x000002495ec61d80 Unloading class 0x00000008013d8000 'jdk/internal/reflect/GeneratedMethodAccessor4'
Event: 3998.683 Thread 0x000002495ec61d80 Unloading class 0x0000000801348c00 'jdk/internal/reflect/GeneratedConstructorAccessor11'
Event: 3998.683 Thread 0x000002495ec61d80 Unloading class 0x0000000801204c00 'java/lang/invoke/LambdaForm$DMH+0x0000000801204c00'
Event: 3998.683 Thread 0x000002495ec61d80 Unloading class 0x0000000801204400 'java/lang/invoke/LambdaForm$DMH+0x0000000801204400'
Event: 3998.683 Thread 0x000002495ec61d80 Unloading class 0x0000000801204000 'jdk/internal/reflect/GeneratedConstructorAccessor7'

Classes redefined (0 events):
No events

Internal exceptions (20 events):
Event: 4441.154 Thread 0x00000249629d2600 Exception <a 'java/io/FileNotFoundException'{0x0000000720862bd0}> (0x0000000720862bd0) 
thrown [s\src\hotspot\share\prims\jni.cpp, line 516]
Event: 4446.138 Thread 0x00000249629d2600 Exception <a 'java/io/FileNotFoundException'{0x00000007210b8338}> (0x00000007210b8338) 
thrown [s\src\hotspot\share\prims\jni.cpp, line 516]
Event: 4446.155 Thread 0x00000249629d2600 Exception <a 'java/io/FileNotFoundException'{0x00000007210ba700}> (0x00000007210ba700) 
thrown [s\src\hotspot\share\prims\jni.cpp, line 516]
Event: 4451.139 Thread 0x00000249629d2600 Exception <a 'java/io/FileNotFoundException'{0x0000000720aa4f38}> (0x0000000720aa4f38) 
thrown [s\src\hotspot\share\prims\jni.cpp, line 516]
Event: 4451.156 Thread 0x00000249629d2600 Exception <a 'java/io/FileNotFoundException'{0x0000000720aab8e0}> (0x0000000720aab8e0) 
thrown [s\src\hotspot\share\prims\jni.cpp, line 516]
Event: 4456.141 Thread 0x00000249629d2600 Exception <a 'java/io/FileNotFoundException'{0x00000007204850f8}> (0x00000007204850f8) 
thrown [s\src\hotspot\share\prims\jni.cpp, line 516]
Event: 4456.158 Thread 0x00000249629d2600 Exception <a 'java/io/FileNotFoundException'{0x000000072048cee0}> (0x000000072048cee0) 
thrown [s\src\hotspot\share\prims\jni.cpp, line 516]
Event: 4461.142 Thread 0x00000249629d2600 Exception <a 'java/io/FileNotFoundException'{0x000000071fea4338}> (0x000000071fea4338) 
thrown [s\src\hotspot\share\prims\jni.cpp, line 516]
Event: 4461.160 Thread 0x00000249629d2600 Exception <a 'java/io/FileNotFoundException'{0x000000071fea9760}> (0x000000071fea9760) 
thrown [s\src\hotspot\share\prims\jni.cpp, line 516]
Event: 4466.144 Thread 0x00000249629d2600 Exception <a 'java/io/FileNotFoundException'{0x000000071f85ae88}> (0x000000071f85ae88) 
thrown [s\src\hotspot\share\prims\jni.cpp, line 516]
Event: 4466.161 Thread 0x00000249629d2600 Exception <a 'java/io/FileNotFoundException'{0x000000071f85bba0}> (0x000000071f85bba0) 
thrown [s\src\hotspot\share\prims\jni.cpp, line 516]
Event: 4471.145 Thread 0x00000249629d2600 Exception <a 'java/io/FileNotFoundException'{0x000000071ed1d4a8}> (0x000000071ed1d4a8) 
thrown [s\src\hotspot\share\prims\jni.cpp, line 516]
Event: 4471.163 Thread 0x00000249629d2600 Exception <a 'java/io/FileNotFoundException'{0x000000071ed1e1c0}> (0x000000071ed1e1c0) 
thrown [s\src\hotspot\share\prims\jni.cpp, line 516]
Event: 4476.147 Thread 0x00000249629d2600 Exception <a 'java/io/FileNotFoundException'{0x000000071deeba78}> (0x000000071deeba78) 
thrown [s\src\hotspot\share\prims\jni.cpp, line 516]
Event: 4476.164 Thread 0x00000249629d2600 Exception <a 'java/io/FileNotFoundException'{0x000000071deec790}> (0x000000071deec790) 
thrown [s\src\hotspot\share\prims\jni.cpp, line 516]
Event: 4481.274 Thread 0x000002492bb12800 Exception <a 'java/lang/InterruptedException'{0x000000072140b930}: sleep interrupted> (0x000000072140b930) 
thrown [s\src\hotspot\share\prims\jvm.cpp, line 3044]
Event: 4481.552 Thread 0x00000249629d2600 Exception <a 'java/io/FileNotFoundException'{0x0000000721415878}> (0x0000000721415878) 
thrown [s\src\hotspot\share\prims\jni.cpp, line 516]
Event: 4481.553 Thread 0x00000249629d2600 Exception <a 'java/io/FileNotFoundException'{0x0000000721417c10}> (0x0000000721417c10) 
thrown [s\src\hotspot\share\prims\jni.cpp, line 516]
Event: 4486.148 Thread 0x00000249629d2600 Exception <a 'java/io/FileNotFoundException'{0x00000007205ab720}> (0x00000007205ab720) 
thrown [s\src\hotspot\share\prims\jni.cpp, line 516]
Event: 4486.167 Thread 0x00000249629d2600 Exception <a 'java/io/FileNotFoundException'{0x00000007205ac438}> (0x00000007205ac438) 
thrown [s\src\hotspot\share\prims\jni.cpp, line 516]

VM Operations (20 events):
Event: 4442.971 Executing VM operation: G1CollectForAllocation
Event: 4442.975 Executing VM operation: G1CollectForAllocation done
Event: 4443.976 Executing VM operation: Cleanup
Event: 4443.976 Executing VM operation: Cleanup done
Event: 4470.006 Executing VM operation: Cleanup
Event: 4470.006 Executing VM operation: Cleanup done
Event: 4472.006 Executing VM operation: Cleanup
Event: 4472.007 Executing VM operation: Cleanup done
Event: 4479.957 Executing VM operation: G1CollectForAllocation
Event: 4479.962 Executing VM operation: G1CollectForAllocation done
Event: 4480.963 Executing VM operation: Cleanup
Event: 4480.963 Executing VM operation: Cleanup done
Event: 4481.516 Executing VM operation: G1CollectForAllocation
Event: 4481.523 Executing VM operation: G1CollectForAllocation done
Event: 4481.959 Executing VM operation: G1CollectFull
Event: 4482.086 Executing VM operation: G1CollectFull done
Event: 4483.087 Executing VM operation: Cleanup
Event: 4483.087 Executing VM operation: Cleanup done
Event: 4486.088 Executing VM operation: Cleanup
Event: 4486.089 Executing VM operation: Cleanup done

Events (20 events):
Event: 4481.945 Thread 0x000002492bb179d0 Thread added: 0x000002492bb179d0
Event: 4481.953 Thread 0x000002492bb14e80 Thread added: 0x000002492bb14e80
Event: 4481.959 Thread 0x000002492bb14e80 Thread exited: 0x000002492bb14e80
Event: 4482.087 Thread 0x000002492bb179d0 Thread exited: 0x000002492bb179d0
Event: 4482.581 Thread 0x000002492bb179d0 Thread added: 0x000002492bb179d0
Event: 4482.586 Thread 0x000002492bb179d0 Thread exited: 0x000002492bb179d0
Event: 4482.861 Thread 0x000002492bb179d0 Thread added: 0x000002492bb179d0
Event: 4482.865 Thread 0x000002492bb179d0 Thread exited: 0x000002492bb179d0
Event: 4483.863 Thread 0x000002492bb179d0 Thread added: 0x000002492bb179d0
Event: 4483.868 Thread 0x000002492bb179d0 Thread exited: 0x000002492bb179d0
Event: 4485.339 Thread 0x000002492bb179d0 Thread added: 0x000002492bb179d0
Event: 4485.344 Thread 0x000002492bb179d0 Thread exited: 0x000002492bb179d0
Event: 4485.864 Thread 0x000002492bb179d0 Thread added: 0x000002492bb179d0
Event: 4485.870 Thread 0x000002492bb179d0 Thread exited: 0x000002492bb179d0
Event: 4486.158 Thread 0x000002492bb1a520 Thread exited: 0x000002492bb1a520
Event: 4486.275 Thread 0x000002492bb12800 Thread exited: 0x000002492bb12800
Event: 4487.062 Thread 0x000002492bb14e80 Thread added: 0x000002492bb14e80
Event: 4487.068 Thread 0x000002492bb14e80 Thread exited: 0x000002492bb14e80
Event: 4487.866 Thread 0x000002492bb14e80 Thread added: 0x000002492bb14e80
Event: 4487.871 Thread 0x000002492bb14e80 Thread exited: 0x000002492bb14e80


Dynamic libraries:
0x00007ff7e6950000 - 0x00007ff7e6981000 	D:\Vivado\2023.2\bin\unwrapped\win64.o\vivado.exe
0x00007ffafa540000 - 0x00007ffafa7a3000 	C:\WINDOWS\SYSTEM32\ntdll.dll
0x00007ffaf9870000 - 0x00007ffaf9937000 	C:\WINDOWS\System32\KERNEL32.DLL
0x00007ffaf7ce0000 - 0x00007ffaf80a7000 	C:\WINDOWS\System32\KERNELBASE.dll
0x00007ffaf7b90000 - 0x00007ffaf7cdc000 	C:\WINDOWS\System32\ucrtbase.dll
0x00007ffae91a0000 - 0x00007ffae91be000 	C:\WINDOWS\SYSTEM32\VCRUNTIME140.dll
0x00007ffad2bd0000 - 0x00007ffad2bec000 	D:\Vivado\2023.2\lib\win64.o\librdi_commonmain.dll
0x00007ffae8140000 - 0x00007ffae81cd000 	C:\WINDOWS\SYSTEM32\MSVCP140.dll
0x00007ffa8c290000 - 0x00007ffa8c6c0000 	D:\Vivado\2023.2\lib\win64.o\python38.dll
0x00007ffacd440000 - 0x00007ffacd461000 	D:\Vivado\2023.2\lib\win64.o\libboost_filesystem.dll
0x00007ffaf97b0000 - 0x00007ffaf9864000 	C:\WINDOWS\System32\ADVAPI32.dll
0x00007ffaf9b20000 - 0x00007ffaf9b7d000 	C:\WINDOWS\System32\SHLWAPI.dll
0x00007ffaf8cb0000 - 0x00007ffaf8d59000 	C:\WINDOWS\System32\msvcrt.dll
0x00007ffaf9230000 - 0x00007ffaf92d6000 	C:\WINDOWS\System32\sechost.dll
0x00007ffaf9aa0000 - 0x00007ffaf9b14000 	C:\WINDOWS\System32\WS2_32.dll
0x00007ffaf9080000 - 0x00007ffaf9196000 	C:\WINDOWS\System32\RPCRT4.dll
0x00007ffa88c90000 - 0x00007ffa8a33a000 	D:\Vivado\2023.2\lib\win64.o\librdi_common.dll
0x00007ffaf0e60000 - 0x00007ffaf0e69000 	D:\Vivado\2023.2\lib\win64.o\librdi_commonversion.dll
0x00007ffaf9b80000 - 0x00007ffaf9d49000 	C:\WINDOWS\System32\USER32.dll
0x00007ffaf82b0000 - 0x00007ffaf82d7000 	C:\WINDOWS\System32\win32u.dll
0x00007ffaa4a00000 - 0x00007ffaa4bb6000 	D:\Vivado\2023.2\lib\win64.o\librdi_commonxillic.dll
0x0000000071d30000 - 0x0000000071e5c000 	D:\Vivado\2023.2\lib\win64.o\tcl85t.dll
0x00007ffaf8d60000 - 0x00007ffaf8d8a000 	C:\WINDOWS\System32\GDI32.dll
0x00007ffaf78e0000 - 0x00007ffaf7a0b000 	C:\WINDOWS\System32\gdi32full.dll
0x00007ffaf80b0000 - 0x00007ffaf8153000 	C:\WINDOWS\System32\msvcp_win.dll
0x00007ffaef850000 - 0x00007ffaef85b000 	C:\WINDOWS\SYSTEM32\VERSION.dll
0x00007ffae7f00000 - 0x00007ffae7f0c000 	C:\WINDOWS\SYSTEM32\VCRUNTIME140_1.dll
0x00007ffaf84b0000 - 0x00007ffaf8bb4000 	C:\WINDOWS\System32\SHELL32.dll
0x00007ffaf8220000 - 0x00007ffaf829f000 	C:\WINDOWS\System32\WINTRUST.dll
0x00007ffa8bf20000 - 0x00007ffa8c28e000 	D:\Vivado\2023.2\lib\win64.o\libCOIN-all.dll
0x00007ffabd650000 - 0x00007ffabd6c9000 	D:\Vivado\2023.2\lib\win64.o\libboost_program_options.dll
0x00007ffad0330000 - 0x00007ffad0341000 	D:\Vivado\2023.2\lib\win64.o\libboost_date_time.dll
0x00007ffaa43c0000 - 0x00007ffaa44d4000 	D:\Vivado\2023.2\lib\win64.o\libboost_regex.dll
0x00007ffacd5c0000 - 0x00007ffacd5dc000 	D:\Vivado\2023.2\lib\win64.o\libboost_thread.dll
0x00007ffaf0130000 - 0x00007ffaf013c000 	D:\Vivado\2023.2\lib\win64.o\libboost_xilinx.dll
0x00007ffab55f0000 - 0x00007ffab5672000 	D:\Vivado\2023.2\lib\win64.o\libhdlpsolve.dll
0x00007ffaa7c00000 - 0x00007ffaa7ca5000 	D:\Vivado\2023.2\lib\win64.o\libhdxml.dll
0x00007ffa8a710000 - 0x00007ffa8b734600 	D:\Vivado\2023.2\lib\win64.o\libisl_iostreams.dll
0x00007ffac9710000 - 0x00007ffac973a000 	D:\Vivado\2023.2\lib\win64.o\libisl_sysinfo.dll
0x00007ffac68a0000 - 0x00007ffac6905000 	D:\Vivado\2023.2\lib\win64.o\liblmx6.0.dll
0x00007ffac96f0000 - 0x00007ffac970a000 	D:\Vivado\2023.2\lib\win64.o\pthreadVC2.dll
0x00007ffac83a0000 - 0x00007ffac83bc000 	D:\Vivado\2023.2\lib\win64.o\librdiconfig.dll
0x00007ffabd5b0000 - 0x00007ffabd5d1000 	D:\Vivado\2023.2\lib\win64.o\librdizlib.dll
0x00007ffa8bbf0000 - 0x00007ffa8bf1d000 	D:\Vivado\2023.2\lib\win64.o\libXil_lmgr11.dll
0x00007ffaf83b0000 - 0x00007ffaf849f000 	C:\WINDOWS\System32\COMDLG32.dll
0x00007ffa8a440000 - 0x00007ffa8a701000 	D:\Vivado\2023.2\lib\win64.o\xerces-c_3_2.dll
0x00007ffaf71a0000 - 0x00007ffaf71c6000 	C:\WINDOWS\SYSTEM32\bcrypt.dll
0x00007ffafa050000 - 0x00007ffafa3ce000 	C:\WINDOWS\System32\combase.dll
0x00007ffaf8bc0000 - 0x00007ffaf8ca9000 	C:\WINDOWS\System32\shcore.dll
0x00007ffaf9f70000 - 0x00007ffafa046000 	C:\WINDOWS\System32\OLEAUT32.dll
0x00007ffaf9dd0000 - 0x00007ffaf9f65000 	C:\WINDOWS\System32\ole32.dll
0x00007ffaf7a10000 - 0x00007ffaf7b86000 	C:\WINDOWS\System32\CRYPT32.dll
0x00007ffaea780000 - 0x00007ffaea79a000 	C:\WINDOWS\SYSTEM32\NETAPI32.dll
0x00007ffae6f70000 - 0x00007ffae71f3000 	C:\WINDOWS\SYSTEM32\WININET.dll
0x00007ffaf0790000 - 0x00007ffaf08ae000 	C:\WINDOWS\SYSTEM32\WINHTTP.dll
0x00007ffaeb810000 - 0x00007ffaeb9ed000 	C:\WINDOWS\SYSTEM32\urlmon.dll
0x00007ffae9730000 - 0x00007ffae973a000 	C:\WINDOWS\SYSTEM32\WSOCK32.dll
0x00007ffabcd20000 - 0x00007ffabcd50000 	C:\WINDOWS\SYSTEM32\VCOMP140.DLL
0x00007ffa84d00000 - 0x00007ffa86c17000 	D:\Vivado\2023.2\lib\win64.o\gurobi90.dll
0x00007ffaf9d50000 - 0x00007ffaf9dc3000 	C:\WINDOWS\System32\WLDAP32.dll
0x00007ffaf8ea0000 - 0x00007ffaf8ea8000 	C:\WINDOWS\System32\Normaliz.dll
0x00007ffac2200000 - 0x00007ffac2218000 	D:\Vivado\2023.2\lib\win64.o\libboost_iostreams.dll
0x00007ffabb2c0000 - 0x00007ffabb2e4000 	D:\Vivado\2023.2\lib\win64.o\libisl_iosutils.dll
0x00007ffac6fc0000 - 0x00007ffac7074000 	C:\WINDOWS\WinSxS\amd64_microsoft.windows.common-controls_6595b64144ccf1df_5.82.26100.1882_none_87f34cef7a28f535\COMCTL32.dll
0x00007ffaf0570000 - 0x00007ffaf0595000 	C:\WINDOWS\SYSTEM32\dhcpcsvc.DLL
0x00007ffaf6cc0000 - 0x00007ffaf6ceb000 	C:\WINDOWS\SYSTEM32\USERENV.dll
0x00007ffaf55c0000 - 0x00007ffaf5df7000 	C:\WINDOWS\SYSTEM32\windows.storage.dll
0x00007ffaeb230000 - 0x00007ffaeb4f9000 	C:\WINDOWS\SYSTEM32\iertutil.dll
0x00007ffaeaec0000 - 0x00007ffaeaee9000 	C:\WINDOWS\SYSTEM32\srvcli.dll
0x00007ffaf60e0000 - 0x00007ffaf60ed000 	C:\WINDOWS\SYSTEM32\netutils.dll
0x00007ffaf6c00000 - 0x00007ffaf6c68000 	C:\WINDOWS\SYSTEM32\MSWSOCK.DLL
0x00007ffaf92e0000 - 0x00007ffaf930f000 	C:\WINDOWS\System32\IMM32.DLL
0x00007ffaf7070000 - 0x00007ffaf7083000 	C:\WINDOWS\SYSTEM32\MSASN1.dll
0x00007ffaf6f30000 - 0x00007ffaf6f4c000 	C:\WINDOWS\SYSTEM32\CRYPTSP.dll
0x00007ffaf66e0000 - 0x00007ffaf66fa000 	C:\WINDOWS\SYSTEM32\kernel.appcore.dll
0x00007ffaf6640000 - 0x00007ffaf6678000 	C:\WINDOWS\system32\rsaenh.dll
0x00007ffaf6f50000 - 0x00007ffaf6f5c000 	C:\WINDOWS\SYSTEM32\CRYPTBASE.dll
0x00007ffaf82e0000 - 0x00007ffaf8379000 	C:\WINDOWS\System32\bcryptPrimitives.dll
0x00007ffaf8380000 - 0x00007ffaf83a0000 	C:\WINDOWS\System32\imagehlp.dll
0x00007ffa88740000 - 0x00007ffa88c8d000 	D:\Vivado\2023.2\lib\win64.o\librdi_commontasks.dll
0x00007ffa840b0000 - 0x00007ffa84cf8000 	D:\Vivado\2023.2\tps\win64\jre17.0.7_7\bin\server\jvm.dll
0x00007ffa88410000 - 0x00007ffa8873b800 	D:\Vivado\2023.2\lib\win64.o\librdi_sio.dll
0x00007ffae6650000 - 0x00007ffae6686000 	C:\WINDOWS\SYSTEM32\WINMM.dll
0x00007ffaf60f0000 - 0x00007ffaf6122000 	C:\WINDOWS\SYSTEM32\IPHLPAPI.DLL
0x00007ffaf6c90000 - 0x00007ffaf6cb7000 	C:\WINDOWS\SYSTEM32\gpapi.dll
0x00007ffaef810000 - 0x00007ffaef84b000 	C:\Windows\System32\cryptnet.dll
0x00007ffaf77f0000 - 0x00007ffaf781e000 	C:\WINDOWS\SYSTEM32\profapi.dll
0x00007ffaf2c40000 - 0x00007ffaf2c4e000 	C:\WINDOWS\SYSTEM32\WINNSI.DLL
0x00007ffafa4f0000 - 0x00007ffafa4fa000 	C:\WINDOWS\System32\NSI.dll
0x00007ffaf6990000 - 0x00007ffaf69d8000 	C:\WINDOWS\SYSTEM32\SspiCli.dll
0x00007ffae69c0000 - 0x00007ffae69d8000 	C:\WINDOWS\system32\napinsp.dll
0x00007ffaf6180000 - 0x00007ffaf62a5000 	C:\WINDOWS\SYSTEM32\DNSAPI.dll
0x00007ffae9100000 - 0x00007ffae9112000 	C:\WINDOWS\System32\winrnr.dll
0x00007ffae64d0000 - 0x00007ffae64f2000 	C:\WINDOWS\system32\nlansp_c.dll
0x00007ffaef930000 - 0x00007ffaef946000 	C:\WINDOWS\system32\wshbth.dll
0x00007ffa63b20000 - 0x00007ffa668e6000 	D:\Vivado\2023.2\lib\win64.o\librdi_tcltasks.dll
0x00007ffaa7220000 - 0x00007ffaa72a3000 	D:\Vivado\2023.2\lib\win64.o\librdi_boarddep.dll
0x00007ffaa35c0000 - 0x00007ffaa37c0000 	D:\Vivado\2023.2\lib\win64.o\librdi_board.dll
0x00007ffa87f20000 - 0x00007ffa88401000 	D:\Vivado\2023.2\lib\win64.o\librdi_bitstream.dll
0x00007ffaa27b0000 - 0x00007ffaa28da000 	D:\Vivado\2023.2\lib\win64.o\librdi_chipscope.dll
0x00007ffaa0c60000 - 0x00007ffaa0e67000 	D:\Vivado\2023.2\lib\win64.o\librdi_chipscopeimpl.dll
0x00007ffa87db0000 - 0x00007ffa87f1e000 	D:\Vivado\2023.2\lib\win64.o\librdi_containers.dll
0x00007ffa61420000 - 0x00007ffa63b15000 	D:\Vivado\2023.2\lib\win64.o\librdi_constraints.dll
0x00007ffa71690000 - 0x00007ffa72c93000 	D:\Vivado\2023.2\lib\win64.o\librdi_device.dll
0x00007ffa5ece0000 - 0x00007ffa61416000 	D:\Vivado\2023.2\lib\win64.o\librdi_coregen.dll
0x00007ffa734c0000 - 0x00007ffa752c7000 	D:\Vivado\2023.2\lib\win64.o\librdi_designutils.dll
0x00007ffa87a10000 - 0x00007ffa87daf000 	D:\Vivado\2023.2\lib\win64.o\librdi_dlyest.dll
0x00007ffaa6f50000 - 0x00007ffaa7004000 	D:\Vivado\2023.2\lib\win64.o\librdi_dsp.dll
0x00007ffa80990000 - 0x00007ffa810c6000 	D:\Vivado\2023.2\lib\win64.o\librdi_drc.dll
0x00007ffa801d0000 - 0x00007ffa8098f000 	D:\Vivado\2023.2\lib\win64.o\librdi_filemgmt.dll
0x00007ffaac830000 - 0x00007ffaac89b000 	D:\Vivado\2023.2\lib\win64.o\librdi_hdf.dll
0x00007ffa83dc0000 - 0x00007ffa840a4000 	D:\Vivado\2023.2\lib\win64.o\librdi_hip_devdesign.dll
0x00007ffa83c70000 - 0x00007ffa83db8000 	D:\Vivado\2023.2\lib\win64.o\librdi_hip_perf_analysis.dll
0x00007ffa5d590000 - 0x00007ffa5de2a000 	D:\Vivado\2023.2\lib\win64.o\librdi_lopt.dll
0x00007ffa79f50000 - 0x00007ffa7b093000 	D:\Vivado\2023.2\lib\win64.o\librdi_implflow.dll
0x00007ffa5de30000 - 0x00007ffa5ece0000 	D:\Vivado\2023.2\lib\win64.o\librdi_ippcw.dll
0x00007ffaaa860000 - 0x00007ffaaa8dd000 	D:\Vivado\2023.2\lib\win64.o\librdi_memoryarray.dll
0x00007ffaa7090000 - 0x00007ffaa7102000 	D:\Vivado\2023.2\lib\win64.o\librdi_noc_frameworks.dll
0x00007ffa5cd80000 - 0x00007ffa5d584000 	D:\Vivado\2023.2\lib\win64.o\librdi_netlist.dll
0x00007ffa72e60000 - 0x00007ffa734b6000 	D:\Vivado\2023.2\lib\win64.o\librdi_memdata.dll
0x00007ffab3860000 - 0x00007ffab38bc000 	D:\Vivado\2023.2\lib\win64.o\librdi_pfi.dll
0x00007ffa7fd50000 - 0x00007ffa801ce000 	D:\Vivado\2023.2\lib\win64.o\librdi_platform.dll
0x00007ffa38ae0000 - 0x00007ffa3b99c000 	D:\Vivado\2023.2\lib\win64.o\librdi_place.dll
0x00007ffa3b9a0000 - 0x00007ffa3e3e1000 	D:\Vivado\2023.2\lib\win64.o\librdi_mig.dll
0x00007ffa5c480000 - 0x00007ffa5cd72000 	D:\Vivado\2023.2\lib\win64.o\librdi_power.dll
0x00007ffa5bbf0000 - 0x00007ffa5c47b000 	D:\Vivado\2023.2\lib\win64.o\librdi_project.dll
0x00007ffa5b470000 - 0x00007ffa5bbe7000 	D:\Vivado\2023.2\lib\win64.o\librdi_psta.dll
0x00007ffa599a0000 - 0x00007ffa5a35a000 	D:\Vivado\2023.2\lib\win64.o\librdi_rsb.dll

dbghelp: loaded successfully - version: 4.0.5 - missing functions: none
symbol engine: initialized successfully - sym options: 0x614 - pdb path: .;D:\Vivado\2023.2\bin\unwrapped\win64.o;C:\WINDOWS\SYSTEM32;D:\Vivado\2023.2\lib\win64.o;C:\WINDOWS\WinSxS\amd64_microsoft.windows.common-controls_6595b64144ccf1df_5.82.26100.1882_none_87f34cef7a28f535;D:\Vivado\2023.2\tps\win64\jre17.0.7_7\bin\server;D:\Vivado\2023.2\tps\win64\jre17.0.7_7\bin;C:\WINDOWS\WinSxS\amd64_microsoft.windows.common-controls_6595b64144ccf1df_6.0.26100.3037_none_3e09262ce333c378

VM Arguments:
jvm_args: -Dsun.java2d.pmoffscreen=false -Dhttps.protocols=TLSv1,TLSv1.1,TLSv1.2 -Dsun.java2d.xrender=false -Dsun.java2d.d3d=false -Dsun.awt.nopixfmt=true -Dsun.java2d.dpiaware=true -Dsun.java2d.uiScale.enabled=false -Dswing.aatext=true -XX:-UsePerfData -Djdk.map.althashing.threshold=512 -XX:StringTableSize=4072 -XX:+UseStringDeduplication -XX:MaxGCPauseMillis=200 -XX:+ParallelRefProcEnabled --add-opens=java.desktop/javax.swing.plaf.synth=ALL-UNNAMED --add-opens=java.base/java.nio=ALL-UNNAMED --add-opens=java.desktop/sun.swing=ALL-UNNAMED --add-opens=java.desktop/javax.swing=ALL-UNNAMED --add-opens=java.desktop/javax.swing.tree=ALL-UNNAMED --add-opens=java.desktop/javax.swing.plaf.basic=ALL-UNNAMED --add-opens=java.desktop/javax.swing.plaf.synth=ALL-UNNAMED --add-opens=java.desktop/javax.swing.plaf.basic=ALL-UNNAMED --add-opens=java.desktop/javax.swing=ALL-UNNAMED --add-opens=java.desktop/javax.swing.tree=ALL-UNNAMED --add-opens=java.desktop/java.awt.event=ALL-UNNAMED --add-exports=java.desktop/javax.swing.plaf.synth=ALL-UNNAMED --add-exports=java.base/java.nio=ALL-UNNAMED --add-exports=java.desktop/sun.swing=ALL-UNNAMED --add-exports=java.desktop/javax.swing=ALL-UNNAMED --add-exports=java.desktop/javax.swing.tree=ALL-UNNAMED --add-exports=java.desktop/javax.swing.plaf.basic=ALL-UNNAMED --add-exports=java.desktop/sun.swing=ALL-UNNAMED --add-exports=java.desktop/sun.swing.table=ALL-UNNAMED --add-exports=java.desktop/sun.swing.plaf.synth=ALL-UNNAMED --add-exports=java.desktop/sun.awt.shell=ALL-UNNAMED --add-exports=java.base/sun.security.action=ALL-UNNAMED --add-exports=java.desktop/sun.font=ALL-UNNAMED -XX:NewSize=80m -XX:MaxNewSize=80m -Xms512m -Xmx4072m -Xss10m 
java_command: <unknown>
java_class_path (initial): D:/Vivado/2023.2\lib\classes\alloy.jar;D:/Vivado/2023.2\lib\classes\asm-9.3.jar;D:/Vivado/2023.2\lib\classes\asm-analysis-9.3.jar;D:/Vivado/2023.2\lib\classes\asm-commons-9.3.jar;D:/Vivado/2023.2\lib\classes\asm-tree-9.3.jar;D:/Vivado/2023.2\lib\classes\autoesl-models.jar;D:/Vivado/2023.2\lib\classes\batik-anim.jar;D:/Vivado/2023.2\lib\classes\batik-awt-util.jar;D:/Vivado/2023.2\lib\classes\batik-bridge.jar;D:/Vivado/2023.2\lib\classes\batik-codec.jar;D:/Vivado/2023.2\lib\classes\batik-constants.jar;D:/Vivado/2023.2\lib\classes\batik-css.jar;D:/Vivado/2023.2\lib\classes\batik-dom.jar;D:/Vivado/2023.2\lib\classes\batik-ext.jar;D:/Vivado/2023.2\lib\classes\batik-gui-util.jar;D:/Vivado/2023.2\lib\classes\batik-gvt.jar;D:/Vivado/2023.2\lib\classes\batik-i18n.jar;D:/Vivado/2023.2\lib\classes\batik-parser.jar;D:/Vivado/2023.2\lib\classes\batik-script.jar;D:/Vivado/2023.2\lib\classes\batik-svg-dom.jar;D:/Vivado/2023.2\lib\classes\batik-svggen.jar;D:/Vivado/2023.2\lib\classes\batik-swing.jar;D:/Vivado/2023.2\lib\classes\batik-transcoder.jar;D:/Vivado/2023.2\lib\classes\batik-util.jar;D:/Vivado/2023.2\lib\classes\batik-xml.jar;D:/Vivado/2023.2\lib\classes\com.fasterxml.jackson.core.jackson-annotations_2.12.1.v20210128-1726.jar;D:/Vivado/2023.2\lib\classes\com.fasterxml.jackson.core.jackson-core_2.12.1.v20210128-1726.jar;D:/Vivado/2023.2\lib\classes\com.fasterxml.jackson.core.jackson-databind_2.12.1.v20210128-1726.jar;D:/Vivado/2023.2\lib\classes\com.google.gson_2.8.9.v20220111-1409.jar;D:/Vivado/2023.2\lib\classes\com.google.guava_30.1.0.v20210127-2300.jar;D:/Vivado/2023.2\lib\classes\com.sigasi.hdt.connection_4.17.2.202304211001.jar;D:/Vivado/2023.2\lib\classes\com.sigasi.hdt.epl_4.17.2.202304211001.jar;D:/Vivado/2023.2\lib\classes\com.sigasi.hdt.project_4.17.2.202304211001.jar;D:/Vivado/2023.2\lib\classes\com.sigasi.hdt.readonlyfilesystem_4.17.2.202304211001.jar;D:/Vivado/2023.2\lib\classes\com.sigasi.hdt.shared_4.17.2.202304211001.jar;D:/Vivad
Launcher Type: generic

[Global flags]
     intx CICompilerCount                          = 4                                         {product} {ergonomic}
     uint ConcGCThreads                            = 2                                         {product} {ergonomic}
     uint G1ConcRefinementThreads                  = 8                                         {product} {ergonomic}
   size_t G1HeapRegionSize                         = 2097152                                   {product} {ergonomic}
    uintx GCDrainStackTargetSize                   = 64                                        {product} {ergonomic}
   size_t InitialHeapSize                          = 536870912                                 {product} {command line}
   size_t MarkStackSize                            = 4194304                                   {product} {ergonomic}
    uintx MaxGCPauseMillis                         = 200                                       {product} {command line}
   size_t MaxHeapSize                              = 4269801472                                {product} {command line}
   size_t MaxNewSize                               = 83886080                                  {product} {command line}
   size_t MinHeapDeltaBytes                        = 2097152                                   {product} {ergonomic}
   size_t MinHeapSize                              = 536870912                                 {product} {command line}
   size_t NewSize                                  = 83886080                                  {product} {command line}
    uintx NonNMethodCodeHeapSize                   = 5839372                                {pd product} {ergonomic}
    uintx NonProfiledCodeHeapSize                  = 122909434                              {pd product} {ergonomic}
     bool ParallelRefProcEnabled                   = true                                      {product} {command line}
    uintx ProfiledCodeHeapSize                     = 122909434                              {pd product} {ergonomic}
    uintx ReservedCodeCacheSize                    = 251658240                              {pd product} {ergonomic}
     bool SegmentedCodeCache                       = true                                      {product} {ergonomic}
   size_t SoftMaxHeapSize                          = 4269801472                             {manageable} {ergonomic}
    uintx StringTableSize                          = 4072                                      {product} {command line}
     intx ThreadStackSize                          = 10240                                  {pd product} {command line}
     bool UseCompressedClassPointers               = true                           {product lp64_product} {ergonomic}
     bool UseCompressedOops                        = true                           {product lp64_product} {ergonomic}
     bool UseG1GC                                  = true                                      {product} {ergonomic}
     bool UseLargePagesIndividualAllocation        = false                                  {pd product} {ergonomic}
     bool UsePerfData                              = false                                     {product} {command line}
     bool UseStringDeduplication                   = true                                      {product} {command line}

Logging:
Log output configuration:
 #0: stdout all=warning uptime,level,tags
 #1: stderr all=off uptime,level,tags

Environment Variables:
JAVA_HOME=C:\Users\debab\AppData\Local\Programs\Eclipse Adoptium\jdk-17.0.11.9-hotspot\
PATH=D:/Vivado/2023.2/bin;D:/Vivado/2023.2/tps/win64/java-cef-95.0.4638.69/bin/lib/win64;D:/Vivado/2023.2/tps/win64/javafx-sdk-17.0.1/lib;D:/Vivado/2023.2/tps/win64/javafx-sdk-17.0.1/bin;D:/Vivado/2023.2/lib/win64.o;D:/Vivado/2023.2/tps/win64/jre17.0.7_7/bin/server;D:/Vivado/2023.2/tps/win64/jre17.0.7_7/bin;D:/Vivado/2023.2/ids_lite/ISE/bin/nt64;D:/Vivado/2023.2/ids_lite/ISE/lib/nt64;D:/Vitis_HLS/2023.2/bin;C:\Program Files (x86)\Common Files\Oracle\Java\java8path;C:\Program Files (x86)\Common Files\Oracle\Java\javapath;C:\Python312\Scripts\;C:\Python312\;C:\oraclexe\app\oracle\product\11.2.0\server\bin;C:\ProgramData\Oracle\Java\javapath;C:\Windows\system32;C:\Windows;C:\Windows\System32\Wbem;C:\Windows\System32\WindowsPowerShell\v1.0\;C:\Windows\System32\OpenSSH\;C:\Program Files (x86)\NVIDIA Corporation\PhysX\Common;C:\Program Files\NVIDIA Corporation\NVIDIA NvDLISR;C:\Program Files\PuTTY\;C:\Program Files\nodejs\;C:\ProgramData\chocolatey\bin;C:\Program Files\Git\cmd;C:\Program Files\dotnet\;C:\Users\debab\AppData\Local\Programs\Eclipse Adoptium\jdk-17.0.11.9-hotspot\bin;C:\Program Files\MySQL\MySQL Shell 8.0\bin\;C:\Users\debab\AppData\Local\Microsoft\WindowsApps;C:\Users\debab\AppData\Local\Programs\Python\Python310;C:\Users\debab\AppData\Local\Programs\Python\Python310\Scripts;C:\Users\debab\AppData\Local\Programs\Microsoft VS Code\bin;C:\Users\debab\AppData\Roaming\npm;;D:/Vivado/2023.2\tps\mingw\6.2.0\win64.o\nt\bin;D:/Vivado/2023.2\tps\mingw\6.2.0\win64.o\nt\libexec\gcc\x86_64-w64-mingw32\6.2.0;D:/Vivado/2023.2\tps\win64\python-3.8.3;D:/Vivado/2023.2\tps\win64\python-3.8.3\bin;D:/Vivado/2023.2\tps\win64\python-3.8.3\lib;D:/Vivado/2023.2\tps\win64\python-3.8.3\lib\site-packages
USERNAME=debab
OS=Windows_NT
PROCESSOR_IDENTIFIER=Intel64 Family 6 Model 165 Stepping 2, GenuineIntel
TMP=C:\Users\debab\AppData\Local\Temp
TEMP=C:\Users\debab\AppData\Local\Temp



---------------  S Y S T E M  ---------------

OS:
 Windows 11 , 64 bit Build 26100 (10.0.26100.3037)
OS uptime: 3 days 23:35 hours
Hyper-V role detected

CPU: total 8 (initial active 8) (4 cores per cpu, 2 threads per core) family 6 model 165 stepping 2 microcode 0xe2, cx8, cmov, fxsr, ht, mmx, 3dnowpref, sse, sse2, sse3, ssse3, sse4.1, sse4.2, popcnt, lzcnt, tsc, tscinvbit, avx, avx2, aes, erms, clmul, bmi1, bmi2, adx, fma, vzeroupper, clflush, clflushopt, hv

Memory: 4k page, system-wide physical 8023M (2788M free)
TotalPageFile size 19799M (AvailPageFile size 6367M)
current process WorkingSet (physical memory assigned to process): 1062M, peak: 3245M
current process commit charge ("private bytes"): 2495M, peak: 6889M

vm_info: OpenJDK 64-Bit Server VM (17.0.7+7) for windows-amd64 JRE (17.0.7+7), built on Apr 18 2023 22:10:42 by "temurin" with MS VC++ 16.7 (VS2019)

END.
