#
# A fatal error has been detected by the Java Runtime Environment:
#
#  EXCEPTION_ACCESS_VIOLATION (0xc0000005) at pc=0x00007fff0555d61f, pid=24428, tid=10688
#
# JRE version: OpenJDK Runtime Environment Temurin-17.0.7+7 (17.0.7+7) (build 17.0.7+7)
# Java VM: OpenJDK 64-Bit Server VM Temurin-17.0.7+7 (17.0.7+7, mixed mode, sharing, tiered, compressed oops, compressed class ptrs, g1 gc, windows-amd64)
# Problematic frame:
# C  0x00007fff0555d61f
#
# No core dump will be written. Minidumps are not enabled by default on client versions of Windows
#
# If you would like to submit a bug report, please visit:
#   https://github.com/adoptium/adoptium-support/issues
# The crash happened outside the Java Virtual Machine in native code.
# See problematic frame for where to report the bug.
#

---------------  S U M M A R Y ------------

Command Line: -Dsun.java2d.pmoffscreen=false -Dhttps.protocols=TLSv1,TLSv1.1,TLSv1.2 -Dsun.java2d.xrender=false -Dsun.java2d.d3d=false -Dsun.awt.nopixfmt=true -Dsun.java2d.dpiaware=true -Dsun.java2d.uiScale.enabled=false -Dswing.aatext=true -XX:-UsePerfData -Djdk.map.althashing.threshold=512 -XX:StringTableSize=4072 -XX:+UseStringDeduplication -XX:MaxGCPauseMillis=200 -XX:+ParallelRefProcEnabled --add-opens=java.desktop/javax.swing.plaf.synth=ALL-UNNAMED --add-opens=java.base/java.nio=ALL-UNNAMED --add-opens=java.desktop/sun.swing=ALL-UNNAMED --add-opens=java.desktop/javax.swing=ALL-UNNAMED --add-opens=java.desktop/javax.swing.tree=ALL-UNNAMED --add-opens=java.desktop/javax.swing.plaf.basic=ALL-UNNAMED --add-opens=java.desktop/javax.swing.plaf.synth=ALL-UNNAMED --add-opens=java.desktop/javax.swing.plaf.basic=ALL-UNNAMED --add-opens=java.desktop/javax.swing=ALL-UNNAMED --add-opens=java.desktop/javax.swing.tree=ALL-UNNAMED --add-opens=java.desktop/java.awt.event=ALL-UNNAMED --add-exports=java.desktop/javax.swing.plaf.synth=ALL-UNNAMED --add-exports=java.base/java.nio=ALL-UNNAMED --add-exports=java.desktop/sun.swing=ALL-UNNAMED --add-exports=java.desktop/javax.swing=ALL-UNNAMED --add-exports=java.desktop/javax.swing.tree=ALL-UNNAMED --add-exports=java.desktop/javax.swing.plaf.basic=ALL-UNNAMED --add-exports=java.desktop/sun.swing=ALL-UNNAMED --add-exports=java.desktop/sun.swing.table=ALL-UNNAMED --add-exports=java.desktop/sun.swing.plaf.synth=ALL-UNNAMED --add-exports=java.desktop/sun.awt.shell=ALL-UNNAMED --add-exports=java.base/sun.security.action=ALL-UNNAMED --add-exports=java.desktop/sun.font=ALL-UNNAMED -XX:NewSize=80m -XX:MaxNewSize=80m -Xms512m -Xmx4072m -Xss10m 

Host: Intel(R) Core(TM) i5-10300H CPU @ 2.50GHz, 8 cores, 7G,  Windows 11 , 64 bit Build 26100 (10.0.26100.3775)
Time: Thu Apr 17 11:32:30 2025 India Standard Time elapsed time: 181.626257 seconds (0d 0h 3m 1s)

---------------  T H R E A D  ---------------

Current thread (0x0000022b9ef76030):  JavaThread "AWT-EventQueue-0" [_thread_in_native, id=10688, stack(0x000000690af00000,0x000000690b900000)]

Stack: [0x000000690af00000,0x000000690b900000],  sp=0x000000690b8fc7a8,  free space=10225k
Native frames: (J=compiled Java code, j=interpreted, Vv=VM code, C=native code)
C  0x00007fff0555d61f

Java frames: (J=compiled Java code, j=interpreted, Vv=VM code)
j  ui.views.waveform.waveformi.WVExecutive_getValueDataSize(J)J+0
j  ui.views.waveform.executive.a.kYC()Lui/views/waveform/executive/protobuf/WVNameValue$WVValueTreeMessage;+4
j  ui.views.waveform.g.D.laE()[Ljava/lang/String;+7
j  ui.views.waveform.g.D.Kp(Z)V+22
j  ui.views.waveform.g.u.Kp(Z)V+16
j  ui.views.waveform.a.Kq(Z)V+5
j  ui.views.waveform.a.Kp(Z)V+20
j  ui.views.waveform.u.aS(ZZ)V+30
J 16690 c1 ui.views.waveform.d.b.j(Lui/frmwork/a/k;)V (605 bytes) @ 0x0000022b81b199fc [0x0000022b81b13520+0x00000000000064dc]
J 16689 c1 ui.views.waveform.u.handleTclEvent(Lui/frmwork/a/k;)V (17 bytes) @ 0x0000022b81b1241c [0x0000022b81b12340+0x00000000000000dc]
J 14094 c1 ui.frmwork.a.m.c(Lui/frmwork/a/k;)V (61 bytes) @ 0x0000022b80ddf0c4 [0x0000022b80dde740+0x0000000000000984]
J 14077 c1 ui.frmwork.F.i(JZ)V (471 bytes) @ 0x0000022b8149ffdc [0x0000022b8149cea0+0x000000000000313c]
J 14078 c1 ui.frmwork.F.fireTclEvent(J)I (113 bytes) @ 0x0000022b8161c27c [0x0000022b8161b900+0x000000000000097c]
v  ~StubRoutines::call_stub
j  ui.views.waveform.waveformi.WVExecutive_processModelEvent(JJ)V+0
j  ui.views.waveform.executive.a.fU(J)V+5
j  ui.views.waveform.d.b.fS(J)V+8
J 16690 c1 ui.views.waveform.d.b.j(Lui/frmwork/a/k;)V (605 bytes) @ 0x0000022b81b1a704 [0x0000022b81b13520+0x00000000000071e4]
J 16689 c1 ui.views.waveform.u.handleTclEvent(Lui/frmwork/a/k;)V (17 bytes) @ 0x0000022b81b1241c [0x0000022b81b12340+0x00000000000000dc]
J 14094 c1 ui.frmwork.a.m.c(Lui/frmwork/a/k;)V (61 bytes) @ 0x0000022b80ddf0c4 [0x0000022b80dde740+0x0000000000000984]
J 14077 c1 ui.frmwork.F.i(JZ)V (471 bytes) @ 0x0000022b8149ffdc [0x0000022b8149cea0+0x000000000000313c]
j  ui.frmwork.F.dv(J)V+3
j  ui.frmwork.F$$Lambda$220+0x000000080172d500.run()V+8
J 14166 c2 java.awt.EventQueue.dispatchEvent(Ljava/awt/AWTEvent;)V java.desktop@17.0.7 (80 bytes) @ 0x0000022b88442798 [0x0000022b88441bc0+0x0000000000000bd8]
J 16122 c2 ui.frmwork.a.d.dispatchEvent(Ljava/awt/AWTEvent;)V (42 bytes) @ 0x0000022b886c7df4 [0x0000022b886c78a0+0x0000000000000554]
J 14405 c2 java.awt.EventDispatchThread.pumpOneEventForFilters(I)V java.desktop@17.0.7 (113 bytes) @ 0x0000022b8803df50 [0x0000022b8803dac0+0x0000000000000490]
j  java.awt.EventDispatchThread.pumpEventsForFilter(ILjava/awt/Conditional;Ljava/awt/EventFilter;)V+35 java.desktop@17.0.7
j  java.awt.EventDispatchThread.pumpEventsForHierarchy(ILjava/awt/Conditional;Ljava/awt/Component;)V+11 java.desktop@17.0.7
j  java.awt.EventDispatchThread.pumpEvents(ILjava/awt/Conditional;)V+4 java.desktop@17.0.7
j  java.awt.EventDispatchThread.pumpEvents(Ljava/awt/Conditional;)V+3 java.desktop@17.0.7
j  java.awt.EventDispatchThread.run()V+9 java.desktop@17.0.7
v  ~StubRoutines::call_stub

siginfo: EXCEPTION_ACCESS_VIOLATION (0xc0000005), reading address 0x0000000000000010


Register to memory mapping:

RIP=0x00007fff0555d61f points into unknown readable memory: 83
RAX=0x0 is NULL
RBX=0x000000690b8fc9e8 is pointing into the stack for thread: 0x0000022b9ef76030
RCX=0x0000022bc942a560 points into unknown readable memory: 0x0000000000000000 | 00 00 00 00 00 00 00 00
RDX=0x0 is NULL
RSP=0x000000690b8fc7a8 is pointing into the stack for thread: 0x0000022b9ef76030
RBP=0x0000022bc942a560 points into unknown readable memory: 0x0000000000000000 | 00 00 00 00 00 00 00 00
RSI=0x0000022c271d1aa0 points into unknown readable memory: 0x00000000000452d0 | d0 52 04 00 00 00 00 00
RDI=0x000000690b8fc9d0 is pointing into the stack for thread: 0x0000022b9ef76030
R8 =0x0000022beb6a5100 points into unknown readable memory: 0x0000022beb6a0d50 | 50 0d 6a eb 2b 02 00 00
R9 =0x0000000000000040 is an unknown value
R10=0x0000022beb6a0000 points into unknown readable memory: 0x0000000000000000 | 00 00 00 00 00 00 00 00
R11=0x00007fff760216d1 VCRUNTIME140.dll
R12=0x000000690b8fc848 is pointing into the stack for thread: 0x0000022b9ef76030
R13=0x000000690b8fca00 is pointing into the stack for thread: 0x0000022b9ef76030
R14=0x0 is NULL
R15=0x0000022bbb5aaa78 points into unknown readable memory: 0x0000022ba07f2890 | 90 28 7f a0 2b 02 00 00


Registers:
RAX=0x0000000000000000, RBX=0x000000690b8fc9e8, RCX=0x0000022bc942a560, RDX=0x0000000000000000
RSP=0x000000690b8fc7a8, RBP=0x0000022bc942a560, RSI=0x0000022c271d1aa0, RDI=0x000000690b8fc9d0
R8 =0x0000022beb6a5100, R9 =0x0000000000000040, R10=0x0000022beb6a0000, R11=0x00007fff760216d1
R12=0x000000690b8fc848, R13=0x000000690b8fca00, R14=0x0000000000000000, R15=0x0000022bbb5aaa78
RIP=0x00007fff0555d61f, EFLAGS=0x0000000000010246

Top of Stack: (sp=0x000000690b8fc7a8)
0x000000690b8fc7a8:   00007fff0553d981 000000690b8fc9e8
0x000000690b8fc7b8:   000000690b8fc860 0000022c271d1aa0
0x000000690b8fc7c8:   000000690b8fcab0 0000000000000106
0x000000690b8fc7d8:   000000690b8fcab0 000000690b8fca70
0x000000690b8fc7e8:   00000000000452d0 0000000000000006
0x000000690b8fc7f8:   00007ffea52cbf7a 000000690b8fc860
0x000000690b8fc808:   0000022bc942a560 0000022bbc607e20
0x000000690b8fc818:   00000000000452d0 00000000000452d4
0x000000690b8fc828:   0000000000000006 fffffffffffffffe
0x000000690b8fc838:   00000000000452d0 0000744c00000008
0x000000690b8fc848:   0000022c271d1aa0 0000022c271d1ac0
0x000000690b8fc858:   0000022c271d1ac0 0000022bbb5aaa60
0x000000690b8fc868:   000000690b8fcb78 000000690b8fcab0
0x000000690b8fc878:   000000690b8fca70 0000000000000800
0x000000690b8fc888:   00007ffea52cbd50 0000000000000040
0x000000690b8fc898:   00000000000006f9 0000000000000002 

Instructions: (pc=0x00007fff0555d61f)
0x00007fff0555d51f:   c8 e9 6b ff ff ff cc cc cc cc cc cc cc cc cc cc
0x00007fff0555d52f:   cc 48 89 5c 24 10 56 48 8b 99 f8 00 00 00 33 f6
0x00007fff0555d53f:   89 b1 f0 00 00 00 48 85 db 74 78 44 8b 43 10 8b
0x00007fff0555d54f:   c6 41 83 e8 01 48 89 7c 24 10 44 8b ce 40 0f b6
0x00007fff0555d55f:   fe 78 34 4c 8b 59 20 66 66 0f 1f 84 00 00 00 00
0x00007fff0555d56f:   00 43 8d 04 08 99 2b c2 d1 f8 4c 3b 5c c3 18 7e
0x00007fff0555d57f:   06 44 8d 48 01 eb 06 7d 0b 44 8d 40 ff 45 3b c8
0x00007fff0555d58f:   7e df eb 03 40 b7 01 40 84 ff 48 8b 7c 24 10 74
0x00007fff0555d59f:   0d 89 81 f0 00 00 00 48 8b 5c 24 18 5e c3 45 3b
0x00007fff0555d5af:   c8 45 0f 4c c1 45 85 c0 44 0f 48 c6 44 89 81 f0
0x00007fff0555d5bf:   00 00 00 48 8b 5c 24 18 5e c3 cc cc cc cc cc cc
0x00007fff0555d5cf:   cc 83 79 38 ff 0f 95 c0 c3 cc cc cc cc cc cc cc
0x00007fff0555d5df:   cc 8b 51 5c 85 d2 74 43 83 ea 01 74 3b 83 ea 01
0x00007fff0555d5ef:   74 2a 83 fa 01 75 34 48 8b 49 68 80 b9 49 48 00
0x00007fff0555d5ff:   00 00 74 06 83 79 30 00 75 1e 48 8b 81 68 48 00
0x00007fff0555d60f:   00 48 39 81 60 48 00 00 0f 94 c0 c3 48 8b 41 60
0x00007fff0555d61f:   83 78 10 00 0f 94 c0 c3 32 c0 c3 b0 01 c3 cc cc
0x00007fff0555d62f:   cc 40 53 48 83 ec 20 48 8b d9 e8 42 fd ff ff 48
0x00007fff0555d63f:   8b 43 40 48 39 43 38 74 2c 48 8b c8 48 8b 43 30
0x00007fff0555d64f:   48 85 c0 7e 0e 48 8b 51 d8 48 85 d2 7e 05 48 3b
0x00007fff0555d65f:   c2 7d 2e 8b 41 f8 3b 41 e8 74 0a 48 8b 94 c1 d8
0x00007fff0555d66f:   bf ff ff eb 02 33 d2 48 8b 4b 08 4c 8d 43 50 41
0x00007fff0555d67f:   b9 20 48 00 00 48 8b 01 48 83 c4 20 5b 48 ff 60
0x00007fff0555d68f:   10 48 83 c4 20 5b c3 cc cc cc cc cc cc cc cc cc
0x00007fff0555d69f:   cc 40 57 48 83 ec 20 80 79 59 00 48 8b f9 0f 85
0x00007fff0555d6af:   86 01 00 00 8b 81 f0 00 00 00 ff c0 89 81 f0 00
0x00007fff0555d6bf:   00 00 48 8b 89 f8 00 00 00 48 85 c9 74 0d 84 d2
0x00007fff0555d6cf:   75 09 3b 41 10 0f 82 5f 01 00 00 48 89 5c 24 30
0x00007fff0555d6df:   48 89 74 24 38 48 8d b7 00 01 00 00 48 8b ce c6
0x00007fff0555d6ef:   47 59 01 48 c7 87 f8 00 00 00 00 00 00 00 c7 87
0x00007fff0555d6ff:   f0 00 00 00 00 00 00 00 e8 74 fc ff ff 48 8b 46
0x00007fff0555d70f:   40 48 39 46 38 74 46 48 8b c8 0f 1f 80 00 00 00 


Stack slot to memory mapping:
stack at sp + 0 slots: 0x00007fff0553d981 points into unknown readable memory: 84 c0 0f 84 85 00 00
stack at sp + 1 slots: 0x000000690b8fc9e8 is pointing into the stack for thread: 0x0000022b9ef76030
stack at sp + 2 slots: 0x000000690b8fc860 is pointing into the stack for thread: 0x0000022b9ef76030
stack at sp + 3 slots: 0x0000022c271d1aa0 points into unknown readable memory: 0x00000000000452d0 | d0 52 04 00 00 00 00 00
stack at sp + 4 slots: 0x000000690b8fcab0 is pointing into the stack for thread: 0x0000022b9ef76030
stack at sp + 5 slots: 0x0000000000000106 is an unknown value
stack at sp + 6 slots: 0x000000690b8fcab0 is pointing into the stack for thread: 0x0000022b9ef76030
stack at sp + 7 slots: 0x000000690b8fca70 is pointing into the stack for thread: 0x0000022b9ef76030


---------------  P R O C E S S  ---------------

Threads class SMR info:
_java_thread_list=0x0000022ba7730500, length=44, elements={
0x0000022bf5aaa9c0, 0x0000022bf66dbb20, 0x0000022bf66e03f0, 0x0000022bf66fc010,
0x0000022bf66fd8e0, 0x0000022bf67005b0, 0x0000022bf6706210, 0x0000022bf6707f10,
0x0000022bf670b060, 0x0000022bf670f580, 0x0000022bf688a8d0, 0x0000022b9d2208a0,
0x0000022b9d83c470, 0x0000022b9d46bf60, 0x0000022ba00b4030, 0x0000022ba00b4500,
0x0000022b9ef76030, 0x0000022ba06b37a0, 0x0000022ba06b5480, 0x0000022ba06b5950,
0x0000022ba06b4ae0, 0x0000022ba12aa870, 0x0000022ba12acef0, 0x0000022ba12ae230,
0x0000022ba12b08b0, 0x0000022ba059dd00, 0x0000022ba3cadbb0, 0x0000022bb7ba5130,
0x0000022bb7ba4790, 0x0000022bb7ba9960, 0x0000022bb7ba7c80, 0x0000022bb7ba72e0,
0x0000022bb7ba8af0, 0x0000022bb7ba77b0, 0x0000022bb7ba8150, 0x0000022bb7ba8620,
0x0000022bb7ba25e0, 0x0000022bb7baa7d0, 0x0000022bb7ba6e10, 0x0000022bb7baaca0,
0x0000022bb7bafe70, 0x0000022bb7baeb30, 0x0000022bb7bb0810, 0x0000022bb7badcc0
}

Java Threads: ( => current thread )
  0x0000022bf5aaa9c0 JavaThread "main" [_thread_blocked, id=3452, stack(0x0000006902200000,0x0000006902300000)]
  0x0000022bf66dbb20 JavaThread "Reference Handler" daemon [_thread_blocked, id=23840, stack(0x0000006902a00000,0x0000006903400000)]
  0x0000022bf66e03f0 JavaThread "Finalizer" daemon [_thread_blocked, id=10992, stack(0x0000006903400000,0x0000006903e00000)]
  0x0000022bf66fc010 JavaThread "Signal Dispatcher" daemon [_thread_blocked, id=5624, stack(0x0000006903e00000,0x0000006904800000)]
  0x0000022bf66fd8e0 JavaThread "Attach Listener" daemon [_thread_blocked, id=6800, stack(0x0000006904800000,0x0000006905200000)]
  0x0000022bf67005b0 JavaThread "Service Thread" daemon [_thread_blocked, id=10988, stack(0x0000006905200000,0x0000006905c00000)]
  0x0000022bf6706210 JavaThread "Monitor Deflation Thread" daemon [_thread_blocked, id=9244, stack(0x0000006905c00000,0x0000006906600000)]
  0x0000022bf6707f10 JavaThread "C2 CompilerThread0" daemon [_thread_blocked, id=21552, stack(0x0000006906600000,0x0000006906700000)]
  0x0000022bf670b060 JavaThread "C1 CompilerThread0" daemon [_thread_blocked, id=12100, stack(0x0000006906700000,0x0000006906800000)]
  0x0000022bf670f580 JavaThread "Sweeper thread" daemon [_thread_blocked, id=24268, stack(0x0000006906800000,0x0000006907200000)]
  0x0000022bf688a8d0 JavaThread "Common-Cleaner" daemon [_thread_blocked, id=14676, stack(0x0000006907200000,0x0000006907c00000)]
  0x0000022b9d2208a0 JavaThread "Notification Thread" daemon [_thread_blocked, id=13128, stack(0x0000006907c00000,0x0000006908600000)]
  0x0000022b9d83c470 JavaThread "Java2D Disposer" daemon [_thread_blocked, id=21656, stack(0x0000006908700000,0x0000006909100000)]
  0x0000022b9d46bf60 JavaThread "AWT-Windows" daemon [_thread_in_native, id=13848, stack(0x0000006909b00000,0x000000690a500000)]
  0x0000022ba00b4030 JavaThread "TimerQueue" daemon [_thread_blocked, id=10700, stack(0x0000006909100000,0x0000006909b00000)]
  0x0000022ba00b4500 JavaThread "AWT-Shutdown" [_thread_blocked, id=26432, stack(0x000000690a500000,0x000000690af00000)]
=>0x0000022b9ef76030 JavaThread "AWT-EventQueue-0" [_thread_in_native, id=10688, stack(0x000000690af00000,0x000000690b900000)]
  0x0000022ba06b37a0 JavaThread "Thread-1" [_thread_in_native, id=4812, stack(0x0000006900800000,0x0000006901c00000)]
  0x0000022ba06b5480 JavaThread "Process Messages Thread" [_thread_blocked, id=20464, stack(0x000000690d700000,0x000000690e100000)]
  0x0000022ba06b5950 JavaThread "Batik CleanerThread" daemon [_thread_blocked, id=25076, stack(0x000000690cd00000,0x000000690d700000)]
  0x0000022ba06b4ae0 JavaThread "SyntheticaCleanerThread" daemon [_thread_blocked, id=24972, stack(0x000000690ec00000,0x000000690f600000)]
  0x0000022ba12aa870 JavaThread "Timer-0" [_thread_blocked, id=21704, stack(0x0000006910100000,0x0000006910b00000)]
  0x0000022ba12acef0 JavaThread "Monitor File Timestamp Swing Worker Thread" [_thread_blocked, id=10480, stack(0x0000006910b00000,0x0000006911500000)]
  0x0000022ba12ae230 JavaThread "Monitor HEventQueue Thread" [_thread_blocked, id=24460, stack(0x0000006911600000,0x0000006912000000)]
  0x0000022ba12b08b0 JavaThread "SyntheticaAnimation 50" daemon [_thread_blocked, id=25732, stack(0x0000006912000000,0x0000006912a00000)]
  0x0000022ba059dd00 JavaThread "SyntheticaAnimation 25" daemon [_thread_blocked, id=23084, stack(0x0000006912a00000,0x0000006913400000)]
  0x0000022ba3cadbb0 JavaThread "SyntheticaAnimation 70" daemon [_thread_blocked, id=3552, stack(0x0000006913400000,0x0000006913e00000)]
  0x0000022bb7ba5130 JavaThread "Refresh Filesets Swing Worker Thread" [_thread_blocked, id=5316, stack(0x000000690b900000,0x000000690c300000)]
  0x0000022bb7ba4790 JavaThread "hw_ila_monitor" [_thread_blocked, id=13224, stack(0x000000690f600000,0x0000006910000000)]
  0x0000022bb7ba9960 JavaThread "pool-2-thread-1" [_thread_blocked, id=26484, stack(0x0000006915200000,0x0000006915c00000)]
  0x0000022bb7ba7c80 JavaThread "Timer-1" [_thread_blocked, id=13212, stack(0x0000006915c00000,0x0000006916600000)]
  0x0000022bb7ba72e0 JavaThread "pool-3-thread-1" [_thread_blocked, id=4908, stack(0x0000006916600000,0x0000006917000000)]
  0x0000022bb7ba8af0 JavaThread "Timer-2" [_thread_blocked, id=6160, stack(0x0000006917000000,0x0000006917a00000)]
  0x0000022bb7ba77b0 JavaThread "pool-4-thread-1" [_thread_blocked, id=18956, stack(0x0000006917a00000,0x0000006918400000)]
  0x0000022bb7ba8150 JavaThread "Timer-3" [_thread_blocked, id=3692, stack(0x0000006918400000,0x0000006918e00000)]
  0x0000022bb7ba8620 JavaThread "Update Runs Swing Worker Thread" [_thread_blocked, id=25524, stack(0x0000006919800000,0x000000691a200000)]
  0x0000022bb7ba25e0 JavaThread "SyntheticaAnimation 50" daemon [_thread_blocked, id=836, stack(0x0000006913e00000,0x0000006914800000)]
  0x0000022bb7baa7d0 JavaThread "Image Animator 3" daemon [_thread_blocked, id=7424, stack(0x0000006914800000,0x0000006915200000)]
  0x0000022bb7ba6e10 JavaThread "Timer-4" [_thread_blocked, id=26412, stack(0x0000006918e00000,0x0000006919800000)]
  0x0000022bb7baaca0 JavaThread "Timer-6" [_thread_blocked, id=17772, stack(0x000000691ca00000,0x000000691d400000)]
  0x0000022bb7bafe70 JavaThread "Monitor File Timestamp Swing Worker Thread" [_thread_blocked, id=24796, stack(0x000000691d400000,0x000000691de00000)]
  0x0000022bb7baeb30 JavaThread "Timer-7" [_thread_blocked, id=12984, stack(0x000000691de00000,0x000000691e800000)]
  0x0000022bb7bb0810 JavaThread "Monitor File Timestamp Swing Worker Thread" [_thread_blocked, id=22444, stack(0x000000691e800000,0x000000691f200000)]
  0x0000022bb7badcc0 JavaThread "Run Simulation Thread" [_thread_blocked, id=14216, stack(0x000000691a200000,0x000000691ac00000)]

Other Threads:
  0x0000022bf5b38990 VMThread "VM Thread" [stack: 0x0000006902900000,0x0000006902a00000] [id=2164]
  0x0000022bee33ec60 WatcherThread [stack: 0x0000006908600000,0x0000006908700000] [id=25864]
  0x0000022bf4f626a0 GCTaskThread "GC Thread#0" [stack: 0x0000006902300000,0x0000006902400000] [id=23048]
  0x0000022bf4f63970 GCTaskThread "GC Thread#1" [stack: 0x000000690c300000,0x000000690c400000] [id=25064]
  0x0000022bf4f62140 GCTaskThread "GC Thread#2" [stack: 0x000000690c400000,0x000000690c500000] [id=21224]
  0x0000022bf4f63160 GCTaskThread "GC Thread#3" [stack: 0x000000690c500000,0x000000690c600000] [id=19056]
  0x0000022bf4f64c40 GCTaskThread "GC Thread#4" [stack: 0x000000690c600000,0x000000690c700000] [id=10952]
  0x0000022bf4f64ef0 GCTaskThread "GC Thread#5" [stack: 0x000000690c700000,0x000000690c800000] [id=24208]
  0x0000022bf4f63410 GCTaskThread "GC Thread#6" [stack: 0x000000690c800000,0x000000690c900000] [id=19652]
  0x0000022bf4f62950 GCTaskThread "GC Thread#7" [stack: 0x000000690c900000,0x000000690ca00000] [id=7008]
  0x0000022bf64273c0 ConcurrentGCThread "G1 Main Marker" [stack: 0x0000006902400000,0x0000006902500000] [id=21120]
  0x0000022bf4f646e0 ConcurrentGCThread "G1 Conc#0" [stack: 0x0000006902500000,0x0000006902600000] [id=24544]
  0x0000022bf4f66470 ConcurrentGCThread "G1 Conc#1" [stack: 0x000000690e100000,0x000000690e200000] [id=4008]
  0x0000022bf581b140 ConcurrentGCThread "G1 Refine#0" [stack: 0x0000006902600000,0x0000006902700000] [id=25940]
  0x0000022bf581a8a0 ConcurrentGCThread "G1 Refine#1" [stack: 0x000000690ca00000,0x000000690cb00000] [id=25352]
  0x0000022bf581ae60 ConcurrentGCThread "G1 Refine#2" [stack: 0x000000690cc00000,0x000000690cd00000] [id=10656]
  0x0000022bf53f5890 ConcurrentGCThread "G1 Service" [stack: 0x0000006902700000,0x0000006902800000] [id=15432]
  0x0000022bf4f651a0 ConcurrentGCThread "StringDedupProcessor" [stack: 0x0000006902800000,0x0000006902900000] [id=22208]

Threads with active compile tasks:

VM state: not at safepoint (normal execution)

VM Mutex/Monitor currently owned by a thread: None

Heap address: 0x0000000701800000, size: 4072 MB, Compressed Oops mode: Zero based, Oop shift amount: 3

CDS archive(s) mapped at: [0x0000000800000000-0x0000000800bc0000-0x0000000800bc0000), size 12320768, SharedBaseAddress: 0x0000000800000000, ArchiveRelocationMode: 0.
Compressed class space mapped at: 0x0000000801000000-0x0000000841000000, reserved size: 1073741824
Narrow klass base: 0x0000000800000000, Narrow klass shift: 0, Narrow klass range: 0x100000000

GC Precious Log:
 CPUs: 8 total, 8 available
 Memory: 8023M
 Large Page Support: Disabled
 NUMA Support: Disabled
 Compressed Oops: Enabled (Zero based)
 Heap Region Size: 2M
 Heap Min Capacity: 512M
 Heap Initial Capacity: 512M
 Heap Max Capacity: 4072M
 Pre-touch: Disabled
 Parallel Workers: 8
 Concurrent Workers: 2
 Concurrent Refinement Workers: 8
 Periodic GC: Disabled
 String Deduplication is enabled

Heap:
 garbage-first heap   total 524288K, used 160069K [0x0000000701800000, 0x0000000800000000)
  region size 2048K, 26 young (53248K), 1 survivors (2048K)
 Metaspace       used 83168K, committed 83840K, reserved 1179648K
  class space    used 11668K, committed 12032K, reserved 1048576K

Heap Regions: E=young(eden), S=young(survivor), O=old, HS=humongous(starts), HC=humongous(continues), CS=collection set, F=free, OA=open archive, CA=closed archive, TAMS=top-at-mark-start (previous, next)
|   0|0x0000000701800000, 0x0000000701a00000, 0x0000000701a00000|100%|HS|  |TAMS 0x0000000701a00000, 0x0000000701800000| Untracked 
|   1|0x0000000701a00000, 0x0000000701bffff8, 0x0000000701c00000| 99%| O|  |TAMS 0x0000000701bffff8, 0x0000000701a00000| Untracked 
|   2|0x0000000701c00000, 0x0000000701e00000, 0x0000000701e00000|100%| O|  |TAMS 0x0000000701e00000, 0x0000000701c00000| Untracked 
|   3|0x0000000701e00000, 0x0000000701fffb48, 0x0000000702000000| 99%| O|  |TAMS 0x0000000701fffb48, 0x0000000701e00000| Untracked 
|   4|0x0000000702000000, 0x00000007021ffff0, 0x0000000702200000| 99%| O|  |TAMS 0x00000007021ffff0, 0x0000000702000000| Untracked 
|   5|0x0000000702200000, 0x00000007023fffb8, 0x0000000702400000| 99%| O|  |TAMS 0x00000007023fffb8, 0x0000000702200000| Untracked 
|   6|0x0000000702400000, 0x00000007025ffff8, 0x0000000702600000| 99%| O|  |TAMS 0x00000007025ffff8, 0x0000000702400000| Untracked 
|   7|0x0000000702600000, 0x0000000702800000, 0x0000000702800000|100%| O|  |TAMS 0x0000000702800000, 0x0000000702600000| Untracked 
|   8|0x0000000702800000, 0x00000007029ffff8, 0x0000000702a00000| 99%| O|  |TAMS 0x00000007029ffff8, 0x0000000702800000| Untracked 
|   9|0x0000000702a00000, 0x0000000702bfe3d8, 0x0000000702c00000| 99%| O|  |TAMS 0x0000000702bfe3d8, 0x0000000702a00000| Untracked 
|  10|0x0000000702c00000, 0x0000000702e00000, 0x0000000702e00000|100%| O|  |TAMS 0x0000000702e00000, 0x0000000702c00000| Untracked 
|  11|0x0000000702e00000, 0x0000000703000000, 0x0000000703000000|100%| O|  |TAMS 0x0000000703000000, 0x0000000702e00000| Untracked 
|  12|0x0000000703000000, 0x0000000703200000, 0x0000000703200000|100%| O|  |TAMS 0x0000000703200000, 0x0000000703000000| Untracked 
|  13|0x0000000703200000, 0x0000000703400000, 0x0000000703400000|100%| O|  |TAMS 0x0000000703400000, 0x0000000703200000| Untracked 
|  14|0x0000000703400000, 0x00000007035ffff0, 0x0000000703600000| 99%| O|  |TAMS 0x00000007035ffff0, 0x0000000703400000| Untracked 
|  15|0x0000000703600000, 0x0000000703800000, 0x0000000703800000|100%|HS|  |TAMS 0x0000000703800000, 0x0000000703600000| Untracked 
|  16|0x0000000703800000, 0x0000000703a00000, 0x0000000703a00000|100%|HC|  |TAMS 0x0000000703a00000, 0x0000000703800000| Untracked 
|  17|0x0000000703a00000, 0x0000000703c00000, 0x0000000703c00000|100%|HC|  |TAMS 0x0000000703c00000, 0x0000000703a00000| Untracked 
|  18|0x0000000703c00000, 0x0000000703e00000, 0x0000000703e00000|100%|HC|  |TAMS 0x0000000703e00000, 0x0000000703c00000| Untracked 
|  19|0x0000000703e00000, 0x0000000704000000, 0x0000000704000000|100%|HC|  |TAMS 0x0000000704000000, 0x0000000703e00000| Untracked 
|  20|0x0000000704000000, 0x0000000704200000, 0x0000000704200000|100%|HC|  |TAMS 0x0000000704200000, 0x0000000704000000| Untracked 
|  21|0x0000000704200000, 0x0000000704400000, 0x0000000704400000|100%|HS|  |TAMS 0x0000000704400000, 0x0000000704200000| Untracked 
|  22|0x0000000704400000, 0x0000000704600000, 0x0000000704600000|100%|HC|  |TAMS 0x0000000704600000, 0x0000000704400000| Untracked 
|  23|0x0000000704600000, 0x0000000704800000, 0x0000000704800000|100%|HC|  |TAMS 0x0000000704800000, 0x0000000704600000| Untracked 
|  24|0x0000000704800000, 0x0000000704a00000, 0x0000000704a00000|100%|HC|  |TAMS 0x0000000704a00000, 0x0000000704800000| Untracked 
|  25|0x0000000704a00000, 0x0000000704bfd210, 0x0000000704c00000| 99%| O|  |TAMS 0x0000000704bfd210, 0x0000000704a00000| Untracked 
|  26|0x0000000704c00000, 0x0000000704e00000, 0x0000000704e00000|100%| O|  |TAMS 0x0000000704e00000, 0x0000000704c00000| Untracked 
|  27|0x0000000704e00000, 0x0000000704fffff0, 0x0000000705000000| 99%| O|  |TAMS 0x0000000704fffff0, 0x0000000704e00000| Untracked 
|  28|0x0000000705000000, 0x00000007051ffff0, 0x0000000705200000| 99%| O|  |TAMS 0x00000007051ffff0, 0x0000000705000000| Untracked 
|  29|0x0000000705200000, 0x00000007053f8f28, 0x0000000705400000| 98%| O|  |TAMS 0x00000007053f8f28, 0x0000000705200000| Untracked 
|  30|0x0000000705400000, 0x00000007055c78b0, 0x0000000705600000| 88%| O|  |TAMS 0x0000000705400000, 0x0000000705400000| Untracked 
|  31|0x0000000705600000, 0x00000007057fffe8, 0x0000000705800000| 99%| O|  |TAMS 0x00000007057fffe8, 0x0000000705600000| Untracked 
|  32|0x0000000705800000, 0x00000007059ffff8, 0x0000000705a00000| 99%| O|  |TAMS 0x00000007059ffff8, 0x0000000705800000| Untracked 
|  33|0x0000000705a00000, 0x0000000705bdbe58, 0x0000000705c00000| 92%| O|  |TAMS 0x0000000705a00000, 0x0000000705a00000| Untracked 
|  34|0x0000000705c00000, 0x0000000705dfffd8, 0x0000000705e00000| 99%| O|  |TAMS 0x0000000705dfffd8, 0x0000000705c00000| Untracked 
|  35|0x0000000705e00000, 0x0000000705ffffe8, 0x0000000706000000| 99%| O|  |TAMS 0x0000000705ffffe8, 0x0000000705e00000| Untracked 
|  36|0x0000000706000000, 0x00000007061fffe0, 0x0000000706200000| 99%| O|  |TAMS 0x00000007061fffe0, 0x0000000706000000| Untracked 
|  37|0x0000000706200000, 0x00000007063ffd90, 0x0000000706400000| 99%| O|  |TAMS 0x00000007063ffd90, 0x0000000706200000| Untracked 
|  38|0x0000000706400000, 0x000000070656b150, 0x0000000706600000| 70%| O|  |TAMS 0x0000000706400000, 0x0000000706400000| Untracked 
|  39|0x0000000706600000, 0x00000007067e3b50, 0x0000000706800000| 94%| O|  |TAMS 0x0000000706600000, 0x0000000706600000| Untracked 
|  40|0x0000000706800000, 0x0000000706a00000, 0x0000000706a00000|100%| O|  |TAMS 0x0000000706a00000, 0x0000000706800000| Untracked 
|  41|0x0000000706a00000, 0x0000000706bf1530, 0x0000000706c00000| 97%| O|  |TAMS 0x0000000706bf1530, 0x0000000706a00000| Untracked 
|  42|0x0000000706c00000, 0x0000000706df77d0, 0x0000000706e00000| 98%| O|  |TAMS 0x0000000706df77d0, 0x0000000706c00000| Untracked 
|  43|0x0000000706e00000, 0x0000000706fe5398, 0x0000000707000000| 94%| O|  |TAMS 0x0000000706e00000, 0x0000000706e00000| Untracked 
|  44|0x0000000707000000, 0x00000007071d2ce0, 0x0000000707200000| 91%| O|  |TAMS 0x0000000707000000, 0x0000000707000000| Untracked 
|  45|0x0000000707200000, 0x0000000707400000, 0x0000000707400000|100%|HS|  |TAMS 0x0000000707400000, 0x0000000707200000| Untracked 
|  46|0x0000000707400000, 0x0000000707600000, 0x0000000707600000|100%|HC|  |TAMS 0x0000000707600000, 0x0000000707400000| Untracked 
|  47|0x0000000707600000, 0x000000070778ee98, 0x0000000707800000| 77%| O|  |TAMS 0x0000000707600000, 0x0000000707600000| Untracked 
|  48|0x0000000707800000, 0x0000000707800000, 0x0000000707a00000|  0%| F|  |TAMS 0x0000000707800000, 0x0000000707800000| Untracked 
|  49|0x0000000707a00000, 0x0000000707c00000, 0x0000000707c00000|100%|HS|  |TAMS 0x0000000707c00000, 0x0000000707a00000| Untracked 
|  50|0x0000000707c00000, 0x0000000707e00000, 0x0000000707e00000|100%|HC|  |TAMS 0x0000000707e00000, 0x0000000707c00000| Untracked 
|  51|0x0000000707e00000, 0x0000000708000000, 0x0000000708000000|100%| O|  |TAMS 0x0000000708000000, 0x0000000707e00000| Untracked 
|  52|0x0000000708000000, 0x0000000708200000, 0x0000000708200000|100%| O|  |TAMS 0x0000000708200000, 0x0000000708000000| Untracked 
|  53|0x0000000708200000, 0x0000000708400000, 0x0000000708400000|100%|HS|  |TAMS 0x0000000708400000, 0x0000000708200000| Untracked 
|  54|0x0000000708400000, 0x0000000708600000, 0x0000000708600000|100%|HC|  |TAMS 0x0000000708600000, 0x0000000708400000| Untracked 
|  55|0x0000000708600000, 0x0000000708600000, 0x0000000708800000|  0%| F|  |TAMS 0x0000000708600000, 0x0000000708600000| Untracked 
|  56|0x0000000708800000, 0x0000000708800000, 0x0000000708a00000|  0%| F|  |TAMS 0x0000000708800000, 0x0000000708800000| Untracked 
|  57|0x0000000708a00000, 0x0000000708a00000, 0x0000000708c00000|  0%| F|  |TAMS 0x0000000708a00000, 0x0000000708a00000| Untracked 
|  58|0x0000000708c00000, 0x0000000708c00000, 0x0000000708e00000|  0%| F|  |TAMS 0x0000000708c00000, 0x0000000708c00000| Untracked 
|  59|0x0000000708e00000, 0x0000000708e00000, 0x0000000709000000|  0%| F|  |TAMS 0x0000000708e00000, 0x0000000708e00000| Untracked 
|  60|0x0000000709000000, 0x0000000709000000, 0x0000000709200000|  0%| F|  |TAMS 0x0000000709000000, 0x0000000709000000| Untracked 
|  61|0x0000000709200000, 0x0000000709200000, 0x0000000709400000|  0%| F|  |TAMS 0x0000000709200000, 0x0000000709200000| Untracked 
|  62|0x0000000709400000, 0x0000000709400000, 0x0000000709600000|  0%| F|  |TAMS 0x0000000709400000, 0x0000000709400000| Untracked 
|  63|0x0000000709600000, 0x0000000709600000, 0x0000000709800000|  0%| F|  |TAMS 0x0000000709600000, 0x0000000709600000| Untracked 
|  64|0x0000000709800000, 0x0000000709800000, 0x0000000709a00000|  0%| F|  |TAMS 0x0000000709800000, 0x0000000709800000| Untracked 
|  65|0x0000000709a00000, 0x0000000709a00000, 0x0000000709c00000|  0%| F|  |TAMS 0x0000000709a00000, 0x0000000709a00000| Untracked 
|  66|0x0000000709c00000, 0x0000000709c00000, 0x0000000709e00000|  0%| F|  |TAMS 0x0000000709c00000, 0x0000000709c00000| Untracked 
|  67|0x0000000709e00000, 0x0000000709e00000, 0x000000070a000000|  0%| F|  |TAMS 0x0000000709e00000, 0x0000000709e00000| Untracked 
|  68|0x000000070a000000, 0x000000070a000000, 0x000000070a200000|  0%| F|  |TAMS 0x000000070a000000, 0x000000070a000000| Untracked 
|  69|0x000000070a200000, 0x000000070a200000, 0x000000070a400000|  0%| F|  |TAMS 0x000000070a200000, 0x000000070a200000| Untracked 
|  70|0x000000070a400000, 0x000000070a400000, 0x000000070a600000|  0%| F|  |TAMS 0x000000070a400000, 0x000000070a400000| Untracked 
|  71|0x000000070a600000, 0x000000070a600000, 0x000000070a800000|  0%| F|  |TAMS 0x000000070a600000, 0x000000070a600000| Untracked 
|  72|0x000000070a800000, 0x000000070a800000, 0x000000070aa00000|  0%| F|  |TAMS 0x000000070a800000, 0x000000070a800000| Untracked 
|  73|0x000000070aa00000, 0x000000070aa00000, 0x000000070ac00000|  0%| F|  |TAMS 0x000000070aa00000, 0x000000070aa00000| Untracked 
|  74|0x000000070ac00000, 0x000000070ac00000, 0x000000070ae00000|  0%| F|  |TAMS 0x000000070ac00000, 0x000000070ac00000| Untracked 
|  75|0x000000070ae00000, 0x000000070ae00000, 0x000000070b000000|  0%| F|  |TAMS 0x000000070ae00000, 0x000000070ae00000| Untracked 
|  76|0x000000070b000000, 0x000000070b000000, 0x000000070b200000|  0%| F|  |TAMS 0x000000070b000000, 0x000000070b000000| Untracked 
|  77|0x000000070b200000, 0x000000070b200000, 0x000000070b400000|  0%| F|  |TAMS 0x000000070b200000, 0x000000070b200000| Untracked 
|  78|0x000000070b400000, 0x000000070b400000, 0x000000070b600000|  0%| F|  |TAMS 0x000000070b400000, 0x000000070b400000| Untracked 
|  79|0x000000070b600000, 0x000000070b600000, 0x000000070b800000|  0%| F|  |TAMS 0x000000070b600000, 0x000000070b600000| Untracked 
|  80|0x000000070b800000, 0x000000070b800000, 0x000000070ba00000|  0%| F|  |TAMS 0x000000070b800000, 0x000000070b800000| Untracked 
|  81|0x000000070ba00000, 0x000000070ba00000, 0x000000070bc00000|  0%| F|  |TAMS 0x000000070ba00000, 0x000000070ba00000| Untracked 
|  82|0x000000070bc00000, 0x000000070bc00000, 0x000000070be00000|  0%| F|  |TAMS 0x000000070bc00000, 0x000000070bc00000| Untracked 
|  83|0x000000070be00000, 0x000000070be00000, 0x000000070c000000|  0%| F|  |TAMS 0x000000070be00000, 0x000000070be00000| Untracked 
|  84|0x000000070c000000, 0x000000070c000000, 0x000000070c200000|  0%| F|  |TAMS 0x000000070c000000, 0x000000070c000000| Untracked 
|  85|0x000000070c200000, 0x000000070c200000, 0x000000070c400000|  0%| F|  |TAMS 0x000000070c200000, 0x000000070c200000| Untracked 
|  86|0x000000070c400000, 0x000000070c400000, 0x000000070c600000|  0%| F|  |TAMS 0x000000070c400000, 0x000000070c400000| Untracked 
|  87|0x000000070c600000, 0x000000070c600000, 0x000000070c800000|  0%| F|  |TAMS 0x000000070c600000, 0x000000070c600000| Untracked 
|  88|0x000000070c800000, 0x000000070c800000, 0x000000070ca00000|  0%| F|  |TAMS 0x000000070c800000, 0x000000070c800000| Untracked 
|  89|0x000000070ca00000, 0x000000070ca00000, 0x000000070cc00000|  0%| F|  |TAMS 0x000000070ca00000, 0x000000070ca00000| Untracked 
|  90|0x000000070cc00000, 0x000000070cc00000, 0x000000070ce00000|  0%| F|  |TAMS 0x000000070cc00000, 0x000000070cc00000| Untracked 
|  91|0x000000070ce00000, 0x000000070ce00000, 0x000000070d000000|  0%| F|  |TAMS 0x000000070ce00000, 0x000000070ce00000| Untracked 
|  92|0x000000070d000000, 0x000000070d000000, 0x000000070d200000|  0%| F|  |TAMS 0x000000070d000000, 0x000000070d000000| Untracked 
|  93|0x000000070d200000, 0x000000070d200000, 0x000000070d400000|  0%| F|  |TAMS 0x000000070d200000, 0x000000070d200000| Untracked 
|  94|0x000000070d400000, 0x000000070d400000, 0x000000070d600000|  0%| F|  |TAMS 0x000000070d400000, 0x000000070d400000| Untracked 
|  95|0x000000070d600000, 0x000000070d600000, 0x000000070d800000|  0%| F|  |TAMS 0x000000070d600000, 0x000000070d600000| Untracked 
|  96|0x000000070d800000, 0x000000070d800000, 0x000000070da00000|  0%| F|  |TAMS 0x000000070d800000, 0x000000070d800000| Untracked 
|  97|0x000000070da00000, 0x000000070da00000, 0x000000070dc00000|  0%| F|  |TAMS 0x000000070da00000, 0x000000070da00000| Untracked 
|  98|0x000000070dc00000, 0x000000070dc00000, 0x000000070de00000|  0%| F|  |TAMS 0x000000070dc00000, 0x000000070dc00000| Untracked 
|  99|0x000000070de00000, 0x000000070de00000, 0x000000070e000000|  0%| F|  |TAMS 0x000000070de00000, 0x000000070de00000| Untracked 
| 100|0x000000070e000000, 0x000000070e000000, 0x000000070e200000|  0%| F|  |TAMS 0x000000070e000000, 0x000000070e000000| Untracked 
| 101|0x000000070e200000, 0x000000070e200000, 0x000000070e400000|  0%| F|  |TAMS 0x000000070e200000, 0x000000070e200000| Untracked 
| 102|0x000000070e400000, 0x000000070e400000, 0x000000070e600000|  0%| F|  |TAMS 0x000000070e400000, 0x000000070e400000| Untracked 
| 103|0x000000070e600000, 0x000000070e600000, 0x000000070e800000|  0%| F|  |TAMS 0x000000070e600000, 0x000000070e600000| Untracked 
| 104|0x000000070e800000, 0x000000070e800000, 0x000000070ea00000|  0%| F|  |TAMS 0x000000070e800000, 0x000000070e800000| Untracked 
| 105|0x000000070ea00000, 0x000000070ea00000, 0x000000070ec00000|  0%| F|  |TAMS 0x000000070ea00000, 0x000000070ea00000| Untracked 
| 106|0x000000070ec00000, 0x000000070ec00000, 0x000000070ee00000|  0%| F|  |TAMS 0x000000070ec00000, 0x000000070ec00000| Untracked 
| 107|0x000000070ee00000, 0x000000070ee00000, 0x000000070f000000|  0%| F|  |TAMS 0x000000070ee00000, 0x000000070ee00000| Untracked 
| 108|0x000000070f000000, 0x000000070f000000, 0x000000070f200000|  0%| F|  |TAMS 0x000000070f000000, 0x000000070f000000| Untracked 
| 109|0x000000070f200000, 0x000000070f200000, 0x000000070f400000|  0%| F|  |TAMS 0x000000070f200000, 0x000000070f200000| Untracked 
| 110|0x000000070f400000, 0x000000070f400000, 0x000000070f600000|  0%| F|  |TAMS 0x000000070f400000, 0x000000070f400000| Untracked 
| 111|0x000000070f600000, 0x000000070f600000, 0x000000070f800000|  0%| F|  |TAMS 0x000000070f600000, 0x000000070f600000| Untracked 
| 112|0x000000070f800000, 0x000000070f800000, 0x000000070fa00000|  0%| F|  |TAMS 0x000000070f800000, 0x000000070f800000| Untracked 
| 113|0x000000070fa00000, 0x000000070fa00000, 0x000000070fc00000|  0%| F|  |TAMS 0x000000070fa00000, 0x000000070fa00000| Untracked 
| 114|0x000000070fc00000, 0x000000070fc00000, 0x000000070fe00000|  0%| F|  |TAMS 0x000000070fc00000, 0x000000070fc00000| Untracked 
| 115|0x000000070fe00000, 0x000000070fe00000, 0x0000000710000000|  0%| F|  |TAMS 0x000000070fe00000, 0x000000070fe00000| Untracked 
| 116|0x0000000710000000, 0x0000000710000000, 0x0000000710200000|  0%| F|  |TAMS 0x0000000710000000, 0x0000000710000000| Untracked 
| 117|0x0000000710200000, 0x0000000710200000, 0x0000000710400000|  0%| F|  |TAMS 0x0000000710200000, 0x0000000710200000| Untracked 
| 118|0x0000000710400000, 0x0000000710400000, 0x0000000710600000|  0%| F|  |TAMS 0x0000000710400000, 0x0000000710400000| Untracked 
| 119|0x0000000710600000, 0x0000000710600000, 0x0000000710800000|  0%| F|  |TAMS 0x0000000710600000, 0x0000000710600000| Untracked 
| 120|0x0000000710800000, 0x0000000710800000, 0x0000000710a00000|  0%| F|  |TAMS 0x0000000710800000, 0x0000000710800000| Untracked 
| 121|0x0000000710a00000, 0x0000000710a00000, 0x0000000710c00000|  0%| F|  |TAMS 0x0000000710a00000, 0x0000000710a00000| Untracked 
| 122|0x0000000710c00000, 0x0000000710c00000, 0x0000000710e00000|  0%| F|  |TAMS 0x0000000710c00000, 0x0000000710c00000| Untracked 
| 123|0x0000000710e00000, 0x0000000710e00000, 0x0000000711000000|  0%| F|  |TAMS 0x0000000710e00000, 0x0000000710e00000| Untracked 
| 124|0x0000000711000000, 0x0000000711000000, 0x0000000711200000|  0%| F|  |TAMS 0x0000000711000000, 0x0000000711000000| Untracked 
| 125|0x0000000711200000, 0x0000000711200000, 0x0000000711400000|  0%| F|  |TAMS 0x0000000711200000, 0x0000000711200000| Untracked 
| 126|0x0000000711400000, 0x0000000711400000, 0x0000000711600000|  0%| F|  |TAMS 0x0000000711400000, 0x0000000711400000| Untracked 
| 127|0x0000000711600000, 0x0000000711600000, 0x0000000711800000|  0%| F|  |TAMS 0x0000000711600000, 0x0000000711600000| Untracked 
| 128|0x0000000711800000, 0x0000000711800000, 0x0000000711a00000|  0%| F|  |TAMS 0x0000000711800000, 0x0000000711800000| Untracked 
| 129|0x0000000711a00000, 0x0000000711a00000, 0x0000000711c00000|  0%| F|  |TAMS 0x0000000711a00000, 0x0000000711a00000| Untracked 
| 130|0x0000000711c00000, 0x0000000711c00000, 0x0000000711e00000|  0%| F|  |TAMS 0x0000000711c00000, 0x0000000711c00000| Untracked 
| 131|0x0000000711e00000, 0x0000000711e00000, 0x0000000712000000|  0%| F|  |TAMS 0x0000000711e00000, 0x0000000711e00000| Untracked 
| 132|0x0000000712000000, 0x0000000712000000, 0x0000000712200000|  0%| F|  |TAMS 0x0000000712000000, 0x0000000712000000| Untracked 
| 133|0x0000000712200000, 0x0000000712200000, 0x0000000712400000|  0%| F|  |TAMS 0x0000000712200000, 0x0000000712200000| Untracked 
| 134|0x0000000712400000, 0x0000000712400000, 0x0000000712600000|  0%| F|  |TAMS 0x0000000712400000, 0x0000000712400000| Untracked 
| 135|0x0000000712600000, 0x0000000712600000, 0x0000000712800000|  0%| F|  |TAMS 0x0000000712600000, 0x0000000712600000| Untracked 
| 136|0x0000000712800000, 0x0000000712800000, 0x0000000712a00000|  0%| F|  |TAMS 0x0000000712800000, 0x0000000712800000| Untracked 
| 137|0x0000000712a00000, 0x0000000712a00000, 0x0000000712c00000|  0%| F|  |TAMS 0x0000000712a00000, 0x0000000712a00000| Untracked 
| 138|0x0000000712c00000, 0x0000000712c00000, 0x0000000712e00000|  0%| F|  |TAMS 0x0000000712c00000, 0x0000000712c00000| Untracked 
| 139|0x0000000712e00000, 0x0000000712e00000, 0x0000000713000000|  0%| F|  |TAMS 0x0000000712e00000, 0x0000000712e00000| Untracked 
| 140|0x0000000713000000, 0x0000000713000000, 0x0000000713200000|  0%| F|  |TAMS 0x0000000713000000, 0x0000000713000000| Untracked 
| 141|0x0000000713200000, 0x0000000713200000, 0x0000000713400000|  0%| F|  |TAMS 0x0000000713200000, 0x0000000713200000| Untracked 
| 142|0x0000000713400000, 0x0000000713400000, 0x0000000713600000|  0%| F|  |TAMS 0x0000000713400000, 0x0000000713400000| Untracked 
| 143|0x0000000713600000, 0x0000000713600000, 0x0000000713800000|  0%| F|  |TAMS 0x0000000713600000, 0x0000000713600000| Untracked 
| 144|0x0000000713800000, 0x0000000713800000, 0x0000000713a00000|  0%| F|  |TAMS 0x0000000713800000, 0x0000000713800000| Untracked 
| 145|0x0000000713a00000, 0x0000000713a00000, 0x0000000713c00000|  0%| F|  |TAMS 0x0000000713a00000, 0x0000000713a00000| Untracked 
| 146|0x0000000713c00000, 0x0000000713c00000, 0x0000000713e00000|  0%| F|  |TAMS 0x0000000713c00000, 0x0000000713c00000| Untracked 
| 147|0x0000000713e00000, 0x0000000713e00000, 0x0000000714000000|  0%| F|  |TAMS 0x0000000713e00000, 0x0000000713e00000| Untracked 
| 148|0x0000000714000000, 0x0000000714000000, 0x0000000714200000|  0%| F|  |TAMS 0x0000000714000000, 0x0000000714000000| Untracked 
| 149|0x0000000714200000, 0x0000000714200000, 0x0000000714400000|  0%| F|  |TAMS 0x0000000714200000, 0x0000000714200000| Untracked 
| 150|0x0000000714400000, 0x0000000714400000, 0x0000000714600000|  0%| F|  |TAMS 0x0000000714400000, 0x0000000714400000| Untracked 
| 151|0x0000000714600000, 0x0000000714600000, 0x0000000714800000|  0%| F|  |TAMS 0x0000000714600000, 0x0000000714600000| Untracked 
| 152|0x0000000714800000, 0x0000000714800000, 0x0000000714a00000|  0%| F|  |TAMS 0x0000000714800000, 0x0000000714800000| Untracked 
| 153|0x0000000714a00000, 0x0000000714a00000, 0x0000000714c00000|  0%| F|  |TAMS 0x0000000714a00000, 0x0000000714a00000| Untracked 
| 154|0x0000000714c00000, 0x0000000714c00000, 0x0000000714e00000|  0%| F|  |TAMS 0x0000000714c00000, 0x0000000714c00000| Untracked 
| 155|0x0000000714e00000, 0x0000000714e00000, 0x0000000715000000|  0%| F|  |TAMS 0x0000000714e00000, 0x0000000714e00000| Untracked 
| 156|0x0000000715000000, 0x0000000715000000, 0x0000000715200000|  0%| F|  |TAMS 0x0000000715000000, 0x0000000715000000| Untracked 
| 157|0x0000000715200000, 0x0000000715200000, 0x0000000715400000|  0%| F|  |TAMS 0x0000000715200000, 0x0000000715200000| Untracked 
| 158|0x0000000715400000, 0x0000000715400000, 0x0000000715600000|  0%| F|  |TAMS 0x0000000715400000, 0x0000000715400000| Untracked 
| 159|0x0000000715600000, 0x0000000715600000, 0x0000000715800000|  0%| F|  |TAMS 0x0000000715600000, 0x0000000715600000| Untracked 
| 160|0x0000000715800000, 0x0000000715800000, 0x0000000715a00000|  0%| F|  |TAMS 0x0000000715800000, 0x0000000715800000| Untracked 
| 161|0x0000000715a00000, 0x0000000715a00000, 0x0000000715c00000|  0%| F|  |TAMS 0x0000000715a00000, 0x0000000715a00000| Untracked 
| 162|0x0000000715c00000, 0x0000000715c00000, 0x0000000715e00000|  0%| F|  |TAMS 0x0000000715c00000, 0x0000000715c00000| Untracked 
| 163|0x0000000715e00000, 0x0000000715e00000, 0x0000000716000000|  0%| F|  |TAMS 0x0000000715e00000, 0x0000000715e00000| Untracked 
| 164|0x0000000716000000, 0x0000000716000000, 0x0000000716200000|  0%| F|  |TAMS 0x0000000716000000, 0x0000000716000000| Untracked 
| 165|0x0000000716200000, 0x0000000716200000, 0x0000000716400000|  0%| F|  |TAMS 0x0000000716200000, 0x0000000716200000| Untracked 
| 166|0x0000000716400000, 0x0000000716400000, 0x0000000716600000|  0%| F|  |TAMS 0x0000000716400000, 0x0000000716400000| Untracked 
| 167|0x0000000716600000, 0x0000000716600000, 0x0000000716800000|  0%| F|  |TAMS 0x0000000716600000, 0x0000000716600000| Untracked 
| 168|0x0000000716800000, 0x0000000716800000, 0x0000000716a00000|  0%| F|  |TAMS 0x0000000716800000, 0x0000000716800000| Untracked 
| 169|0x0000000716a00000, 0x0000000716a00000, 0x0000000716c00000|  0%| F|  |TAMS 0x0000000716a00000, 0x0000000716a00000| Untracked 
| 170|0x0000000716c00000, 0x0000000716c00000, 0x0000000716e00000|  0%| F|  |TAMS 0x0000000716c00000, 0x0000000716c00000| Untracked 
| 171|0x0000000716e00000, 0x0000000716e00000, 0x0000000717000000|  0%| F|  |TAMS 0x0000000716e00000, 0x0000000716e00000| Untracked 
| 172|0x0000000717000000, 0x0000000717000000, 0x0000000717200000|  0%| F|  |TAMS 0x0000000717000000, 0x0000000717000000| Untracked 
| 173|0x0000000717200000, 0x0000000717200000, 0x0000000717400000|  0%| F|  |TAMS 0x0000000717200000, 0x0000000717200000| Untracked 
| 174|0x0000000717400000, 0x0000000717400000, 0x0000000717600000|  0%| F|  |TAMS 0x0000000717400000, 0x0000000717400000| Untracked 
| 175|0x0000000717600000, 0x0000000717600000, 0x0000000717800000|  0%| F|  |TAMS 0x0000000717600000, 0x0000000717600000| Untracked 
| 176|0x0000000717800000, 0x0000000717800000, 0x0000000717a00000|  0%| F|  |TAMS 0x0000000717800000, 0x0000000717800000| Untracked 
| 177|0x0000000717a00000, 0x0000000717a00000, 0x0000000717c00000|  0%| F|  |TAMS 0x0000000717a00000, 0x0000000717a00000| Untracked 
| 178|0x0000000717c00000, 0x0000000717c00000, 0x0000000717e00000|  0%| F|  |TAMS 0x0000000717c00000, 0x0000000717c00000| Untracked 
| 179|0x0000000717e00000, 0x0000000717e00000, 0x0000000718000000|  0%| F|  |TAMS 0x0000000717e00000, 0x0000000717e00000| Untracked 
| 180|0x0000000718000000, 0x0000000718000000, 0x0000000718200000|  0%| F|  |TAMS 0x0000000718000000, 0x0000000718000000| Untracked 
| 181|0x0000000718200000, 0x0000000718200000, 0x0000000718400000|  0%| F|  |TAMS 0x0000000718200000, 0x0000000718200000| Untracked 
| 182|0x0000000718400000, 0x0000000718400000, 0x0000000718600000|  0%| F|  |TAMS 0x0000000718400000, 0x0000000718400000| Untracked 
| 183|0x0000000718600000, 0x0000000718600000, 0x0000000718800000|  0%| F|  |TAMS 0x0000000718600000, 0x0000000718600000| Untracked 
| 184|0x0000000718800000, 0x0000000718800000, 0x0000000718a00000|  0%| F|  |TAMS 0x0000000718800000, 0x0000000718800000| Untracked 
| 185|0x0000000718a00000, 0x0000000718a00000, 0x0000000718c00000|  0%| F|  |TAMS 0x0000000718a00000, 0x0000000718a00000| Untracked 
| 186|0x0000000718c00000, 0x0000000718c00000, 0x0000000718e00000|  0%| F|  |TAMS 0x0000000718c00000, 0x0000000718c00000| Untracked 
| 187|0x0000000718e00000, 0x0000000718e00000, 0x0000000719000000|  0%| F|  |TAMS 0x0000000718e00000, 0x0000000718e00000| Untracked 
| 188|0x0000000719000000, 0x0000000719000000, 0x0000000719200000|  0%| F|  |TAMS 0x0000000719000000, 0x0000000719000000| Untracked 
| 189|0x0000000719200000, 0x0000000719200000, 0x0000000719400000|  0%| F|  |TAMS 0x0000000719200000, 0x0000000719200000| Untracked 
| 190|0x0000000719400000, 0x0000000719400000, 0x0000000719600000|  0%| F|  |TAMS 0x0000000719400000, 0x0000000719400000| Untracked 
| 191|0x0000000719600000, 0x0000000719600000, 0x0000000719800000|  0%| F|  |TAMS 0x0000000719600000, 0x0000000719600000| Untracked 
| 192|0x0000000719800000, 0x0000000719800000, 0x0000000719a00000|  0%| F|  |TAMS 0x0000000719800000, 0x0000000719800000| Untracked 
| 193|0x0000000719a00000, 0x0000000719a00000, 0x0000000719c00000|  0%| F|  |TAMS 0x0000000719a00000, 0x0000000719a00000| Untracked 
| 194|0x0000000719c00000, 0x0000000719c00000, 0x0000000719e00000|  0%| F|  |TAMS 0x0000000719c00000, 0x0000000719c00000| Untracked 
| 195|0x0000000719e00000, 0x0000000719e00000, 0x000000071a000000|  0%| F|  |TAMS 0x0000000719e00000, 0x0000000719e00000| Untracked 
| 196|0x000000071a000000, 0x000000071a000000, 0x000000071a200000|  0%| F|  |TAMS 0x000000071a000000, 0x000000071a000000| Untracked 
| 197|0x000000071a200000, 0x000000071a200000, 0x000000071a400000|  0%| F|  |TAMS 0x000000071a200000, 0x000000071a200000| Untracked 
| 198|0x000000071a400000, 0x000000071a400000, 0x000000071a600000|  0%| F|  |TAMS 0x000000071a400000, 0x000000071a400000| Untracked 
| 199|0x000000071a600000, 0x000000071a600000, 0x000000071a800000|  0%| F|  |TAMS 0x000000071a600000, 0x000000071a600000| Untracked 
| 200|0x000000071a800000, 0x000000071a800000, 0x000000071aa00000|  0%| F|  |TAMS 0x000000071a800000, 0x000000071a800000| Untracked 
| 201|0x000000071aa00000, 0x000000071aa00000, 0x000000071ac00000|  0%| F|  |TAMS 0x000000071aa00000, 0x000000071aa00000| Untracked 
| 202|0x000000071ac00000, 0x000000071ac00000, 0x000000071ae00000|  0%| F|  |TAMS 0x000000071ac00000, 0x000000071ac00000| Untracked 
| 203|0x000000071ae00000, 0x000000071ae00000, 0x000000071b000000|  0%| F|  |TAMS 0x000000071ae00000, 0x000000071ae00000| Untracked 
| 204|0x000000071b000000, 0x000000071b000000, 0x000000071b200000|  0%| F|  |TAMS 0x000000071b000000, 0x000000071b000000| Untracked 
| 205|0x000000071b200000, 0x000000071b200000, 0x000000071b400000|  0%| F|  |TAMS 0x000000071b200000, 0x000000071b200000| Untracked 
| 206|0x000000071b400000, 0x000000071b400000, 0x000000071b600000|  0%| F|  |TAMS 0x000000071b400000, 0x000000071b400000| Untracked 
| 207|0x000000071b600000, 0x000000071b600000, 0x000000071b800000|  0%| F|  |TAMS 0x000000071b600000, 0x000000071b600000| Untracked 
| 208|0x000000071b800000, 0x000000071b800000, 0x000000071ba00000|  0%| F|  |TAMS 0x000000071b800000, 0x000000071b800000| Untracked 
| 209|0x000000071ba00000, 0x000000071ba00000, 0x000000071bc00000|  0%| F|  |TAMS 0x000000071ba00000, 0x000000071ba00000| Untracked 
| 210|0x000000071bc00000, 0x000000071bc00000, 0x000000071be00000|  0%| F|  |TAMS 0x000000071bc00000, 0x000000071bc00000| Untracked 
| 211|0x000000071be00000, 0x000000071be00000, 0x000000071c000000|  0%| F|  |TAMS 0x000000071be00000, 0x000000071be00000| Untracked 
| 212|0x000000071c000000, 0x000000071c000000, 0x000000071c200000|  0%| F|  |TAMS 0x000000071c000000, 0x000000071c000000| Untracked 
| 213|0x000000071c200000, 0x000000071c200000, 0x000000071c400000|  0%| F|  |TAMS 0x000000071c200000, 0x000000071c200000| Untracked 
| 214|0x000000071c400000, 0x000000071c400000, 0x000000071c600000|  0%| F|  |TAMS 0x000000071c400000, 0x000000071c400000| Untracked 
| 215|0x000000071c600000, 0x000000071c63bb70, 0x000000071c800000| 11%| S|CS|TAMS 0x000000071c600000, 0x000000071c600000| Complete 
| 216|0x000000071c800000, 0x000000071c800000, 0x000000071ca00000|  0%| F|  |TAMS 0x000000071c800000, 0x000000071c800000| Untracked 
| 217|0x000000071ca00000, 0x000000071ca00000, 0x000000071cc00000|  0%| F|  |TAMS 0x000000071ca00000, 0x000000071ca00000| Untracked 
| 218|0x000000071cc00000, 0x000000071cdffd38, 0x000000071ce00000| 99%| O|  |TAMS 0x000000071cdffd38, 0x000000071cc00000| Untracked 
| 219|0x000000071ce00000, 0x000000071ce00000, 0x000000071d000000|  0%| F|  |TAMS 0x000000071ce00000, 0x000000071ce00000| Untracked 
| 220|0x000000071d000000, 0x000000071d000000, 0x000000071d200000|  0%| F|  |TAMS 0x000000071d000000, 0x000000071d000000| Untracked 
| 221|0x000000071d200000, 0x000000071d200000, 0x000000071d400000|  0%| F|  |TAMS 0x000000071d200000, 0x000000071d200000| Untracked 
| 222|0x000000071d400000, 0x000000071d400000, 0x000000071d600000|  0%| F|  |TAMS 0x000000071d400000, 0x000000071d400000| Untracked 
| 223|0x000000071d600000, 0x000000071d600000, 0x000000071d800000|  0%| F|  |TAMS 0x000000071d600000, 0x000000071d600000| Untracked 
| 224|0x000000071d800000, 0x000000071d800000, 0x000000071da00000|  0%| F|  |TAMS 0x000000071d800000, 0x000000071d800000| Untracked 
| 225|0x000000071da00000, 0x000000071da00000, 0x000000071dc00000|  0%| F|  |TAMS 0x000000071da00000, 0x000000071da00000| Untracked 
| 226|0x000000071dc00000, 0x000000071dc00000, 0x000000071de00000|  0%| F|  |TAMS 0x000000071dc00000, 0x000000071dc00000| Untracked 
| 227|0x000000071de00000, 0x000000071de00000, 0x000000071e000000|  0%| F|  |TAMS 0x000000071de00000, 0x000000071de00000| Untracked 
| 228|0x000000071e000000, 0x000000071e000000, 0x000000071e200000|  0%| F|  |TAMS 0x000000071e000000, 0x000000071e000000| Untracked 
| 229|0x000000071e200000, 0x000000071e200000, 0x000000071e400000|  0%| F|  |TAMS 0x000000071e200000, 0x000000071e200000| Untracked 
| 230|0x000000071e400000, 0x000000071e400000, 0x000000071e600000|  0%| F|  |TAMS 0x000000071e400000, 0x000000071e400000| Untracked 
| 231|0x000000071e600000, 0x000000071e6cd618, 0x000000071e800000| 40%| E|  |TAMS 0x000000071e600000, 0x000000071e600000| Complete 
| 232|0x000000071e800000, 0x000000071ea00000, 0x000000071ea00000|100%| E|CS|TAMS 0x000000071e800000, 0x000000071e800000| Complete 
| 233|0x000000071ea00000, 0x000000071ec00000, 0x000000071ec00000|100%| E|CS|TAMS 0x000000071ea00000, 0x000000071ea00000| Complete 
| 234|0x000000071ec00000, 0x000000071ee00000, 0x000000071ee00000|100%| E|CS|TAMS 0x000000071ec00000, 0x000000071ec00000| Complete 
| 235|0x000000071ee00000, 0x000000071f000000, 0x000000071f000000|100%| E|CS|TAMS 0x000000071ee00000, 0x000000071ee00000| Complete 
| 236|0x000000071f000000, 0x000000071f200000, 0x000000071f200000|100%| E|CS|TAMS 0x000000071f000000, 0x000000071f000000| Complete 
| 237|0x000000071f200000, 0x000000071f400000, 0x000000071f400000|100%| E|CS|TAMS 0x000000071f200000, 0x000000071f200000| Complete 
| 238|0x000000071f400000, 0x000000071f600000, 0x000000071f600000|100%| E|CS|TAMS 0x000000071f400000, 0x000000071f400000| Complete 
| 239|0x000000071f600000, 0x000000071f800000, 0x000000071f800000|100%| E|CS|TAMS 0x000000071f600000, 0x000000071f600000| Complete 
| 240|0x000000071f800000, 0x000000071fa00000, 0x000000071fa00000|100%| E|CS|TAMS 0x000000071f800000, 0x000000071f800000| Complete 
| 241|0x000000071fa00000, 0x000000071fc00000, 0x000000071fc00000|100%| E|CS|TAMS 0x000000071fa00000, 0x000000071fa00000| Complete 
| 242|0x000000071fc00000, 0x000000071fe00000, 0x000000071fe00000|100%| E|CS|TAMS 0x000000071fc00000, 0x000000071fc00000| Complete 
| 243|0x000000071fe00000, 0x0000000720000000, 0x0000000720000000|100%| E|CS|TAMS 0x000000071fe00000, 0x000000071fe00000| Complete 
| 244|0x0000000720000000, 0x0000000720200000, 0x0000000720200000|100%| E|CS|TAMS 0x0000000720000000, 0x0000000720000000| Complete 
| 245|0x0000000720200000, 0x0000000720400000, 0x0000000720400000|100%| E|CS|TAMS 0x0000000720200000, 0x0000000720200000| Complete 
| 246|0x0000000720400000, 0x0000000720600000, 0x0000000720600000|100%| E|CS|TAMS 0x0000000720400000, 0x0000000720400000| Complete 
| 247|0x0000000720600000, 0x0000000720800000, 0x0000000720800000|100%| E|CS|TAMS 0x0000000720600000, 0x0000000720600000| Complete 
| 248|0x0000000720800000, 0x0000000720a00000, 0x0000000720a00000|100%| E|CS|TAMS 0x0000000720800000, 0x0000000720800000| Complete 
| 249|0x0000000720a00000, 0x0000000720c00000, 0x0000000720c00000|100%| E|CS|TAMS 0x0000000720a00000, 0x0000000720a00000| Complete 
| 250|0x0000000720c00000, 0x0000000720e00000, 0x0000000720e00000|100%| E|CS|TAMS 0x0000000720c00000, 0x0000000720c00000| Complete 
| 251|0x0000000720e00000, 0x0000000721000000, 0x0000000721000000|100%| E|CS|TAMS 0x0000000720e00000, 0x0000000720e00000| Complete 
| 252|0x0000000721000000, 0x0000000721200000, 0x0000000721200000|100%| E|CS|TAMS 0x0000000721000000, 0x0000000721000000| Complete 
| 253|0x0000000721200000, 0x0000000721400000, 0x0000000721400000|100%| E|CS|TAMS 0x0000000721200000, 0x0000000721200000| Complete 
| 254|0x0000000721400000, 0x0000000721600000, 0x0000000721600000|100%| E|CS|TAMS 0x0000000721400000, 0x0000000721400000| Complete 
| 255|0x0000000721600000, 0x0000000721800000, 0x0000000721800000|100%| E|CS|TAMS 0x0000000721600000, 0x0000000721600000| Complete 

Card table byte_map: [0x0000022bfe2b0000,0x0000022bfeab0000] _byte_map_base: 0x0000022bfaaa4000

Marking Bits (Prev, Next): (CMBitMap*) 0x0000022bf6493ea0, (CMBitMap*) 0x0000022bf6493e60
 Prev Bits: [0x0000022b92fa0000, 0x0000022b96f40000)
 Next Bits: [0x0000022b8f000000, 0x0000022b92fa0000)

Polling page: 0x0000022beb940000

Metaspace:

Usage:
  Non-class:     69.82 MB used.
      Class:     11.40 MB used.
       Both:     81.22 MB used.

Virtual space:
  Non-class space:      128.00 MB reserved,      70.12 MB ( 55%) committed,  2 nodes.
      Class space:        1.00 GB reserved,      11.75 MB (  1%) committed,  1 nodes.
             Both:        1.12 GB reserved,      81.88 MB (  7%) committed. 

Chunk freelists:
   Non-Class:  9.22 MB
       Class:  4.18 MB
        Both:  13.40 MB

MaxMetaspaceSize: unlimited
CompressedClassSpaceSize: 1.00 GB
Initial GC threshold: 21.00 MB
Current GC threshold: 136.38 MB
CDS: on
MetaspaceReclaimPolicy: balanced
 - commit_granule_bytes: 65536.
 - commit_granule_words: 8192.
 - virtual_space_node_default_size: 8388608.
 - enlarge_chunks_in_place: 1.
 - new_chunks_are_fully_committed: 0.
 - uncommit_free_chunks: 1.
 - use_allocation_guard: 0.
 - handle_deallocations: 1.


Internal statistics:

num_allocs_failed_limit: 6.
num_arena_births: 1020.
num_arena_deaths: 0.
num_vsnodes_births: 3.
num_vsnodes_deaths: 0.
num_space_committed: 1304.
num_space_uncommitted: 0.
num_chunks_returned_to_freelist: 6.
num_chunks_taken_from_freelist: 3231.
num_chunk_merges: 3.
num_chunk_splits: 2404.
num_chunks_enlarged: 1811.
num_inconsistent_stats: 0.

CodeHeap 'non-profiled nmethods': size=120000Kb used=13484Kb max_used=13484Kb free=106515Kb
 bounds [0x0000022b87ad0000, 0x0000022b88800000, 0x0000022b8f000000]
CodeHeap 'profiled nmethods': size=120000Kb used=28299Kb max_used=28299Kb free=91700Kb
 bounds [0x0000022b80000000, 0x0000022b81bb0000, 0x0000022b87530000]
CodeHeap 'non-nmethods': size=5760Kb used=1662Kb max_used=1767Kb free=4097Kb
 bounds [0x0000022b87530000, 0x0000022b877a0000, 0x0000022b87ad0000]
 total_blobs=14581 nmethods=13492 adapters=998
 compilation: enabled
              stopped_count=0, restarted_count=0
 full_count=0

Compilation events (20 events):
Event: 178.791 Thread 0x0000022bf670b060 16925       3       com.jidesoft.marker.DefaultMarkerModel$a::compare (48 bytes)
Event: 178.791 Thread 0x0000022bf670b060 nmethod 16925 0x0000022b81ba1890 code [0x0000022b81ba1a60, 0x0000022b81ba1d98]
Event: 179.222 Thread 0x0000022bf6707f10 16926       4       com.google.protobuf.CodedInputStream$ArrayDecoder::readRawVarint64 (307 bytes)
Event: 179.223 Thread 0x0000022bf6707f10 nmethod 16926 0x0000022b887f9290 code [0x0000022b887f9420, 0x0000022b887f96d8]
Event: 179.448 Thread 0x0000022bf670b060 16927       1       javax.swing.JTable::getAutoCreateRowSorter (5 bytes)
Event: 179.448 Thread 0x0000022bf670b060 nmethod 16927 0x0000022b887f9910 code [0x0000022b887f9aa0, 0x0000022b887f9b78]
Event: 179.448 Thread 0x0000022bf670b060 16928       1       ui.views.waveform.u::kWC (5 bytes)
Event: 179.448 Thread 0x0000022bf670b060 nmethod 16928 0x0000022b887f9c10 code [0x0000022b887f9da0, 0x0000022b887f9e78]
Event: 179.451 Thread 0x0000022bf670b060 16929       1       java.awt.PointerInfo::getLocation (5 bytes)
Event: 179.451 Thread 0x0000022bf670b060 nmethod 16929 0x0000022b887f9f10 code [0x0000022b887fa0a0, 0x0000022b887fa178]
Event: 179.976 Thread 0x0000022bf6707f10 16930       4       java.awt.image.DataBuffer::<init> (40 bytes)
Event: 179.979 Thread 0x0000022bf6707f10 nmethod 16930 0x0000022b887fa210 code [0x0000022b887fa3a0, 0x0000022b887fa798]
Event: 179.979 Thread 0x0000022bf6707f10 16931       4       sun.java2d.SurfaceData::<init> (36 bytes)
Event: 179.982 Thread 0x0000022bf6707f10 nmethod 16931 0x0000022b887fa990 code [0x0000022b887fab20, 0x0000022b887fafd8]
Event: 180.250 Thread 0x0000022bf670b060 16932       3       ui.data.aQ::aPV (10 bytes)
Event: 180.251 Thread 0x0000022bf670b060 nmethod 16932 0x0000022b81ba1f10 code [0x0000022b81ba20c0, 0x0000022b81ba22a8]
Event: 180.422 Thread 0x0000022bf670b060 16933       3       javax.swing.text.PlainDocument::insertString (108 bytes)
Event: 180.423 Thread 0x0000022bf670b060 nmethod 16933 0x0000022b81ba2390 code [0x0000022b81ba26a0, 0x0000022b81ba3728]
Event: 180.423 Thread 0x0000022bf670b060 16934   !   3       javax.swing.text.AbstractDocument::insertString (89 bytes)
Event: 180.425 Thread 0x0000022bf670b060 nmethod 16934 0x0000022b81ba3c90 code [0x0000022b81ba3f20, 0x0000022b81ba4ca8]

GC Heap History (20 events):
Event: 177.523 GC heap before
{Heap before GC invocations=150 (full 23):
 garbage-first heap   total 524288K, used 192598K [0x0000000701800000, 0x0000000800000000)
  region size 2048K, 40 young (81920K), 0 survivors (0K)
 Metaspace       used 83156K, committed 83840K, reserved 1179648K
  class space    used 11668K, committed 12032K, reserved 1048576K
}
Event: 177.524 GC heap after
{Heap after GC invocations=151 (full 23):
 garbage-first heap   total 524288K, used 110872K [0x0000000701800000, 0x0000000800000000)
  region size 2048K, 1 young (2048K), 1 survivors (2048K)
 Metaspace       used 83156K, committed 83840K, reserved 1179648K
  class space    used 11668K, committed 12032K, reserved 1048576K
}
Event: 177.705 GC heap before
{Heap before GC invocations=151 (full 23):
 garbage-first heap   total 524288K, used 190744K [0x0000000701800000, 0x0000000800000000)
  region size 2048K, 40 young (81920K), 1 survivors (2048K)
 Metaspace       used 83156K, committed 83840K, reserved 1179648K
  class space    used 11668K, committed 12032K, reserved 1048576K
}
Event: 177.706 GC heap after
{Heap after GC invocations=152 (full 23):
 garbage-first heap   total 524288K, used 110872K [0x0000000701800000, 0x0000000800000000)
  region size 2048K, 1 young (2048K), 1 survivors (2048K)
 Metaspace       used 83156K, committed 83840K, reserved 1179648K
  class space    used 11668K, committed 12032K, reserved 1048576K
}
Event: 177.900 GC heap before
{Heap before GC invocations=152 (full 23):
 garbage-first heap   total 524288K, used 190744K [0x0000000701800000, 0x0000000800000000)
  region size 2048K, 40 young (81920K), 1 survivors (2048K)
 Metaspace       used 83158K, committed 83840K, reserved 1179648K
  class space    used 11668K, committed 12032K, reserved 1048576K
}
Event: 177.902 GC heap after
{Heap after GC invocations=153 (full 23):
 garbage-first heap   total 524288K, used 110882K [0x0000000701800000, 0x0000000800000000)
  region size 2048K, 1 young (2048K), 1 survivors (2048K)
 Metaspace       used 83158K, committed 83840K, reserved 1179648K
  class space    used 11668K, committed 12032K, reserved 1048576K
}
Event: 178.089 GC heap before
{Heap before GC invocations=153 (full 23):
 garbage-first heap   total 524288K, used 190754K [0x0000000701800000, 0x0000000800000000)
  region size 2048K, 40 young (81920K), 1 survivors (2048K)
 Metaspace       used 83158K, committed 83840K, reserved 1179648K
  class space    used 11668K, committed 12032K, reserved 1048576K
}
Event: 178.090 GC heap after
{Heap after GC invocations=154 (full 23):
 garbage-first heap   total 524288K, used 110878K [0x0000000701800000, 0x0000000800000000)
  region size 2048K, 1 young (2048K), 1 survivors (2048K)
 Metaspace       used 83158K, committed 83840K, reserved 1179648K
  class space    used 11668K, committed 12032K, reserved 1048576K
}
Event: 178.541 GC heap before
{Heap before GC invocations=154 (full 23):
 garbage-first heap   total 524288K, used 190750K [0x0000000701800000, 0x0000000800000000)
  region size 2048K, 40 young (81920K), 1 survivors (2048K)
 Metaspace       used 83162K, committed 83840K, reserved 1179648K
  class space    used 11668K, committed 12032K, reserved 1048576K
}
Event: 178.542 GC heap after
{Heap after GC invocations=155 (full 23):
 garbage-first heap   total 524288K, used 110896K [0x0000000701800000, 0x0000000800000000)
  region size 2048K, 1 young (2048K), 1 survivors (2048K)
 Metaspace       used 83162K, committed 83840K, reserved 1179648K
  class space    used 11668K, committed 12032K, reserved 1048576K
}
Event: 178.726 GC heap before
{Heap before GC invocations=155 (full 23):
 garbage-first heap   total 524288K, used 190768K [0x0000000701800000, 0x0000000800000000)
  region size 2048K, 40 young (81920K), 1 survivors (2048K)
 Metaspace       used 83162K, committed 83840K, reserved 1179648K
  class space    used 11668K, committed 12032K, reserved 1048576K
}
Event: 178.728 GC heap after
{Heap after GC invocations=156 (full 23):
 garbage-first heap   total 524288K, used 110886K [0x0000000701800000, 0x0000000800000000)
  region size 2048K, 1 young (2048K), 1 survivors (2048K)
 Metaspace       used 83162K, committed 83840K, reserved 1179648K
  class space    used 11668K, committed 12032K, reserved 1048576K
}
Event: 179.699 GC heap before
{Heap before GC invocations=156 (full 23):
 garbage-first heap   total 524288K, used 190758K [0x0000000701800000, 0x0000000800000000)
  region size 2048K, 40 young (81920K), 1 survivors (2048K)
 Metaspace       used 83163K, committed 83840K, reserved 1179648K
  class space    used 11668K, committed 12032K, reserved 1048576K
}
Event: 179.701 GC heap after
{Heap after GC invocations=157 (full 23):
 garbage-first heap   total 524288K, used 110922K [0x0000000701800000, 0x0000000800000000)
  region size 2048K, 1 young (2048K), 1 survivors (2048K)
 Metaspace       used 83163K, committed 83840K, reserved 1179648K
  class space    used 11668K, committed 12032K, reserved 1048576K
}
Event: 179.894 GC heap before
{Heap before GC invocations=157 (full 23):
 garbage-first heap   total 524288K, used 190794K [0x0000000701800000, 0x0000000800000000)
  region size 2048K, 40 young (81920K), 1 survivors (2048K)
 Metaspace       used 83163K, committed 83840K, reserved 1179648K
  class space    used 11668K, committed 12032K, reserved 1048576K
}
Event: 179.896 GC heap after
{Heap after GC invocations=158 (full 23):
 garbage-first heap   total 524288K, used 110915K [0x0000000701800000, 0x0000000800000000)
  region size 2048K, 1 young (2048K), 1 survivors (2048K)
 Metaspace       used 83163K, committed 83840K, reserved 1179648K
  class space    used 11668K, committed 12032K, reserved 1048576K
}
Event: 180.388 GC heap before
{Heap before GC invocations=158 (full 23):
 garbage-first heap   total 524288K, used 190787K [0x0000000701800000, 0x0000000800000000)
  region size 2048K, 40 young (81920K), 1 survivors (2048K)
 Metaspace       used 83164K, committed 83840K, reserved 1179648K
  class space    used 11668K, committed 12032K, reserved 1048576K
}
Event: 180.389 GC heap after
{Heap after GC invocations=159 (full 23):
 garbage-first heap   total 524288K, used 110923K [0x0000000701800000, 0x0000000800000000)
  region size 2048K, 1 young (2048K), 1 survivors (2048K)
 Metaspace       used 83164K, committed 83840K, reserved 1179648K
  class space    used 11668K, committed 12032K, reserved 1048576K
}
Event: 180.604 GC heap before
{Heap before GC invocations=159 (full 23):
 garbage-first heap   total 524288K, used 190795K [0x0000000701800000, 0x0000000800000000)
  region size 2048K, 40 young (81920K), 1 survivors (2048K)
 Metaspace       used 83168K, committed 83840K, reserved 1179648K
  class space    used 11668K, committed 12032K, reserved 1048576K
}
Event: 180.605 GC heap after
{Heap after GC invocations=160 (full 23):
 garbage-first heap   total 524288K, used 110917K [0x0000000701800000, 0x0000000800000000)
  region size 2048K, 1 young (2048K), 1 survivors (2048K)
 Metaspace       used 83168K, committed 83840K, reserved 1179648K
  class space    used 11668K, committed 12032K, reserved 1048576K
}

Dll operation events (20 events):
Event: 7.395 Loaded shared library D:\Vivado\2023.2\lib\win64.o\librdi_ipservicestasks.dll
Event: 7.396 Loaded shared library D:\Vivado\2023.2\lib\win64.o\librdi_vivadotasks.dll
Event: 7.396 Loaded shared library D:\Vivado\2023.2\lib\win64.o\librdi_board.dll
Event: 7.397 Loaded shared library D:\Vivado\2023.2\lib\win64.o\librdi_boarddep.dll
Event: 7.398 Loaded shared library D:\Vivado\2023.2\lib\win64.o\librdi_boardcommontasks.dll
Event: 7.398 Loaded shared library D:\Vivado\2023.2\lib\win64.o\librdi_ptgen.dll
Event: 7.399 Loaded shared library D:\Vivado\2023.2\lib\win64.o\librdi_ip.dll
Event: 7.399 Loaded shared library D:\Vivado\2023.2\lib\win64.o\librdi_mig.dll
Event: 7.400 Loaded shared library D:\Vivado\2023.2\lib\win64.o\librdi_implflow.dll
Event: 7.401 Loaded shared library D:\Vivado\2023.2\lib\win64.o\librdi_xhubtasks.dll
Event: 7.477 Loaded shared library D:\Vivado\2023.2\lib\win64.o\librdi_iptasks.dll
Event: 7.478 Loaded shared library D:\Vivado\2023.2\lib\win64.o\librdi_synth.dll
Event: 8.845 Loaded shared library D:\Vivado\2023.2\tps\win64\jre17.0.7_7\bin\verify.dll
Event: 9.144 Loaded shared library D:\Vivado\2023.2\tps\win64\jre17.0.7_7\bin\javajpeg.dll
Event: 9.181 Loaded shared library D:\Vivado\2023.2\tps\win64\jre17.0.7_7\bin\lcms.dll
Event: 9.595 Loaded shared library D:\Vivado\2023.2\tps\win64\jre17.0.7_7\bin\freetype.dll
Event: 9.627 Loaded shared library D:\Vivado\2023.2\tps\win64\jre17.0.7_7\bin\fontmanager.dll
Event: 16.111 Loaded shared library D:\Vivado\2023.2\lib\win64.o\librdi_xhub.dll
Event: 22.083 Loaded shared library D:\Vivado\2023.2\tps\win64\jre17.0.7_7\bin\management.dll
Event: 22.115 Loaded shared library D:\Vivado\2023.2\tps\win64\jre17.0.7_7\bin\management_ext.dll

Deoptimization events (20 events):
Event: 144.042 Thread 0x0000022ba3cadbb0 DEOPT PACKING pc=0x0000022b886af1a0 sp=0x0000006913dff2e0
Event: 144.042 Thread 0x0000022ba3cadbb0 DEOPT UNPACKING pc=0x0000022b875869a3 sp=0x0000006913dff280 mode 2
Event: 144.612 Thread 0x0000022b9ef76030 Uncommon trap: trap_request=0xffffffde fr.pc=0x0000022b886521ec relative=0x0000000000001d8c
Event: 144.612 Thread 0x0000022b9ef76030 Uncommon trap: reason=class_check action=maybe_recompile pc=0x0000022b886521ec method=javax.swing.plaf.synth.ParsedSynthStyle$DelegatingPainter.paintPanelBackground(Ljavax/swing/plaf/synth/SynthContext;Ljava/awt/Graphics;IIII)V @ 16 c2
Event: 144.612 Thread 0x0000022b9ef76030 DEOPT PACKING pc=0x0000022b886521ec sp=0x000000690b8fdf80
Event: 144.612 Thread 0x0000022b9ef76030 DEOPT UNPACKING pc=0x0000022b875869a3 sp=0x000000690b8fdeb0 mode 2
Event: 146.068 Thread 0x0000022b9ef76030 DEOPT PACKING pc=0x0000022b81532bbc sp=0x000000690b8feca0
Event: 146.068 Thread 0x0000022b9ef76030 DEOPT UNPACKING pc=0x0000022b87587143 sp=0x000000690b8fe140 mode 0
Event: 152.408 Thread 0x0000022bf66dbb20 DEOPT PACKING pc=0x0000022b815d1bc5 sp=0x00000069033ff210
Event: 152.408 Thread 0x0000022bf66dbb20 DEOPT UNPACKING pc=0x0000022b87587143 sp=0x00000069033fe6b0 mode 0
Event: 153.302 Thread 0x0000022b9ef76030 Uncommon trap: trap_request=0xffffff45 fr.pc=0x0000022b8823ef10 relative=0x0000000000000470
Event: 153.302 Thread 0x0000022b9ef76030 Uncommon trap: reason=unstable_if action=reinterpret pc=0x0000022b8823ef10 method=com.jidesoft.editor.SyntaxDocument.getLineStartOffset(I)I @ 20 c2
Event: 153.302 Thread 0x0000022b9ef76030 DEOPT PACKING pc=0x0000022b8823ef10 sp=0x000000690b8fe2e0
Event: 153.303 Thread 0x0000022b9ef76030 DEOPT UNPACKING pc=0x0000022b875869a3 sp=0x000000690b8fe180 mode 2
Event: 163.791 Thread 0x0000022b9ef76030 DEOPT PACKING pc=0x0000022b80edcf4c sp=0x000000690b8fe770
Event: 163.791 Thread 0x0000022b9ef76030 DEOPT UNPACKING pc=0x0000022b87587143 sp=0x000000690b8fdc78 mode 0
Event: 167.034 Thread 0x0000022b9ef76030 DEOPT PACKING pc=0x0000022b81a971c8 sp=0x000000690b8fe730
Event: 167.035 Thread 0x0000022b9ef76030 DEOPT UNPACKING pc=0x0000022b87587143 sp=0x000000690b8fdc30 mode 0
Event: 168.913 Thread 0x0000022ba12b08b0 DEOPT PACKING pc=0x0000022b81abe248 sp=0x00000069129ff100
Event: 168.914 Thread 0x0000022ba12b08b0 DEOPT UNPACKING pc=0x0000022b87587143 sp=0x00000069129fe670 mode 0

Classes unloaded (0 events):
No events

Classes redefined (0 events):
No events

Internal exceptions (20 events):
Event: 101.941 Thread 0x0000022b9ef76030 Exception <a 'java/io/FileNotFoundException'{0x0000000720957798}> (0x0000000720957798) 
thrown [s\src\hotspot\share\prims\jni.cpp, line 516]
Event: 106.752 Thread 0x0000022b9ef76030 Exception <a 'java/io/FileNotFoundException'{0x000000072166ba28}> (0x000000072166ba28) 
thrown [s\src\hotspot\share\prims\jni.cpp, line 516]
Event: 111.753 Thread 0x0000022b9ef76030 Exception <a 'java/io/FileNotFoundException'{0x0000000721659168}> (0x0000000721659168) 
thrown [s\src\hotspot\share\prims\jni.cpp, line 516]
Event: 116.783 Thread 0x0000022b9ef76030 Exception <a 'java/io/FileNotFoundException'{0x000000073155aa60}> (0x000000073155aa60) 
thrown [s\src\hotspot\share\prims\jni.cpp, line 516]
Event: 121.882 Thread 0x0000022b9ef76030 Exception <a 'java/io/FileNotFoundException'{0x00000007209f53e0}> (0x00000007209f53e0) 
thrown [s\src\hotspot\share\prims\jni.cpp, line 516]
Event: 126.756 Thread 0x0000022b9ef76030 Exception <a 'java/io/FileNotFoundException'{0x00000007216b3410}> (0x00000007216b3410) 
thrown [s\src\hotspot\share\prims\jni.cpp, line 516]
Event: 131.756 Thread 0x0000022b9ef76030 Exception <a 'java/io/FileNotFoundException'{0x0000000721666870}> (0x0000000721666870) 
thrown [s\src\hotspot\share\prims\jni.cpp, line 516]
Event: 136.758 Thread 0x0000022b9ef76030 Exception <a 'java/io/FileNotFoundException'{0x0000000720695c60}> (0x0000000720695c60) 
thrown [s\src\hotspot\share\prims\jni.cpp, line 516]
Event: 141.769 Thread 0x0000022b9ef76030 Exception <a 'java/io/FileNotFoundException'{0x000000072161e328}> (0x000000072161e328) 
thrown [s\src\hotspot\share\prims\jni.cpp, line 516]
Event: 143.646 Thread 0x0000022b9ef76030 Exception <a 'java/lang/NoSuchMethodError'{0x00000007209a1d28}: 'java.lang.Object java.lang.invoke.DirectMethodHandle$Holder.invokeSpecial(java.lang.Object, java.lang.Object, long, java.lang.Object, java.lang.Object, java.lang.Object, java.lang.Object, java.lang.Object, java.lang.Object, java.lang.Object)'> (0x00000007209a1d28) 
thrown [s\src\hotspot\share\interpreter\linkResolver.cpp, line 759]
Event: 143.646 Thread 0x0000022b9ef76030 Exception <a 'java/lang/NoSuchMethodError'{0x00000007209a6ae0}: 'java.lang.Object java.lang.invoke.DelegatingMethodHandle$Holder.reinvoke_L(java.lang.Object, long, java.lang.Object, java.lang.Object, java.lang.Object, java.lang.Object, java.lang.Object, java.lang.Object, java.lang.Object)'> (0x00000007209a6ae0) 
thrown [s\src\hotspot\share\interpreter\linkResolver.cpp, line 759]
Event: 143.647 Thread 0x0000022b9ef76030 Exception <a 'java/lang/NoSuchMethodError'{0x00000007209bea90}: 'java.lang.Object java.lang.invoke.DirectMethodHandle$Holder.invokeSpecial(java.lang.Object, java.lang.Object, java.lang.Object, java.lang.Object, java.lang.Object, java.lang.Object, java.lang.Object, java.lang.Object, java.lang.Object)'> (0x00000007209bea90) 
thrown [s\src\hotspot\share\interpreter\linkResolver.cpp, line 759]
Event: 143.647 Thread 0x0000022b9ef76030 Exception <a 'java/lang/NoSuchMethodError'{0x00000007209c39c0}: 'java.lang.Object java.lang.invoke.Invokers$Holder.linkToTargetMethod(java.lang.Object, java.lang.Object, java.lang.Object, java.lang.Object, java.lang.Object, java.lang.Object, java.lang.Object, java.lang.Object)'> (0x00000007209c39c0) 
thrown [s\src\hotspot\share\interpreter\linkResolver.cpp, line 759]
Event: 147.235 Thread 0x0000022b9ef76030 Exception <a 'java/io/FileNotFoundException'{0x000000071edc7f70}> (0x000000071edc7f70) 
thrown [s\src\hotspot\share\prims\jni.cpp, line 516]
Event: 151.811 Thread 0x0000022b9ef76030 Exception <a 'java/io/FileNotFoundException'{0x0000000720cfc1f0}> (0x0000000720cfc1f0) 
thrown [s\src\hotspot\share\prims\jni.cpp, line 516]
Event: 157.079 Thread 0x0000022b9ef76030 Exception <a 'java/io/FileNotFoundException'{0x0000000721743958}> (0x0000000721743958) 
thrown [s\src\hotspot\share\prims\jni.cpp, line 516]
Event: 161.773 Thread 0x0000022b9ef76030 Exception <a 'java/io/FileNotFoundException'{0x0000000721777310}> (0x0000000721777310) 
thrown [s\src\hotspot\share\prims\jni.cpp, line 516]
Event: 167.028 Thread 0x0000022b9ef76030 Exception <a 'java/io/FileNotFoundException'{0x000000071e9d5050}> (0x000000071e9d5050) 
thrown [s\src\hotspot\share\prims\jni.cpp, line 516]
Event: 172.145 Thread 0x0000022b9ef76030 Exception <a 'java/io/FileNotFoundException'{0x0000000720deba20}> (0x0000000720deba20) 
thrown [s\src\hotspot\share\prims\jni.cpp, line 516]
Event: 177.254 Thread 0x0000022b9ef76030 Exception <a 'java/io/FileNotFoundException'{0x000000071dbf8830}> (0x000000071dbf8830) 
thrown [s\src\hotspot\share\prims\jni.cpp, line 516]

VM Operations (20 events):
Event: 177.523 Executing VM operation: G1CollectForAllocation
Event: 177.524 Executing VM operation: G1CollectForAllocation done
Event: 177.705 Executing VM operation: G1CollectForAllocation
Event: 177.706 Executing VM operation: G1CollectForAllocation done
Event: 177.900 Executing VM operation: G1CollectForAllocation
Event: 177.902 Executing VM operation: G1CollectForAllocation done
Event: 178.089 Executing VM operation: G1CollectForAllocation
Event: 178.090 Executing VM operation: G1CollectForAllocation done
Event: 178.541 Executing VM operation: G1CollectForAllocation
Event: 178.542 Executing VM operation: G1CollectForAllocation done
Event: 178.726 Executing VM operation: G1CollectForAllocation
Event: 178.728 Executing VM operation: G1CollectForAllocation done
Event: 179.699 Executing VM operation: G1CollectForAllocation
Event: 179.701 Executing VM operation: G1CollectForAllocation done
Event: 179.894 Executing VM operation: G1CollectForAllocation
Event: 179.896 Executing VM operation: G1CollectForAllocation done
Event: 180.388 Executing VM operation: G1CollectForAllocation
Event: 180.389 Executing VM operation: G1CollectForAllocation done
Event: 180.603 Executing VM operation: G1CollectForAllocation
Event: 180.605 Executing VM operation: G1CollectForAllocation done

Events (20 events):
Event: 174.067 Thread 0x0000022c0d283570 Thread added: 0x0000022c0d283570
Event: 174.072 Thread 0x0000022c0d283570 Thread exited: 0x0000022c0d283570
Event: 175.372 Thread 0x0000022c0d284d80 Thread added: 0x0000022c0d284d80
Event: 175.377 Thread 0x0000022c0d284d80 Thread exited: 0x0000022c0d284d80
Event: 175.768 Thread 0x0000022c0d284d80 Thread added: 0x0000022c0d284d80
Event: 175.774 Thread 0x0000022c0d284d80 Thread exited: 0x0000022c0d284d80
Event: 176.037 Thread 0x0000022c0d286590 Thread added: 0x0000022c0d286590
Event: 176.041 Thread 0x0000022c0d286590 Thread exited: 0x0000022c0d286590
Event: 177.252 Thread 0x0000022c0d2843e0 Thread added: 0x0000022c0d2843e0
Event: 177.258 Thread 0x0000022c0d2848b0 Thread added: 0x0000022c0d2848b0
Event: 177.262 Thread 0x0000022c0d2848b0 Thread exited: 0x0000022c0d2848b0
Event: 177.330 Thread 0x0000022c0d2843e0 Thread exited: 0x0000022c0d2843e0
Event: 177.718 Thread 0x0000022c0d285720 Thread added: 0x0000022c0d285720
Event: 177.723 Thread 0x0000022c0d285720 Thread exited: 0x0000022c0d285720
Event: 178.126 Thread 0x0000022c0d284d80 Thread added: 0x0000022c0d284d80
Event: 178.132 Thread 0x0000022c0d284d80 Thread exited: 0x0000022c0d284d80
Event: 179.452 Thread 0x0000022c0d2843e0 Thread added: 0x0000022c0d2843e0
Event: 179.458 Thread 0x0000022c0d2843e0 Thread exited: 0x0000022c0d2843e0
Event: 180.039 Thread 0x0000022c0d284d80 Thread added: 0x0000022c0d284d80
Event: 180.044 Thread 0x0000022c0d284d80 Thread exited: 0x0000022c0d284d80


Dynamic libraries:
0x00007ff7b83a0000 - 0x00007ff7b83d1000 	D:\Vivado\2023.2\bin\unwrapped\win64.o\vivado.exe
0x00007fff8fc00000 - 0x00007fff8fe60000 	C:\WINDOWS\SYSTEM32\ntdll.dll
0x00007fff8ed60000 - 0x00007fff8ee27000 	C:\WINDOWS\System32\KERNEL32.DLL
0x00007fff8d550000 - 0x00007fff8d91a000 	C:\WINDOWS\System32\KERNELBASE.dll
0x00007fff8d1f0000 - 0x00007fff8d33b000 	C:\WINDOWS\System32\ucrtbase.dll
0x00007fff72130000 - 0x00007fff721bd000 	C:\WINDOWS\SYSTEM32\MSVCP140.dll
0x00007fff76010000 - 0x00007fff7602e000 	C:\WINDOWS\SYSTEM32\VCRUNTIME140.dll
0x00007ffed6d70000 - 0x00007ffed841a000 	D:\Vivado\2023.2\lib\win64.o\librdi_common.dll
0x00007fff75f20000 - 0x00007fff75f2c000 	C:\WINDOWS\SYSTEM32\VCRUNTIME140_1.dll
0x00007fff8e8b0000 - 0x00007fff8ea7c000 	C:\WINDOWS\System32\USER32.dll
0x00007fff8d920000 - 0x00007fff8d947000 	C:\WINDOWS\System32\win32u.dll
0x00007fff8fb90000 - 0x00007fff8fbba000 	C:\WINDOWS\System32\GDI32.dll
0x00007fff055b0000 - 0x00007fff0591e000 	D:\Vivado\2023.2\lib\win64.o\libCOIN-all.dll
0x00007fff040b0000 - 0x00007fff044e0000 	D:\Vivado\2023.2\lib\win64.o\python38.dll
0x00007fff8d010000 - 0x00007fff8d141000 	C:\WINDOWS\System32\gdi32full.dll
0x00007fff8d950000 - 0x00007fff8d9f3000 	C:\WINDOWS\System32\msvcp_win.dll
0x00007fff7a590000 - 0x00007fff7a5a1000 	D:\Vivado\2023.2\lib\win64.o\libboost_date_time.dll
0x00007fff8ea90000 - 0x00007fff8eb42000 	C:\WINDOWS\System32\ADVAPI32.dll
0x00007fff8dcd0000 - 0x00007fff8dd79000 	C:\WINDOWS\System32\msvcrt.dll
0x00007fff8ee30000 - 0x00007fff8eed6000 	C:\WINDOWS\System32\sechost.dll
0x00007fff8f0f0000 - 0x00007fff8f154000 	C:\WINDOWS\System32\SHLWAPI.dll
0x00007fff7a510000 - 0x00007fff7a531000 	D:\Vivado\2023.2\lib\win64.o\libboost_filesystem.dll
0x00007fff8e290000 - 0x00007fff8e3a6000 	C:\WINDOWS\System32\RPCRT4.dll
0x00007fff8e740000 - 0x00007fff8e7b4000 	C:\WINDOWS\System32\WS2_32.dll
0x00007fff8f160000 - 0x00007fff8f889000 	C:\WINDOWS\System32\SHELL32.dll
0x00007fff8cea0000 - 0x00007fff8d008000 	C:\WINDOWS\System32\wintypes.dll
0x00007fff8e3b0000 - 0x00007fff8e732000 	C:\WINDOWS\System32\combase.dll
0x00007fff2a5f0000 - 0x00007fff2a669000 	D:\Vivado\2023.2\lib\win64.o\libboost_program_options.dll
0x00007fff1e4f0000 - 0x00007fff1e604000 	D:\Vivado\2023.2\lib\win64.o\libboost_regex.dll
0x00007fff8d4c0000 - 0x00007fff8d53f000 	C:\WINDOWS\System32\WINTRUST.dll
0x00007fff7a470000 - 0x00007fff7a48c000 	D:\Vivado\2023.2\lib\win64.o\libboost_thread.dll
0x00007fff2a560000 - 0x00007fff2a5e2000 	D:\Vivado\2023.2\lib\win64.o\libhdlpsolve.dll
0x00007fff7a9a0000 - 0x00007fff7a9ac000 	D:\Vivado\2023.2\lib\win64.o\libboost_xilinx.dll
0x00007fff78e10000 - 0x00007fff78e3a000 	D:\Vivado\2023.2\lib\win64.o\libisl_sysinfo.dll
0x00007fff1dfa0000 - 0x00007fff1e045000 	D:\Vivado\2023.2\lib\win64.o\libhdxml.dll
0x00007ffed5d40000 - 0x00007ffed6d64600 	D:\Vivado\2023.2\lib\win64.o\libisl_iostreams.dll
0x00007fff32e80000 - 0x00007fff32ee5000 	D:\Vivado\2023.2\lib\win64.o\liblmx6.0.dll
0x00007fff7a400000 - 0x00007fff7a41a000 	D:\Vivado\2023.2\lib\win64.o\pthreadVC2.dll
0x00007fff1dde0000 - 0x00007fff1df96000 	D:\Vivado\2023.2\lib\win64.o\librdi_commonxillic.dll
0x00007fff7a1e0000 - 0x00007fff7a1fc000 	D:\Vivado\2023.2\lib\win64.o\librdiconfig.dll
0x00007fff65dc0000 - 0x00007fff65de1000 	D:\Vivado\2023.2\lib\win64.o\librdizlib.dll
0x0000000058bb0000 - 0x0000000058cdc000 	D:\Vivado\2023.2\lib\win64.o\tcl85t.dll
0x00007fff05040000 - 0x00007fff05301000 	D:\Vivado\2023.2\lib\win64.o\xerces-c_3_2.dll
0x00007fff84d20000 - 0x00007fff84d2b000 	C:\WINDOWS\SYSTEM32\VERSION.dll
0x00007fff77c70000 - 0x00007fff77c8a000 	C:\WINDOWS\SYSTEM32\NETAPI32.dll
0x00007fff756f0000 - 0x00007fff75973000 	C:\WINDOWS\SYSTEM32\WININET.dll
0x00007fff84920000 - 0x00007fff84a3d000 	C:\WINDOWS\SYSTEM32\WINHTTP.dll
0x00007fff79910000 - 0x00007fff79aec000 	C:\WINDOWS\SYSTEM32\urlmon.dll
0x00007fff65460000 - 0x00007fff65490000 	C:\WINDOWS\SYSTEM32\VCOMP140.DLL
0x00007fff714a0000 - 0x00007fff714aa000 	C:\WINDOWS\SYSTEM32\WSOCK32.dll
0x00007ffed3e20000 - 0x00007ffed5d37000 	D:\Vivado\2023.2\lib\win64.o\gurobi90.dll
0x00007fff8d340000 - 0x00007fff8d4b7000 	C:\WINDOWS\System32\CRYPT32.dll
0x00007fff8ccc0000 - 0x00007fff8cce6000 	C:\WINDOWS\SYSTEM32\bcrypt.dll
0x00007fff8ece0000 - 0x00007fff8ed54000 	C:\WINDOWS\System32\WLDAP32.dll
0x00007fff8fb80000 - 0x00007fff8fb88000 	C:\WINDOWS\System32\Normaliz.dll
0x00007fff64310000 - 0x00007fff64334000 	D:\Vivado\2023.2\lib\win64.o\libisl_iosutils.dll
0x00007fff71ec0000 - 0x00007fff71ed8000 	D:\Vivado\2023.2\lib\win64.o\libboost_iostreams.dll
0x00007fff03d80000 - 0x00007fff040ad000 	D:\Vivado\2023.2\lib\win64.o\libXil_lmgr11.dll
0x00007fff8fa70000 - 0x00007fff8fb64000 	C:\WINDOWS\System32\COMDLG32.dll
0x00007fff795b0000 - 0x00007fff7987b000 	C:\WINDOWS\SYSTEM32\iertutil.dll
0x00007fff8aa60000 - 0x00007fff8b2b2000 	C:\WINDOWS\SYSTEM32\windows.storage.dll
0x00007fff8dbe0000 - 0x00007fff8dccd000 	C:\WINDOWS\System32\shcore.dll
0x00007fff8ec00000 - 0x00007fff8ecd6000 	C:\WINDOWS\System32\OLEAUT32.dll
0x00007fff8f890000 - 0x00007fff8fa26000 	C:\WINDOWS\System32\ole32.dll
0x00007fff794b0000 - 0x00007fff794d9000 	C:\WINDOWS\SYSTEM32\srvcli.dll
0x00007fff8b5b0000 - 0x00007fff8b5bd000 	C:\WINDOWS\SYSTEM32\netutils.dll
0x00007fff5f1e0000 - 0x00007fff5f294000 	C:\WINDOWS\WinSxS\amd64_microsoft.windows.common-controls_6595b64144ccf1df_5.82.26100.1882_none_87f34cef7a28f535\COMCTL32.dll
0x00007fff82c20000 - 0x00007fff82c45000 	C:\WINDOWS\SYSTEM32\dhcpcsvc.DLL
0x00007fff8c220000 - 0x00007fff8c24b000 	C:\WINDOWS\SYSTEM32\USERENV.dll
0x00007fff8c160000 - 0x00007fff8c1ca000 	C:\WINDOWS\SYSTEM32\MSWSOCK.DLL
0x00007fff68e80000 - 0x00007fff68e9c000 	D:\Vivado\2023.2\lib\win64.o\librdi_commonmain.dll
0x00007fff7a700000 - 0x00007fff7a709000 	D:\Vivado\2023.2\lib\win64.o\librdi_commonversion.dll
0x00007fff8fa30000 - 0x00007fff8fa5f000 	C:\WINDOWS\System32\IMM32.DLL
0x00007fff8c5f0000 - 0x00007fff8c603000 	C:\WINDOWS\SYSTEM32\MSASN1.dll
0x00007fff8c4d0000 - 0x00007fff8c4ec000 	C:\WINDOWS\SYSTEM32\CRYPTSP.dll
0x00007fff8bb20000 - 0x00007fff8bb5a000 	C:\WINDOWS\system32\rsaenh.dll
0x00007fff8c4f0000 - 0x00007fff8c4fc000 	C:\WINDOWS\SYSTEM32\CRYPTBASE.dll
0x00007fff8d150000 - 0x00007fff8d1e9000 	C:\WINDOWS\System32\bcryptPrimitives.dll
0x00007fff8ef60000 - 0x00007fff8ef80000 	C:\WINDOWS\System32\imagehlp.dll
0x00007fff8bbc0000 - 0x00007fff8bbda000 	C:\WINDOWS\SYSTEM32\kernel.appcore.dll
0x00007fff01020000 - 0x00007fff0156d000 	D:\Vivado\2023.2\lib\win64.o\librdi_commontasks.dll
0x00007fff035f0000 - 0x00007fff0391b800 	D:\Vivado\2023.2\lib\win64.o\librdi_sio.dll
0x00007fff8b5c0000 - 0x00007fff8b5f3000 	C:\WINDOWS\SYSTEM32\IPHLPAPI.DLL
0x00007ffee8ac0000 - 0x00007ffee9708000 	D:\Vivado\2023.2\tps\win64\jre17.0.7_7\bin\server\jvm.dll
0x00007fff7e540000 - 0x00007fff7e576000 	C:\WINDOWS\SYSTEM32\WINMM.dll
0x00007fff8c1f0000 - 0x00007fff8c217000 	C:\WINDOWS\SYSTEM32\gpapi.dll
0x00007fff82620000 - 0x00007fff8265b000 	C:\Windows\System32\cryptnet.dll
0x00007fff8ccf0000 - 0x00007fff8cd1f000 	C:\WINDOWS\SYSTEM32\profapi.dll
0x00007fff89cf0000 - 0x00007fff89cff000 	C:\WINDOWS\SYSTEM32\WINNSI.DLL
0x00007fff8fb70000 - 0x00007fff8fb7a000 	C:\WINDOWS\System32\NSI.dll
0x00007fff8be70000 - 0x00007fff8beb8000 	C:\WINDOWS\SYSTEM32\SspiCli.dll
0x00007fff717c0000 - 0x00007fff717d8000 	C:\WINDOWS\system32\napinsp.dll
0x00007fff8b6b0000 - 0x00007fff8b7d5000 	C:\WINDOWS\SYSTEM32\DNSAPI.dll
0x00007fff717a0000 - 0x00007fff717b2000 	C:\WINDOWS\System32\winrnr.dll
0x00007fff6cf80000 - 0x00007fff6cfb0000 	C:\WINDOWS\system32\nlansp_c.dll
0x00007fff82c00000 - 0x00007fff82c16000 	C:\WINDOWS\system32\wshbth.dll
0x00007ffebacc0000 - 0x00007ffebda86000 	D:\Vivado\2023.2\lib\win64.o\librdi_tcltasks.dll
0x00007fff294f0000 - 0x00007fff29573000 	D:\Vivado\2023.2\lib\win64.o\librdi_boarddep.dll
0x00007fff00b30000 - 0x00007fff01011000 	D:\Vivado\2023.2\lib\win64.o\librdi_bitstream.dll
0x00007fff14430000 - 0x00007fff14630000 	D:\Vivado\2023.2\lib\win64.o\librdi_board.dll
0x00007fff1d240000 - 0x00007fff1d36a000 	D:\Vivado\2023.2\lib\win64.o\librdi_chipscope.dll
0x00007fff00920000 - 0x00007fff00b27000 	D:\Vivado\2023.2\lib\win64.o\librdi_chipscopeimpl.dll
0x00007fff1ab70000 - 0x00007fff1acde000 	D:\Vivado\2023.2\lib\win64.o\librdi_containers.dll
0x00007ffed2010000 - 0x00007ffed3e17000 	D:\Vivado\2023.2\lib\win64.o\librdi_designutils.dll
0x00007ffefe1b0000 - 0x00007ffefe54f000 	D:\Vivado\2023.2\lib\win64.o\librdi_dlyest.dll
0x00007ffeb85c0000 - 0x00007ffebacb5000 	D:\Vivado\2023.2\lib\win64.o\librdi_constraints.dll
0x00007ffeeb9b0000 - 0x00007ffeec0e6000 	D:\Vivado\2023.2\lib\win64.o\librdi_drc.dll
0x00007fff16790000 - 0x00007fff16844000 	D:\Vivado\2023.2\lib\win64.o\librdi_dsp.dll
0x00007ffeb6fb0000 - 0x00007ffeb85b3000 	D:\Vivado\2023.2\lib\win64.o\librdi_device.dll
0x00007fff29960000 - 0x00007fff299cb000 	D:\Vivado\2023.2\lib\win64.o\librdi_hdf.dll
0x00007ffeb4870000 - 0x00007ffeb6fa6000 	D:\Vivado\2023.2\lib\win64.o\librdi_coregen.dll
0x00007ffee9e40000 - 0x00007ffeea5ff000 	D:\Vivado\2023.2\lib\win64.o\librdi_filemgmt.dll
0x00007ffef9d10000 - 0x00007ffef9ff4000 	D:\Vivado\2023.2\lib\win64.o\librdi_hip_devdesign.dll
0x00007fff03c30000 - 0x00007fff03d78000 	D:\Vivado\2023.2\lib\win64.o\librdi_hip_perf_analysis.dll
0x00007ffeb39c0000 - 0x00007ffeb4870000 	D:\Vivado\2023.2\lib\win64.o\librdi_ippcw.dll
0x00007ffec02d0000 - 0x00007ffec0b6a000 	D:\Vivado\2023.2\lib\win64.o\librdi_lopt.dll
0x00007ffeb2870000 - 0x00007ffeb39b3000 	D:\Vivado\2023.2\lib\win64.o\librdi_implflow.dll
0x00007ffed0170000 - 0x00007ffed07c6000 	D:\Vivado\2023.2\lib\win64.o\librdi_memdata.dll
0x00007fff296e0000 - 0x00007fff2975d000 	D:\Vivado\2023.2\lib\win64.o\librdi_memoryarray.dll
0x00007fff1e470000 - 0x00007fff1e4e2000 	D:\Vivado\2023.2\lib\win64.o\librdi_noc_frameworks.dll
0x00007ffeafe20000 - 0x00007ffeb2861000 	D:\Vivado\2023.2\lib\win64.o\librdi_mig.dll
0x00007fff52c80000 - 0x00007fff52cdc000 	D:\Vivado\2023.2\lib\win64.o\librdi_pfi.dll
0x00007ffebf6f0000 - 0x00007ffebfef4000 	D:\Vivado\2023.2\lib\win64.o\librdi_netlist.dll
0x00007ffeaf520000 - 0x00007ffeafe12000 	D:\Vivado\2023.2\lib\win64.o\librdi_power.dll
0x00007ffef2220000 - 0x00007ffef269e000 	D:\Vivado\2023.2\lib\win64.o\librdi_platform.dll
0x00007ffeac660000 - 0x00007ffeaf51c000 	D:\Vivado\2023.2\lib\win64.o\librdi_place.dll
0x00007ffeabdd0000 - 0x00007ffeac65b000 	D:\Vivado\2023.2\lib\win64.o\librdi_project.dll
0x00007ffeab650000 - 0x00007ffeabdc7000 	D:\Vivado\2023.2\lib\win64.o\librdi_psta.dll

dbghelp: loaded successfully - version: 4.0.5 - missing functions: none
symbol engine: initialized successfully - sym options: 0x614 - pdb path: .;D:\Vivado\2023.2\bin\unwrapped\win64.o;C:\WINDOWS\SYSTEM32;D:\Vivado\2023.2\lib\win64.o;C:\WINDOWS\WinSxS\amd64_microsoft.windows.common-controls_6595b64144ccf1df_5.82.26100.1882_none_87f34cef7a28f535;D:\Vivado\2023.2\tps\win64\jre17.0.7_7\bin\server;D:\Vivado\2023.2\tps\win64\jre17.0.7_7\bin;C:\WINDOWS\WinSxS\amd64_microsoft.windows.common-controls_6595b64144ccf1df_6.0.26100.3624_none_3e086962e3345f24

VM Arguments:
jvm_args: -Dsun.java2d.pmoffscreen=false -Dhttps.protocols=TLSv1,TLSv1.1,TLSv1.2 -Dsun.java2d.xrender=false -Dsun.java2d.d3d=false -Dsun.awt.nopixfmt=true -Dsun.java2d.dpiaware=true -Dsun.java2d.uiScale.enabled=false -Dswing.aatext=true -XX:-UsePerfData -Djdk.map.althashing.threshold=512 -XX:StringTableSize=4072 -XX:+UseStringDeduplication -XX:MaxGCPauseMillis=200 -XX:+ParallelRefProcEnabled --add-opens=java.desktop/javax.swing.plaf.synth=ALL-UNNAMED --add-opens=java.base/java.nio=ALL-UNNAMED --add-opens=java.desktop/sun.swing=ALL-UNNAMED --add-opens=java.desktop/javax.swing=ALL-UNNAMED --add-opens=java.desktop/javax.swing.tree=ALL-UNNAMED --add-opens=java.desktop/javax.swing.plaf.basic=ALL-UNNAMED --add-opens=java.desktop/javax.swing.plaf.synth=ALL-UNNAMED --add-opens=java.desktop/javax.swing.plaf.basic=ALL-UNNAMED --add-opens=java.desktop/javax.swing=ALL-UNNAMED --add-opens=java.desktop/javax.swing.tree=ALL-UNNAMED --add-opens=java.desktop/java.awt.event=ALL-UNNAMED --add-exports=java.desktop/javax.swing.plaf.synth=ALL-UNNAMED --add-exports=java.base/java.nio=ALL-UNNAMED --add-exports=java.desktop/sun.swing=ALL-UNNAMED --add-exports=java.desktop/javax.swing=ALL-UNNAMED --add-exports=java.desktop/javax.swing.tree=ALL-UNNAMED --add-exports=java.desktop/javax.swing.plaf.basic=ALL-UNNAMED --add-exports=java.desktop/sun.swing=ALL-UNNAMED --add-exports=java.desktop/sun.swing.table=ALL-UNNAMED --add-exports=java.desktop/sun.swing.plaf.synth=ALL-UNNAMED --add-exports=java.desktop/sun.awt.shell=ALL-UNNAMED --add-exports=java.base/sun.security.action=ALL-UNNAMED --add-exports=java.desktop/sun.font=ALL-UNNAMED -XX:NewSize=80m -XX:MaxNewSize=80m -Xms512m -Xmx4072m -Xss10m 
java_command: <unknown>
java_class_path (initial): D:/Vivado/2023.2\lib\classes\alloy.jar;D:/Vivado/2023.2\lib\classes\asm-9.3.jar;D:/Vivado/2023.2\lib\classes\asm-analysis-9.3.jar;D:/Vivado/2023.2\lib\classes\asm-commons-9.3.jar;D:/Vivado/2023.2\lib\classes\asm-tree-9.3.jar;D:/Vivado/2023.2\lib\classes\autoesl-models.jar;D:/Vivado/2023.2\lib\classes\batik-anim.jar;D:/Vivado/2023.2\lib\classes\batik-awt-util.jar;D:/Vivado/2023.2\lib\classes\batik-bridge.jar;D:/Vivado/2023.2\lib\classes\batik-codec.jar;D:/Vivado/2023.2\lib\classes\batik-constants.jar;D:/Vivado/2023.2\lib\classes\batik-css.jar;D:/Vivado/2023.2\lib\classes\batik-dom.jar;D:/Vivado/2023.2\lib\classes\batik-ext.jar;D:/Vivado/2023.2\lib\classes\batik-gui-util.jar;D:/Vivado/2023.2\lib\classes\batik-gvt.jar;D:/Vivado/2023.2\lib\classes\batik-i18n.jar;D:/Vivado/2023.2\lib\classes\batik-parser.jar;D:/Vivado/2023.2\lib\classes\batik-script.jar;D:/Vivado/2023.2\lib\classes\batik-svg-dom.jar;D:/Vivado/2023.2\lib\classes\batik-svggen.jar;D:/Vivado/2023.2\lib\classes\batik-swing.jar;D:/Vivado/2023.2\lib\classes\batik-transcoder.jar;D:/Vivado/2023.2\lib\classes\batik-util.jar;D:/Vivado/2023.2\lib\classes\batik-xml.jar;D:/Vivado/2023.2\lib\classes\com.fasterxml.jackson.core.jackson-annotations_2.12.1.v20210128-1726.jar;D:/Vivado/2023.2\lib\classes\com.fasterxml.jackson.core.jackson-core_2.12.1.v20210128-1726.jar;D:/Vivado/2023.2\lib\classes\com.fasterxml.jackson.core.jackson-databind_2.12.1.v20210128-1726.jar;D:/Vivado/2023.2\lib\classes\com.google.gson_2.8.9.v20220111-1409.jar;D:/Vivado/2023.2\lib\classes\com.google.guava_30.1.0.v20210127-2300.jar;D:/Vivado/2023.2\lib\classes\com.sigasi.hdt.connection_4.17.2.202304211001.jar;D:/Vivado/2023.2\lib\classes\com.sigasi.hdt.epl_4.17.2.202304211001.jar;D:/Vivado/2023.2\lib\classes\com.sigasi.hdt.project_4.17.2.202304211001.jar;D:/Vivado/2023.2\lib\classes\com.sigasi.hdt.readonlyfilesystem_4.17.2.202304211001.jar;D:/Vivado/2023.2\lib\classes\com.sigasi.hdt.shared_4.17.2.202304211001.jar;D:/Vivad
Launcher Type: generic

[Global flags]
     intx CICompilerCount                          = 4                                         {product} {ergonomic}
     uint ConcGCThreads                            = 2                                         {product} {ergonomic}
     uint G1ConcRefinementThreads                  = 8                                         {product} {ergonomic}
   size_t G1HeapRegionSize                         = 2097152                                   {product} {ergonomic}
    uintx GCDrainStackTargetSize                   = 64                                        {product} {ergonomic}
   size_t InitialHeapSize                          = 536870912                                 {product} {command line}
   size_t MarkStackSize                            = 4194304                                   {product} {ergonomic}
    uintx MaxGCPauseMillis                         = 200                                       {product} {command line}
   size_t MaxHeapSize                              = 4269801472                                {product} {command line}
   size_t MaxNewSize                               = 83886080                                  {product} {command line}
   size_t MinHeapDeltaBytes                        = 2097152                                   {product} {ergonomic}
   size_t MinHeapSize                              = 536870912                                 {product} {command line}
   size_t NewSize                                  = 83886080                                  {product} {command line}
    uintx NonNMethodCodeHeapSize                   = 5839372                                {pd product} {ergonomic}
    uintx NonProfiledCodeHeapSize                  = 122909434                              {pd product} {ergonomic}
     bool ParallelRefProcEnabled                   = true                                      {product} {command line}
    uintx ProfiledCodeHeapSize                     = 122909434                              {pd product} {ergonomic}
    uintx ReservedCodeCacheSize                    = 251658240                              {pd product} {ergonomic}
     bool SegmentedCodeCache                       = true                                      {product} {ergonomic}
   size_t SoftMaxHeapSize                          = 4269801472                             {manageable} {ergonomic}
    uintx StringTableSize                          = 4072                                      {product} {command line}
     intx ThreadStackSize                          = 10240                                  {pd product} {command line}
     bool UseCompressedClassPointers               = true                           {product lp64_product} {ergonomic}
     bool UseCompressedOops                        = true                           {product lp64_product} {ergonomic}
     bool UseG1GC                                  = true                                      {product} {ergonomic}
     bool UseLargePagesIndividualAllocation        = false                                  {pd product} {ergonomic}
     bool UsePerfData                              = false                                     {product} {command line}
     bool UseStringDeduplication                   = true                                      {product} {command line}

Logging:
Log output configuration:
 #0: stdout all=warning uptime,level,tags
 #1: stderr all=off uptime,level,tags

Environment Variables:
JAVA_HOME=C:\Users\debab\AppData\Local\Programs\Eclipse Adoptium\jdk-17.0.11.9-hotspot\
PATH=D:/Vivado/2023.2/bin;D:/Vivado/2023.2/tps/win64/java-cef-95.0.4638.69/bin/lib/win64;D:/Vivado/2023.2/tps/win64/javafx-sdk-17.0.1/lib;D:/Vivado/2023.2/tps/win64/javafx-sdk-17.0.1/bin;D:/Vivado/2023.2/lib/win64.o;D:/Vivado/2023.2/tps/win64/jre17.0.7_7/bin/server;D:/Vivado/2023.2/tps/win64/jre17.0.7_7/bin;D:/Vivado/2023.2/ids_lite/ISE/bin/nt64;D:/Vivado/2023.2/ids_lite/ISE/lib/nt64;D:/Vitis_HLS/2023.2/bin;C:\Program Files (x86)\Common Files\Oracle\Java\java8path;C:\Program Files (x86)\Common Files\Oracle\Java\javapath;C:\Python312\Scripts\;C:\Python312\;C:\oraclexe\app\oracle\product\11.2.0\server\bin;C:\ProgramData\Oracle\Java\javapath;C:\Windows\system32;C:\Windows;C:\Windows\System32\Wbem;C:\Windows\System32\WindowsPowerShell\v1.0\;C:\Windows\System32\OpenSSH\;C:\Program Files (x86)\NVIDIA Corporation\PhysX\Common;C:\Program Files\NVIDIA Corporation\NVIDIA NvDLISR;C:\Program Files\PuTTY\;C:\Program Files\nodejs\;C:\ProgramData\chocolatey\bin;C:\Program Files\Git\cmd;C:\Program Files\dotnet\;C:\Users\debab\AppData\Local\Programs\Eclipse Adoptium\jdk-17.0.11.9-hotspot\bin;C:\Program Files\MySQL\MySQL Shell 8.0\bin\;C:\Users\debab\AppData\Local\Microsoft\WindowsApps;C:\Users\debab\AppData\Local\Programs\Python\Python310;C:\Users\debab\AppData\Local\Programs\Python\Python310\Scripts;C:\Users\debab\AppData\Local\Programs\Microsoft VS Code\bin;C:\Users\debab\AppData\Roaming\npm;;D:/Vivado/2023.2\tps\mingw\6.2.0\win64.o\nt\bin;D:/Vivado/2023.2\tps\mingw\6.2.0\win64.o\nt\libexec\gcc\x86_64-w64-mingw32\6.2.0;D:/Vivado/2023.2\tps\win64\python-3.8.3;D:/Vivado/2023.2\tps\win64\python-3.8.3\bin;D:/Vivado/2023.2\tps\win64\python-3.8.3\lib;D:/Vivado/2023.2\tps\win64\python-3.8.3\lib\site-packages
USERNAME=debab
OS=Windows_NT
PROCESSOR_IDENTIFIER=Intel64 Family 6 Model 165 Stepping 2, GenuineIntel
TMP=C:\Users\debab\AppData\Local\Temp
TEMP=C:\Users\debab\AppData\Local\Temp



---------------  S Y S T E M  ---------------

OS:
 Windows 11 , 64 bit Build 26100 (10.0.26100.3775)
OS uptime: 2 days 11:29 hours
Hyper-V role detected

CPU: total 8 (initial active 8) (4 cores per cpu, 2 threads per core) family 6 model 165 stepping 2 microcode 0xe2, cx8, cmov, fxsr, ht, mmx, 3dnowpref, sse, sse2, sse3, ssse3, sse4.1, sse4.2, popcnt, lzcnt, tsc, tscinvbit, avx, avx2, aes, erms, clmul, bmi1, bmi2, adx, fma, vzeroupper, clflush, clflushopt, hv

Memory: 4k page, system-wide physical 8023M (1041M free)
TotalPageFile size 23402M (AvailPageFile size 777M)
current process WorkingSet (physical memory assigned to process): 2106M, peak: 3208M
current process commit charge ("private bytes"): 9040M, peak: 9040M

vm_info: OpenJDK 64-Bit Server VM (17.0.7+7) for windows-amd64 JRE (17.0.7+7), built on Apr 18 2023 22:10:42 by "temurin" with MS VC++ 16.7 (VS2019)

END.
