#
# A fatal error has been detected by the Java Runtime Environment:
#
#  EXCEPTION_ACCESS_VIOLATION (0xc0000005) at pc=0x00007ffa5198d61f, pid=19996, tid=19740
#
# JRE version: OpenJDK Runtime Environment Temurin-17.0.7+7 (17.0.7+7) (build 17.0.7+7)
# Java VM: OpenJDK 64-Bit Server VM Temurin-17.0.7+7 (17.0.7+7, mixed mode, sharing, tiered, compressed oops, compressed class ptrs, g1 gc, windows-amd64)
# Problematic frame:
# C  0x00007ffa5198d61f
#
# No core dump will be written. Minidumps are not enabled by default on client versions of Windows
#
# If you would like to submit a bug report, please visit:
#   https://github.com/adoptium/adoptium-support/issues
# The crash happened outside the Java Virtual Machine in native code.
# See problematic frame for where to report the bug.
#

---------------  S U M M A R Y ------------

Command Line: -Dsun.java2d.pmoffscreen=false -Dhttps.protocols=TLSv1,TLSv1.1,TLSv1.2 -Dsun.java2d.xrender=false -Dsun.java2d.d3d=false -Dsun.awt.nopixfmt=true -Dsun.java2d.dpiaware=true -Dsun.java2d.uiScale.enabled=false -Dswing.aatext=true -XX:-UsePerfData -Djdk.map.althashing.threshold=512 -XX:StringTableSize=4072 -XX:+UseStringDeduplication -XX:MaxGCPauseMillis=200 -XX:+ParallelRefProcEnabled --add-opens=java.desktop/javax.swing.plaf.synth=ALL-UNNAMED --add-opens=java.base/java.nio=ALL-UNNAMED --add-opens=java.desktop/sun.swing=ALL-UNNAMED --add-opens=java.desktop/javax.swing=ALL-UNNAMED --add-opens=java.desktop/javax.swing.tree=ALL-UNNAMED --add-opens=java.desktop/javax.swing.plaf.basic=ALL-UNNAMED --add-opens=java.desktop/javax.swing.plaf.synth=ALL-UNNAMED --add-opens=java.desktop/javax.swing.plaf.basic=ALL-UNNAMED --add-opens=java.desktop/javax.swing=ALL-UNNAMED --add-opens=java.desktop/javax.swing.tree=ALL-UNNAMED --add-opens=java.desktop/java.awt.event=ALL-UNNAMED --add-exports=java.desktop/javax.swing.plaf.synth=ALL-UNNAMED --add-exports=java.base/java.nio=ALL-UNNAMED --add-exports=java.desktop/sun.swing=ALL-UNNAMED --add-exports=java.desktop/javax.swing=ALL-UNNAMED --add-exports=java.desktop/javax.swing.tree=ALL-UNNAMED --add-exports=java.desktop/javax.swing.plaf.basic=ALL-UNNAMED --add-exports=java.desktop/sun.swing=ALL-UNNAMED --add-exports=java.desktop/sun.swing.table=ALL-UNNAMED --add-exports=java.desktop/sun.swing.plaf.synth=ALL-UNNAMED --add-exports=java.desktop/sun.awt.shell=ALL-UNNAMED --add-exports=java.base/sun.security.action=ALL-UNNAMED --add-exports=java.desktop/sun.font=ALL-UNNAMED -XX:NewSize=80m -XX:MaxNewSize=80m -Xms512m -Xmx4072m -Xss10m 

Host: Intel(R) Core(TM) i5-10300H CPU @ 2.50GHz, 8 cores, 7G,  Windows 11 , 64 bit Build 26100 (10.0.26100.2454)
Time: Thu Jan 30 10:49:47 2025 India Standard Time elapsed time: 3006.880944 seconds (0d 0h 50m 6s)

---------------  T H R E A D  ---------------

Current thread (0x000001c2e21e7200):  JavaThread "AWT-EventQueue-0" [_thread_in_native, id=19740, stack(0x0000004436b00000,0x0000004437500000)]

Stack: [0x0000004436b00000,0x0000004437500000],  sp=0x00000044374fafc8,  free space=10219k
Native frames: (J=compiled Java code, j=interpreted, Vv=VM code, C=native code)
C  0x00007ffa5198d61f

Java frames: (J=compiled Java code, j=interpreted, Vv=VM code)
j  ui.views.waveform.waveformi.WVExecutive_getGraphicsDataSize(J)J+0
j  ui.views.waveform.executive.a.kYk()Ljava/io/ByteArrayInputStream;+10
j  ui.views.waveform.c.a.kXF()V+7
j  ui.views.waveform.c.a.jZx()V+1
j  ui.views.waveform.a.kVY()V+4
j  ui.views.waveform.a.Kp(Z)V+11
j  ui.views.waveform.u.aS(ZZ)V+30
j  ui.views.waveform.d.b.j(Lui/frmwork/a/k;)V+94
j  ui.views.waveform.u.handleTclEvent(Lui/frmwork/a/k;)V+13
J 14709 c1 ui.frmwork.a.m.c(Lui/frmwork/a/k;)V (61 bytes) @ 0x000001c2eac85ac4 [0x000001c2eac85140+0x0000000000000984]
J 14692 c1 ui.frmwork.F.i(JZ)V (471 bytes) @ 0x000001c2eb63ae5c [0x000001c2eb637d20+0x000000000000313c]
J 14693 c1 ui.frmwork.F.fireTclEvent(J)I (113 bytes) @ 0x000001c2eb232dfc [0x000001c2eb232480+0x000000000000097c]
v  ~StubRoutines::call_stub
j  ui.views.waveform.waveformi.WVExecutive_processModelEvent(JJ)V+0
j  ui.views.waveform.executive.a.fU(J)V+5
j  ui.views.waveform.d.b.fS(J)V+8
j  ui.views.waveform.d.b.j(Lui/frmwork/a/k;)V+127
j  ui.views.waveform.u.handleTclEvent(Lui/frmwork/a/k;)V+13
J 14709 c1 ui.frmwork.a.m.c(Lui/frmwork/a/k;)V (61 bytes) @ 0x000001c2eac85ac4 [0x000001c2eac85140+0x0000000000000984]
J 14692 c1 ui.frmwork.F.i(JZ)V (471 bytes) @ 0x000001c2eb63ae5c [0x000001c2eb637d20+0x000000000000313c]
j  ui.frmwork.F.dv(J)V+3
j  ui.frmwork.F$$Lambda$220+0x00000008017176f8.run()V+8
J 13924 c2 java.awt.EventQueue.dispatchEvent(Ljava/awt/AWTEvent;)V java.desktop@17.0.7 (80 bytes) @ 0x000001c2f2315590 [0x000001c2f23149e0+0x0000000000000bb0]
J 16226 c2 ui.frmwork.a.d.dispatchEvent(Ljava/awt/AWTEvent;)V (42 bytes) @ 0x000001c2f243e65c [0x000001c2f243dd00+0x000000000000095c]
J 16510 c2 java.awt.EventDispatchThread.pumpOneEventForFilters(I)V java.desktop@17.0.7 (113 bytes) @ 0x000001c2f255b950 [0x000001c2f255b4c0+0x0000000000000490]
j  java.awt.EventDispatchThread.pumpEventsForFilter(ILjava/awt/Conditional;Ljava/awt/EventFilter;)V+35 java.desktop@17.0.7
j  java.awt.EventDispatchThread.pumpEventsForFilter(Ljava/awt/Conditional;Ljava/awt/EventFilter;)V+4 java.desktop@17.0.7
j  java.awt.WaitDispatchSupport$2.run()V+59 java.desktop@17.0.7
j  java.awt.WaitDispatchSupport$4.run()Ljava/lang/Void;+4 java.desktop@17.0.7
j  java.awt.WaitDispatchSupport$4.run()Ljava/lang/Object;+1 java.desktop@17.0.7
J 1382 c1 java.security.AccessController.doPrivileged(Ljava/security/PrivilegedAction;)Ljava/lang/Object; java.base@17.0.7 (9 bytes) @ 0x000001c2ea0650c4 [0x000001c2ea064f60+0x0000000000000164]
j  java.awt.WaitDispatchSupport.enter()Z+260 java.desktop@17.0.7
j  java.awt.Dialog.show()V+225 java.desktop@17.0.7
J 9285 c1 java.awt.Component.setVisible(Z)V java.desktop@17.0.7 (6 bytes) @ 0x000001c2eae4e9dc [0x000001c2eae4e7e0+0x00000000000001fc]
j  java.awt.Window.setVisible(Z)V+2 java.desktop@17.0.7
j  java.awt.Dialog.setVisible(Z)V+2 java.desktop@17.0.7
j  ui.dlg.c.e.setVisible(Z)V+2
j  ui.dlg.c.bq.bCa()V+65
j  ui.dlg.c.bq$c.actionPerformed(Ljava/awt/event/ActionEvent;)V+8
j  ui.dlg.c.bq.eTh()V+422
j  ui.views.c.w.b.f.run()V+4
j  ui.views.S.W.a(Ljava/lang/String;ZLjava/lang/Runnable;Ljava/lang/Runnable;)Z+275
j  ui.views.S.W.a(Ljava/lang/String;Ljava/lang/Runnable;Ljava/lang/Runnable;)Z+5
j  ui.views.S.W.c(Ljava/lang/String;Ljava/lang/Runnable;)Z+4
j  ui.views.c.w.b.d.b(Lui/data/design/B;Ljava/lang/String;Ljava/lang/String;)V+472
j  ui.views.c.w.b.d.E(Lui/data/design/B;)V+6
j  ui.views.c.w.b.d.F(Lui/data/design/B;)V+134
j  ui.views.c.w.b.d.run()V+249
j  ui.frmwork.cmd.a.hnk()Z+96
j  ui.utils.ad.actionPerformed(Ljava/awt/event/ActionEvent;)V+4
j  javax.swing.AbstractButton.fireActionPerformed(Ljava/awt/event/ActionEvent;)V+84 java.desktop@17.0.7
j  javax.swing.AbstractButton$Handler.actionPerformed(Ljava/awt/event/ActionEvent;)V+5 java.desktop@17.0.7
j  javax.swing.DefaultButtonModel.fireActionPerformed(Ljava/awt/event/ActionEvent;)V+34 java.desktop@17.0.7
j  javax.swing.DefaultButtonModel.setPressed(Z)V+117 java.desktop@17.0.7
j  javax.swing.AbstractButton.doClick(I)V+60 java.desktop@17.0.7
j  javax.swing.plaf.basic.BasicMenuItemUI.doClick(Ljavax/swing/MenuSelectionManager;)V+47 java.desktop@17.0.7
j  javax.swing.plaf.basic.BasicMenuItemUI$Handler.mouseReleased(Ljava/awt/event/MouseEvent;)V+76 java.desktop@17.0.7
j  java.awt.AWTEventMulticaster.mouseReleased(Ljava/awt/event/MouseEvent;)V+8 java.desktop@17.0.7
j  java.awt.AWTEventMulticaster.mouseReleased(Ljava/awt/event/MouseEvent;)V+8 java.desktop@17.0.7
j  java.awt.Component.processMouseEvent(Ljava/awt/event/MouseEvent;)V+64 java.desktop@17.0.7
j  javax.swing.JComponent.processMouseEvent(Ljava/awt/event/MouseEvent;)V+23 java.desktop@17.0.7
J 14519 c2 java.awt.Container.processEvent(Ljava/awt/AWTEvent;)V java.desktop@17.0.7 (22 bytes) @ 0x000001c2f23a113c [0x000001c2f23a1000+0x000000000000013c]
J 14273 c1 java.awt.Component.dispatchEventImpl(Ljava/awt/AWTEvent;)V java.desktop@17.0.7 (777 bytes) @ 0x000001c2ead62f8c [0x000001c2ead5f3e0+0x0000000000003bac]
J 13850 c2 java.awt.Container.dispatchEventImpl(Ljava/awt/AWTEvent;)V java.desktop@17.0.7 (129 bytes) @ 0x000001c2f22eced8 [0x000001c2f22ece80+0x0000000000000058]
J 13851 c2 java.awt.LightweightDispatcher.retargetMouseEvent(Ljava/awt/Component;ILjava/awt/event/MouseEvent;)V java.desktop@17.0.7 (372 bytes) @ 0x000001c2f22ee730 [0x000001c2f22ee2e0+0x0000000000000450]
J 12709 c1 java.awt.LightweightDispatcher.processMouseEvent(Ljava/awt/event/MouseEvent;)Z java.desktop@17.0.7 (265 bytes) @ 0x000001c2e9e37da4 [0x000001c2e9e36da0+0x0000000000001004]
J 13850 c2 java.awt.Container.dispatchEventImpl(Ljava/awt/AWTEvent;)V java.desktop@17.0.7 (129 bytes) @ 0x000001c2f22ed2b8 [0x000001c2f22ece80+0x0000000000000438]
J 12455 c1 java.awt.Window.dispatchEventImpl(Ljava/awt/AWTEvent;)V java.desktop@17.0.7 (23 bytes) @ 0x000001c2eb403e94 [0x000001c2eb403880+0x0000000000000614]
J 13998 c2 java.awt.EventQueue.dispatchEventImpl(Ljava/awt/AWTEvent;Ljava/lang/Object;)V java.desktop@17.0.7 (136 bytes) @ 0x000001c2f23424f8 [0x000001c2f23420e0+0x0000000000000418]
J 9092 c1 java.awt.EventQueue$4.run()Ljava/lang/Void; java.desktop@17.0.7 (60 bytes) @ 0x000001c2eadcd3a4 [0x000001c2eadcd260+0x0000000000000144]
J 11570 c1 java.awt.EventQueue$4.run()Ljava/lang/Object; java.desktop@17.0.7 (5 bytes) @ 0x000001c2eb1f7a14 [0x000001c2eb1f79a0+0x0000000000000074]
J 13924 c2 java.awt.EventQueue.dispatchEvent(Ljava/awt/AWTEvent;)V java.desktop@17.0.7 (80 bytes) @ 0x000001c2f2314e50 [0x000001c2f23149e0+0x0000000000000470]
J 13975 c2 ui.frmwork.a.d.dispatchEvent(Ljava/awt/AWTEvent;)V (42 bytes) @ 0x000001c2f233c768 [0x000001c2f233bb80+0x0000000000000be8]
J 14055 c2 java.awt.EventDispatchThread.pumpOneEventForFilters(I)V java.desktop@17.0.7 (113 bytes) @ 0x000001c2f23604bc [0x000001c2f23600c0+0x00000000000003fc]
j  java.awt.EventDispatchThread.pumpEventsForFilter(ILjava/awt/Conditional;Ljava/awt/EventFilter;)V+35 java.desktop@17.0.7
j  java.awt.EventDispatchThread.pumpEventsForHierarchy(ILjava/awt/Conditional;Ljava/awt/Component;)V+11 java.desktop@17.0.7
j  java.awt.EventDispatchThread.pumpEvents(ILjava/awt/Conditional;)V+4 java.desktop@17.0.7
j  java.awt.EventDispatchThread.pumpEvents(Ljava/awt/Conditional;)V+3 java.desktop@17.0.7
j  java.awt.EventDispatchThread.run()V+9 java.desktop@17.0.7
v  ~StubRoutines::call_stub

siginfo: EXCEPTION_ACCESS_VIOLATION (0xc0000005), reading address 0x0000000000000010


Register to memory mapping:

RIP=0x00007ffa5198d61f points into unknown readable memory: 83
RAX=0x0 is NULL
RBX=0x00000044374fb208 is pointing into the stack for thread: 0x000001c2e21e7200
RCX=0x000001c2a183d680 points into unknown readable memory: 0x0000000000000000 | 00 00 00 00 00 00 00 00
RDX=0x0 is NULL
RSP=0x00000044374fafc8 is pointing into the stack for thread: 0x000001c2e21e7200
RBP=0x000001c2a183d680 points into unknown readable memory: 0x0000000000000000 | 00 00 00 00 00 00 00 00
RSI=0x000001c2a9088e10 points into unknown readable memory: 0x00000000000299e2 | e2 99 02 00 00 00 00 00
RDI=0x00000044374fb1f0 is pointing into the stack for thread: 0x000001c2e21e7200
R8 =0x000001c2d6de5040 points into unknown readable memory: 0x000001c2d6de0d50 | 50 0d de d6 c2 01 00 00
R9 =0x0000000000000040 is an unknown value
R10=0x000001c2d6de0000 points into unknown readable memory: 0x0000000000000000 | 00 00 00 00 00 00 00 00
R11=0x00007ffae7c316d1 VCRUNTIME140.dll
R12=0x00000044374fb068 is pointing into the stack for thread: 0x000001c2e21e7200
R13=0x00000044374fb200 is pointing into the stack for thread: 0x000001c2e21e7200
R14=0x0 is NULL
R15=0x000001c2895c53b8 points into unknown readable memory: 0x000001c294e37230 | 30 72 e3 94 c2 01 00 00


Registers:
RAX=0x0000000000000000, RBX=0x00000044374fb208, RCX=0x000001c2a183d680, RDX=0x0000000000000000
RSP=0x00000044374fafc8, RBP=0x000001c2a183d680, RSI=0x000001c2a9088e10, RDI=0x00000044374fb1f0
R8 =0x000001c2d6de5040, R9 =0x0000000000000040, R10=0x000001c2d6de0000, R11=0x00007ffae7c316d1
R12=0x00000044374fb068, R13=0x00000044374fb200, R14=0x0000000000000000, R15=0x000001c2895c53b8
RIP=0x00007ffa5198d61f, EFLAGS=0x0000000000010246

Top of Stack: (sp=0x00000044374fafc8)
0x00000044374fafc8:   00007ffa5196d981 00000044374fb208
0x00000044374fafd8:   00000044374fb080 000001c2a9088e10
0x00000044374fafe8:   00000044374fb2d0 0000000000000d32
0x00000044374faff8:   00000044374fb2d0 00000044374fb290
0x00000044374fb008:   00000000000299e0 0000000000000002
0x00000044374fb018:   00007ffa280bbf7a 00000044374fb080
0x00000044374fb028:   000001c2a183d680 000001c28c0e7f00
0x00000044374fb038:   00000000000299e2 00000000000299e6
0x00000044374fb048:   0000000000000002 fffffffffffffffe
0x00000044374fb058:   00000000000299e0 00003a4000000008
0x00000044374fb068:   000001c2a9088e10 000001c2a9088e30
0x00000044374fb078:   000001c2a9088e30 000001c2895c53a0
0x00000044374fb088:   00000044374fb3a8 00000044374fb2d0
0x00000044374fb098:   00000044374fb290 0000000000001000
0x00000044374fb0a8:   00007ffa280bbd50 000001c200040000
0x00000044374fb0b8:   00000000000002cd 0000000000000002 

Instructions: (pc=0x00007ffa5198d61f)
0x00007ffa5198d51f:   c8 e9 6b ff ff ff cc cc cc cc cc cc cc cc cc cc
0x00007ffa5198d52f:   cc 48 89 5c 24 10 56 48 8b 99 f8 00 00 00 33 f6
0x00007ffa5198d53f:   89 b1 f0 00 00 00 48 85 db 74 78 44 8b 43 10 8b
0x00007ffa5198d54f:   c6 41 83 e8 01 48 89 7c 24 10 44 8b ce 40 0f b6
0x00007ffa5198d55f:   fe 78 34 4c 8b 59 20 66 66 0f 1f 84 00 00 00 00
0x00007ffa5198d56f:   00 43 8d 04 08 99 2b c2 d1 f8 4c 3b 5c c3 18 7e
0x00007ffa5198d57f:   06 44 8d 48 01 eb 06 7d 0b 44 8d 40 ff 45 3b c8
0x00007ffa5198d58f:   7e df eb 03 40 b7 01 40 84 ff 48 8b 7c 24 10 74
0x00007ffa5198d59f:   0d 89 81 f0 00 00 00 48 8b 5c 24 18 5e c3 45 3b
0x00007ffa5198d5af:   c8 45 0f 4c c1 45 85 c0 44 0f 48 c6 44 89 81 f0
0x00007ffa5198d5bf:   00 00 00 48 8b 5c 24 18 5e c3 cc cc cc cc cc cc
0x00007ffa5198d5cf:   cc 83 79 38 ff 0f 95 c0 c3 cc cc cc cc cc cc cc
0x00007ffa5198d5df:   cc 8b 51 5c 85 d2 74 43 83 ea 01 74 3b 83 ea 01
0x00007ffa5198d5ef:   74 2a 83 fa 01 75 34 48 8b 49 68 80 b9 49 48 00
0x00007ffa5198d5ff:   00 00 74 06 83 79 30 00 75 1e 48 8b 81 68 48 00
0x00007ffa5198d60f:   00 48 39 81 60 48 00 00 0f 94 c0 c3 48 8b 41 60
0x00007ffa5198d61f:   83 78 10 00 0f 94 c0 c3 32 c0 c3 b0 01 c3 cc cc
0x00007ffa5198d62f:   cc 40 53 48 83 ec 20 48 8b d9 e8 42 fd ff ff 48
0x00007ffa5198d63f:   8b 43 40 48 39 43 38 74 2c 48 8b c8 48 8b 43 30
0x00007ffa5198d64f:   48 85 c0 7e 0e 48 8b 51 d8 48 85 d2 7e 05 48 3b
0x00007ffa5198d65f:   c2 7d 2e 8b 41 f8 3b 41 e8 74 0a 48 8b 94 c1 d8
0x00007ffa5198d66f:   bf ff ff eb 02 33 d2 48 8b 4b 08 4c 8d 43 50 41
0x00007ffa5198d67f:   b9 20 48 00 00 48 8b 01 48 83 c4 20 5b 48 ff 60
0x00007ffa5198d68f:   10 48 83 c4 20 5b c3 cc cc cc cc cc cc cc cc cc
0x00007ffa5198d69f:   cc 40 57 48 83 ec 20 80 79 59 00 48 8b f9 0f 85
0x00007ffa5198d6af:   86 01 00 00 8b 81 f0 00 00 00 ff c0 89 81 f0 00
0x00007ffa5198d6bf:   00 00 48 8b 89 f8 00 00 00 48 85 c9 74 0d 84 d2
0x00007ffa5198d6cf:   75 09 3b 41 10 0f 82 5f 01 00 00 48 89 5c 24 30
0x00007ffa5198d6df:   48 89 74 24 38 48 8d b7 00 01 00 00 48 8b ce c6
0x00007ffa5198d6ef:   47 59 01 48 c7 87 f8 00 00 00 00 00 00 00 c7 87
0x00007ffa5198d6ff:   f0 00 00 00 00 00 00 00 e8 74 fc ff ff 48 8b 46
0x00007ffa5198d70f:   40 48 39 46 38 74 46 48 8b c8 0f 1f 80 00 00 00 


Stack slot to memory mapping:
stack at sp + 0 slots: 0x00007ffa5196d981 points into unknown readable memory: 84 c0 0f 84 85 00 00
stack at sp + 1 slots: 0x00000044374fb208 is pointing into the stack for thread: 0x000001c2e21e7200
stack at sp + 2 slots: 0x00000044374fb080 is pointing into the stack for thread: 0x000001c2e21e7200
stack at sp + 3 slots: 0x000001c2a9088e10 points into unknown readable memory: 0x00000000000299e2 | e2 99 02 00 00 00 00 00
stack at sp + 4 slots: 0x00000044374fb2d0 is pointing into the stack for thread: 0x000001c2e21e7200
stack at sp + 5 slots: 0x0000000000000d32 is an unknown value
stack at sp + 6 slots: 0x00000044374fb2d0 is pointing into the stack for thread: 0x000001c2e21e7200
stack at sp + 7 slots: 0x00000044374fb290 is pointing into the stack for thread: 0x000001c2e21e7200


---------------  P R O C E S S  ---------------

Threads class SMR info:
_java_thread_list=0x000001c303045f50, length=47, elements={
0x000001c2e16e7a70, 0x000001c2e21c0ed0, 0x000001c2e21cc7c0, 0x000001c2e21de5b0,
0x000001c2e21e5330, 0x000001c2e21e7ba0, 0x000001c2e21e6d30, 0x000001c2e21ec350,
0x000001c2e21ff4c0, 0x000001c2e2201e20, 0x000001c2e21e8540, 0x000001c2e21e9880,
0x000001c2e21e8070, 0x000001c2e21e9d50, 0x000001c2e21e6860, 0x000001c2e21e8a10,
0x000001c2e21e7200, 0x000001c2e21e8ee0, 0x000001c28bc00a40, 0x000001c28bbfed60,
0x000001c28bbfdef0, 0x000001c28cc91050, 0x000001c28cc94ee0, 0x000001c28e1aa210,
0x000001c28e1aba20, 0x000001c2907888a0, 0x000001c2994f10c0, 0x000001c2994ee0a0,
0x000001c2994f3270, 0x000001c2994f40e0, 0x000001c2994f4a80, 0x000001c2994f5420,
0x000001c2994f28d0, 0x000001c2994f4f50, 0x000001c2994f3c10, 0x000001c2994f2400,
0x000001c2994f75d0, 0x000001c2994f7100, 0x000001c2994f6290, 0x000001c2994f7aa0,
0x000001c28bc03a60, 0x000001c28e1adbd0, 0x000001c29dc7a080, 0x000001c29dc77a00,
0x000001c29dc796e0, 0x000001c29dc7aa20, 0x000001c29dc7c230
}

Java Threads: ( => current thread )
  0x000001c2e16e7a70 JavaThread "main" [_thread_blocked, id=20176, stack(0x000000442de00000,0x000000442df00000)]
  0x000001c2e21c0ed0 JavaThread "Reference Handler" daemon [_thread_blocked, id=18744, stack(0x000000442e600000,0x000000442f000000)]
  0x000001c2e21cc7c0 JavaThread "Finalizer" daemon [_thread_blocked, id=18892, stack(0x000000442f000000,0x000000442fa00000)]
  0x000001c2e21de5b0 JavaThread "Signal Dispatcher" daemon [_thread_blocked, id=18948, stack(0x000000442fa00000,0x0000004430400000)]
  0x000001c2e21e5330 JavaThread "Attach Listener" daemon [_thread_blocked, id=4312, stack(0x0000004430400000,0x0000004430e00000)]
  0x000001c2e21e7ba0 JavaThread "Service Thread" daemon [_thread_blocked, id=8076, stack(0x0000004430e00000,0x0000004431800000)]
  0x000001c2e21e6d30 JavaThread "Monitor Deflation Thread" daemon [_thread_blocked, id=19616, stack(0x0000004431800000,0x0000004432200000)]
  0x000001c2e21ec350 JavaThread "C2 CompilerThread0" daemon [_thread_blocked, id=9008, stack(0x0000004432200000,0x0000004432300000)]
  0x000001c2e21ff4c0 JavaThread "C1 CompilerThread0" daemon [_thread_blocked, id=1192, stack(0x0000004432300000,0x0000004432400000)]
  0x000001c2e2201e20 JavaThread "Sweeper thread" daemon [_thread_blocked, id=4612, stack(0x0000004432400000,0x0000004432e00000)]
  0x000001c2e21e8540 JavaThread "Common-Cleaner" daemon [_thread_blocked, id=6600, stack(0x0000004432e00000,0x0000004433800000)]
  0x000001c2e21e9880 JavaThread "Notification Thread" daemon [_thread_blocked, id=3384, stack(0x0000004433800000,0x0000004434200000)]
  0x000001c2e21e8070 JavaThread "Java2D Disposer" daemon [_thread_blocked, id=15248, stack(0x0000004434300000,0x0000004434d00000)]
  0x000001c2e21e9d50 JavaThread "AWT-Windows" daemon [_thread_in_native, id=2880, stack(0x0000004435700000,0x0000004436100000)]
  0x000001c2e21e6860 JavaThread "TimerQueue" daemon [_thread_blocked, id=6948, stack(0x0000004434d00000,0x0000004435700000)]
  0x000001c2e21e8a10 JavaThread "AWT-Shutdown" [_thread_blocked, id=20048, stack(0x0000004436100000,0x0000004436b00000)]
=>0x000001c2e21e7200 JavaThread "AWT-EventQueue-0" [_thread_in_native, id=19740, stack(0x0000004436b00000,0x0000004437500000)]
  0x000001c2e21e8ee0 JavaThread "Thread-1" [_thread_in_native, id=18156, stack(0x000000442c400000,0x000000442d800000)]
  0x000001c28bc00a40 JavaThread "Process Messages Thread" [_thread_blocked, id=16376, stack(0x0000004439300000,0x0000004439d00000)]
  0x000001c28bbfed60 JavaThread "Batik CleanerThread" daemon [_thread_blocked, id=18572, stack(0x0000004439d00000,0x000000443a700000)]
  0x000001c28bbfdef0 JavaThread "SyntheticaCleanerThread" daemon [_thread_blocked, id=6792, stack(0x000000443b100000,0x000000443bb00000)]
  0x000001c28cc91050 JavaThread "Timer-0" [_thread_blocked, id=17156, stack(0x0000004438900000,0x0000004439300000)]
  0x000001c28cc94ee0 JavaThread "Monitor File Timestamp Swing Worker Thread" [_thread_blocked, id=17604, stack(0x000000443a700000,0x000000443b100000)]
  0x000001c28e1aa210 JavaThread "Monitor HEventQueue Thread" [_thread_blocked, id=6684, stack(0x000000443d900000,0x000000443e300000)]
  0x000001c28e1aba20 JavaThread "SyntheticaAnimation 50" daemon [_thread_blocked, id=19816, stack(0x000000443e300000,0x000000443ed00000)]
  0x000001c2907888a0 JavaThread "SyntheticaAnimation 25" daemon [_thread_blocked, id=17288, stack(0x000000443ed00000,0x000000443f700000)]
  0x000001c2994f10c0 JavaThread "SyntheticaAnimation 70" daemon [_thread_blocked, id=2716, stack(0x000000443bb00000,0x000000443c500000)]
  0x000001c2994ee0a0 JavaThread "Refresh Filesets Swing Worker Thread" [_thread_blocked, id=20156, stack(0x000000443c700000,0x000000443d100000)]
  0x000001c2994f3270 JavaThread "hw_ila_monitor" [_thread_blocked, id=8332, stack(0x000000443f700000,0x0000004440100000)]
  0x000001c2994f40e0 JavaThread "pool-1-thread-1" [_thread_blocked, id=20216, stack(0x0000004441500000,0x0000004441f00000)]
  0x000001c2994f4a80 JavaThread "Timer-1" [_thread_blocked, id=19956, stack(0x0000004441f00000,0x0000004442900000)]
  0x000001c2994f5420 JavaThread "pool-2-thread-1" [_thread_blocked, id=7096, stack(0x0000004442900000,0x0000004443300000)]
  0x000001c2994f28d0 JavaThread "Timer-2" [_thread_blocked, id=17612, stack(0x0000004443300000,0x0000004443d00000)]
  0x000001c2994f4f50 JavaThread "pool-3-thread-1" [_thread_blocked, id=15260, stack(0x0000004443d00000,0x0000004444700000)]
  0x000001c2994f3c10 JavaThread "Timer-3" [_thread_blocked, id=19936, stack(0x0000004444700000,0x0000004445100000)]
  0x000001c2994f2400 JavaThread "Update Runs Swing Worker Thread" [_thread_blocked, id=2216, stack(0x0000004445100000,0x0000004445b00000)]
  0x000001c2994f75d0 JavaThread "SyntheticaAnimation 50" daemon [_thread_blocked, id=18640, stack(0x0000004440100000,0x0000004440b00000)]
  0x000001c2994f7100 JavaThread "Image Animator 3" daemon [_thread_blocked, id=1968, stack(0x0000004440b00000,0x0000004441500000)]
  0x000001c2994f6290 JavaThread "Timer-4" [_thread_blocked, id=11800, stack(0x0000004445b00000,0x0000004446500000)]
  0x000001c2994f7aa0 JavaThread "Monitor File Timestamp Swing Worker Thread" [_thread_blocked, id=12596, stack(0x0000004446500000,0x0000004446f00000)]
  0x000001c28bc03a60 JavaThread "Timer-5" [_thread_blocked, id=20448, stack(0x0000004446f00000,0x0000004447900000)]
  0x000001c28e1adbd0 JavaThread "Monitor File Timestamp Swing Worker Thread" [_thread_blocked, id=1612, stack(0x0000004447900000,0x0000004448300000)]
  0x000001c29dc7a080 JavaThread "Timer-6" [_thread_blocked, id=19684, stack(0x0000004448300000,0x0000004448d00000)]
  0x000001c29dc77a00 JavaThread "Monitor File Timestamp Swing Worker Thread" [_thread_blocked, id=19632, stack(0x0000004449700000,0x000000444a100000)]
  0x000001c29dc796e0 JavaThread "Timer-8" [_thread_blocked, id=19704, stack(0x0000004437500000,0x0000004437f00000)]
  0x000001c29dc7aa20 JavaThread "Monitor File Timestamp Swing Worker Thread" [_thread_blocked, id=20152, stack(0x0000004448d00000,0x0000004449700000)]
  0x000001c29dc7c230 JavaThread "Run Simulation Thread" [_thread_blocked, id=17476, stack(0x000000444a100000,0x000000444ab00000)]

Other Threads:
  0x000001c2e0971d30 VMThread "VM Thread" [stack: 0x000000442e500000,0x000000442e600000] [id=9268]
  0x000001c2d97df190 WatcherThread [stack: 0x0000004434200000,0x0000004434300000] [id=9600]
  0x000001c2e014bf10 GCTaskThread "GC Thread#0" [stack: 0x000000442df00000,0x000000442e000000] [id=6916]
  0x000001c2e014a6e0 GCTaskThread "GC Thread#1" [stack: 0x0000004437f00000,0x0000004438000000] [id=16352]
  0x000001c2e0149c20 GCTaskThread "GC Thread#2" [stack: 0x0000004438000000,0x0000004438100000] [id=19652]
  0x000001c2e0148950 GCTaskThread "GC Thread#3" [stack: 0x0000004438100000,0x0000004438200000] [id=19204]
  0x000001c2e014c9d0 GCTaskThread "GC Thread#4" [stack: 0x0000004438200000,0x0000004438300000] [id=15356]
  0x000001c2e0149970 GCTaskThread "GC Thread#5" [stack: 0x0000004438300000,0x0000004438400000] [id=4784]
  0x000001c2e014a180 GCTaskThread "GC Thread#6" [stack: 0x0000004438400000,0x0000004438500000] [id=8916]
  0x000001c2e0148c00 GCTaskThread "GC Thread#7" [stack: 0x0000004438500000,0x0000004438600000] [id=4376]
  0x000001c2e1f84280 ConcurrentGCThread "G1 Main Marker" [stack: 0x000000442e000000,0x000000442e100000] [id=19076]
  0x000001c2e01496c0 ConcurrentGCThread "G1 Conc#0" [stack: 0x000000442e100000,0x000000442e200000] [id=17364]
  0x000001c2e014a430 ConcurrentGCThread "G1 Conc#1" [stack: 0x0000004438800000,0x0000004438900000] [id=17764]
  0x000001c2d9793290 ConcurrentGCThread "G1 Refine#0" [stack: 0x000000442e200000,0x000000442e300000] [id=7764]
  0x000001c28b712120 ConcurrentGCThread "G1 Refine#1" [stack: 0x0000004438600000,0x0000004438700000] [id=14360]
  0x000001c2d965a5d0 ConcurrentGCThread "G1 Service" [stack: 0x000000442e300000,0x000000442e400000] [id=1748]
  0x000001c2e014c1c0 ConcurrentGCThread "StringDedupProcessor" [stack: 0x000000442e400000,0x000000442e500000] [id=20112]

Threads with active compile tasks:

VM state: not at safepoint (normal execution)

VM Mutex/Monitor currently owned by a thread: None

Heap address: 0x0000000701800000, size: 4072 MB, Compressed Oops mode: Zero based, Oop shift amount: 3

CDS archive(s) mapped at: [0x0000000800000000-0x0000000800bc0000-0x0000000800bc0000), size 12320768, SharedBaseAddress: 0x0000000800000000, ArchiveRelocationMode: 0.
Compressed class space mapped at: 0x0000000801000000-0x0000000841000000, reserved size: 1073741824
Narrow klass base: 0x0000000800000000, Narrow klass shift: 0, Narrow klass range: 0x100000000

GC Precious Log:
 CPUs: 8 total, 8 available
 Memory: 8023M
 Large Page Support: Disabled
 NUMA Support: Disabled
 Compressed Oops: Enabled (Zero based)
 Heap Region Size: 2M
 Heap Min Capacity: 512M
 Heap Initial Capacity: 512M
 Heap Max Capacity: 4072M
 Pre-touch: Disabled
 Parallel Workers: 8
 Concurrent Workers: 2
 Concurrent Refinement Workers: 8
 Periodic GC: Disabled
 String Deduplication is enabled

Heap:
 garbage-first heap   total 524288K, used 91675K [0x0000000701800000, 0x0000000800000000)
  region size 2048K, 5 young (10240K), 0 survivors (0K)
 Metaspace       used 82105K, committed 82816K, reserved 1179648K
  class space    used 11552K, committed 11904K, reserved 1048576K

Heap Regions: E=young(eden), S=young(survivor), O=old, HS=humongous(starts), HC=humongous(continues), CS=collection set, F=free, OA=open archive, CA=closed archive, TAMS=top-at-mark-start (previous, next)
|   0|0x0000000701800000, 0x0000000701a00000, 0x0000000701a00000|100%|HS|  |TAMS 0x0000000701a00000, 0x0000000701800000| Untracked 
|   1|0x0000000701a00000, 0x0000000701c00000, 0x0000000701c00000|100%| O|  |TAMS 0x0000000701c00000, 0x0000000701a00000| Untracked 
|   2|0x0000000701c00000, 0x0000000701e00000, 0x0000000701e00000|100%| O|  |TAMS 0x0000000701e00000, 0x0000000701c00000| Untracked 
|   3|0x0000000701e00000, 0x0000000701ffffc8, 0x0000000702000000| 99%| O|  |TAMS 0x0000000701ffffc8, 0x0000000701e00000| Untracked 
|   4|0x0000000702000000, 0x00000007021ffff8, 0x0000000702200000| 99%| O|  |TAMS 0x00000007021ffff8, 0x0000000702000000| Untracked 
|   5|0x0000000702200000, 0x00000007023fffe8, 0x0000000702400000| 99%| O|  |TAMS 0x00000007023fffe8, 0x0000000702200000| Untracked 
|   6|0x0000000702400000, 0x0000000702600000, 0x0000000702600000|100%| O|  |TAMS 0x0000000702600000, 0x0000000702400000| Untracked 
|   7|0x0000000702600000, 0x0000000702800000, 0x0000000702800000|100%| O|  |TAMS 0x0000000702800000, 0x0000000702600000| Untracked 
|   8|0x0000000702800000, 0x0000000702a00000, 0x0000000702a00000|100%| O|  |TAMS 0x0000000702a00000, 0x0000000702800000| Untracked 
|   9|0x0000000702a00000, 0x0000000702c00000, 0x0000000702c00000|100%| O|  |TAMS 0x0000000702c00000, 0x0000000702a00000| Untracked 
|  10|0x0000000702c00000, 0x0000000702e00000, 0x0000000702e00000|100%| O|  |TAMS 0x0000000702e00000, 0x0000000702c00000| Untracked 
|  11|0x0000000702e00000, 0x0000000702ffffe0, 0x0000000703000000| 99%| O|  |TAMS 0x0000000702ffffe0, 0x0000000702e00000| Untracked 
|  12|0x0000000703000000, 0x0000000703200000, 0x0000000703200000|100%| O|  |TAMS 0x0000000703200000, 0x0000000703000000| Untracked 
|  13|0x0000000703200000, 0x0000000703400000, 0x0000000703400000|100%| O|  |TAMS 0x0000000703400000, 0x0000000703200000| Untracked 
|  14|0x0000000703400000, 0x000000070357f0e0, 0x0000000703600000| 74%| O|  |TAMS 0x0000000703400000, 0x0000000703400000| Untracked 
|  15|0x0000000703600000, 0x00000007037ffff8, 0x0000000703800000| 99%| O|  |TAMS 0x00000007037ffff8, 0x0000000703600000| Untracked 
|  16|0x0000000703800000, 0x00000007039ffff0, 0x0000000703a00000| 99%| O|  |TAMS 0x00000007039ffff0, 0x0000000703800000| Untracked 
|  17|0x0000000703a00000, 0x0000000703c00000, 0x0000000703c00000|100%|HS|  |TAMS 0x0000000703c00000, 0x0000000703a00000| Untracked 
|  18|0x0000000703c00000, 0x0000000703e00000, 0x0000000703e00000|100%|HC|  |TAMS 0x0000000703e00000, 0x0000000703c00000| Untracked 
|  19|0x0000000703e00000, 0x0000000704000000, 0x0000000704000000|100%|HC|  |TAMS 0x0000000704000000, 0x0000000703e00000| Untracked 
|  20|0x0000000704000000, 0x0000000704200000, 0x0000000704200000|100%|HC|  |TAMS 0x0000000704200000, 0x0000000704000000| Untracked 
|  21|0x0000000704200000, 0x0000000704400000, 0x0000000704400000|100%|HC|  |TAMS 0x0000000704400000, 0x0000000704200000| Untracked 
|  22|0x0000000704400000, 0x0000000704600000, 0x0000000704600000|100%|HC|  |TAMS 0x0000000704600000, 0x0000000704400000| Untracked 
|  23|0x0000000704600000, 0x00000007047e7c48, 0x0000000704800000| 95%| O|  |TAMS 0x00000007047e7c48, 0x0000000704600000| Untracked 
|  24|0x0000000704800000, 0x0000000704a00000, 0x0000000704a00000|100%| O|  |TAMS 0x0000000704a00000, 0x0000000704800000| Untracked 
|  25|0x0000000704a00000, 0x0000000704bffff0, 0x0000000704c00000| 99%| O|  |TAMS 0x0000000704bffff0, 0x0000000704a00000| Untracked 
|  26|0x0000000704c00000, 0x0000000704dffff8, 0x0000000704e00000| 99%| O|  |TAMS 0x0000000704dffff8, 0x0000000704c00000| Untracked 
|  27|0x0000000704e00000, 0x0000000705000000, 0x0000000705000000|100%|HS|  |TAMS 0x0000000705000000, 0x0000000704e00000| Untracked 
|  28|0x0000000705000000, 0x0000000705200000, 0x0000000705200000|100%|HC|  |TAMS 0x0000000705200000, 0x0000000705000000| Untracked 
|  29|0x0000000705200000, 0x0000000705400000, 0x0000000705400000|100%|HC|  |TAMS 0x0000000705400000, 0x0000000705200000| Untracked 
|  30|0x0000000705400000, 0x0000000705600000, 0x0000000705600000|100%|HC|  |TAMS 0x0000000705600000, 0x0000000705400000| Untracked 
|  31|0x0000000705600000, 0x00000007057ffff0, 0x0000000705800000| 99%| O|  |TAMS 0x00000007057ffff0, 0x0000000705600000| Untracked 
|  32|0x0000000705800000, 0x00000007059fffe8, 0x0000000705a00000| 99%| O|  |TAMS 0x00000007059fffe8, 0x0000000705800000| Untracked 
|  33|0x0000000705a00000, 0x0000000705bc1590, 0x0000000705c00000| 87%| O|  |TAMS 0x0000000705a00000, 0x0000000705a00000| Untracked 
|  34|0x0000000705c00000, 0x0000000705dffff0, 0x0000000705e00000| 99%| O|  |TAMS 0x0000000705dffff0, 0x0000000705c00000| Untracked 
|  35|0x0000000705e00000, 0x0000000706000000, 0x0000000706000000|100%| O|  |TAMS 0x0000000706000000, 0x0000000705e00000| Untracked 
|  36|0x0000000706000000, 0x00000007061ffff8, 0x0000000706200000| 99%| O|  |TAMS 0x00000007061ffff8, 0x0000000706000000| Untracked 
|  37|0x0000000706200000, 0x00000007063c6b18, 0x0000000706400000| 88%| O|  |TAMS 0x0000000706200000, 0x0000000706200000| Untracked 
|  38|0x0000000706400000, 0x0000000706525e80, 0x0000000706600000| 57%| O|  |TAMS 0x0000000706400000, 0x0000000706400000| Untracked 
|  39|0x0000000706600000, 0x00000007067c29a0, 0x0000000706800000| 88%| O|  |TAMS 0x0000000706600000, 0x0000000706600000| Untracked 
|  40|0x0000000706800000, 0x00000007069ae1d0, 0x0000000706a00000| 84%| O|  |TAMS 0x0000000706800000, 0x0000000706800000| Untracked 
|  41|0x0000000706a00000, 0x0000000706a00000, 0x0000000706c00000|  0%| F|  |TAMS 0x0000000706a00000, 0x0000000706a00000| Untracked 
|  42|0x0000000706c00000, 0x0000000706dff9c8, 0x0000000706e00000| 99%| O|  |TAMS 0x0000000706dff9c8, 0x0000000706c00000| Untracked 
|  43|0x0000000706e00000, 0x0000000706e00000, 0x0000000707000000|  0%| F|  |TAMS 0x0000000706e00000, 0x0000000706e00000| Untracked 
|  44|0x0000000707000000, 0x0000000707000000, 0x0000000707200000|  0%| F|  |TAMS 0x0000000707000000, 0x0000000707000000| Untracked 
|  45|0x0000000707200000, 0x0000000707200000, 0x0000000707400000|  0%| F|  |TAMS 0x0000000707200000, 0x0000000707200000| Untracked 
|  46|0x0000000707400000, 0x0000000707400000, 0x0000000707600000|  0%| F|  |TAMS 0x0000000707400000, 0x0000000707400000| Untracked 
|  47|0x0000000707600000, 0x0000000707600000, 0x0000000707800000|  0%| F|  |TAMS 0x0000000707600000, 0x0000000707600000| Untracked 
|  48|0x0000000707800000, 0x0000000707800000, 0x0000000707a00000|  0%| F|  |TAMS 0x0000000707800000, 0x0000000707800000| Untracked 
|  49|0x0000000707a00000, 0x0000000707a00000, 0x0000000707c00000|  0%| F|  |TAMS 0x0000000707a00000, 0x0000000707a00000| Untracked 
|  50|0x0000000707c00000, 0x0000000707c00000, 0x0000000707e00000|  0%| F|  |TAMS 0x0000000707c00000, 0x0000000707c00000| Untracked 
|  51|0x0000000707e00000, 0x0000000707e00000, 0x0000000708000000|  0%| F|  |TAMS 0x0000000707e00000, 0x0000000707e00000| Untracked 
|  52|0x0000000708000000, 0x0000000708000000, 0x0000000708200000|  0%| F|  |TAMS 0x0000000708000000, 0x0000000708000000| Untracked 
|  53|0x0000000708200000, 0x0000000708200000, 0x0000000708400000|  0%| F|  |TAMS 0x0000000708200000, 0x0000000708200000| Untracked 
|  54|0x0000000708400000, 0x0000000708400000, 0x0000000708600000|  0%| F|  |TAMS 0x0000000708400000, 0x0000000708400000| Untracked 
|  55|0x0000000708600000, 0x0000000708600000, 0x0000000708800000|  0%| F|  |TAMS 0x0000000708600000, 0x0000000708600000| Untracked 
|  56|0x0000000708800000, 0x0000000708800000, 0x0000000708a00000|  0%| F|  |TAMS 0x0000000708800000, 0x0000000708800000| Untracked 
|  57|0x0000000708a00000, 0x0000000708a00000, 0x0000000708c00000|  0%| F|  |TAMS 0x0000000708a00000, 0x0000000708a00000| Untracked 
|  58|0x0000000708c00000, 0x0000000708c00000, 0x0000000708e00000|  0%| F|  |TAMS 0x0000000708c00000, 0x0000000708c00000| Untracked 
|  59|0x0000000708e00000, 0x0000000708e00000, 0x0000000709000000|  0%| F|  |TAMS 0x0000000708e00000, 0x0000000708e00000| Untracked 
|  60|0x0000000709000000, 0x0000000709000000, 0x0000000709200000|  0%| F|  |TAMS 0x0000000709000000, 0x0000000709000000| Untracked 
|  61|0x0000000709200000, 0x0000000709200000, 0x0000000709400000|  0%| F|  |TAMS 0x0000000709200000, 0x0000000709200000| Untracked 
|  62|0x0000000709400000, 0x0000000709400000, 0x0000000709600000|  0%| F|  |TAMS 0x0000000709400000, 0x0000000709400000| Untracked 
|  63|0x0000000709600000, 0x0000000709600000, 0x0000000709800000|  0%| F|  |TAMS 0x0000000709600000, 0x0000000709600000| Untracked 
|  64|0x0000000709800000, 0x0000000709800000, 0x0000000709a00000|  0%| F|  |TAMS 0x0000000709800000, 0x0000000709800000| Untracked 
|  65|0x0000000709a00000, 0x0000000709a00000, 0x0000000709c00000|  0%| F|  |TAMS 0x0000000709a00000, 0x0000000709a00000| Untracked 
|  66|0x0000000709c00000, 0x0000000709c00000, 0x0000000709e00000|  0%| F|  |TAMS 0x0000000709c00000, 0x0000000709c00000| Untracked 
|  67|0x0000000709e00000, 0x0000000709e00000, 0x000000070a000000|  0%| F|  |TAMS 0x0000000709e00000, 0x0000000709e00000| Untracked 
|  68|0x000000070a000000, 0x000000070a000000, 0x000000070a200000|  0%| F|  |TAMS 0x000000070a000000, 0x000000070a000000| Untracked 
|  69|0x000000070a200000, 0x000000070a200000, 0x000000070a400000|  0%| F|  |TAMS 0x000000070a200000, 0x000000070a200000| Untracked 
|  70|0x000000070a400000, 0x000000070a400000, 0x000000070a600000|  0%| F|  |TAMS 0x000000070a400000, 0x000000070a400000| Untracked 
|  71|0x000000070a600000, 0x000000070a600000, 0x000000070a800000|  0%| F|  |TAMS 0x000000070a600000, 0x000000070a600000| Untracked 
|  72|0x000000070a800000, 0x000000070a800000, 0x000000070aa00000|  0%| F|  |TAMS 0x000000070a800000, 0x000000070a800000| Untracked 
|  73|0x000000070aa00000, 0x000000070aa009e8, 0x000000070ac00000|  0%| O|  |TAMS 0x000000070aa00000, 0x000000070aa00000| Untracked 
|  74|0x000000070ac00000, 0x000000070ac00000, 0x000000070ae00000|  0%| F|  |TAMS 0x000000070ac00000, 0x000000070ac00000| Untracked 
|  75|0x000000070ae00000, 0x000000070ae00000, 0x000000070b000000|  0%| F|  |TAMS 0x000000070ae00000, 0x000000070ae00000| Untracked 
|  76|0x000000070b000000, 0x000000070b000000, 0x000000070b200000|  0%| F|  |TAMS 0x000000070b000000, 0x000000070b000000| Untracked 
|  77|0x000000070b200000, 0x000000070b200000, 0x000000070b400000|  0%| F|  |TAMS 0x000000070b200000, 0x000000070b200000| Untracked 
|  78|0x000000070b400000, 0x000000070b400000, 0x000000070b600000|  0%| F|  |TAMS 0x000000070b400000, 0x000000070b400000| Untracked 
|  79|0x000000070b600000, 0x000000070b600000, 0x000000070b800000|  0%| F|  |TAMS 0x000000070b600000, 0x000000070b600000| Untracked 
|  80|0x000000070b800000, 0x000000070b800000, 0x000000070ba00000|  0%| F|  |TAMS 0x000000070b800000, 0x000000070b800000| Untracked 
|  81|0x000000070ba00000, 0x000000070ba00000, 0x000000070bc00000|  0%| F|  |TAMS 0x000000070ba00000, 0x000000070ba00000| Untracked 
|  82|0x000000070bc00000, 0x000000070bc00000, 0x000000070be00000|  0%| F|  |TAMS 0x000000070bc00000, 0x000000070bc00000| Untracked 
|  83|0x000000070be00000, 0x000000070be00000, 0x000000070c000000|  0%| F|  |TAMS 0x000000070be00000, 0x000000070be00000| Untracked 
|  84|0x000000070c000000, 0x000000070c000000, 0x000000070c200000|  0%| F|  |TAMS 0x000000070c000000, 0x000000070c000000| Untracked 
|  85|0x000000070c200000, 0x000000070c200000, 0x000000070c400000|  0%| F|  |TAMS 0x000000070c200000, 0x000000070c200000| Untracked 
|  86|0x000000070c400000, 0x000000070c400000, 0x000000070c600000|  0%| F|  |TAMS 0x000000070c400000, 0x000000070c400000| Untracked 
|  87|0x000000070c600000, 0x000000070c600000, 0x000000070c800000|  0%| F|  |TAMS 0x000000070c600000, 0x000000070c600000| Untracked 
|  88|0x000000070c800000, 0x000000070c800000, 0x000000070ca00000|  0%| F|  |TAMS 0x000000070c800000, 0x000000070c800000| Untracked 
|  89|0x000000070ca00000, 0x000000070ca00000, 0x000000070cc00000|  0%| F|  |TAMS 0x000000070ca00000, 0x000000070ca00000| Untracked 
|  90|0x000000070cc00000, 0x000000070cc00000, 0x000000070ce00000|  0%| F|  |TAMS 0x000000070cc00000, 0x000000070cc00000| Untracked 
|  91|0x000000070ce00000, 0x000000070ce00000, 0x000000070d000000|  0%| F|  |TAMS 0x000000070ce00000, 0x000000070ce00000| Untracked 
|  92|0x000000070d000000, 0x000000070d000000, 0x000000070d200000|  0%| F|  |TAMS 0x000000070d000000, 0x000000070d000000| Untracked 
|  93|0x000000070d200000, 0x000000070d200000, 0x000000070d400000|  0%| F|  |TAMS 0x000000070d200000, 0x000000070d200000| Untracked 
|  94|0x000000070d400000, 0x000000070d400000, 0x000000070d600000|  0%| F|  |TAMS 0x000000070d400000, 0x000000070d400000| Untracked 
|  95|0x000000070d600000, 0x000000070d600000, 0x000000070d800000|  0%| F|  |TAMS 0x000000070d600000, 0x000000070d600000| Untracked 
|  96|0x000000070d800000, 0x000000070d800000, 0x000000070da00000|  0%| F|  |TAMS 0x000000070d800000, 0x000000070d800000| Untracked 
|  97|0x000000070da00000, 0x000000070da00000, 0x000000070dc00000|  0%| F|  |TAMS 0x000000070da00000, 0x000000070da00000| Untracked 
|  98|0x000000070dc00000, 0x000000070dc00000, 0x000000070de00000|  0%| F|  |TAMS 0x000000070dc00000, 0x000000070dc00000| Untracked 
|  99|0x000000070de00000, 0x000000070de00000, 0x000000070e000000|  0%| F|  |TAMS 0x000000070de00000, 0x000000070de00000| Untracked 
| 100|0x000000070e000000, 0x000000070e000000, 0x000000070e200000|  0%| F|  |TAMS 0x000000070e000000, 0x000000070e000000| Untracked 
| 101|0x000000070e200000, 0x000000070e200000, 0x000000070e400000|  0%| F|  |TAMS 0x000000070e200000, 0x000000070e200000| Untracked 
| 102|0x000000070e400000, 0x000000070e400000, 0x000000070e600000|  0%| F|  |TAMS 0x000000070e400000, 0x000000070e400000| Untracked 
| 103|0x000000070e600000, 0x000000070e600000, 0x000000070e800000|  0%| F|  |TAMS 0x000000070e600000, 0x000000070e600000| Untracked 
| 104|0x000000070e800000, 0x000000070e800000, 0x000000070ea00000|  0%| F|  |TAMS 0x000000070e800000, 0x000000070e800000| Untracked 
| 105|0x000000070ea00000, 0x000000070ea00000, 0x000000070ec00000|  0%| F|  |TAMS 0x000000070ea00000, 0x000000070ea00000| Untracked 
| 106|0x000000070ec00000, 0x000000070ec00000, 0x000000070ee00000|  0%| F|  |TAMS 0x000000070ec00000, 0x000000070ec00000| Untracked 
| 107|0x000000070ee00000, 0x000000070ee00000, 0x000000070f000000|  0%| F|  |TAMS 0x000000070ee00000, 0x000000070ee00000| Untracked 
| 108|0x000000070f000000, 0x000000070f000000, 0x000000070f200000|  0%| F|  |TAMS 0x000000070f000000, 0x000000070f000000| Untracked 
| 109|0x000000070f200000, 0x000000070f200000, 0x000000070f400000|  0%| F|  |TAMS 0x000000070f200000, 0x000000070f200000| Untracked 
| 110|0x000000070f400000, 0x000000070f400000, 0x000000070f600000|  0%| F|  |TAMS 0x000000070f400000, 0x000000070f400000| Untracked 
| 111|0x000000070f600000, 0x000000070f600000, 0x000000070f800000|  0%| F|  |TAMS 0x000000070f600000, 0x000000070f600000| Untracked 
| 112|0x000000070f800000, 0x000000070f800000, 0x000000070fa00000|  0%| F|  |TAMS 0x000000070f800000, 0x000000070f800000| Untracked 
| 113|0x000000070fa00000, 0x000000070fa00000, 0x000000070fc00000|  0%| F|  |TAMS 0x000000070fa00000, 0x000000070fa00000| Untracked 
| 114|0x000000070fc00000, 0x000000070fc00000, 0x000000070fe00000|  0%| F|  |TAMS 0x000000070fc00000, 0x000000070fc00000| Untracked 
| 115|0x000000070fe00000, 0x000000070fe00000, 0x0000000710000000|  0%| F|  |TAMS 0x000000070fe00000, 0x000000070fe00000| Untracked 
| 116|0x0000000710000000, 0x0000000710000000, 0x0000000710200000|  0%| F|  |TAMS 0x0000000710000000, 0x0000000710000000| Untracked 
| 117|0x0000000710200000, 0x0000000710200000, 0x0000000710400000|  0%| F|  |TAMS 0x0000000710200000, 0x0000000710200000| Untracked 
| 118|0x0000000710400000, 0x0000000710400000, 0x0000000710600000|  0%| F|  |TAMS 0x0000000710400000, 0x0000000710400000| Untracked 
| 119|0x0000000710600000, 0x0000000710600000, 0x0000000710800000|  0%| F|  |TAMS 0x0000000710600000, 0x0000000710600000| Untracked 
| 120|0x0000000710800000, 0x0000000710800000, 0x0000000710a00000|  0%| F|  |TAMS 0x0000000710800000, 0x0000000710800000| Untracked 
| 121|0x0000000710a00000, 0x0000000710a00000, 0x0000000710c00000|  0%| F|  |TAMS 0x0000000710a00000, 0x0000000710a00000| Untracked 
| 122|0x0000000710c00000, 0x0000000710c00000, 0x0000000710e00000|  0%| F|  |TAMS 0x0000000710c00000, 0x0000000710c00000| Untracked 
| 123|0x0000000710e00000, 0x0000000710e00000, 0x0000000711000000|  0%| F|  |TAMS 0x0000000710e00000, 0x0000000710e00000| Untracked 
| 124|0x0000000711000000, 0x0000000711000000, 0x0000000711200000|  0%| F|  |TAMS 0x0000000711000000, 0x0000000711000000| Untracked 
| 125|0x0000000711200000, 0x0000000711200000, 0x0000000711400000|  0%| F|  |TAMS 0x0000000711200000, 0x0000000711200000| Untracked 
| 126|0x0000000711400000, 0x0000000711400000, 0x0000000711600000|  0%| F|  |TAMS 0x0000000711400000, 0x0000000711400000| Untracked 
| 127|0x0000000711600000, 0x0000000711600000, 0x0000000711800000|  0%| F|  |TAMS 0x0000000711600000, 0x0000000711600000| Untracked 
| 128|0x0000000711800000, 0x0000000711800000, 0x0000000711a00000|  0%| F|  |TAMS 0x0000000711800000, 0x0000000711800000| Untracked 
| 129|0x0000000711a00000, 0x0000000711a00000, 0x0000000711c00000|  0%| F|  |TAMS 0x0000000711a00000, 0x0000000711a00000| Untracked 
| 130|0x0000000711c00000, 0x0000000711c00000, 0x0000000711e00000|  0%| F|  |TAMS 0x0000000711c00000, 0x0000000711c00000| Untracked 
| 131|0x0000000711e00000, 0x0000000711e00000, 0x0000000712000000|  0%| F|  |TAMS 0x0000000711e00000, 0x0000000711e00000| Untracked 
| 132|0x0000000712000000, 0x0000000712000000, 0x0000000712200000|  0%| F|  |TAMS 0x0000000712000000, 0x0000000712000000| Untracked 
| 133|0x0000000712200000, 0x0000000712200000, 0x0000000712400000|  0%| F|  |TAMS 0x0000000712200000, 0x0000000712200000| Untracked 
| 134|0x0000000712400000, 0x0000000712400000, 0x0000000712600000|  0%| F|  |TAMS 0x0000000712400000, 0x0000000712400000| Untracked 
| 135|0x0000000712600000, 0x0000000712600000, 0x0000000712800000|  0%| F|  |TAMS 0x0000000712600000, 0x0000000712600000| Untracked 
| 136|0x0000000712800000, 0x0000000712800000, 0x0000000712a00000|  0%| F|  |TAMS 0x0000000712800000, 0x0000000712800000| Untracked 
| 137|0x0000000712a00000, 0x0000000712a00000, 0x0000000712c00000|  0%| F|  |TAMS 0x0000000712a00000, 0x0000000712a00000| Untracked 
| 138|0x0000000712c00000, 0x0000000712c014b8, 0x0000000712e00000|  0%| O|  |TAMS 0x0000000712c00000, 0x0000000712c00000| Untracked 
| 139|0x0000000712e00000, 0x0000000712e00000, 0x0000000713000000|  0%| F|  |TAMS 0x0000000712e00000, 0x0000000712e00000| Untracked 
| 140|0x0000000713000000, 0x0000000713000000, 0x0000000713200000|  0%| F|  |TAMS 0x0000000713000000, 0x0000000713000000| Untracked 
| 141|0x0000000713200000, 0x0000000713200000, 0x0000000713400000|  0%| F|  |TAMS 0x0000000713200000, 0x0000000713200000| Untracked 
| 142|0x0000000713400000, 0x0000000713400000, 0x0000000713600000|  0%| F|  |TAMS 0x0000000713400000, 0x0000000713400000| Untracked 
| 143|0x0000000713600000, 0x0000000713600000, 0x0000000713800000|  0%| F|  |TAMS 0x0000000713600000, 0x0000000713600000| Untracked 
| 144|0x0000000713800000, 0x0000000713800000, 0x0000000713a00000|  0%| F|  |TAMS 0x0000000713800000, 0x0000000713800000| Untracked 
| 145|0x0000000713a00000, 0x0000000713a00000, 0x0000000713c00000|  0%| F|  |TAMS 0x0000000713a00000, 0x0000000713a00000| Untracked 
| 146|0x0000000713c00000, 0x0000000713c00000, 0x0000000713e00000|  0%| F|  |TAMS 0x0000000713c00000, 0x0000000713c00000| Untracked 
| 147|0x0000000713e00000, 0x0000000713e00000, 0x0000000714000000|  0%| F|  |TAMS 0x0000000713e00000, 0x0000000713e00000| Untracked 
| 148|0x0000000714000000, 0x0000000714000000, 0x0000000714200000|  0%| F|  |TAMS 0x0000000714000000, 0x0000000714000000| Untracked 
| 149|0x0000000714200000, 0x0000000714200000, 0x0000000714400000|  0%| F|  |TAMS 0x0000000714200000, 0x0000000714200000| Untracked 
| 150|0x0000000714400000, 0x0000000714400000, 0x0000000714600000|  0%| F|  |TAMS 0x0000000714400000, 0x0000000714400000| Untracked 
| 151|0x0000000714600000, 0x0000000714600000, 0x0000000714800000|  0%| F|  |TAMS 0x0000000714600000, 0x0000000714600000| Untracked 
| 152|0x0000000714800000, 0x0000000714800000, 0x0000000714a00000|  0%| F|  |TAMS 0x0000000714800000, 0x0000000714800000| Untracked 
| 153|0x0000000714a00000, 0x0000000714a00000, 0x0000000714c00000|  0%| F|  |TAMS 0x0000000714a00000, 0x0000000714a00000| Untracked 
| 154|0x0000000714c00000, 0x0000000714c00000, 0x0000000714e00000|  0%| F|  |TAMS 0x0000000714c00000, 0x0000000714c00000| Untracked 
| 155|0x0000000714e00000, 0x0000000714e00000, 0x0000000715000000|  0%| F|  |TAMS 0x0000000714e00000, 0x0000000714e00000| Untracked 
| 156|0x0000000715000000, 0x0000000715000000, 0x0000000715200000|  0%| F|  |TAMS 0x0000000715000000, 0x0000000715000000| Untracked 
| 157|0x0000000715200000, 0x0000000715200000, 0x0000000715400000|  0%| F|  |TAMS 0x0000000715200000, 0x0000000715200000| Untracked 
| 158|0x0000000715400000, 0x0000000715400000, 0x0000000715600000|  0%| F|  |TAMS 0x0000000715400000, 0x0000000715400000| Untracked 
| 159|0x0000000715600000, 0x0000000715600000, 0x0000000715800000|  0%| F|  |TAMS 0x0000000715600000, 0x0000000715600000| Untracked 
| 160|0x0000000715800000, 0x0000000715800000, 0x0000000715a00000|  0%| F|  |TAMS 0x0000000715800000, 0x0000000715800000| Untracked 
| 161|0x0000000715a00000, 0x0000000715a00000, 0x0000000715c00000|  0%| F|  |TAMS 0x0000000715a00000, 0x0000000715a00000| Untracked 
| 162|0x0000000715c00000, 0x0000000715c00000, 0x0000000715e00000|  0%| F|  |TAMS 0x0000000715c00000, 0x0000000715c00000| Untracked 
| 163|0x0000000715e00000, 0x0000000715e00000, 0x0000000716000000|  0%| F|  |TAMS 0x0000000715e00000, 0x0000000715e00000| Untracked 
| 164|0x0000000716000000, 0x0000000716000000, 0x0000000716200000|  0%| F|  |TAMS 0x0000000716000000, 0x0000000716000000| Untracked 
| 165|0x0000000716200000, 0x0000000716200000, 0x0000000716400000|  0%| F|  |TAMS 0x0000000716200000, 0x0000000716200000| Untracked 
| 166|0x0000000716400000, 0x0000000716400000, 0x0000000716600000|  0%| F|  |TAMS 0x0000000716400000, 0x0000000716400000| Untracked 
| 167|0x0000000716600000, 0x0000000716600000, 0x0000000716800000|  0%| F|  |TAMS 0x0000000716600000, 0x0000000716600000| Untracked 
| 168|0x0000000716800000, 0x0000000716800000, 0x0000000716a00000|  0%| F|  |TAMS 0x0000000716800000, 0x0000000716800000| Untracked 
| 169|0x0000000716a00000, 0x0000000716a00000, 0x0000000716c00000|  0%| F|  |TAMS 0x0000000716a00000, 0x0000000716a00000| Untracked 
| 170|0x0000000716c00000, 0x0000000716c00000, 0x0000000716e00000|  0%| F|  |TAMS 0x0000000716c00000, 0x0000000716c00000| Untracked 
| 171|0x0000000716e00000, 0x0000000716e00000, 0x0000000717000000|  0%| F|  |TAMS 0x0000000716e00000, 0x0000000716e00000| Untracked 
| 172|0x0000000717000000, 0x0000000717000000, 0x0000000717200000|  0%| F|  |TAMS 0x0000000717000000, 0x0000000717000000| Untracked 
| 173|0x0000000717200000, 0x0000000717200000, 0x0000000717400000|  0%| F|  |TAMS 0x0000000717200000, 0x0000000717200000| Untracked 
| 174|0x0000000717400000, 0x0000000717400000, 0x0000000717600000|  0%| F|  |TAMS 0x0000000717400000, 0x0000000717400000| Untracked 
| 175|0x0000000717600000, 0x0000000717600000, 0x0000000717800000|  0%| F|  |TAMS 0x0000000717600000, 0x0000000717600000| Untracked 
| 176|0x0000000717800000, 0x0000000717800000, 0x0000000717a00000|  0%| F|  |TAMS 0x0000000717800000, 0x0000000717800000| Untracked 
| 177|0x0000000717a00000, 0x0000000717a00000, 0x0000000717c00000|  0%| F|  |TAMS 0x0000000717a00000, 0x0000000717a00000| Untracked 
| 178|0x0000000717c00000, 0x0000000717c00000, 0x0000000717e00000|  0%| F|  |TAMS 0x0000000717c00000, 0x0000000717c00000| Untracked 
| 179|0x0000000717e00000, 0x0000000717e00000, 0x0000000718000000|  0%| F|  |TAMS 0x0000000717e00000, 0x0000000717e00000| Untracked 
| 180|0x0000000718000000, 0x0000000718000000, 0x0000000718200000|  0%| F|  |TAMS 0x0000000718000000, 0x0000000718000000| Untracked 
| 181|0x0000000718200000, 0x0000000718200000, 0x0000000718400000|  0%| F|  |TAMS 0x0000000718200000, 0x0000000718200000| Untracked 
| 182|0x0000000718400000, 0x0000000718400000, 0x0000000718600000|  0%| F|  |TAMS 0x0000000718400000, 0x0000000718400000| Untracked 
| 183|0x0000000718600000, 0x0000000718600000, 0x0000000718800000|  0%| F|  |TAMS 0x0000000718600000, 0x0000000718600000| Untracked 
| 184|0x0000000718800000, 0x0000000718800000, 0x0000000718a00000|  0%| F|  |TAMS 0x0000000718800000, 0x0000000718800000| Untracked 
| 185|0x0000000718a00000, 0x0000000718a00000, 0x0000000718c00000|  0%| F|  |TAMS 0x0000000718a00000, 0x0000000718a00000| Untracked 
| 186|0x0000000718c00000, 0x0000000718c00000, 0x0000000718e00000|  0%| F|  |TAMS 0x0000000718c00000, 0x0000000718c00000| Untracked 
| 187|0x0000000718e00000, 0x0000000718e00000, 0x0000000719000000|  0%| F|  |TAMS 0x0000000718e00000, 0x0000000718e00000| Untracked 
| 188|0x0000000719000000, 0x0000000719000000, 0x0000000719200000|  0%| F|  |TAMS 0x0000000719000000, 0x0000000719000000| Untracked 
| 189|0x0000000719200000, 0x0000000719200000, 0x0000000719400000|  0%| F|  |TAMS 0x0000000719200000, 0x0000000719200000| Untracked 
| 190|0x0000000719400000, 0x0000000719400000, 0x0000000719600000|  0%| F|  |TAMS 0x0000000719400000, 0x0000000719400000| Untracked 
| 191|0x0000000719600000, 0x0000000719600000, 0x0000000719800000|  0%| F|  |TAMS 0x0000000719600000, 0x0000000719600000| Untracked 
| 192|0x0000000719800000, 0x0000000719800000, 0x0000000719a00000|  0%| F|  |TAMS 0x0000000719800000, 0x0000000719800000| Untracked 
| 193|0x0000000719a00000, 0x0000000719a00000, 0x0000000719c00000|  0%| F|  |TAMS 0x0000000719a00000, 0x0000000719a00000| Untracked 
| 194|0x0000000719c00000, 0x0000000719c00000, 0x0000000719e00000|  0%| F|  |TAMS 0x0000000719c00000, 0x0000000719c00000| Untracked 
| 195|0x0000000719e00000, 0x0000000719e00000, 0x000000071a000000|  0%| F|  |TAMS 0x0000000719e00000, 0x0000000719e00000| Untracked 
| 196|0x000000071a000000, 0x000000071a000000, 0x000000071a200000|  0%| F|  |TAMS 0x000000071a000000, 0x000000071a000000| Untracked 
| 197|0x000000071a200000, 0x000000071a200000, 0x000000071a400000|  0%| F|  |TAMS 0x000000071a200000, 0x000000071a200000| Untracked 
| 198|0x000000071a400000, 0x000000071a400000, 0x000000071a600000|  0%| F|  |TAMS 0x000000071a400000, 0x000000071a400000| Untracked 
| 199|0x000000071a600000, 0x000000071a600000, 0x000000071a800000|  0%| F|  |TAMS 0x000000071a600000, 0x000000071a600000| Untracked 
| 200|0x000000071a800000, 0x000000071a800000, 0x000000071aa00000|  0%| F|  |TAMS 0x000000071a800000, 0x000000071a800000| Untracked 
| 201|0x000000071aa00000, 0x000000071aa00000, 0x000000071ac00000|  0%| F|  |TAMS 0x000000071aa00000, 0x000000071aa00000| Untracked 
| 202|0x000000071ac00000, 0x000000071ac00000, 0x000000071ae00000|  0%| F|  |TAMS 0x000000071ac00000, 0x000000071ac00000| Untracked 
| 203|0x000000071ae00000, 0x000000071ae00000, 0x000000071b000000|  0%| F|  |TAMS 0x000000071ae00000, 0x000000071ae00000| Untracked 
| 204|0x000000071b000000, 0x000000071b000000, 0x000000071b200000|  0%| F|  |TAMS 0x000000071b000000, 0x000000071b000000| Untracked 
| 205|0x000000071b200000, 0x000000071b200000, 0x000000071b400000|  0%| F|  |TAMS 0x000000071b200000, 0x000000071b200000| Untracked 
| 206|0x000000071b400000, 0x000000071b400000, 0x000000071b600000|  0%| F|  |TAMS 0x000000071b400000, 0x000000071b400000| Untracked 
| 207|0x000000071b600000, 0x000000071b600000, 0x000000071b800000|  0%| F|  |TAMS 0x000000071b600000, 0x000000071b600000| Untracked 
| 208|0x000000071b800000, 0x000000071b800000, 0x000000071ba00000|  0%| F|  |TAMS 0x000000071b800000, 0x000000071b800000| Untracked 
| 209|0x000000071ba00000, 0x000000071ba00000, 0x000000071bc00000|  0%| F|  |TAMS 0x000000071ba00000, 0x000000071ba00000| Untracked 
| 210|0x000000071bc00000, 0x000000071bc00000, 0x000000071be00000|  0%| F|  |TAMS 0x000000071bc00000, 0x000000071bc00000| Untracked 
| 211|0x000000071be00000, 0x000000071be00000, 0x000000071c000000|  0%| F|  |TAMS 0x000000071be00000, 0x000000071be00000| Untracked 
| 212|0x000000071c000000, 0x000000071c000000, 0x000000071c200000|  0%| F|  |TAMS 0x000000071c000000, 0x000000071c000000| Untracked 
| 213|0x000000071c200000, 0x000000071c200000, 0x000000071c400000|  0%| F|  |TAMS 0x000000071c200000, 0x000000071c200000| Untracked 
| 214|0x000000071c400000, 0x000000071c400000, 0x000000071c600000|  0%| F|  |TAMS 0x000000071c400000, 0x000000071c400000| Untracked 
| 215|0x000000071c600000, 0x000000071c600000, 0x000000071c800000|  0%| F|  |TAMS 0x000000071c600000, 0x000000071c600000| Untracked 
| 216|0x000000071c800000, 0x000000071c800000, 0x000000071ca00000|  0%| F|  |TAMS 0x000000071c800000, 0x000000071c800000| Untracked 
| 217|0x000000071ca00000, 0x000000071ca00000, 0x000000071cc00000|  0%| F|  |TAMS 0x000000071ca00000, 0x000000071ca00000| Untracked 
| 218|0x000000071cc00000, 0x000000071cc00000, 0x000000071ce00000|  0%| F|  |TAMS 0x000000071cc00000, 0x000000071cc00000| Untracked 
| 219|0x000000071ce00000, 0x000000071ce00000, 0x000000071d000000|  0%| F|  |TAMS 0x000000071ce00000, 0x000000071ce00000| Untracked 
| 220|0x000000071d000000, 0x000000071d000000, 0x000000071d200000|  0%| F|  |TAMS 0x000000071d000000, 0x000000071d000000| Untracked 
| 221|0x000000071d200000, 0x000000071d200000, 0x000000071d400000|  0%| F|  |TAMS 0x000000071d200000, 0x000000071d200000| Untracked 
| 222|0x000000071d400000, 0x000000071d400000, 0x000000071d600000|  0%| F|  |TAMS 0x000000071d400000, 0x000000071d400000| Untracked 
| 223|0x000000071d600000, 0x000000071d600000, 0x000000071d800000|  0%| F|  |TAMS 0x000000071d600000, 0x000000071d600000| Untracked 
| 224|0x000000071d800000, 0x000000071d800000, 0x000000071da00000|  0%| F|  |TAMS 0x000000071d800000, 0x000000071d800000| Untracked 
| 225|0x000000071da00000, 0x000000071da00000, 0x000000071dc00000|  0%| F|  |TAMS 0x000000071da00000, 0x000000071da00000| Untracked 
| 226|0x000000071dc00000, 0x000000071dc00000, 0x000000071de00000|  0%| F|  |TAMS 0x000000071dc00000, 0x000000071dc00000| Untracked 
| 227|0x000000071de00000, 0x000000071de00000, 0x000000071e000000|  0%| F|  |TAMS 0x000000071de00000, 0x000000071de00000| Untracked 
| 228|0x000000071e000000, 0x000000071e000000, 0x000000071e200000|  0%| F|  |TAMS 0x000000071e000000, 0x000000071e000000| Untracked 
| 229|0x000000071e200000, 0x000000071e200000, 0x000000071e400000|  0%| F|  |TAMS 0x000000071e200000, 0x000000071e200000| Untracked 
| 230|0x000000071e400000, 0x000000071e400000, 0x000000071e600000|  0%| F|  |TAMS 0x000000071e400000, 0x000000071e400000| Untracked 
| 231|0x000000071e600000, 0x000000071e600000, 0x000000071e800000|  0%| F|  |TAMS 0x000000071e600000, 0x000000071e600000| Untracked 
| 232|0x000000071e800000, 0x000000071e800000, 0x000000071ea00000|  0%| F|  |TAMS 0x000000071e800000, 0x000000071e800000| Untracked 
| 233|0x000000071ea00000, 0x000000071ea00000, 0x000000071ec00000|  0%| F|  |TAMS 0x000000071ea00000, 0x000000071ea00000| Untracked 
| 234|0x000000071ec00000, 0x000000071ec00000, 0x000000071ee00000|  0%| F|  |TAMS 0x000000071ec00000, 0x000000071ec00000| Untracked 
| 235|0x000000071ee00000, 0x000000071ee00000, 0x000000071f000000|  0%| F|  |TAMS 0x000000071ee00000, 0x000000071ee00000| Untracked 
| 236|0x000000071f000000, 0x000000071f000000, 0x000000071f200000|  0%| F|  |TAMS 0x000000071f000000, 0x000000071f000000| Untracked 
| 237|0x000000071f200000, 0x000000071f200000, 0x000000071f400000|  0%| F|  |TAMS 0x000000071f200000, 0x000000071f200000| Untracked 
| 238|0x000000071f400000, 0x000000071f400000, 0x000000071f600000|  0%| F|  |TAMS 0x000000071f400000, 0x000000071f400000| Untracked 
| 239|0x000000071f600000, 0x000000071f600000, 0x000000071f800000|  0%| F|  |TAMS 0x000000071f600000, 0x000000071f600000| Untracked 
| 240|0x000000071f800000, 0x000000071f800000, 0x000000071fa00000|  0%| F|  |TAMS 0x000000071f800000, 0x000000071f800000| Untracked 
| 241|0x000000071fa00000, 0x000000071fa00000, 0x000000071fc00000|  0%| F|  |TAMS 0x000000071fa00000, 0x000000071fa00000| Untracked 
| 242|0x000000071fc00000, 0x000000071fc00000, 0x000000071fe00000|  0%| F|  |TAMS 0x000000071fc00000, 0x000000071fc00000| Untracked 
| 243|0x000000071fe00000, 0x000000071fe00000, 0x0000000720000000|  0%| F|  |TAMS 0x000000071fe00000, 0x000000071fe00000| Untracked 
| 244|0x0000000720000000, 0x0000000720000000, 0x0000000720200000|  0%| F|  |TAMS 0x0000000720000000, 0x0000000720000000| Untracked 
| 245|0x0000000720200000, 0x0000000720200000, 0x0000000720400000|  0%| F|  |TAMS 0x0000000720200000, 0x0000000720200000| Untracked 
| 246|0x0000000720400000, 0x0000000720400000, 0x0000000720600000|  0%| F|  |TAMS 0x0000000720400000, 0x0000000720400000| Untracked 
| 247|0x0000000720600000, 0x0000000720600000, 0x0000000720800000|  0%| F|  |TAMS 0x0000000720600000, 0x0000000720600000| Untracked 
| 248|0x0000000720800000, 0x0000000720800000, 0x0000000720a00000|  0%| F|  |TAMS 0x0000000720800000, 0x0000000720800000| Untracked 
| 249|0x0000000720a00000, 0x0000000720a00000, 0x0000000720c00000|  0%| F|  |TAMS 0x0000000720a00000, 0x0000000720a00000| Untracked 
| 250|0x0000000720c00000, 0x0000000720c00000, 0x0000000720e00000|  0%| F|  |TAMS 0x0000000720c00000, 0x0000000720c00000| Untracked 
| 251|0x0000000720e00000, 0x0000000720e3dd40, 0x0000000721000000| 12%| E|  |TAMS 0x0000000720e00000, 0x0000000720e00000| Complete 
| 252|0x0000000721000000, 0x0000000721200000, 0x0000000721200000|100%| E|CS|TAMS 0x0000000721000000, 0x0000000721000000| Complete 
| 253|0x0000000721200000, 0x0000000721400000, 0x0000000721400000|100%| E|CS|TAMS 0x0000000721200000, 0x0000000721200000| Complete 
| 254|0x0000000721400000, 0x0000000721600000, 0x0000000721600000|100%| E|CS|TAMS 0x0000000721400000, 0x0000000721400000| Complete 
| 255|0x0000000721600000, 0x0000000721800000, 0x0000000721800000|100%| E|CS|TAMS 0x0000000721600000, 0x0000000721600000| Complete 

Card table byte_map: [0x000001c2f8de0000,0x000001c2f95e0000] _byte_map_base: 0x000001c2f55d4000

Marking Bits (Prev, Next): (CMBitMap*) 0x000001c2e1f715a0, (CMBitMap*) 0x000001c2e1f71560
 Prev Bits: [0x000001c280000000, 0x000001c283fa0000)
 Next Bits: [0x000001c2f9de0000, 0x000001c2fdd80000)

Polling page: 0x000001c2d7040000

Metaspace:

Usage:
  Non-class:     68.90 MB used.
      Class:     11.28 MB used.
       Both:     80.18 MB used.

Virtual space:
  Non-class space:      128.00 MB reserved,      69.25 MB ( 54%) committed,  2 nodes.
      Class space:        1.00 GB reserved,      11.62 MB (  1%) committed,  1 nodes.
             Both:        1.12 GB reserved,      80.88 MB (  7%) committed. 

Chunk freelists:
   Non-Class:  9.86 MB
       Class:  4.34 MB
        Both:  14.20 MB

MaxMetaspaceSize: unlimited
CompressedClassSpaceSize: 1.00 GB
Initial GC threshold: 21.00 MB
Current GC threshold: 134.62 MB
CDS: on
MetaspaceReclaimPolicy: balanced
 - commit_granule_bytes: 65536.
 - commit_granule_words: 8192.
 - virtual_space_node_default_size: 8388608.
 - enlarge_chunks_in_place: 1.
 - new_chunks_are_fully_committed: 0.
 - uncommit_free_chunks: 1.
 - use_allocation_guard: 0.
 - handle_deallocations: 1.


Internal statistics:

num_allocs_failed_limit: 6.
num_arena_births: 1038.
num_arena_deaths: 0.
num_vsnodes_births: 3.
num_vsnodes_deaths: 0.
num_space_committed: 1288.
num_space_uncommitted: 0.
num_chunks_returned_to_freelist: 6.
num_chunks_taken_from_freelist: 3203.
num_chunk_merges: 6.
num_chunk_splits: 2395.
num_chunks_enlarged: 1810.
num_inconsistent_stats: 0.

CodeHeap 'non-profiled nmethods': size=120000Kb used=13184Kb max_used=13184Kb free=106815Kb
 bounds [0x000001c2f18b0000, 0x000001c2f25a0000, 0x000001c2f8de0000]
CodeHeap 'profiled nmethods': size=120000Kb used=27802Kb max_used=27802Kb free=92197Kb
 bounds [0x000001c2e9de0000, 0x000001c2eb910000, 0x000001c2f1310000]
CodeHeap 'non-nmethods': size=5760Kb used=1654Kb max_used=1793Kb free=4105Kb
 bounds [0x000001c2f1310000, 0x000001c2f1580000, 0x000001c2f18b0000]
 total_blobs=14139 nmethods=13061 adapters=984
 compilation: enabled
              stopped_count=0, restarted_count=0
 full_count=0

Compilation events (20 events):
Event: 3005.634 Thread 0x000001c2e21ff4c0 16659  s    3       java.lang.StringBuffer::append (13 bytes)
Event: 3005.634 Thread 0x000001c2e21ff4c0 nmethod 16659 0x000001c2eb906990 code [0x000001c2eb906b40, 0x000001c2eb906d68]
Event: 3005.635 Thread 0x000001c2e21ec350 16660   !   4       com.jidesoft.grid.JideTable::convertRowIndexToModel (33 bytes)
Event: 3005.637 Thread 0x000001c2e21ec350 nmethod 16660 0x000001c2f258be90 code [0x000001c2f258c040, 0x000001c2f258c1f8]
Event: 3005.637 Thread 0x000001c2e21ec350 16661       4       de.javasoft.plaf.synthetica.painter.PanelPainter::paintPanelBackground (638 bytes)
Event: 3005.637 Thread 0x000001c2e21ff4c0 16662       3       sun.java2d.pipe.LoopPipe::drawParallelogram (36 bytes)
Event: 3005.638 Thread 0x000001c2e21ff4c0 nmethod 16662 0x000001c2eb906e10 code [0x000001c2eb906fc0, 0x000001c2eb9071a8]
Event: 3005.644 Thread 0x000001c2e21ff4c0 16664       3       javax.swing.DefaultListCellRenderer::isOpaque (68 bytes)
Event: 3005.645 Thread 0x000001c2e21ff4c0 nmethod 16664 0x000001c2eb907310 code [0x000001c2eb907540, 0x000001c2eb9082e8]
Event: 3005.645 Thread 0x000001c2e21ff4c0 16665       3       javax.swing.plaf.basic.BasicListUI::paintCell (156 bytes)
Event: 3005.647 Thread 0x000001c2e21ff4c0 nmethod 16665 0x000001c2eb908610 code [0x000001c2eb908860, 0x000001c2eb909338]
Event: 3005.648 Thread 0x000001c2e21ff4c0 16666       3       ui.views.cD::updateScrollBars (28 bytes)
Event: 3005.649 Thread 0x000001c2e21ff4c0 nmethod 16666 0x000001c2eb909790 code [0x000001c2eb909940, 0x000001c2eb909c28]
Event: 3005.664 Thread 0x000001c2e21ec350 nmethod 16661 0x000001c2f258c810 code [0x000001c2f258cba0, 0x000001c2f258e0e8]
Event: 3005.664 Thread 0x000001c2e21ec350 16667       4       sun.java2d.SunGraphics2D::setColor (108 bytes)
Event: 3005.668 Thread 0x000001c2e21ec350 nmethod 16667 0x000001c2f258f590 code [0x000001c2f258f760, 0x000001c2f258fd08]
Event: 3005.991 Thread 0x000001c2e21ff4c0 16668       3       com.jidesoft.swing.SearchableBar::isHighlightAll (8 bytes)
Event: 3005.992 Thread 0x000001c2e21ff4c0 nmethod 16668 0x000001c2eb909d10 code [0x000001c2eb909ec0, 0x000001c2eb90a0a8]
Event: 3005.992 Thread 0x000001c2e21ff4c0 16669       1       com.jidesoft.editor.CodeEditor$r::access$400 (5 bytes)
Event: 3005.992 Thread 0x000001c2e21ff4c0 nmethod 16669 0x000001c2f2590010 code [0x000001c2f25901a0, 0x000001c2f2590258]

GC Heap History (20 events):
Event: 2909.534 GC heap before
{Heap before GC invocations=23 (full 4):
 garbage-first heap   total 524288K, used 158784K [0x0000000701800000, 0x0000000800000000)
  region size 2048K, 40 young (81920K), 0 survivors (0K)
 Metaspace       used 75377K, committed 76032K, reserved 1114112K
  class space    used 10710K, committed 11072K, reserved 1048576K
}
Event: 2909.538 GC heap after
{Heap after GC invocations=24 (full 4):
 garbage-first heap   total 630784K, used 78160K [0x0000000701800000, 0x0000000800000000)
  region size 2048K, 1 young (2048K), 1 survivors (2048K)
 Metaspace       used 75377K, committed 76032K, reserved 1114112K
  class space    used 10710K, committed 11072K, reserved 1048576K
}
Event: 2936.071 GC heap before
{Heap before GC invocations=24 (full 4):
 garbage-first heap   total 630784K, used 158032K [0x0000000701800000, 0x0000000800000000)
  region size 2048K, 40 young (81920K), 1 survivors (2048K)
 Metaspace       used 75990K, committed 76608K, reserved 1179648K
  class space    used 10762K, committed 11072K, reserved 1048576K
}
Event: 2936.074 GC heap after
{Heap after GC invocations=25 (full 4):
 garbage-first heap   total 630784K, used 78307K [0x0000000701800000, 0x0000000800000000)
  region size 2048K, 1 young (2048K), 1 survivors (2048K)
 Metaspace       used 75990K, committed 76608K, reserved 1179648K
  class space    used 10762K, committed 11072K, reserved 1048576K
}
Event: 2937.474 GC heap before
{Heap before GC invocations=25 (full 4):
 garbage-first heap   total 630784K, used 158179K [0x0000000701800000, 0x0000000800000000)
  region size 2048K, 40 young (81920K), 1 survivors (2048K)
 Metaspace       used 76062K, committed 76672K, reserved 1179648K
  class space    used 10763K, committed 11072K, reserved 1048576K
}
Event: 2937.477 GC heap after
{Heap after GC invocations=26 (full 4):
 garbage-first heap   total 630784K, used 78629K [0x0000000701800000, 0x0000000800000000)
  region size 2048K, 1 young (2048K), 1 survivors (2048K)
 Metaspace       used 76062K, committed 76672K, reserved 1179648K
  class space    used 10763K, committed 11072K, reserved 1048576K
}
Event: 2939.385 GC heap before
{Heap before GC invocations=26 (full 4):
 garbage-first heap   total 630784K, used 158501K [0x0000000701800000, 0x0000000800000000)
  region size 2048K, 40 young (81920K), 1 survivors (2048K)
 Metaspace       used 76218K, committed 76864K, reserved 1179648K
  class space    used 10779K, committed 11072K, reserved 1048576K
}
Event: 2939.388 GC heap after
{Heap after GC invocations=27 (full 4):
 garbage-first heap   total 630784K, used 78795K [0x0000000701800000, 0x0000000800000000)
  region size 2048K, 1 young (2048K), 1 survivors (2048K)
 Metaspace       used 76218K, committed 76864K, reserved 1179648K
  class space    used 10779K, committed 11072K, reserved 1048576K
}
Event: 2940.119 GC heap before
{Heap before GC invocations=27 (full 4):
 garbage-first heap   total 630784K, used 95179K [0x0000000701800000, 0x0000000800000000)
  region size 2048K, 10 young (20480K), 1 survivors (2048K)
 Metaspace       used 76333K, committed 76992K, reserved 1179648K
  class space    used 10787K, committed 11136K, reserved 1048576K
}
Event: 2940.182 GC heap after
{Heap after GC invocations=28 (full 5):
 garbage-first heap   total 524288K, used 78243K [0x0000000701800000, 0x0000000800000000)
  region size 2048K, 0 young (0K), 0 survivors (0K)
 Metaspace       used 76333K, committed 76992K, reserved 1179648K
  class space    used 10787K, committed 11136K, reserved 1048576K
}
Event: 2967.195 GC heap before
{Heap before GC invocations=28 (full 5):
 garbage-first heap   total 524288K, used 160163K [0x0000000701800000, 0x0000000800000000)
  region size 2048K, 40 young (81920K), 0 survivors (0K)
 Metaspace       used 77972K, committed 78592K, reserved 1179648K
  class space    used 11041K, committed 11392K, reserved 1048576K
}
Event: 2967.204 GC heap after
{Heap after GC invocations=29 (full 5):
 garbage-first heap   total 524288K, used 82631K [0x0000000701800000, 0x0000000800000000)
  region size 2048K, 3 young (6144K), 3 survivors (6144K)
 Metaspace       used 77972K, committed 78592K, reserved 1179648K
  class space    used 11041K, committed 11392K, reserved 1048576K
}
Event: 2971.333 GC heap before
{Heap before GC invocations=29 (full 5):
 garbage-first heap   total 524288K, used 154311K [0x0000000701800000, 0x0000000800000000)
  region size 2048K, 39 young (79872K), 3 survivors (6144K)
 Metaspace       used 81833K, committed 82496K, reserved 1179648K
  class space    used 11546K, committed 11904K, reserved 1048576K
}
Event: 2971.412 GC heap after
{Heap after GC invocations=30 (full 6):
 garbage-first heap   total 524288K, used 85643K [0x0000000701800000, 0x0000000800000000)
  region size 2048K, 0 young (0K), 0 survivors (0K)
 Metaspace       used 81833K, committed 82496K, reserved 1179648K
  class space    used 11546K, committed 11904K, reserved 1048576K
}
Event: 2986.674 GC heap before
{Heap before GC invocations=30 (full 6):
 garbage-first heap   total 524288K, used 110219K [0x0000000701800000, 0x0000000800000000)
  region size 2048K, 14 young (28672K), 0 survivors (0K)
 Metaspace       used 82017K, committed 82688K, reserved 1179648K
  class space    used 11552K, committed 11904K, reserved 1048576K
}
Event: 2986.800 GC heap after
{Heap after GC invocations=31 (full 7):
 garbage-first heap   total 524288K, used 83579K [0x0000000701800000, 0x0000000800000000)
  region size 2048K, 0 young (0K), 0 survivors (0K)
 Metaspace       used 82017K, committed 82688K, reserved 1179648K
  class space    used 11552K, committed 11904K, reserved 1048576K
}
Event: 2995.630 GC heap before
{Heap before GC invocations=31 (full 7):
 garbage-first heap   total 524288K, used 95867K [0x0000000701800000, 0x0000000800000000)
  region size 2048K, 7 young (14336K), 0 survivors (0K)
 Metaspace       used 82061K, committed 82752K, reserved 1179648K
  class space    used 11552K, committed 11904K, reserved 1048576K
}
Event: 2995.695 GC heap after
{Heap after GC invocations=32 (full 8):
 garbage-first heap   total 524288K, used 83471K [0x0000000701800000, 0x0000000800000000)
  region size 2048K, 0 young (0K), 0 survivors (0K)
 Metaspace       used 82061K, committed 82752K, reserved 1179648K
  class space    used 11552K, committed 11904K, reserved 1048576K
}
Event: 3003.089 GC heap before
{Heap before GC invocations=32 (full 8):
 garbage-first heap   total 524288K, used 95759K [0x0000000701800000, 0x0000000800000000)
  region size 2048K, 7 young (14336K), 0 survivors (0K)
 Metaspace       used 82096K, committed 82752K, reserved 1179648K
  class space    used 11552K, committed 11904K, reserved 1048576K
}
Event: 3003.147 GC heap after
{Heap after GC invocations=33 (full 9):
 garbage-first heap   total 524288K, used 83483K [0x0000000701800000, 0x0000000800000000)
  region size 2048K, 0 young (0K), 0 survivors (0K)
 Metaspace       used 82096K, committed 82752K, reserved 1179648K
  class space    used 11552K, committed 11904K, reserved 1048576K
}

Dll operation events (20 events):
Event: 1.990 Loaded shared library D:\Vivado\2023.2\lib\win64.o\librdi_ipservicestasks.dll
Event: 1.993 Loaded shared library D:\Vivado\2023.2\lib\win64.o\librdi_vivadotasks.dll
Event: 1.994 Loaded shared library D:\Vivado\2023.2\lib\win64.o\librdi_board.dll
Event: 1.995 Loaded shared library D:\Vivado\2023.2\lib\win64.o\librdi_boarddep.dll
Event: 1.996 Loaded shared library D:\Vivado\2023.2\lib\win64.o\librdi_boardcommontasks.dll
Event: 1.996 Loaded shared library D:\Vivado\2023.2\lib\win64.o\librdi_ptgen.dll
Event: 1.997 Loaded shared library D:\Vivado\2023.2\lib\win64.o\librdi_ip.dll
Event: 1.999 Loaded shared library D:\Vivado\2023.2\lib\win64.o\librdi_mig.dll
Event: 2.000 Loaded shared library D:\Vivado\2023.2\lib\win64.o\librdi_implflow.dll
Event: 2.000 Loaded shared library D:\Vivado\2023.2\lib\win64.o\librdi_xhubtasks.dll
Event: 2.033 Loaded shared library D:\Vivado\2023.2\lib\win64.o\librdi_iptasks.dll
Event: 2.036 Loaded shared library D:\Vivado\2023.2\lib\win64.o\librdi_synth.dll
Event: 3.882 Loaded shared library D:\Vivado\2023.2\tps\win64\jre17.0.7_7\bin\verify.dll
Event: 4.276 Loaded shared library D:\Vivado\2023.2\tps\win64\jre17.0.7_7\bin\javajpeg.dll
Event: 4.287 Loaded shared library D:\Vivado\2023.2\tps\win64\jre17.0.7_7\bin\lcms.dll
Event: 4.793 Loaded shared library D:\Vivado\2023.2\tps\win64\jre17.0.7_7\bin\freetype.dll
Event: 4.797 Loaded shared library D:\Vivado\2023.2\tps\win64\jre17.0.7_7\bin\fontmanager.dll
Event: 11.571 Loaded shared library D:\Vivado\2023.2\lib\win64.o\librdi_xhub.dll
Event: 18.710 Loaded shared library D:\Vivado\2023.2\tps\win64\jre17.0.7_7\bin\management.dll
Event: 18.716 Loaded shared library D:\Vivado\2023.2\tps\win64\jre17.0.7_7\bin\management_ext.dll

Deoptimization events (20 events):
Event: 2971.226 Thread 0x000001c2e21e7200 Uncommon trap: trap_request=0xffffffde fr.pc=0x000001c2f1d55604 relative=0x0000000000000be4
Event: 2971.226 Thread 0x000001c2e21e7200 Uncommon trap: reason=class_check action=maybe_recompile pc=0x000001c2f1d55604 method=sun.java2d.SunGraphics2D.setComposite(Ljava/awt/Composite;)V @ 10 c2
Event: 2971.226 Thread 0x000001c2e21e7200 DEOPT PACKING pc=0x000001c2f1d55604 sp=0x00000044374fc740
Event: 2971.226 Thread 0x000001c2e21e7200 DEOPT UNPACKING pc=0x000001c2f13669a3 sp=0x00000044374fc708 mode 2
Event: 2971.226 Thread 0x000001c2e21e7200 Uncommon trap: trap_request=0xffffffde fr.pc=0x000001c2f231f40c relative=0x00000000000043ac
Event: 2971.226 Thread 0x000001c2e21e7200 Uncommon trap: reason=class_check action=maybe_recompile pc=0x000001c2f231f40c method=sun.java2d.SunGraphics2D.drawChars([CIIII)V @ 113 c2
Event: 2971.226 Thread 0x000001c2e21e7200 DEOPT PACKING pc=0x000001c2f231f40c sp=0x00000044374fc770
Event: 2971.226 Thread 0x000001c2e21e7200 DEOPT UNPACKING pc=0x000001c2f13669a3 sp=0x00000044374fc6c0 mode 2
Event: 2971.535 Thread 0x000001c2e21e7200 DEOPT PACKING pc=0x000001c2eabc38bd sp=0x00000044374f6d50
Event: 2971.535 Thread 0x000001c2e21e7200 DEOPT UNPACKING pc=0x000001c2f1367143 sp=0x00000044374f6148 mode 0
Event: 2977.354 Thread 0x000001c2e21e7200 DEOPT PACKING pc=0x000001c2eb247dff sp=0x00000044374fd1f0
Event: 2977.354 Thread 0x000001c2e21e7200 DEOPT UNPACKING pc=0x000001c2f1367143 sp=0x00000044374fc638 mode 0
Event: 2981.283 Thread 0x000001c2e21e7200 DEOPT PACKING pc=0x000001c2eb7e9440 sp=0x00000044374fadc0
Event: 2981.283 Thread 0x000001c2e21e7200 DEOPT UNPACKING pc=0x000001c2f1367143 sp=0x00000044374fa2e8 mode 0
Event: 2983.331 Thread 0x000001c2e21e7200 DEOPT PACKING pc=0x000001c2eb4dbd75 sp=0x00000044374fcfe0
Event: 2983.331 Thread 0x000001c2e21e7200 DEOPT UNPACKING pc=0x000001c2f1367143 sp=0x00000044374fc4d0 mode 0
Event: 2989.876 Thread 0x000001c2e21e7200 DEOPT PACKING pc=0x000001c2eb4dbd75 sp=0x00000044374fd0b0
Event: 2989.876 Thread 0x000001c2e21e7200 DEOPT UNPACKING pc=0x000001c2f1367143 sp=0x00000044374fc5a0 mode 0
Event: 2992.437 Thread 0x000001c28e1aba20 DEOPT PACKING pc=0x000001c2eb666b98 sp=0x000000443ecff3d0
Event: 2992.437 Thread 0x000001c28e1aba20 DEOPT UNPACKING pc=0x000001c2f1367143 sp=0x000000443ecfe940 mode 0

Classes unloaded (0 events):
No events

Classes redefined (0 events):
No events

Internal exceptions (20 events):
Event: 2970.266 Thread 0x000001c2e21e7200 Exception <a 'java/lang/ClassNotFoundException'{0x000000071ed28c98}: ui/utils/swing/n/c/fCustomizer> (0x000000071ed28c98) 
thrown [s\src\hotspot\share\classfile\systemDictionary.cpp, line 256]
Event: 2970.270 Thread 0x000001c2e21e7200 Exception <a 'java/lang/ClassNotFoundException'{0x000000071ed51e78}: ui/views/waveform/g/vCustomizer> (0x000000071ed51e78) 
thrown [s\src\hotspot\share\classfile\systemDictionary.cpp, line 256]
Event: 2970.279 Thread 0x000001c2e21e7200 Implicit null exception at 0x000001c2f1ef5fcb to 0x000001c2f1ef6b84
Event: 2970.477 Thread 0x000001c2e21e7200 Exception <a 'java/lang/NoSuchMethodError'{0x000000071e93f7a8}: 'java.lang.Object java.lang.invoke.DirectMethodHandle$Holder.invokeSpecial(java.lang.Object, java.lang.Object, long, long, long)'> (0x000000071e93f7a8) 
thrown [s\src\hotspot\share\interpreter\linkResolver.cpp, line 759]
Event: 2970.954 Thread 0x000001c2e21e7200 Exception <a 'java/io/FileNotFoundException'{0x000000071d84ad80}> (0x000000071d84ad80) 
thrown [s\src\hotspot\share\prims\jni.cpp, line 516]
Event: 2970.954 Thread 0x000001c2e21e7200 Exception <a 'java/io/FileNotFoundException'{0x000000071d84bc18}> (0x000000071d84bc18) 
thrown [s\src\hotspot\share\prims\jni.cpp, line 516]
Event: 2977.272 Thread 0x000001c2e21e7200 Exception <a 'java/io/FileNotFoundException'{0x00000007208fbd50}> (0x00000007208fbd50) 
thrown [s\src\hotspot\share\prims\jni.cpp, line 516]
Event: 2977.272 Thread 0x000001c2e21e7200 Exception <a 'java/io/FileNotFoundException'{0x00000007208fca48}> (0x00000007208fca48) 
thrown [s\src\hotspot\share\prims\jni.cpp, line 516]
Event: 2983.278 Thread 0x000001c2e21e7200 Exception <a 'java/io/FileNotFoundException'{0x00000007205c4c70}> (0x00000007205c4c70) 
thrown [s\src\hotspot\share\prims\jni.cpp, line 516]
Event: 2983.278 Thread 0x000001c2e21e7200 Exception <a 'java/io/FileNotFoundException'{0x00000007205c5968}> (0x00000007205c5968) 
thrown [s\src\hotspot\share\prims\jni.cpp, line 516]
Event: 2986.641 Thread 0x000001c2e21e7200 Exception <a 'java/io/FileNotFoundException'{0x000000071fe6cff8}> (0x000000071fe6cff8) 
thrown [s\src\hotspot\share\prims\jni.cpp, line 516]
Event: 2986.641 Thread 0x000001c2e21e7200 Exception <a 'java/io/FileNotFoundException'{0x000000071fe6dcf0}> (0x000000071fe6dcf0) 
thrown [s\src\hotspot\share\prims\jni.cpp, line 516]
Event: 2990.152 Thread 0x000001c2e21e7200 Exception <a 'java/io/FileNotFoundException'{0x000000072121b090}> (0x000000072121b090) 
thrown [s\src\hotspot\share\prims\jni.cpp, line 516]
Event: 2990.152 Thread 0x000001c2e21e7200 Exception <a 'java/io/FileNotFoundException'{0x000000072121bd88}> (0x000000072121bd88) 
thrown [s\src\hotspot\share\prims\jni.cpp, line 516]
Event: 2995.599 Thread 0x000001c2e21e7200 Exception <a 'java/io/FileNotFoundException'{0x0000000720d1df00}> (0x0000000720d1df00) 
thrown [s\src\hotspot\share\prims\jni.cpp, line 516]
Event: 2995.599 Thread 0x000001c2e21e7200 Exception <a 'java/io/FileNotFoundException'{0x0000000720d1ebf8}> (0x0000000720d1ebf8) 
thrown [s\src\hotspot\share\prims\jni.cpp, line 516]
Event: 3000.610 Thread 0x000001c2e21e7200 Exception <a 'java/io/FileNotFoundException'{0x000000072105f678}> (0x000000072105f678) 
thrown [s\src\hotspot\share\prims\jni.cpp, line 516]
Event: 3000.610 Thread 0x000001c2e21e7200 Exception <a 'java/io/FileNotFoundException'{0x0000000721060370}> (0x0000000721060370) 
thrown [s\src\hotspot\share\prims\jni.cpp, line 516]
Event: 3005.645 Thread 0x000001c2e21e7200 Exception <a 'java/io/FileNotFoundException'{0x00000007215d0c90}> (0x00000007215d0c90) 
thrown [s\src\hotspot\share\prims\jni.cpp, line 516]
Event: 3005.645 Thread 0x000001c2e21e7200 Exception <a 'java/io/FileNotFoundException'{0x00000007215d1988}> (0x00000007215d1988) 
thrown [s\src\hotspot\share\prims\jni.cpp, line 516]

VM Operations (20 events):
Event: 2993.842 Executing VM operation: Cleanup
Event: 2993.842 Executing VM operation: Cleanup done
Event: 2995.630 Executing VM operation: G1CollectFull
Event: 2995.695 Executing VM operation: G1CollectFull done
Event: 2996.699 Executing VM operation: Cleanup
Event: 2996.699 Executing VM operation: Cleanup done
Event: 2998.706 Executing VM operation: Cleanup
Event: 2998.706 Executing VM operation: Cleanup done
Event: 2999.721 Executing VM operation: Cleanup
Event: 2999.721 Executing VM operation: Cleanup done
Event: 3000.736 Executing VM operation: Cleanup
Event: 3000.736 Executing VM operation: Cleanup done
Event: 3001.737 Executing VM operation: Cleanup
Event: 3001.737 Executing VM operation: Cleanup done
Event: 3003.088 Executing VM operation: G1CollectFull
Event: 3003.147 Executing VM operation: G1CollectFull done
Event: 3004.157 Executing VM operation: Cleanup
Event: 3004.157 Executing VM operation: Cleanup done
Event: 3006.177 Executing VM operation: Cleanup
Event: 3006.177 Executing VM operation: Cleanup done

Events (20 events):
Event: 2999.048 Thread 0x000001c29dc80590 Thread added: 0x000001c29dc80590
Event: 2999.053 Thread 0x000001c29dc80590 Thread exited: 0x000001c29dc80590
Event: 3000.603 Thread 0x000001c29dc80a60 Thread added: 0x000001c29dc80a60
Event: 3000.603 Thread 0x000001c29dc80590 Thread added: 0x000001c29dc80590
Event: 3000.609 Thread 0x000001c29dc80a60 Thread exited: 0x000001c29dc80a60
Event: 3000.614 Thread 0x000001c29dc80590 Thread exited: 0x000001c29dc80590
Event: 3001.082 Thread 0x000001c29dc7f250 Thread added: 0x000001c29dc7f250
Event: 3001.087 Thread 0x000001c29dc7f250 Thread exited: 0x000001c29dc7f250
Event: 3003.063 Thread 0x000001c29dc7f250 Thread added: 0x000001c29dc7f250
Event: 3003.068 Thread 0x000001c29dc7f250 Thread exited: 0x000001c29dc7f250
Event: 3003.070 Thread 0x000001c29dc7da40 Thread added: 0x000001c29dc7da40
Event: 3003.083 Thread 0x000001c29dc80590 Thread added: 0x000001c29dc80590
Event: 3003.088 Thread 0x000001c29dc80590 Thread exited: 0x000001c29dc80590
Event: 3003.148 Thread 0x000001c29dc80590 Thread added: 0x000001c29dc80590
Event: 3003.148 Thread 0x000001c29dc7da40 Thread exited: 0x000001c29dc7da40
Event: 3003.154 Thread 0x000001c29dc80590 Thread exited: 0x000001c29dc80590
Event: 3005.633 Thread 0x000001c29dc80f30 Thread added: 0x000001c29dc80f30
Event: 3005.641 Thread 0x000001c29dc80f30 Thread exited: 0x000001c29dc80f30
Event: 3006.178 Thread 0x000001c29dc7e8b0 Thread added: 0x000001c29dc7e8b0
Event: 3006.184 Thread 0x000001c29dc7e8b0 Thread exited: 0x000001c29dc7e8b0


Dynamic libraries:
0x00007ff7975c0000 - 0x00007ff7975f1000 	D:\Vivado\2023.2\bin\unwrapped\win64.o\vivado.exe
0x00007ffb01800000 - 0x00007ffb01a63000 	C:\WINDOWS\SYSTEM32\ntdll.dll
0x00007ffb005e0000 - 0x00007ffb006a8000 	C:\WINDOWS\System32\KERNEL32.DLL
0x00007ffafede0000 - 0x00007ffaff192000 	C:\WINDOWS\System32\KERNELBASE.dll
0x00007ffafebd0000 - 0x00007ffafed1b000 	C:\WINDOWS\System32\ucrtbase.dll
0x00007ffae7c90000 - 0x00007ffae7d1d000 	C:\WINDOWS\SYSTEM32\MSVCP140.dll
0x00007ffae7c20000 - 0x00007ffae7c3e000 	C:\WINDOWS\SYSTEM32\VCRUNTIME140.dll
0x00007ffad2c20000 - 0x00007ffad2c3c000 	D:\Vivado\2023.2\lib\win64.o\librdi_commonmain.dll
0x00007ffaea120000 - 0x00007ffaea12c000 	C:\WINDOWS\SYSTEM32\VCRUNTIME140_1.dll
0x00007ffa6a330000 - 0x00007ffa6a760000 	D:\Vivado\2023.2\lib\win64.o\python38.dll
0x00007ffab0630000 - 0x00007ffab0651000 	D:\Vivado\2023.2\lib\win64.o\libboost_filesystem.dll
0x00007ffb00460000 - 0x00007ffb00514000 	C:\WINDOWS\System32\ADVAPI32.dll
0x00007ffaff800000 - 0x00007ffaff8a9000 	C:\WINDOWS\System32\msvcrt.dll
0x00007ffb006d0000 - 0x00007ffb00776000 	C:\WINDOWS\System32\sechost.dll
0x00007ffaff660000 - 0x00007ffaff776000 	C:\WINDOWS\System32\RPCRT4.dll
0x00007ffb00ea0000 - 0x00007ffb00efd000 	C:\WINDOWS\System32\SHLWAPI.dll
0x00007ffaff780000 - 0x00007ffaff7f4000 	C:\WINDOWS\System32\WS2_32.dll
0x00007ffaecab0000 - 0x00007ffaecab9000 	D:\Vivado\2023.2\lib\win64.o\librdi_commonversion.dll
0x00007ffa58e80000 - 0x00007ffa5a52a000 	D:\Vivado\2023.2\lib\win64.o\librdi_common.dll
0x00007ffb013d0000 - 0x00007ffb01598000 	C:\WINDOWS\System32\USER32.dll
0x00007ffa6af40000 - 0x00007ffa6b0f6000 	D:\Vivado\2023.2\lib\win64.o\librdi_commonxillic.dll
0x00007ffaff630000 - 0x00007ffaff657000 	C:\WINDOWS\System32\win32u.dll
0x0000000054600000 - 0x000000005472c000 	D:\Vivado\2023.2\lib\win64.o\tcl85t.dll
0x00007ffb005b0000 - 0x00007ffb005da000 	C:\WINDOWS\System32\GDI32.dll
0x00007ffaff3d0000 - 0x00007ffaff4fb000 	C:\WINDOWS\System32\gdi32full.dll
0x00007ffaff320000 - 0x00007ffaff3c3000 	C:\WINDOWS\System32\msvcp_win.dll
0x00007ffaf4540000 - 0x00007ffaf454b000 	C:\WINDOWS\SYSTEM32\VERSION.dll
0x00007ffaffd40000 - 0x00007ffb00441000 	C:\WINDOWS\System32\SHELL32.dll
0x00007ffaff500000 - 0x00007ffaff57f000 	C:\WINDOWS\System32\WINTRUST.dll
0x00007ffa68e70000 - 0x00007ffa691de000 	D:\Vivado\2023.2\lib\win64.o\libCOIN-all.dll
0x00007ffab0610000 - 0x00007ffab0621000 	D:\Vivado\2023.2\lib\win64.o\libboost_date_time.dll
0x00007ffaac400000 - 0x00007ffaac479000 	D:\Vivado\2023.2\lib\win64.o\libboost_program_options.dll
0x00007ffab05f0000 - 0x00007ffab060c000 	D:\Vivado\2023.2\lib\win64.o\libboost_thread.dll
0x00007ffa70f50000 - 0x00007ffa71064000 	D:\Vivado\2023.2\lib\win64.o\libboost_regex.dll
0x00007ffaec990000 - 0x00007ffaec99c000 	D:\Vivado\2023.2\lib\win64.o\libboost_xilinx.dll
0x00007ffaac370000 - 0x00007ffaac3f2000 	D:\Vivado\2023.2\lib\win64.o\libhdlpsolve.dll
0x00007ffa6b800000 - 0x00007ffa6b8a5000 	D:\Vivado\2023.2\lib\win64.o\libhdxml.dll
0x00007ffab05c0000 - 0x00007ffab05ea000 	D:\Vivado\2023.2\lib\win64.o\libisl_sysinfo.dll
0x00007ffa7ff40000 - 0x00007ffa7ffa5000 	D:\Vivado\2023.2\lib\win64.o\liblmx6.0.dll
0x00007ffab0530000 - 0x00007ffab054a000 	D:\Vivado\2023.2\lib\win64.o\pthreadVC2.dll
0x00007ffaafd20000 - 0x00007ffaafd3c000 	D:\Vivado\2023.2\lib\win64.o\librdiconfig.dll
0x00007ffaac750000 - 0x00007ffaac771000 	D:\Vivado\2023.2\lib\win64.o\librdizlib.dll
0x00007ffa68ba0000 - 0x00007ffa68e61000 	D:\Vivado\2023.2\lib\win64.o\xerces-c_3_2.dll
0x00007ffa68870000 - 0x00007ffa68b9d000 	D:\Vivado\2023.2\lib\win64.o\libXil_lmgr11.dll
0x00007ffb016d0000 - 0x00007ffb017bd000 	C:\WINDOWS\System32\COMDLG32.dll
0x00007ffb00790000 - 0x00007ffb00b0e000 	C:\WINDOWS\System32\combase.dll
0x00007ffb01120000 - 0x00007ffb011fa000 	C:\WINDOWS\System32\shcore.dll
0x00007ffb00f00000 - 0x00007ffb00fd6000 	C:\WINDOWS\System32\OLEAUT32.dll
0x00007ffb00c80000 - 0x00007ffb00e19000 	C:\WINDOWS\System32\ole32.dll
0x00007ffaff1a0000 - 0x00007ffaff316000 	C:\WINDOWS\System32\CRYPT32.dll
0x00007ffafe490000 - 0x00007ffafe4b6000 	C:\WINDOWS\SYSTEM32\bcrypt.dll
0x00007ffaea540000 - 0x00007ffaea55a000 	C:\WINDOWS\SYSTEM32\NETAPI32.dll
0x00007ffae4e00000 - 0x00007ffae5083000 	C:\WINDOWS\SYSTEM32\WININET.dll
0x00007ffa57e50000 - 0x00007ffa58e74600 	D:\Vivado\2023.2\lib\win64.o\libisl_iostreams.dll
0x00007ffaf6e50000 - 0x00007ffaf6f76000 	C:\WINDOWS\SYSTEM32\WINHTTP.dll
0x00007ffaeafb0000 - 0x00007ffaeb18d000 	C:\WINDOWS\SYSTEM32\urlmon.dll
0x00007ffae7f00000 - 0x00007ffae7f0a000 	C:\WINDOWS\SYSTEM32\WSOCK32.dll
0x00007ffaac340000 - 0x00007ffaac370000 	C:\WINDOWS\SYSTEM32\VCOMP140.DLL
0x00007ffa55740000 - 0x00007ffa57657000 	D:\Vivado\2023.2\lib\win64.o\gurobi90.dll
0x00007ffb00e20000 - 0x00007ffb00e93000 	C:\WINDOWS\System32\WLDAP32.dll
0x00007ffb01090000 - 0x00007ffb01098000 	C:\WINDOWS\System32\Normaliz.dll
0x00007ffad1540000 - 0x00007ffad15f4000 	C:\WINDOWS\WinSxS\amd64_microsoft.windows.common-controls_6595b64144ccf1df_5.82.26100.1882_none_87f34cef7a28f535\COMCTL32.dll
0x00007ffaf6b10000 - 0x00007ffaf6b35000 	C:\WINDOWS\SYSTEM32\dhcpcsvc.DLL
0x00007ffafdff0000 - 0x00007ffafe01b000 	C:\WINDOWS\SYSTEM32\USERENV.dll
0x00007ffaaee30000 - 0x00007ffaaee48000 	D:\Vivado\2023.2\lib\win64.o\libboost_iostreams.dll
0x00007ffaac2a0000 - 0x00007ffaac2c4000 	D:\Vivado\2023.2\lib\win64.o\libisl_iosutils.dll
0x00007ffaeaba0000 - 0x00007ffaeae69000 	C:\WINDOWS\SYSTEM32\iertutil.dll
0x00007ffafc8c0000 - 0x00007ffafd0f1000 	C:\WINDOWS\SYSTEM32\windows.storage.dll
0x00007ffaeab50000 - 0x00007ffaeab79000 	C:\WINDOWS\SYSTEM32\srvcli.dll
0x00007ffafd3e0000 - 0x00007ffafd3ed000 	C:\WINDOWS\SYSTEM32\netutils.dll
0x00007ffafdf50000 - 0x00007ffafdfb8000 	C:\WINDOWS\SYSTEM32\MSWSOCK.DLL
0x00007ffb015d0000 - 0x00007ffb015ff000 	C:\WINDOWS\System32\IMM32.DLL
0x00007ffafe3e0000 - 0x00007ffafe3f3000 	C:\WINDOWS\SYSTEM32\MSASN1.dll
0x00007ffafe2c0000 - 0x00007ffafe2dc000 	C:\WINDOWS\SYSTEM32\CRYPTSP.dll
0x00007ffafd9e0000 - 0x00007ffafd9fa000 	C:\WINDOWS\SYSTEM32\kernel.appcore.dll
0x00007ffafd940000 - 0x00007ffafd978000 	C:\WINDOWS\system32\rsaenh.dll
0x00007ffafe2e0000 - 0x00007ffafe2ec000 	C:\WINDOWS\SYSTEM32\CRYPTBASE.dll
0x00007ffaff590000 - 0x00007ffaff629000 	C:\WINDOWS\System32\bcryptPrimitives.dll
0x00007ffb015a0000 - 0x00007ffb015c0000 	C:\WINDOWS\System32\imagehlp.dll
0x00007ffa68320000 - 0x00007ffa6886d000 	D:\Vivado\2023.2\lib\win64.o\librdi_commontasks.dll
0x00007ffa54af0000 - 0x00007ffa55738000 	D:\Vivado\2023.2\tps\win64\jre17.0.7_7\bin\server\jvm.dll
0x00007ffa57b20000 - 0x00007ffa57e4b800 	D:\Vivado\2023.2\lib\win64.o\librdi_sio.dll
0x00007ffaebf30000 - 0x00007ffaebf66000 	C:\WINDOWS\SYSTEM32\WINMM.dll
0x00007ffafd3f0000 - 0x00007ffafd422000 	C:\WINDOWS\SYSTEM32\IPHLPAPI.DLL
0x00007ffafdfc0000 - 0x00007ffafdfe7000 	C:\WINDOWS\SYSTEM32\gpapi.dll
0x00007ffaf4500000 - 0x00007ffaf453b000 	C:\Windows\System32\cryptnet.dll
0x00007ffafeae0000 - 0x00007ffafeb0e000 	C:\WINDOWS\SYSTEM32\profapi.dll
0x00007ffafb930000 - 0x00007ffafb93e000 	C:\WINDOWS\SYSTEM32\WINNSI.DLL
0x00007ffb00450000 - 0x00007ffb0045a000 	C:\WINDOWS\System32\NSI.dll
0x00007ffafdc80000 - 0x00007ffafdcc8000 	C:\WINDOWS\SYSTEM32\SspiCli.dll
0x00007ffae1350000 - 0x00007ffae1368000 	C:\WINDOWS\system32\napinsp.dll
0x00007ffafd480000 - 0x00007ffafd5a5000 	C:\WINDOWS\SYSTEM32\DNSAPI.dll
0x00007ffae0f80000 - 0x00007ffae0f92000 	C:\WINDOWS\System32\winrnr.dll
0x00007ffadddb0000 - 0x00007ffadddd2000 	C:\WINDOWS\system32\nlansp_c.dll
0x00007ffaf5d10000 - 0x00007ffaf5d26000 	C:\WINDOWS\system32\wshbth.dll
0x00007ffa4eb40000 - 0x00007ffa51906000 	D:\Vivado\2023.2\lib\win64.o\librdi_tcltasks.dll
0x00007ffa6b770000 - 0x00007ffa6b7f3000 	D:\Vivado\2023.2\lib\win64.o\librdi_boarddep.dll
0x00007ffa6ad40000 - 0x00007ffa6af40000 	D:\Vivado\2023.2\lib\win64.o\librdi_board.dll
0x00007ffa540a0000 - 0x00007ffa54581000 	D:\Vivado\2023.2\lib\win64.o\librdi_bitstream.dll
0x00007ffa6a160000 - 0x00007ffa6a28a000 	D:\Vivado\2023.2\lib\win64.o\librdi_chipscope.dll
0x00007ffa69b10000 - 0x00007ffa69d17000 	D:\Vivado\2023.2\lib\win64.o\librdi_chipscopeimpl.dll
0x00007ffa69ff0000 - 0x00007ffa6a15e000 	D:\Vivado\2023.2\lib\win64.o\librdi_containers.dll
0x00007ffa4b6d0000 - 0x00007ffa4ddc5000 	D:\Vivado\2023.2\lib\win64.o\librdi_constraints.dll
0x00007ffa47980000 - 0x00007ffa48f83000 	D:\Vivado\2023.2\lib\win64.o\librdi_device.dll
0x00007ffa48f90000 - 0x00007ffa4b6c6000 	D:\Vivado\2023.2\lib\win64.o\librdi_coregen.dll
0x00007ffa45b70000 - 0x00007ffa47977000 	D:\Vivado\2023.2\lib\win64.o\librdi_designutils.dll
0x00007ffa57780000 - 0x00007ffa57b1f000 	D:\Vivado\2023.2\lib\win64.o\librdi_dlyest.dll
0x00007ffa527e0000 - 0x00007ffa52f16000 	D:\Vivado\2023.2\lib\win64.o\librdi_drc.dll
0x00007ffa67d80000 - 0x00007ffa67e34000 	D:\Vivado\2023.2\lib\win64.o\librdi_dsp.dll
0x00007ffa69540000 - 0x00007ffa695ab000 	D:\Vivado\2023.2\lib\win64.o\librdi_hdf.dll
0x00007ffa4e380000 - 0x00007ffa4eb3f000 	D:\Vivado\2023.2\lib\win64.o\librdi_filemgmt.dll
0x00007ffa538a0000 - 0x00007ffa53b84000 	D:\Vivado\2023.2\lib\win64.o\librdi_hip_devdesign.dll
0x00007ffa612b0000 - 0x00007ffa613f8000 	D:\Vivado\2023.2\lib\win64.o\librdi_hip_perf_analysis.dll
0x00007ffa432d0000 - 0x00007ffa43b6a000 	D:\Vivado\2023.2\lib\win64.o\librdi_lopt.dll
0x00007ffa44a20000 - 0x00007ffa45b63000 	D:\Vivado\2023.2\lib\win64.o\librdi_implflow.dll
0x00007ffa43b70000 - 0x00007ffa44a20000 	D:\Vivado\2023.2\lib\win64.o\librdi_ippcw.dll
0x00007ffa69270000 - 0x00007ffa692ed000 	D:\Vivado\2023.2\lib\win64.o\librdi_memoryarray.dll
0x00007ffa42c70000 - 0x00007ffa432c6000 	D:\Vivado\2023.2\lib\win64.o\librdi_memdata.dll
0x00007ffa682a0000 - 0x00007ffa68312000 	D:\Vivado\2023.2\lib\win64.o\librdi_noc_frameworks.dll
0x00007ffa3fa10000 - 0x00007ffa40214000 	D:\Vivado\2023.2\lib\win64.o\librdi_netlist.dll
0x00007ffa67d20000 - 0x00007ffa67d7c000 	D:\Vivado\2023.2\lib\win64.o\librdi_pfi.dll
0x00007ffa52360000 - 0x00007ffa527de000 	D:\Vivado\2023.2\lib\win64.o\librdi_platform.dll
0x00007ffa3c5c0000 - 0x00007ffa3f47c000 	D:\Vivado\2023.2\lib\win64.o\librdi_place.dll
0x00007ffa31140000 - 0x00007ffa319cb000 	D:\Vivado\2023.2\lib\win64.o\librdi_project.dll
0x00007ffa40220000 - 0x00007ffa42c61000 	D:\Vivado\2023.2\lib\win64.o\librdi_mig.dll
0x00007ffa3bcc0000 - 0x00007ffa3c5b2000 	D:\Vivado\2023.2\lib\win64.o\librdi_power.dll
0x00007ffa309c0000 - 0x00007ffa31137000 	D:\Vivado\2023.2\lib\win64.o\librdi_psta.dll
0x00007ffa5a8e0000 - 0x00007ffa5aa01000 	D:\Vivado\2023.2\lib\win64.o\librdi_runsbase.dll

dbghelp: loaded successfully - version: 4.0.5 - missing functions: none
symbol engine: initialized successfully - sym options: 0x614 - pdb path: .;D:\Vivado\2023.2\bin\unwrapped\win64.o;C:\WINDOWS\SYSTEM32;D:\Vivado\2023.2\lib\win64.o;C:\WINDOWS\WinSxS\amd64_microsoft.windows.common-controls_6595b64144ccf1df_5.82.26100.1882_none_87f34cef7a28f535;D:\Vivado\2023.2\tps\win64\jre17.0.7_7\bin\server;D:\Vivado\2023.2\tps\win64\jre17.0.7_7\bin;C:\WINDOWS\WinSxS\amd64_microsoft.windows.common-controls_6595b64144ccf1df_6.0.26100.2454_none_3e0b68a2e331ad60

VM Arguments:
jvm_args: -Dsun.java2d.pmoffscreen=false -Dhttps.protocols=TLSv1,TLSv1.1,TLSv1.2 -Dsun.java2d.xrender=false -Dsun.java2d.d3d=false -Dsun.awt.nopixfmt=true -Dsun.java2d.dpiaware=true -Dsun.java2d.uiScale.enabled=false -Dswing.aatext=true -XX:-UsePerfData -Djdk.map.althashing.threshold=512 -XX:StringTableSize=4072 -XX:+UseStringDeduplication -XX:MaxGCPauseMillis=200 -XX:+ParallelRefProcEnabled --add-opens=java.desktop/javax.swing.plaf.synth=ALL-UNNAMED --add-opens=java.base/java.nio=ALL-UNNAMED --add-opens=java.desktop/sun.swing=ALL-UNNAMED --add-opens=java.desktop/javax.swing=ALL-UNNAMED --add-opens=java.desktop/javax.swing.tree=ALL-UNNAMED --add-opens=java.desktop/javax.swing.plaf.basic=ALL-UNNAMED --add-opens=java.desktop/javax.swing.plaf.synth=ALL-UNNAMED --add-opens=java.desktop/javax.swing.plaf.basic=ALL-UNNAMED --add-opens=java.desktop/javax.swing=ALL-UNNAMED --add-opens=java.desktop/javax.swing.tree=ALL-UNNAMED --add-opens=java.desktop/java.awt.event=ALL-UNNAMED --add-exports=java.desktop/javax.swing.plaf.synth=ALL-UNNAMED --add-exports=java.base/java.nio=ALL-UNNAMED --add-exports=java.desktop/sun.swing=ALL-UNNAMED --add-exports=java.desktop/javax.swing=ALL-UNNAMED --add-exports=java.desktop/javax.swing.tree=ALL-UNNAMED --add-exports=java.desktop/javax.swing.plaf.basic=ALL-UNNAMED --add-exports=java.desktop/sun.swing=ALL-UNNAMED --add-exports=java.desktop/sun.swing.table=ALL-UNNAMED --add-exports=java.desktop/sun.swing.plaf.synth=ALL-UNNAMED --add-exports=java.desktop/sun.awt.shell=ALL-UNNAMED --add-exports=java.base/sun.security.action=ALL-UNNAMED --add-exports=java.desktop/sun.font=ALL-UNNAMED -XX:NewSize=80m -XX:MaxNewSize=80m -Xms512m -Xmx4072m -Xss10m 
java_command: <unknown>
java_class_path (initial): D:/Vivado/2023.2\lib\classes\alloy.jar;D:/Vivado/2023.2\lib\classes\asm-9.3.jar;D:/Vivado/2023.2\lib\classes\asm-analysis-9.3.jar;D:/Vivado/2023.2\lib\classes\asm-commons-9.3.jar;D:/Vivado/2023.2\lib\classes\asm-tree-9.3.jar;D:/Vivado/2023.2\lib\classes\autoesl-models.jar;D:/Vivado/2023.2\lib\classes\batik-anim.jar;D:/Vivado/2023.2\lib\classes\batik-awt-util.jar;D:/Vivado/2023.2\lib\classes\batik-bridge.jar;D:/Vivado/2023.2\lib\classes\batik-codec.jar;D:/Vivado/2023.2\lib\classes\batik-constants.jar;D:/Vivado/2023.2\lib\classes\batik-css.jar;D:/Vivado/2023.2\lib\classes\batik-dom.jar;D:/Vivado/2023.2\lib\classes\batik-ext.jar;D:/Vivado/2023.2\lib\classes\batik-gui-util.jar;D:/Vivado/2023.2\lib\classes\batik-gvt.jar;D:/Vivado/2023.2\lib\classes\batik-i18n.jar;D:/Vivado/2023.2\lib\classes\batik-parser.jar;D:/Vivado/2023.2\lib\classes\batik-script.jar;D:/Vivado/2023.2\lib\classes\batik-svg-dom.jar;D:/Vivado/2023.2\lib\classes\batik-svggen.jar;D:/Vivado/2023.2\lib\classes\batik-swing.jar;D:/Vivado/2023.2\lib\classes\batik-transcoder.jar;D:/Vivado/2023.2\lib\classes\batik-util.jar;D:/Vivado/2023.2\lib\classes\batik-xml.jar;D:/Vivado/2023.2\lib\classes\com.fasterxml.jackson.core.jackson-annotations_2.12.1.v20210128-1726.jar;D:/Vivado/2023.2\lib\classes\com.fasterxml.jackson.core.jackson-core_2.12.1.v20210128-1726.jar;D:/Vivado/2023.2\lib\classes\com.fasterxml.jackson.core.jackson-databind_2.12.1.v20210128-1726.jar;D:/Vivado/2023.2\lib\classes\com.google.gson_2.8.9.v20220111-1409.jar;D:/Vivado/2023.2\lib\classes\com.google.guava_30.1.0.v20210127-2300.jar;D:/Vivado/2023.2\lib\classes\com.sigasi.hdt.connection_4.17.2.202304211001.jar;D:/Vivado/2023.2\lib\classes\com.sigasi.hdt.epl_4.17.2.202304211001.jar;D:/Vivado/2023.2\lib\classes\com.sigasi.hdt.project_4.17.2.202304211001.jar;D:/Vivado/2023.2\lib\classes\com.sigasi.hdt.readonlyfilesystem_4.17.2.202304211001.jar;D:/Vivado/2023.2\lib\classes\com.sigasi.hdt.shared_4.17.2.202304211001.jar;D:/Vivad
Launcher Type: generic

[Global flags]
     intx CICompilerCount                          = 4                                         {product} {ergonomic}
     uint ConcGCThreads                            = 2                                         {product} {ergonomic}
     uint G1ConcRefinementThreads                  = 8                                         {product} {ergonomic}
   size_t G1HeapRegionSize                         = 2097152                                   {product} {ergonomic}
    uintx GCDrainStackTargetSize                   = 64                                        {product} {ergonomic}
   size_t InitialHeapSize                          = 536870912                                 {product} {command line}
   size_t MarkStackSize                            = 4194304                                   {product} {ergonomic}
    uintx MaxGCPauseMillis                         = 200                                       {product} {command line}
   size_t MaxHeapSize                              = 4269801472                                {product} {command line}
   size_t MaxNewSize                               = 83886080                                  {product} {command line}
   size_t MinHeapDeltaBytes                        = 2097152                                   {product} {ergonomic}
   size_t MinHeapSize                              = 536870912                                 {product} {command line}
   size_t NewSize                                  = 83886080                                  {product} {command line}
    uintx NonNMethodCodeHeapSize                   = 5839372                                {pd product} {ergonomic}
    uintx NonProfiledCodeHeapSize                  = 122909434                              {pd product} {ergonomic}
     bool ParallelRefProcEnabled                   = true                                      {product} {command line}
    uintx ProfiledCodeHeapSize                     = 122909434                              {pd product} {ergonomic}
    uintx ReservedCodeCacheSize                    = 251658240                              {pd product} {ergonomic}
     bool SegmentedCodeCache                       = true                                      {product} {ergonomic}
   size_t SoftMaxHeapSize                          = 4269801472                             {manageable} {ergonomic}
    uintx StringTableSize                          = 4072                                      {product} {command line}
     intx ThreadStackSize                          = 10240                                  {pd product} {command line}
     bool UseCompressedClassPointers               = true                           {product lp64_product} {ergonomic}
     bool UseCompressedOops                        = true                           {product lp64_product} {ergonomic}
     bool UseG1GC                                  = true                                      {product} {ergonomic}
     bool UseLargePagesIndividualAllocation        = false                                  {pd product} {ergonomic}
     bool UsePerfData                              = false                                     {product} {command line}
     bool UseStringDeduplication                   = true                                      {product} {command line}

Logging:
Log output configuration:
 #0: stdout all=warning uptime,level,tags
 #1: stderr all=off uptime,level,tags

Environment Variables:
JAVA_HOME=C:\Users\debab\AppData\Local\Programs\Eclipse Adoptium\jdk-17.0.11.9-hotspot\
PATH=D:/Vivado/2023.2/bin;D:/Vivado/2023.2/tps/win64/java-cef-95.0.4638.69/bin/lib/win64;D:/Vivado/2023.2/tps/win64/javafx-sdk-17.0.1/lib;D:/Vivado/2023.2/tps/win64/javafx-sdk-17.0.1/bin;D:/Vivado/2023.2/lib/win64.o;D:/Vivado/2023.2/tps/win64/jre17.0.7_7/bin/server;D:/Vivado/2023.2/tps/win64/jre17.0.7_7/bin;D:/Vivado/2023.2/ids_lite/ISE/bin/nt64;D:/Vivado/2023.2/ids_lite/ISE/lib/nt64;D:/Vitis_HLS/2023.2/bin;C:\Program Files (x86)\Common Files\Oracle\Java\java8path;C:\Program Files (x86)\Common Files\Oracle\Java\javapath;C:\Python312\Scripts\;C:\Python312\;C:\oraclexe\app\oracle\product\11.2.0\server\bin;C:\ProgramData\Oracle\Java\javapath;C:\Windows\system32;C:\Windows;C:\Windows\System32\Wbem;C:\Windows\System32\WindowsPowerShell\v1.0\;C:\Windows\System32\OpenSSH\;C:\Program Files (x86)\NVIDIA Corporation\PhysX\Common;C:\Program Files\NVIDIA Corporation\NVIDIA NvDLISR;C:\Program Files\PuTTY\;C:\Program Files\nodejs\;C:\ProgramData\chocolatey\bin;C:\Program Files\Git\cmd;C:\Users\debab\AppData\Local\Programs\Eclipse Adoptium\jdk-17.0.11.9-hotspot\bin;C:\Program Files\MySQL\MySQL Shell 8.0\bin\;C:\Users\debab\AppData\Local\Microsoft\WindowsApps;C:\Users\debab\AppData\Local\Programs\Python\Python310;C:\Users\debab\AppData\Local\Programs\Python\Python310\Scripts;C:\Users\debab\AppData\Local\Programs\Microsoft VS Code\bin;C:\Users\debab\AppData\Roaming\npm;;D:/Vivado/2023.2\tps\mingw\6.2.0\win64.o\nt\bin;D:/Vivado/2023.2\tps\mingw\6.2.0\win64.o\nt\libexec\gcc\x86_64-w64-mingw32\6.2.0;D:/Vivado/2023.2\tps\win64\python-3.8.3;D:/Vivado/2023.2\tps\win64\python-3.8.3\bin;D:/Vivado/2023.2\tps\win64\python-3.8.3\lib;D:/Vivado/2023.2\tps\win64\python-3.8.3\lib\site-packages
USERNAME=debab
OS=Windows_NT
PROCESSOR_IDENTIFIER=Intel64 Family 6 Model 165 Stepping 2, GenuineIntel
TMP=C:\Users\debab\AppData\Local\Temp
TEMP=C:\Users\debab\AppData\Local\Temp



---------------  S Y S T E M  ---------------

OS:
 Windows 11 , 64 bit Build 26100 (10.0.26100.2454)
OS uptime: 0 days 16:21 hours
Hyper-V role detected

CPU: total 8 (initial active 8) (4 cores per cpu, 2 threads per core) family 6 model 165 stepping 2 microcode 0xe2, cx8, cmov, fxsr, ht, mmx, 3dnowpref, sse, sse2, sse3, ssse3, sse4.1, sse4.2, popcnt, lzcnt, tsc, tscinvbit, avx, avx2, aes, erms, clmul, bmi1, bmi2, adx, fma, vzeroupper, clflush, clflushopt, hv

Memory: 4k page, system-wide physical 8023M (877M free)
TotalPageFile size 19799M (AvailPageFile size 6629M)
current process WorkingSet (physical memory assigned to process): 1278M, peak: 1278M
current process commit charge ("private bytes"): 2614M, peak: 2614M

vm_info: OpenJDK 64-Bit Server VM (17.0.7+7) for windows-amd64 JRE (17.0.7+7), built on Apr 18 2023 22:10:42 by "temurin" with MS VC++ 16.7 (VS2019)

END.
