#
# A fatal error has been detected by the Java Runtime Environment:
#
#  EXCEPTION_ACCESS_VIOLATION (0xc0000005) at pc=0x00007ffa05dbd61f, pid=4400, tid=11644
#
# JRE version: OpenJDK Runtime Environment Temurin-17.0.7+7 (17.0.7+7) (build 17.0.7+7)
# Java VM: OpenJDK 64-Bit Server VM Temurin-17.0.7+7 (17.0.7+7, mixed mode, sharing, tiered, compressed oops, compressed class ptrs, g1 gc, windows-amd64)
# Problematic frame:
# C  0x00007ffa05dbd61f
#
# No core dump will be written. Minidumps are not enabled by default on client versions of Windows
#
# If you would like to submit a bug report, please visit:
#   https://github.com/adoptium/adoptium-support/issues
# The crash happened outside the Java Virtual Machine in native code.
# See problematic frame for where to report the bug.
#

---------------  S U M M A R Y ------------

Command Line: -Dsun.java2d.pmoffscreen=false -Dhttps.protocols=TLSv1,TLSv1.1,TLSv1.2 -Dsun.java2d.xrender=false -Dsun.java2d.d3d=false -Dsun.awt.nopixfmt=true -Dsun.java2d.dpiaware=true -Dsun.java2d.uiScale.enabled=false -Dswing.aatext=true -XX:-UsePerfData -Djdk.map.althashing.threshold=512 -XX:StringTableSize=4072 -XX:+UseStringDeduplication -XX:MaxGCPauseMillis=200 -XX:+ParallelRefProcEnabled --add-opens=java.desktop/javax.swing.plaf.synth=ALL-UNNAMED --add-opens=java.base/java.nio=ALL-UNNAMED --add-opens=java.desktop/sun.swing=ALL-UNNAMED --add-opens=java.desktop/javax.swing=ALL-UNNAMED --add-opens=java.desktop/javax.swing.tree=ALL-UNNAMED --add-opens=java.desktop/javax.swing.plaf.basic=ALL-UNNAMED --add-opens=java.desktop/javax.swing.plaf.synth=ALL-UNNAMED --add-opens=java.desktop/javax.swing.plaf.basic=ALL-UNNAMED --add-opens=java.desktop/javax.swing=ALL-UNNAMED --add-opens=java.desktop/javax.swing.tree=ALL-UNNAMED --add-opens=java.desktop/java.awt.event=ALL-UNNAMED --add-exports=java.desktop/javax.swing.plaf.synth=ALL-UNNAMED --add-exports=java.base/java.nio=ALL-UNNAMED --add-exports=java.desktop/sun.swing=ALL-UNNAMED --add-exports=java.desktop/javax.swing=ALL-UNNAMED --add-exports=java.desktop/javax.swing.tree=ALL-UNNAMED --add-exports=java.desktop/javax.swing.plaf.basic=ALL-UNNAMED --add-exports=java.desktop/sun.swing=ALL-UNNAMED --add-exports=java.desktop/sun.swing.table=ALL-UNNAMED --add-exports=java.desktop/sun.swing.plaf.synth=ALL-UNNAMED --add-exports=java.desktop/sun.awt.shell=ALL-UNNAMED --add-exports=java.base/sun.security.action=ALL-UNNAMED --add-exports=java.desktop/sun.font=ALL-UNNAMED -XX:NewSize=80m -XX:MaxNewSize=80m -Xms512m -Xmx4072m -Xss10m 

Host: Intel(R) Core(TM) i5-10300H CPU @ 2.50GHz, 8 cores, 7G,  Windows 11 , 64 bit Build 26100 (10.0.26100.3775)
Time: Sat Apr 12 10:01:52 2025 India Standard Time elapsed time: 933.788514 seconds (0d 0h 15m 33s)

---------------  T H R E A D  ---------------

Current thread (0x0000020f55c8d420):  JavaThread "AWT-EventQueue-0" [_thread_in_native, id=11644, stack(0x000000bade400000,0x000000badee00000)]

Stack: [0x000000bade400000,0x000000badee00000],  sp=0x000000badedfca98,  free space=10226k
Native frames: (J=compiled Java code, j=interpreted, Vv=VM code, C=native code)
C  0x00007ffa05dbd61f

Java frames: (J=compiled Java code, j=interpreted, Vv=VM code)
j  ui.views.waveform.waveformi.WVExecutive_getValueDataSize(J)J+0
j  ui.views.waveform.executive.a.kYC()Lui/views/waveform/executive/protobuf/WVNameValue$WVValueTreeMessage;+4
j  ui.views.waveform.g.D.laE()[Ljava/lang/String;+7
j  ui.views.waveform.g.D.Kp(Z)V+22
j  ui.views.waveform.g.u.Kp(Z)V+16
j  ui.views.waveform.a.Kq(Z)V+5
j  ui.views.waveform.a.Kp(Z)V+20
j  ui.views.waveform.u.aS(ZZ)V+30
J 19004 c1 ui.views.waveform.d.b.j(Lui/frmwork/a/k;)V (605 bytes) @ 0x0000020f36efeb7c [0x0000020f36ef86a0+0x00000000000064dc]
J 19003 c1 ui.views.waveform.u.handleTclEvent(Lui/frmwork/a/k;)V (17 bytes) @ 0x0000020f36ef759c [0x0000020f36ef74c0+0x00000000000000dc]
J 18445 c2 ui.frmwork.a.m.c(Lui/frmwork/a/k;)V (61 bytes) @ 0x0000020f3dae8abc [0x0000020f3dae8560+0x000000000000055c]
J 18448 c2 ui.frmwork.F.i(JZ)V (471 bytes) @ 0x0000020f3daeb8a4 [0x0000020f3daeaf00+0x00000000000009a4]
J 18999 c1 ui.frmwork.F.fireTclEvent(J)I (113 bytes) @ 0x0000020f36ef3f2c [0x0000020f36ef35e0+0x000000000000094c]
v  ~StubRoutines::call_stub
J 19007  ui.views.waveform.waveformi.WVExecutive_processModelEvent(JJ)V (0 bytes) @ 0x0000020f3dbcb26c [0x0000020f3dbcb220+0x000000000000004c]
J 19006 c1 ui.views.waveform.executive.a.fU(J)V (9 bytes) @ 0x0000020f36f05114 [0x0000020f36f050a0+0x0000000000000074]
j  ui.views.waveform.d.b.fS(J)V+8
J 19004 c1 ui.views.waveform.d.b.j(Lui/frmwork/a/k;)V (605 bytes) @ 0x0000020f36eff884 [0x0000020f36ef86a0+0x00000000000071e4]
J 19003 c1 ui.views.waveform.u.handleTclEvent(Lui/frmwork/a/k;)V (17 bytes) @ 0x0000020f36ef759c [0x0000020f36ef74c0+0x00000000000000dc]
J 18445 c2 ui.frmwork.a.m.c(Lui/frmwork/a/k;)V (61 bytes) @ 0x0000020f3dae8abc [0x0000020f3dae8560+0x000000000000055c]
J 18448 c2 ui.frmwork.F.i(JZ)V (471 bytes) @ 0x0000020f3daeb8a4 [0x0000020f3daeaf00+0x00000000000009a4]
J 19001 c1 ui.frmwork.F.dv(J)V (15 bytes) @ 0x0000020f36ef5eec [0x0000020f36ef5e60+0x000000000000008c]
J 19000 c1 ui.frmwork.F$$Lambda$220+0x000000080172e1a8.run()V (12 bytes) @ 0x0000020f36ef5ac4 [0x0000020f36ef5a40+0x0000000000000084]
J 13874 c2 java.awt.EventQueue.dispatchEvent(Ljava/awt/AWTEvent;)V java.desktop@17.0.7 (80 bytes) @ 0x0000020f3d60a680 [0x0000020f3d609aa0+0x0000000000000be0]
J 17561 c2 java.awt.EventDispatchThread.pumpOneEventForFilters(I)V java.desktop@17.0.7 (113 bytes) @ 0x0000020f3da34ef0 [0x0000020f3da34120+0x0000000000000dd0]
j  java.awt.EventDispatchThread.pumpEventsForFilter(ILjava/awt/Conditional;Ljava/awt/EventFilter;)V+35 java.desktop@17.0.7
j  java.awt.EventDispatchThread.pumpEventsForHierarchy(ILjava/awt/Conditional;Ljava/awt/Component;)V+11 java.desktop@17.0.7
j  java.awt.EventDispatchThread.pumpEvents(ILjava/awt/Conditional;)V+4 java.desktop@17.0.7
j  java.awt.EventDispatchThread.pumpEvents(Ljava/awt/Conditional;)V+3 java.desktop@17.0.7
j  java.awt.EventDispatchThread.run()V+9 java.desktop@17.0.7
v  ~StubRoutines::call_stub

siginfo: EXCEPTION_ACCESS_VIOLATION (0xc0000005), reading address 0x0000000000000010


Register to memory mapping:

RIP=0x00007ffa05dbd61f points into unknown readable memory: 83
RAX=0x0 is NULL
RBX=0x000000badedfccd8 is pointing into the stack for thread: 0x0000020f55c8d420
RCX=0x0000020f790497e0 points into unknown readable memory: 0x0000000000000000 | 00 00 00 00 00 00 00 00
RDX=0x0 is NULL
RSP=0x000000badedfca98 is pointing into the stack for thread: 0x0000020f55c8d420
RBP=0x0000020f790497e0 points into unknown readable memory: 0x0000000000000000 | 00 00 00 00 00 00 00 00
RSI=0x0000020f7527a710 points into unknown readable memory: 0x00000000000454a6 | a6 54 04 00 00 00 00 00
RDI=0x000000badedfccc0 is pointing into the stack for thread: 0x0000020f55c8d420
R8 =0x0000020f22582c40 points into unknown readable memory: 0x0000020f22580cf0 | f0 0c 58 22 0f 02 00 00
R9 =0x0000000000000040 is an unknown value
R10=0x0000020f22580000 points into unknown readable memory: 0x0000000000000000 | 00 00 00 00 00 00 00 00
R11=0x00007ffa6f8116d1 VCRUNTIME140.dll
R12=0x000000badedfcb38 is pointing into the stack for thread: 0x0000020f55c8d420
R13=0x000000badedfcd00 is pointing into the stack for thread: 0x0000020f55c8d420
R14=0x0000000000000001 is an unknown value
R15=0x0000020f65eb1978 points into unknown readable memory: 0x0000020f5de1ed00 | 00 ed e1 5d 0f 02 00 00


Registers:
RAX=0x0000000000000000, RBX=0x000000badedfccd8, RCX=0x0000020f790497e0, RDX=0x0000000000000000
RSP=0x000000badedfca98, RBP=0x0000020f790497e0, RSI=0x0000020f7527a710, RDI=0x000000badedfccc0
R8 =0x0000020f22582c40, R9 =0x0000000000000040, R10=0x0000020f22580000, R11=0x00007ffa6f8116d1
R12=0x000000badedfcb38, R13=0x000000badedfcd00, R14=0x0000000000000001, R15=0x0000020f65eb1978
RIP=0x00007ffa05dbd61f, EFLAGS=0x0000000000010246

Top of Stack: (sp=0x000000badedfca98)
0x000000badedfca98:   00007ffa05d9d981 000000badedfccd8
0x000000badedfcaa8:   0000020f79049160 0000020f7527a710
0x000000badedfcab8:   000000badedfcda0 0000000000000512
0x000000badedfcac8:   000000badedfcda0 000000badedfcd60
0x000000badedfcad8:   00000000000454a0 0000000000000002
0x000000badedfcae8:   00007ff9ba14bf7a 000000badedfcb50
0x000000badedfcaf8:   0000020f790497e0 0000020f73ef7560
0x000000badedfcb08:   00000000000454a2 00000000000454a6
0x000000badedfcb18:   0000000000000002 fffffffffffffffe
0x000000badedfcb28:   00000000000454a0 0000c73a00000008
0x000000badedfcb38:   0000020f7527a700 0000020f7527a720
0x000000badedfcb48:   0000020f7527a720 0000020f65eb1960
0x000000badedfcb58:   000000badedfce68 000000badedfcda0
0x000000badedfcb68:   000000badedfcd60 0000000000000c60
0x000000badedfcb78:   00007ff9ba14bd50 0000000000040000
0x000000badedfcb88:   000000000000074d 0000000000000002 

Instructions: (pc=0x00007ffa05dbd61f)
0x00007ffa05dbd51f:   c8 e9 6b ff ff ff cc cc cc cc cc cc cc cc cc cc
0x00007ffa05dbd52f:   cc 48 89 5c 24 10 56 48 8b 99 f8 00 00 00 33 f6
0x00007ffa05dbd53f:   89 b1 f0 00 00 00 48 85 db 74 78 44 8b 43 10 8b
0x00007ffa05dbd54f:   c6 41 83 e8 01 48 89 7c 24 10 44 8b ce 40 0f b6
0x00007ffa05dbd55f:   fe 78 34 4c 8b 59 20 66 66 0f 1f 84 00 00 00 00
0x00007ffa05dbd56f:   00 43 8d 04 08 99 2b c2 d1 f8 4c 3b 5c c3 18 7e
0x00007ffa05dbd57f:   06 44 8d 48 01 eb 06 7d 0b 44 8d 40 ff 45 3b c8
0x00007ffa05dbd58f:   7e df eb 03 40 b7 01 40 84 ff 48 8b 7c 24 10 74
0x00007ffa05dbd59f:   0d 89 81 f0 00 00 00 48 8b 5c 24 18 5e c3 45 3b
0x00007ffa05dbd5af:   c8 45 0f 4c c1 45 85 c0 44 0f 48 c6 44 89 81 f0
0x00007ffa05dbd5bf:   00 00 00 48 8b 5c 24 18 5e c3 cc cc cc cc cc cc
0x00007ffa05dbd5cf:   cc 83 79 38 ff 0f 95 c0 c3 cc cc cc cc cc cc cc
0x00007ffa05dbd5df:   cc 8b 51 5c 85 d2 74 43 83 ea 01 74 3b 83 ea 01
0x00007ffa05dbd5ef:   74 2a 83 fa 01 75 34 48 8b 49 68 80 b9 49 48 00
0x00007ffa05dbd5ff:   00 00 74 06 83 79 30 00 75 1e 48 8b 81 68 48 00
0x00007ffa05dbd60f:   00 48 39 81 60 48 00 00 0f 94 c0 c3 48 8b 41 60
0x00007ffa05dbd61f:   83 78 10 00 0f 94 c0 c3 32 c0 c3 b0 01 c3 cc cc
0x00007ffa05dbd62f:   cc 40 53 48 83 ec 20 48 8b d9 e8 42 fd ff ff 48
0x00007ffa05dbd63f:   8b 43 40 48 39 43 38 74 2c 48 8b c8 48 8b 43 30
0x00007ffa05dbd64f:   48 85 c0 7e 0e 48 8b 51 d8 48 85 d2 7e 05 48 3b
0x00007ffa05dbd65f:   c2 7d 2e 8b 41 f8 3b 41 e8 74 0a 48 8b 94 c1 d8
0x00007ffa05dbd66f:   bf ff ff eb 02 33 d2 48 8b 4b 08 4c 8d 43 50 41
0x00007ffa05dbd67f:   b9 20 48 00 00 48 8b 01 48 83 c4 20 5b 48 ff 60
0x00007ffa05dbd68f:   10 48 83 c4 20 5b c3 cc cc cc cc cc cc cc cc cc
0x00007ffa05dbd69f:   cc 40 57 48 83 ec 20 80 79 59 00 48 8b f9 0f 85
0x00007ffa05dbd6af:   86 01 00 00 8b 81 f0 00 00 00 ff c0 89 81 f0 00
0x00007ffa05dbd6bf:   00 00 48 8b 89 f8 00 00 00 48 85 c9 74 0d 84 d2
0x00007ffa05dbd6cf:   75 09 3b 41 10 0f 82 5f 01 00 00 48 89 5c 24 30
0x00007ffa05dbd6df:   48 89 74 24 38 48 8d b7 00 01 00 00 48 8b ce c6
0x00007ffa05dbd6ef:   47 59 01 48 c7 87 f8 00 00 00 00 00 00 00 c7 87
0x00007ffa05dbd6ff:   f0 00 00 00 00 00 00 00 e8 74 fc ff ff 48 8b 46
0x00007ffa05dbd70f:   40 48 39 46 38 74 46 48 8b c8 0f 1f 80 00 00 00 


Stack slot to memory mapping:
stack at sp + 0 slots: 0x00007ffa05d9d981 points into unknown readable memory: 84 c0 0f 84 85 00 00
stack at sp + 1 slots: 0x000000badedfccd8 is pointing into the stack for thread: 0x0000020f55c8d420
stack at sp + 2 slots: 0x0000020f79049160 points into unknown readable memory: 0x0000000000000000 | 00 00 00 00 00 00 00 00
stack at sp + 3 slots: 0x0000020f7527a710 points into unknown readable memory: 0x00000000000454a6 | a6 54 04 00 00 00 00 00
stack at sp + 4 slots: 0x000000badedfcda0 is pointing into the stack for thread: 0x0000020f55c8d420
stack at sp + 5 slots: 0x0000000000000512 is an unknown value
stack at sp + 6 slots: 0x000000badedfcda0 is pointing into the stack for thread: 0x0000020f55c8d420
stack at sp + 7 slots: 0x000000badedfcd60 is pointing into the stack for thread: 0x0000020f55c8d420


---------------  P R O C E S S  ---------------

Threads class SMR info:
_java_thread_list=0x0000020f976ba4d0, length=47, elements={
0x0000020f2ce9c760, 0x0000020f2d581c60, 0x0000020f2d582520, 0x0000020f2d598fd0,
0x0000020f2d599890, 0x0000020f2d59ad60, 0x0000020f2d5a26d0, 0x0000020f2d59f260,
0x0000020f2d59fb60, 0x0000020f2d5acfd0, 0x0000020f540c9700, 0x0000020f540cec10,
0x0000020f5464ee90, 0x0000020f54c8b310, 0x0000020f54d1e220, 0x0000020f547174c0,
0x0000020f55c8d420, 0x0000020f56c99fe0, 0x0000020f56c9b320, 0x0000020f56c97e30,
0x0000020f56c98ca0, 0x0000020f58609250, 0x0000020f5860a0c0, 0x0000020f5860e420,
0x0000020f5860c270, 0x0000020f5e9985c0, 0x0000020f67541740, 0x0000020f67544290,
0x0000020f675420e0, 0x0000020f675455d0, 0x0000020f67542f50, 0x0000020f67545aa0,
0x0000020f675425b0, 0x0000020f67542a80, 0x0000020f67543420, 0x0000020f6bed3870,
0x0000020f6bed4210, 0x0000020f6bed2060, 0x0000020f6bed2530, 0x0000020f6bed63c0,
0x0000020f6bed98b0, 0x0000020f6bed7700, 0x0000020f6bed2ed0, 0x0000020f6bedc8d0,
0x0000020f6bedabf0, 0x0000020f6bed7230, 0x0000020f6bed80a0
}

Java Threads: ( => current thread )
  0x0000020f2ce9c760 JavaThread "main" [_thread_blocked, id=18348, stack(0x000000bad5600000,0x000000bad5700000)]
  0x0000020f2d581c60 JavaThread "Reference Handler" daemon [_thread_blocked, id=9432, stack(0x000000bad5e00000,0x000000bad6800000)]
  0x0000020f2d582520 JavaThread "Finalizer" daemon [_thread_blocked, id=10856, stack(0x000000bad6800000,0x000000bad7200000)]
  0x0000020f2d598fd0 JavaThread "Signal Dispatcher" daemon [_thread_blocked, id=8256, stack(0x000000bad7200000,0x000000bad7c00000)]
  0x0000020f2d599890 JavaThread "Attach Listener" daemon [_thread_blocked, id=17740, stack(0x000000bad7c00000,0x000000bad8600000)]
  0x0000020f2d59ad60 JavaThread "Service Thread" daemon [_thread_blocked, id=18204, stack(0x000000bad8600000,0x000000bad9000000)]
  0x0000020f2d5a26d0 JavaThread "Monitor Deflation Thread" daemon [_thread_blocked, id=3220, stack(0x000000bad9000000,0x000000bad9a00000)]
  0x0000020f2d59f260 JavaThread "C2 CompilerThread0" daemon [_thread_blocked, id=12084, stack(0x000000bad9a00000,0x000000bad9b00000)]
  0x0000020f2d59fb60 JavaThread "C1 CompilerThread0" daemon [_thread_blocked, id=9708, stack(0x000000bad9b00000,0x000000bad9c00000)]
  0x0000020f2d5acfd0 JavaThread "Sweeper thread" daemon [_thread_blocked, id=6112, stack(0x000000bad9c00000,0x000000bada600000)]
  0x0000020f540c9700 JavaThread "Common-Cleaner" daemon [_thread_blocked, id=6284, stack(0x000000bada700000,0x000000badb100000)]
  0x0000020f540cec10 JavaThread "Notification Thread" daemon [_thread_blocked, id=12372, stack(0x000000badb100000,0x000000badbb00000)]
  0x0000020f5464ee90 JavaThread "Java2D Disposer" daemon [_thread_blocked, id=17596, stack(0x000000badbc00000,0x000000badc600000)]
  0x0000020f54c8b310 JavaThread "AWT-Windows" daemon [_thread_in_native, id=4492, stack(0x000000badd000000,0x000000badda00000)]
  0x0000020f54d1e220 JavaThread "TimerQueue" daemon [_thread_blocked, id=1284, stack(0x000000badc600000,0x000000badd000000)]
  0x0000020f547174c0 JavaThread "AWT-Shutdown" [_thread_blocked, id=13784, stack(0x000000badda00000,0x000000bade400000)]
=>0x0000020f55c8d420 JavaThread "AWT-EventQueue-0" [_thread_in_native, id=11644, stack(0x000000bade400000,0x000000badee00000)]
  0x0000020f56c99fe0 JavaThread "Thread-1" [_thread_in_native, id=16648, stack(0x000000bad3c00000,0x000000bad5000000)]
  0x0000020f56c9b320 JavaThread "Process Messages Thread" [_thread_blocked, id=14852, stack(0x000000bae0b00000,0x000000bae1500000)]
  0x0000020f56c97e30 JavaThread "Batik CleanerThread" daemon [_thread_blocked, id=15784, stack(0x000000bae0000000,0x000000bae0a00000)]
  0x0000020f56c98ca0 JavaThread "SyntheticaCleanerThread" daemon [_thread_blocked, id=9720, stack(0x000000bae2000000,0x000000bae2a00000)]
  0x0000020f58609250 JavaThread "Timer-0" [_thread_blocked, id=9624, stack(0x000000bae3500000,0x000000bae3f00000)]
  0x0000020f5860a0c0 JavaThread "Monitor File Timestamp Swing Worker Thread" [_thread_blocked, id=16608, stack(0x000000bae3f00000,0x000000bae4900000)]
  0x0000020f5860e420 JavaThread "Monitor HEventQueue Thread" [_thread_blocked, id=15384, stack(0x000000bae4900000,0x000000bae5300000)]
  0x0000020f5860c270 JavaThread "SyntheticaAnimation 50" daemon [_thread_blocked, id=1612, stack(0x000000bae5300000,0x000000bae5d00000)]
  0x0000020f5e9985c0 JavaThread "SyntheticaAnimation 25" daemon [_thread_blocked, id=17508, stack(0x000000bae5e00000,0x000000bae6800000)]
  0x0000020f67541740 JavaThread "SyntheticaAnimation 70" daemon [_thread_blocked, id=2084, stack(0x000000bae1600000,0x000000bae2000000)]
  0x0000020f67544290 JavaThread "Refresh Filesets Swing Worker Thread" [_thread_blocked, id=13396, stack(0x000000bae2a00000,0x000000bae3400000)]
  0x0000020f675420e0 JavaThread "hw_ila_monitor" [_thread_blocked, id=13788, stack(0x000000bae6800000,0x000000bae7200000)]
  0x0000020f675455d0 JavaThread "pool-2-thread-1" [_thread_blocked, id=8752, stack(0x000000bae8600000,0x000000bae9000000)]
  0x0000020f67542f50 JavaThread "Timer-1" [_thread_blocked, id=13700, stack(0x000000bae9000000,0x000000bae9a00000)]
  0x0000020f67545aa0 JavaThread "pool-3-thread-1" [_thread_blocked, id=7140, stack(0x000000bae9a00000,0x000000baea400000)]
  0x0000020f675425b0 JavaThread "Timer-2" [_thread_blocked, id=12856, stack(0x000000baea400000,0x000000baeae00000)]
  0x0000020f67542a80 JavaThread "pool-4-thread-1" [_thread_blocked, id=18184, stack(0x000000baeae00000,0x000000baeb800000)]
  0x0000020f67543420 JavaThread "Timer-3" [_thread_blocked, id=13168, stack(0x000000baeb800000,0x000000baec200000)]
  0x0000020f6bed3870 JavaThread "Update Runs Swing Worker Thread" [_thread_blocked, id=16040, stack(0x000000baecc00000,0x000000baed600000)]
  0x0000020f6bed4210 JavaThread "SyntheticaAnimation 50" daemon [_thread_blocked, id=3416, stack(0x000000badf500000,0x000000badff00000)]
  0x0000020f6bed2060 JavaThread "Image Animator 3" daemon [_thread_blocked, id=2396, stack(0x000000bae7200000,0x000000bae7c00000)]
  0x0000020f6bed2530 JavaThread "Timer-4" [_thread_blocked, id=14044, stack(0x000000bae7c00000,0x000000bae8600000)]
  0x0000020f6bed63c0 JavaThread "Monitor File Timestamp Swing Worker Thread" [_thread_blocked, id=10328, stack(0x000000baec200000,0x000000baecc00000)]
  0x0000020f6bed98b0 JavaThread "Timer-6" [_thread_blocked, id=17148, stack(0x000000baefe00000,0x000000baf0800000)]
  0x0000020f6bed7700 JavaThread "Monitor File Timestamp Swing Worker Thread" [_thread_blocked, id=7020, stack(0x000000baf0800000,0x000000baf1200000)]
  0x0000020f6bed2ed0 JavaThread "Timer-10" [_thread_blocked, id=8768, stack(0x000000baeea00000,0x000000baef400000)]
  0x0000020f6bedc8d0 JavaThread "Monitor File Timestamp Swing Worker Thread" [_thread_blocked, id=5500, stack(0x000000baef400000,0x000000baefe00000)]
  0x0000020f6bedabf0 JavaThread "Timer-12" [_thread_blocked, id=17248, stack(0x000000baf1200000,0x000000baf1c00000)]
  0x0000020f6bed7230 JavaThread "Monitor File Timestamp Swing Worker Thread" [_thread_blocked, id=18192, stack(0x000000baf3000000,0x000000baf3a00000)]
  0x0000020f6bed80a0 JavaThread "Run Simulation Thread" [_thread_blocked, id=7200, stack(0x000000baed700000,0x000000baee100000)]

Other Threads:
  0x0000020f2c334c20 VMThread "VM Thread" [stack: 0x000000bad5d00000,0x000000bad5e00000] [id=6300]
  0x0000020f298797c0 WatcherThread [stack: 0x000000badbb00000,0x000000badbc00000] [id=16656]
  0x0000020f2be666b0 GCTaskThread "GC Thread#0" [stack: 0x000000bad5700000,0x000000bad5800000] [id=6660]
  0x0000020f2be686f0 GCTaskThread "GC Thread#1" [stack: 0x000000bada600000,0x000000bada700000] [id=17264]
  0x0000020f2be67c30 GCTaskThread "GC Thread#2" [stack: 0x000000badee00000,0x000000badef00000] [id=16872]
  0x0000020f2be68c50 GCTaskThread "GC Thread#3" [stack: 0x000000badef00000,0x000000badf000000] [id=1148]
  0x0000020f2be66150 GCTaskThread "GC Thread#4" [stack: 0x000000badf000000,0x000000badf100000] [id=16552]
  0x0000020f2be66400 GCTaskThread "GC Thread#5" [stack: 0x000000badf100000,0x000000badf200000] [id=9808]
  0x0000020f2be67ee0 GCTaskThread "GC Thread#6" [stack: 0x000000badf200000,0x000000badf300000] [id=14764]
  0x0000020f2be68f00 GCTaskThread "GC Thread#7" [stack: 0x000000badf300000,0x000000badf400000] [id=1692]
  0x0000020f2c3342e0 ConcurrentGCThread "G1 Main Marker" [stack: 0x000000bad5800000,0x000000bad5900000] [id=5876]
  0x0000020f2be65690 ConcurrentGCThread "G1 Conc#0" [stack: 0x000000bad5900000,0x000000bad5a00000] [id=18008]
  0x0000020f2be69710 ConcurrentGCThread "G1 Conc#1" [stack: 0x000000bae0a00000,0x000000bae0b00000] [id=4012]
  0x0000020f2c2b8670 ConcurrentGCThread "G1 Refine#0" [stack: 0x000000bad5a00000,0x000000bad5b00000] [id=10444]
  0x0000020f2c2b8f10 ConcurrentGCThread "G1 Refine#1" [stack: 0x000000badf400000,0x000000badf500000] [id=17136]
  0x0000020f2c2bb750 ConcurrentGCThread "G1 Refine#2" [stack: 0x000000bae1500000,0x000000bae1600000] [id=9240]
  0x0000020f27dcbc00 ConcurrentGCThread "G1 Service" [stack: 0x000000bad5b00000,0x000000bad5c00000] [id=5156]
  0x0000020f2be68440 ConcurrentGCThread "StringDedupProcessor" [stack: 0x000000bad5c00000,0x000000bad5d00000] [id=7088]

Threads with active compile tasks:

VM state: not at safepoint (normal execution)

VM Mutex/Monitor currently owned by a thread: None

Heap address: 0x0000000701800000, size: 4072 MB, Compressed Oops mode: Zero based, Oop shift amount: 3

CDS archive(s) mapped at: [0x0000000800000000-0x0000000800bc0000-0x0000000800bc0000), size 12320768, SharedBaseAddress: 0x0000000800000000, ArchiveRelocationMode: 0.
Compressed class space mapped at: 0x0000000801000000-0x0000000841000000, reserved size: 1073741824
Narrow klass base: 0x0000000800000000, Narrow klass shift: 0, Narrow klass range: 0x100000000

GC Precious Log:
 CPUs: 8 total, 8 available
 Memory: 8023M
 Large Page Support: Disabled
 NUMA Support: Disabled
 Compressed Oops: Enabled (Zero based)
 Heap Region Size: 2M
 Heap Min Capacity: 512M
 Heap Initial Capacity: 512M
 Heap Max Capacity: 4072M
 Pre-touch: Disabled
 Parallel Workers: 8
 Concurrent Workers: 2
 Concurrent Refinement Workers: 8
 Periodic GC: Disabled
 String Deduplication is enabled

Heap:
 garbage-first heap   total 593920K, used 195977K [0x0000000701800000, 0x0000000800000000)
  region size 2048K, 1 young (2048K), 0 survivors (0K)
 Metaspace       used 86110K, committed 86848K, reserved 1179648K
  class space    used 11884K, committed 12224K, reserved 1048576K

Heap Regions: E=young(eden), S=young(survivor), O=old, HS=humongous(starts), HC=humongous(continues), CS=collection set, F=free, OA=open archive, CA=closed archive, TAMS=top-at-mark-start (previous, next)
|   0|0x0000000701800000, 0x0000000701a00000, 0x0000000701a00000|100%|HS|  |TAMS 0x0000000701a00000, 0x0000000701800000| Untracked 
|   1|0x0000000701a00000, 0x0000000701c00000, 0x0000000701c00000|100%| O|  |TAMS 0x0000000701c00000, 0x0000000701a00000| Untracked 
|   2|0x0000000701c00000, 0x0000000701e00000, 0x0000000701e00000|100%| O|  |TAMS 0x0000000701e00000, 0x0000000701c00000| Untracked 
|   3|0x0000000701e00000, 0x0000000702000000, 0x0000000702000000|100%| O|  |TAMS 0x0000000702000000, 0x0000000701e00000| Untracked 
|   4|0x0000000702000000, 0x00000007021fffe0, 0x0000000702200000| 99%| O|  |TAMS 0x00000007021fffe0, 0x0000000702000000| Untracked 
|   5|0x0000000702200000, 0x00000007023ffff8, 0x0000000702400000| 99%| O|  |TAMS 0x00000007023ffff8, 0x0000000702200000| Untracked 
|   6|0x0000000702400000, 0x0000000702600000, 0x0000000702600000|100%| O|  |TAMS 0x0000000702600000, 0x0000000702400000| Untracked 
|   7|0x0000000702600000, 0x0000000702800000, 0x0000000702800000|100%| O|  |TAMS 0x0000000702800000, 0x0000000702600000| Untracked 
|   8|0x0000000702800000, 0x00000007029f2038, 0x0000000702a00000| 97%| O|  |TAMS 0x00000007029f2038, 0x0000000702800000| Untracked 
|   9|0x0000000702a00000, 0x0000000702bfff88, 0x0000000702c00000| 99%| O|  |TAMS 0x0000000702bfff88, 0x0000000702a00000| Untracked 
|  10|0x0000000702c00000, 0x0000000702dffff8, 0x0000000702e00000| 99%| O|  |TAMS 0x0000000702dffff8, 0x0000000702c00000| Untracked 
|  11|0x0000000702e00000, 0x0000000702fffff0, 0x0000000703000000| 99%| O|  |TAMS 0x0000000702fffff0, 0x0000000702e00000| Untracked 
|  12|0x0000000703000000, 0x00000007031ffff0, 0x0000000703200000| 99%| O|  |TAMS 0x00000007031ffff0, 0x0000000703000000| Untracked 
|  13|0x0000000703200000, 0x00000007033ffff8, 0x0000000703400000| 99%| O|  |TAMS 0x00000007033ffff8, 0x0000000703200000| Untracked 
|  14|0x0000000703400000, 0x00000007035ffcb0, 0x0000000703600000| 99%| O|  |TAMS 0x00000007035ffcb0, 0x0000000703400000| Untracked 
|  15|0x0000000703600000, 0x00000007037ffff0, 0x0000000703800000| 99%| O|  |TAMS 0x00000007037ffff0, 0x0000000703600000| Untracked 
|  16|0x0000000703800000, 0x0000000703a00000, 0x0000000703a00000|100%|HS|  |TAMS 0x0000000703a00000, 0x0000000703800000| Untracked 
|  17|0x0000000703a00000, 0x0000000703c00000, 0x0000000703c00000|100%|HC|  |TAMS 0x0000000703c00000, 0x0000000703a00000| Untracked 
|  18|0x0000000703c00000, 0x0000000703e00000, 0x0000000703e00000|100%|HC|  |TAMS 0x0000000703e00000, 0x0000000703c00000| Untracked 
|  19|0x0000000703e00000, 0x0000000704000000, 0x0000000704000000|100%|HC|  |TAMS 0x0000000704000000, 0x0000000703e00000| Untracked 
|  20|0x0000000704000000, 0x0000000704200000, 0x0000000704200000|100%|HC|  |TAMS 0x0000000704200000, 0x0000000704000000| Untracked 
|  21|0x0000000704200000, 0x0000000704400000, 0x0000000704400000|100%|HC|  |TAMS 0x0000000704400000, 0x0000000704200000| Untracked 
|  22|0x0000000704400000, 0x0000000704600000, 0x0000000704600000|100%|HS|  |TAMS 0x0000000704600000, 0x0000000704400000| Untracked 
|  23|0x0000000704600000, 0x0000000704800000, 0x0000000704800000|100%|HC|  |TAMS 0x0000000704800000, 0x0000000704600000| Untracked 
|  24|0x0000000704800000, 0x0000000704a00000, 0x0000000704a00000|100%|HC|  |TAMS 0x0000000704a00000, 0x0000000704800000| Untracked 
|  25|0x0000000704a00000, 0x0000000704c00000, 0x0000000704c00000|100%|HC|  |TAMS 0x0000000704c00000, 0x0000000704a00000| Untracked 
|  26|0x0000000704c00000, 0x0000000704dffff0, 0x0000000704e00000| 99%| O|  |TAMS 0x0000000704dffff0, 0x0000000704c00000| Untracked 
|  27|0x0000000704e00000, 0x0000000705000000, 0x0000000705000000|100%| O|  |TAMS 0x0000000705000000, 0x0000000704e00000| Untracked 
|  28|0x0000000705000000, 0x00000007051fffe0, 0x0000000705200000| 99%| O|  |TAMS 0x00000007051fffe0, 0x0000000705000000| Untracked 
|  29|0x0000000705200000, 0x0000000705400000, 0x0000000705400000|100%| O|  |TAMS 0x0000000705400000, 0x0000000705200000| Untracked 
|  30|0x0000000705400000, 0x00000007055ffea0, 0x0000000705600000| 99%| O|  |TAMS 0x00000007055ffea0, 0x0000000705400000| Untracked 
|  31|0x0000000705600000, 0x00000007057ffff8, 0x0000000705800000| 99%| O|  |TAMS 0x00000007057ffff8, 0x0000000705600000| Untracked 
|  32|0x0000000705800000, 0x0000000705a00000, 0x0000000705a00000|100%| O|  |TAMS 0x0000000705a00000, 0x0000000705800000| Untracked 
|  33|0x0000000705a00000, 0x0000000705bfffe8, 0x0000000705c00000| 99%| O|  |TAMS 0x0000000705bfffe8, 0x0000000705a00000| Untracked 
|  34|0x0000000705c00000, 0x0000000705e00000, 0x0000000705e00000|100%| O|  |TAMS 0x0000000705e00000, 0x0000000705c00000| Untracked 
|  35|0x0000000705e00000, 0x0000000705ffffe8, 0x0000000706000000| 99%| O|  |TAMS 0x0000000705ffffe8, 0x0000000705e00000| Untracked 
|  36|0x0000000706000000, 0x00000007061ffff8, 0x0000000706200000| 99%| O|  |TAMS 0x00000007061ffff8, 0x0000000706000000| Untracked 
|  37|0x0000000706200000, 0x00000007063fffd8, 0x0000000706400000| 99%| O|  |TAMS 0x00000007063fffd8, 0x0000000706200000| Untracked 
|  38|0x0000000706400000, 0x00000007065f6988, 0x0000000706600000| 98%| O|  |TAMS 0x00000007065f6988, 0x0000000706400000| Untracked 
|  39|0x0000000706600000, 0x00000007067fff38, 0x0000000706800000| 99%| O|  |TAMS 0x00000007067fff38, 0x0000000706600000| Untracked 
|  40|0x0000000706800000, 0x00000007069ccf00, 0x0000000706a00000| 90%| O|  |TAMS 0x0000000706800000, 0x0000000706800000| Untracked 
|  41|0x0000000706a00000, 0x0000000706c00000, 0x0000000706c00000|100%| O|  |TAMS 0x0000000706c00000, 0x0000000706a00000| Untracked 
|  42|0x0000000706c00000, 0x0000000706dffff8, 0x0000000706e00000| 99%| O|  |TAMS 0x0000000706dffff8, 0x0000000706c00000| Untracked 
|  43|0x0000000706e00000, 0x0000000706ffffe8, 0x0000000707000000| 99%| O|  |TAMS 0x0000000706ffffe8, 0x0000000706e00000| Untracked 
|  44|0x0000000707000000, 0x0000000707200000, 0x0000000707200000|100%| O|  |TAMS 0x0000000707200000, 0x0000000707000000| Untracked 
|  45|0x0000000707200000, 0x0000000707400000, 0x0000000707400000|100%|HS|  |TAMS 0x0000000707400000, 0x0000000707200000| Untracked 
|  46|0x0000000707400000, 0x0000000707600000, 0x0000000707600000|100%|HC|  |TAMS 0x0000000707600000, 0x0000000707400000| Untracked 
|  47|0x0000000707600000, 0x00000007077e61f8, 0x0000000707800000| 94%| O|  |TAMS 0x0000000707600000, 0x0000000707600000| Untracked 
|  48|0x0000000707800000, 0x00000007079f6cf8, 0x0000000707a00000| 98%| O|  |TAMS 0x00000007079f6cf8, 0x0000000707800000| Untracked 
|  49|0x0000000707a00000, 0x0000000707bfef48, 0x0000000707c00000| 99%| O|  |TAMS 0x0000000707bfef48, 0x0000000707a00000| Untracked 
|  50|0x0000000707c00000, 0x0000000707e00000, 0x0000000707e00000|100%| O|  |TAMS 0x0000000707c00000, 0x0000000707c00000| Untracked 
|  51|0x0000000707e00000, 0x0000000707fffff0, 0x0000000708000000| 99%| O|  |TAMS 0x0000000707e00000, 0x0000000707e00000| Untracked 
|  52|0x0000000708000000, 0x0000000708200000, 0x0000000708200000|100%|HS|  |TAMS 0x0000000708200000, 0x0000000708000000| Untracked 
|  53|0x0000000708200000, 0x0000000708400000, 0x0000000708400000|100%|HC|  |TAMS 0x0000000708400000, 0x0000000708200000| Untracked 
|  54|0x0000000708400000, 0x00000007085c6eb0, 0x0000000708600000| 88%| O|  |TAMS 0x0000000708400000, 0x0000000708400000| Untracked 
|  55|0x0000000708600000, 0x00000007087ffff8, 0x0000000708800000| 99%| O|  |TAMS 0x00000007087ffff8, 0x0000000708600000| Untracked 
|  56|0x0000000708800000, 0x0000000708a00000, 0x0000000708a00000|100%| O|  |TAMS 0x0000000708800000, 0x0000000708800000| Untracked 
|  57|0x0000000708a00000, 0x0000000708bffff8, 0x0000000708c00000| 99%| O|  |TAMS 0x0000000708bffff8, 0x0000000708a00000| Untracked 
|  58|0x0000000708c00000, 0x0000000708e00000, 0x0000000708e00000|100%| O|  |TAMS 0x0000000708e00000, 0x0000000708c00000| Untracked 
|  59|0x0000000708e00000, 0x0000000708fffff0, 0x0000000709000000| 99%| O|  |TAMS 0x0000000708fffff0, 0x0000000708e00000| Untracked 
|  60|0x0000000709000000, 0x00000007091ffff8, 0x0000000709200000| 99%| O|  |TAMS 0x00000007091ffff8, 0x0000000709000000| Untracked 
|  61|0x0000000709200000, 0x00000007093fc610, 0x0000000709400000| 99%| O|  |TAMS 0x00000007093fc610, 0x0000000709200000| Untracked 
|  62|0x0000000709400000, 0x00000007095ffff8, 0x0000000709600000| 99%| O|  |TAMS 0x00000007095ffff8, 0x0000000709400000| Untracked 
|  63|0x0000000709600000, 0x00000007097ffff8, 0x0000000709800000| 99%| O|  |TAMS 0x00000007097ffff8, 0x0000000709600000| Untracked 
|  64|0x0000000709800000, 0x00000007099ffff0, 0x0000000709a00000| 99%| O|  |TAMS 0x00000007099ffff0, 0x0000000709800000| Untracked 
|  65|0x0000000709a00000, 0x0000000709bfffe0, 0x0000000709c00000| 99%| O|  |TAMS 0x0000000709bfffe0, 0x0000000709a00000| Untracked 
|  66|0x0000000709c00000, 0x0000000709ded860, 0x0000000709e00000| 96%| O|  |TAMS 0x0000000709ded860, 0x0000000709c00000| Untracked 
|  67|0x0000000709e00000, 0x000000070a000000, 0x000000070a000000|100%| O|  |TAMS 0x000000070a000000, 0x0000000709e00000| Untracked 
|  68|0x000000070a000000, 0x000000070a1fffe8, 0x000000070a200000| 99%| O|  |TAMS 0x000000070a1fffe8, 0x000000070a000000| Untracked 
|  69|0x000000070a200000, 0x000000070a3fffe8, 0x000000070a400000| 99%| O|  |TAMS 0x000000070a3fffe8, 0x000000070a200000| Untracked 
|  70|0x000000070a400000, 0x000000070a5fffe8, 0x000000070a600000| 99%| O|  |TAMS 0x000000070a5fffe8, 0x000000070a400000| Untracked 
|  71|0x000000070a600000, 0x000000070a7ffff8, 0x000000070a800000| 99%| O|  |TAMS 0x000000070a7ffff8, 0x000000070a600000| Untracked 
|  72|0x000000070a800000, 0x000000070a9ffff0, 0x000000070aa00000| 99%| O|  |TAMS 0x000000070a9ffff0, 0x000000070a800000| Untracked 
|  73|0x000000070aa00000, 0x000000070abffff0, 0x000000070ac00000| 99%| O|  |TAMS 0x000000070abffff0, 0x000000070aa00000| Untracked 
|  74|0x000000070ac00000, 0x000000070ae00000, 0x000000070ae00000|100%| O|  |TAMS 0x000000070ae00000, 0x000000070ac00000| Untracked 
|  75|0x000000070ae00000, 0x000000070afffff0, 0x000000070b000000| 99%| O|  |TAMS 0x000000070afffff0, 0x000000070ae00000| Untracked 
|  76|0x000000070b000000, 0x000000070b1ffff8, 0x000000070b200000| 99%| O|  |TAMS 0x000000070b1ffff8, 0x000000070b000000| Untracked 
|  77|0x000000070b200000, 0x000000070b3ffff0, 0x000000070b400000| 99%| O|  |TAMS 0x000000070b3ffff0, 0x000000070b200000| Untracked 
|  78|0x000000070b400000, 0x000000070b5fffe8, 0x000000070b600000| 99%| O|  |TAMS 0x000000070b5fffe8, 0x000000070b400000| Untracked 
|  79|0x000000070b600000, 0x000000070b7ffff8, 0x000000070b800000| 99%| O|  |TAMS 0x000000070b7ffff8, 0x000000070b600000| Untracked 
|  80|0x000000070b800000, 0x000000070ba00000, 0x000000070ba00000|100%| O|  |TAMS 0x000000070ba00000, 0x000000070b800000| Untracked 
|  81|0x000000070ba00000, 0x000000070bc00000, 0x000000070bc00000|100%| O|  |TAMS 0x000000070ba00000, 0x000000070ba00000| Untracked 
|  82|0x000000070bc00000, 0x000000070bdfffe8, 0x000000070be00000| 99%| O|  |TAMS 0x000000070bc00000, 0x000000070bc00000| Untracked 
|  83|0x000000070be00000, 0x000000070be84db0, 0x000000070c000000| 25%| O|  |TAMS 0x000000070be00000, 0x000000070be00000| Untracked 
|  84|0x000000070c000000, 0x000000070c11fbc8, 0x000000070c200000| 56%| O|  |TAMS 0x000000070c000000, 0x000000070c000000| Untracked 
|  85|0x000000070c200000, 0x000000070c2a3bd8, 0x000000070c400000| 31%| O|  |TAMS 0x000000070c200000, 0x000000070c200000| Untracked 
|  86|0x000000070c400000, 0x000000070c600000, 0x000000070c600000|100%| O|  |TAMS 0x000000070c600000, 0x000000070c400000| Untracked 
|  87|0x000000070c600000, 0x000000070c7b97c8, 0x000000070c800000| 86%| O|  |TAMS 0x000000070c600000, 0x000000070c600000| Untracked 
|  88|0x000000070c800000, 0x000000070c800000, 0x000000070ca00000|  0%| F|  |TAMS 0x000000070c800000, 0x000000070c800000| Untracked 
|  89|0x000000070ca00000, 0x000000070cc00000, 0x000000070cc00000|100%| O|  |TAMS 0x000000070cc00000, 0x000000070ca00000| Untracked 
|  90|0x000000070cc00000, 0x000000070cc00000, 0x000000070ce00000|  0%| F|  |TAMS 0x000000070cc00000, 0x000000070cc00000| Untracked 
|  91|0x000000070ce00000, 0x000000070d000000, 0x000000070d000000|100%|HS|  |TAMS 0x000000070d000000, 0x000000070ce00000| Untracked 
|  92|0x000000070d000000, 0x000000070d200000, 0x000000070d200000|100%|HC|  |TAMS 0x000000070d200000, 0x000000070d000000| Untracked 
|  93|0x000000070d200000, 0x000000070d400000, 0x000000070d400000|100%|HC|  |TAMS 0x000000070d400000, 0x000000070d200000| Untracked 
|  94|0x000000070d400000, 0x000000070d600000, 0x000000070d600000|100%|HC|  |TAMS 0x000000070d600000, 0x000000070d400000| Untracked 
|  95|0x000000070d600000, 0x000000070d800000, 0x000000070d800000|100%|HC|  |TAMS 0x000000070d800000, 0x000000070d600000| Untracked 
|  96|0x000000070d800000, 0x000000070da00000, 0x000000070da00000|100%|HC|  |TAMS 0x000000070da00000, 0x000000070d800000| Untracked 
|  97|0x000000070da00000, 0x000000070da00000, 0x000000070dc00000|  0%| F|  |TAMS 0x000000070da00000, 0x000000070da00000| Untracked 
|  98|0x000000070dc00000, 0x000000070dc00000, 0x000000070de00000|  0%| F|  |TAMS 0x000000070dc00000, 0x000000070dc00000| Untracked 
|  99|0x000000070de00000, 0x000000070de00000, 0x000000070e000000|  0%| F|  |TAMS 0x000000070de00000, 0x000000070de00000| Untracked 
| 100|0x000000070e000000, 0x000000070e000000, 0x000000070e200000|  0%| F|  |TAMS 0x000000070e000000, 0x000000070e000000| Untracked 
| 101|0x000000070e200000, 0x000000070e200000, 0x000000070e400000|  0%| F|  |TAMS 0x000000070e200000, 0x000000070e200000| Untracked 
| 102|0x000000070e400000, 0x000000070e400000, 0x000000070e600000|  0%| F|  |TAMS 0x000000070e400000, 0x000000070e400000| Untracked 
| 103|0x000000070e600000, 0x000000070e600000, 0x000000070e800000|  0%| F|  |TAMS 0x000000070e600000, 0x000000070e600000| Untracked 
| 104|0x000000070e800000, 0x000000070e800000, 0x000000070ea00000|  0%| F|  |TAMS 0x000000070e800000, 0x000000070e800000| Untracked 
| 105|0x000000070ea00000, 0x000000070ea00000, 0x000000070ec00000|  0%| F|  |TAMS 0x000000070ea00000, 0x000000070ea00000| Untracked 
| 106|0x000000070ec00000, 0x000000070ec00000, 0x000000070ee00000|  0%| F|  |TAMS 0x000000070ec00000, 0x000000070ec00000| Untracked 
| 107|0x000000070ee00000, 0x000000070ee00000, 0x000000070f000000|  0%| F|  |TAMS 0x000000070ee00000, 0x000000070ee00000| Untracked 
| 108|0x000000070f000000, 0x000000070f000000, 0x000000070f200000|  0%| F|  |TAMS 0x000000070f000000, 0x000000070f000000| Untracked 
| 109|0x000000070f200000, 0x000000070f200000, 0x000000070f400000|  0%| F|  |TAMS 0x000000070f200000, 0x000000070f200000| Untracked 
| 110|0x000000070f400000, 0x000000070f400000, 0x000000070f600000|  0%| F|  |TAMS 0x000000070f400000, 0x000000070f400000| Untracked 
| 111|0x000000070f600000, 0x000000070f600000, 0x000000070f800000|  0%| F|  |TAMS 0x000000070f600000, 0x000000070f600000| Untracked 
| 112|0x000000070f800000, 0x000000070f800000, 0x000000070fa00000|  0%| F|  |TAMS 0x000000070f800000, 0x000000070f800000| Untracked 
| 113|0x000000070fa00000, 0x000000070fa00000, 0x000000070fc00000|  0%| F|  |TAMS 0x000000070fa00000, 0x000000070fa00000| Untracked 
| 114|0x000000070fc00000, 0x000000070fc00000, 0x000000070fe00000|  0%| F|  |TAMS 0x000000070fc00000, 0x000000070fc00000| Untracked 
| 115|0x000000070fe00000, 0x000000070fe00000, 0x0000000710000000|  0%| F|  |TAMS 0x000000070fe00000, 0x000000070fe00000| Untracked 
| 116|0x0000000710000000, 0x0000000710000000, 0x0000000710200000|  0%| F|  |TAMS 0x0000000710000000, 0x0000000710000000| Untracked 
| 117|0x0000000710200000, 0x0000000710200000, 0x0000000710400000|  0%| F|  |TAMS 0x0000000710200000, 0x0000000710200000| Untracked 
| 118|0x0000000710400000, 0x0000000710400000, 0x0000000710600000|  0%| F|  |TAMS 0x0000000710400000, 0x0000000710400000| Untracked 
| 119|0x0000000710600000, 0x0000000710600000, 0x0000000710800000|  0%| F|  |TAMS 0x0000000710600000, 0x0000000710600000| Untracked 
| 120|0x0000000710800000, 0x0000000710800000, 0x0000000710a00000|  0%| F|  |TAMS 0x0000000710800000, 0x0000000710800000| Untracked 
| 121|0x0000000710a00000, 0x0000000710a00000, 0x0000000710c00000|  0%| F|  |TAMS 0x0000000710a00000, 0x0000000710a00000| Untracked 
| 122|0x0000000710c00000, 0x0000000710c00000, 0x0000000710e00000|  0%| F|  |TAMS 0x0000000710c00000, 0x0000000710c00000| Untracked 
| 123|0x0000000710e00000, 0x0000000710e00000, 0x0000000711000000|  0%| F|  |TAMS 0x0000000710e00000, 0x0000000710e00000| Untracked 
| 124|0x0000000711000000, 0x0000000711000000, 0x0000000711200000|  0%| F|  |TAMS 0x0000000711000000, 0x0000000711000000| Untracked 
| 125|0x0000000711200000, 0x0000000711200000, 0x0000000711400000|  0%| F|  |TAMS 0x0000000711200000, 0x0000000711200000| Untracked 
| 126|0x0000000711400000, 0x0000000711400000, 0x0000000711600000|  0%| F|  |TAMS 0x0000000711400000, 0x0000000711400000| Untracked 
| 127|0x0000000711600000, 0x0000000711600000, 0x0000000711800000|  0%| F|  |TAMS 0x0000000711600000, 0x0000000711600000| Untracked 
| 128|0x0000000711800000, 0x0000000711800000, 0x0000000711a00000|  0%| F|  |TAMS 0x0000000711800000, 0x0000000711800000| Untracked 
| 129|0x0000000711a00000, 0x0000000711a00000, 0x0000000711c00000|  0%| F|  |TAMS 0x0000000711a00000, 0x0000000711a00000| Untracked 
| 130|0x0000000711c00000, 0x0000000711c00000, 0x0000000711e00000|  0%| F|  |TAMS 0x0000000711c00000, 0x0000000711c00000| Untracked 
| 131|0x0000000711e00000, 0x0000000711e00000, 0x0000000712000000|  0%| F|  |TAMS 0x0000000711e00000, 0x0000000711e00000| Untracked 
| 132|0x0000000712000000, 0x0000000712000000, 0x0000000712200000|  0%| F|  |TAMS 0x0000000712000000, 0x0000000712000000| Untracked 
| 133|0x0000000712200000, 0x0000000712200000, 0x0000000712400000|  0%| F|  |TAMS 0x0000000712200000, 0x0000000712200000| Untracked 
| 134|0x0000000712400000, 0x0000000712400000, 0x0000000712600000|  0%| F|  |TAMS 0x0000000712400000, 0x0000000712400000| Untracked 
| 135|0x0000000712600000, 0x0000000712600000, 0x0000000712800000|  0%| F|  |TAMS 0x0000000712600000, 0x0000000712600000| Untracked 
| 136|0x0000000712800000, 0x0000000712800000, 0x0000000712a00000|  0%| F|  |TAMS 0x0000000712800000, 0x0000000712800000| Untracked 
| 137|0x0000000712a00000, 0x0000000712a00000, 0x0000000712c00000|  0%| F|  |TAMS 0x0000000712a00000, 0x0000000712a00000| Untracked 
| 138|0x0000000712c00000, 0x0000000712c00000, 0x0000000712e00000|  0%| F|  |TAMS 0x0000000712c00000, 0x0000000712c00000| Untracked 
| 139|0x0000000712e00000, 0x0000000712e00000, 0x0000000713000000|  0%| F|  |TAMS 0x0000000712e00000, 0x0000000712e00000| Untracked 
| 140|0x0000000713000000, 0x0000000713000000, 0x0000000713200000|  0%| F|  |TAMS 0x0000000713000000, 0x0000000713000000| Untracked 
| 141|0x0000000713200000, 0x0000000713200000, 0x0000000713400000|  0%| F|  |TAMS 0x0000000713200000, 0x0000000713200000| Untracked 
| 142|0x0000000713400000, 0x0000000713400000, 0x0000000713600000|  0%| F|  |TAMS 0x0000000713400000, 0x0000000713400000| Untracked 
| 143|0x0000000713600000, 0x0000000713600000, 0x0000000713800000|  0%| F|  |TAMS 0x0000000713600000, 0x0000000713600000| Untracked 
| 144|0x0000000713800000, 0x0000000713800000, 0x0000000713a00000|  0%| F|  |TAMS 0x0000000713800000, 0x0000000713800000| Untracked 
| 145|0x0000000713a00000, 0x0000000713a00000, 0x0000000713c00000|  0%| F|  |TAMS 0x0000000713a00000, 0x0000000713a00000| Untracked 
| 146|0x0000000713c00000, 0x0000000713c00000, 0x0000000713e00000|  0%| F|  |TAMS 0x0000000713c00000, 0x0000000713c00000| Untracked 
| 147|0x0000000713e00000, 0x0000000713e00000, 0x0000000714000000|  0%| F|  |TAMS 0x0000000713e00000, 0x0000000713e00000| Untracked 
| 148|0x0000000714000000, 0x0000000714000000, 0x0000000714200000|  0%| F|  |TAMS 0x0000000714000000, 0x0000000714000000| Untracked 
| 149|0x0000000714200000, 0x0000000714200000, 0x0000000714400000|  0%| F|  |TAMS 0x0000000714200000, 0x0000000714200000| Untracked 
| 150|0x0000000714400000, 0x0000000714400000, 0x0000000714600000|  0%| F|  |TAMS 0x0000000714400000, 0x0000000714400000| Untracked 
| 151|0x0000000714600000, 0x0000000714600000, 0x0000000714800000|  0%| F|  |TAMS 0x0000000714600000, 0x0000000714600000| Untracked 
| 152|0x0000000714800000, 0x0000000714800000, 0x0000000714a00000|  0%| F|  |TAMS 0x0000000714800000, 0x0000000714800000| Untracked 
| 153|0x0000000714a00000, 0x0000000714a00000, 0x0000000714c00000|  0%| F|  |TAMS 0x0000000714a00000, 0x0000000714a00000| Untracked 
| 154|0x0000000714c00000, 0x0000000714c00000, 0x0000000714e00000|  0%| F|  |TAMS 0x0000000714c00000, 0x0000000714c00000| Untracked 
| 155|0x0000000714e00000, 0x0000000714e00000, 0x0000000715000000|  0%| F|  |TAMS 0x0000000714e00000, 0x0000000714e00000| Untracked 
| 156|0x0000000715000000, 0x0000000715000000, 0x0000000715200000|  0%| F|  |TAMS 0x0000000715000000, 0x0000000715000000| Untracked 
| 157|0x0000000715200000, 0x0000000715200000, 0x0000000715400000|  0%| F|  |TAMS 0x0000000715200000, 0x0000000715200000| Untracked 
| 158|0x0000000715400000, 0x000000071541ed88, 0x0000000715600000|  6%| O|  |TAMS 0x0000000715400000, 0x0000000715400000| Untracked 
| 159|0x0000000715600000, 0x0000000715600000, 0x0000000715800000|  0%| F|  |TAMS 0x0000000715600000, 0x0000000715600000| Untracked 
| 160|0x0000000715800000, 0x0000000715800000, 0x0000000715a00000|  0%| F|  |TAMS 0x0000000715800000, 0x0000000715800000| Untracked 
| 161|0x0000000715a00000, 0x0000000715a00000, 0x0000000715c00000|  0%| F|  |TAMS 0x0000000715a00000, 0x0000000715a00000| Untracked 
| 162|0x0000000715c00000, 0x0000000715c00000, 0x0000000715e00000|  0%| F|  |TAMS 0x0000000715c00000, 0x0000000715c00000| Untracked 
| 163|0x0000000715e00000, 0x0000000715e00000, 0x0000000716000000|  0%| F|  |TAMS 0x0000000715e00000, 0x0000000715e00000| Untracked 
| 164|0x0000000716000000, 0x0000000716000000, 0x0000000716200000|  0%| F|  |TAMS 0x0000000716000000, 0x0000000716000000| Untracked 
| 165|0x0000000716200000, 0x0000000716200000, 0x0000000716400000|  0%| F|  |TAMS 0x0000000716200000, 0x0000000716200000| Untracked 
| 166|0x0000000716400000, 0x0000000716400000, 0x0000000716600000|  0%| F|  |TAMS 0x0000000716400000, 0x0000000716400000| Untracked 
| 167|0x0000000716600000, 0x0000000716600000, 0x0000000716800000|  0%| F|  |TAMS 0x0000000716600000, 0x0000000716600000| Untracked 
| 168|0x0000000716800000, 0x0000000716800000, 0x0000000716a00000|  0%| F|  |TAMS 0x0000000716800000, 0x0000000716800000| Untracked 
| 169|0x0000000716a00000, 0x0000000716a00000, 0x0000000716c00000|  0%| F|  |TAMS 0x0000000716a00000, 0x0000000716a00000| Untracked 
| 170|0x0000000716c00000, 0x0000000716c00000, 0x0000000716e00000|  0%| F|  |TAMS 0x0000000716c00000, 0x0000000716c00000| Untracked 
| 171|0x0000000716e00000, 0x0000000716e00000, 0x0000000717000000|  0%| F|  |TAMS 0x0000000716e00000, 0x0000000716e00000| Untracked 
| 172|0x0000000717000000, 0x0000000717000000, 0x0000000717200000|  0%| F|  |TAMS 0x0000000717000000, 0x0000000717000000| Untracked 
| 173|0x0000000717200000, 0x0000000717200000, 0x0000000717400000|  0%| F|  |TAMS 0x0000000717200000, 0x0000000717200000| Untracked 
| 174|0x0000000717400000, 0x0000000717400000, 0x0000000717600000|  0%| F|  |TAMS 0x0000000717400000, 0x0000000717400000| Untracked 
| 175|0x0000000717600000, 0x0000000717600000, 0x0000000717800000|  0%| F|  |TAMS 0x0000000717600000, 0x0000000717600000| Untracked 
| 176|0x0000000717800000, 0x0000000717800000, 0x0000000717a00000|  0%| F|  |TAMS 0x0000000717800000, 0x0000000717800000| Untracked 
| 177|0x0000000717a00000, 0x0000000717a00000, 0x0000000717c00000|  0%| F|  |TAMS 0x0000000717a00000, 0x0000000717a00000| Untracked 
| 178|0x0000000717c00000, 0x0000000717c00000, 0x0000000717e00000|  0%| F|  |TAMS 0x0000000717c00000, 0x0000000717c00000| Untracked 
| 179|0x0000000717e00000, 0x0000000717e00000, 0x0000000718000000|  0%| F|  |TAMS 0x0000000717e00000, 0x0000000717e00000| Untracked 
| 180|0x0000000718000000, 0x0000000718000000, 0x0000000718200000|  0%| F|  |TAMS 0x0000000718000000, 0x0000000718000000| Untracked 
| 181|0x0000000718200000, 0x0000000718200000, 0x0000000718400000|  0%| F|  |TAMS 0x0000000718200000, 0x0000000718200000| Untracked 
| 182|0x0000000718400000, 0x0000000718400000, 0x0000000718600000|  0%| F|  |TAMS 0x0000000718400000, 0x0000000718400000| Untracked 
| 183|0x0000000718600000, 0x0000000718600000, 0x0000000718800000|  0%| F|  |TAMS 0x0000000718600000, 0x0000000718600000| Untracked 
| 184|0x0000000718800000, 0x0000000718800000, 0x0000000718a00000|  0%| F|  |TAMS 0x0000000718800000, 0x0000000718800000| Untracked 
| 185|0x0000000718a00000, 0x0000000718a00000, 0x0000000718c00000|  0%| F|  |TAMS 0x0000000718a00000, 0x0000000718a00000| Untracked 
| 186|0x0000000718c00000, 0x0000000718c00000, 0x0000000718e00000|  0%| F|  |TAMS 0x0000000718c00000, 0x0000000718c00000| Untracked 
| 187|0x0000000718e00000, 0x0000000718e00000, 0x0000000719000000|  0%| F|  |TAMS 0x0000000718e00000, 0x0000000718e00000| Untracked 
| 188|0x0000000719000000, 0x0000000719000000, 0x0000000719200000|  0%| F|  |TAMS 0x0000000719000000, 0x0000000719000000| Untracked 
| 189|0x0000000719200000, 0x0000000719200000, 0x0000000719400000|  0%| F|  |TAMS 0x0000000719200000, 0x0000000719200000| Untracked 
| 190|0x0000000719400000, 0x0000000719400000, 0x0000000719600000|  0%| F|  |TAMS 0x0000000719400000, 0x0000000719400000| Untracked 
| 191|0x0000000719600000, 0x0000000719600000, 0x0000000719800000|  0%| F|  |TAMS 0x0000000719600000, 0x0000000719600000| Untracked 
| 192|0x0000000719800000, 0x0000000719800000, 0x0000000719a00000|  0%| F|  |TAMS 0x0000000719800000, 0x0000000719800000| Untracked 
| 193|0x0000000719a00000, 0x0000000719a00000, 0x0000000719c00000|  0%| F|  |TAMS 0x0000000719a00000, 0x0000000719a00000| Untracked 
| 194|0x0000000719c00000, 0x0000000719c00000, 0x0000000719e00000|  0%| F|  |TAMS 0x0000000719c00000, 0x0000000719c00000| Untracked 
| 195|0x0000000719e00000, 0x0000000719e00000, 0x000000071a000000|  0%| F|  |TAMS 0x0000000719e00000, 0x0000000719e00000| Untracked 
| 196|0x000000071a000000, 0x000000071a000000, 0x000000071a200000|  0%| F|  |TAMS 0x000000071a000000, 0x000000071a000000| Untracked 
| 197|0x000000071a200000, 0x000000071a200000, 0x000000071a400000|  0%| F|  |TAMS 0x000000071a200000, 0x000000071a200000| Untracked 
| 198|0x000000071a400000, 0x000000071a400000, 0x000000071a600000|  0%| F|  |TAMS 0x000000071a400000, 0x000000071a400000| Untracked 
| 199|0x000000071a600000, 0x000000071a600000, 0x000000071a800000|  0%| F|  |TAMS 0x000000071a600000, 0x000000071a600000| Untracked 
| 200|0x000000071a800000, 0x000000071a800000, 0x000000071aa00000|  0%| F|  |TAMS 0x000000071a800000, 0x000000071a800000| Untracked 
| 201|0x000000071aa00000, 0x000000071aa00000, 0x000000071ac00000|  0%| F|  |TAMS 0x000000071aa00000, 0x000000071aa00000| Untracked 
| 202|0x000000071ac00000, 0x000000071ac00000, 0x000000071ae00000|  0%| F|  |TAMS 0x000000071ac00000, 0x000000071ac00000| Untracked 
| 203|0x000000071ae00000, 0x000000071ae00000, 0x000000071b000000|  0%| F|  |TAMS 0x000000071ae00000, 0x000000071ae00000| Untracked 
| 204|0x000000071b000000, 0x000000071b000000, 0x000000071b200000|  0%| F|  |TAMS 0x000000071b000000, 0x000000071b000000| Untracked 
| 205|0x000000071b200000, 0x000000071b200000, 0x000000071b400000|  0%| F|  |TAMS 0x000000071b200000, 0x000000071b200000| Untracked 
| 206|0x000000071b400000, 0x000000071b400000, 0x000000071b600000|  0%| F|  |TAMS 0x000000071b400000, 0x000000071b400000| Untracked 
| 207|0x000000071b600000, 0x000000071b600000, 0x000000071b800000|  0%| F|  |TAMS 0x000000071b600000, 0x000000071b600000| Untracked 
| 208|0x000000071b800000, 0x000000071b800000, 0x000000071ba00000|  0%| F|  |TAMS 0x000000071b800000, 0x000000071b800000| Untracked 
| 209|0x000000071ba00000, 0x000000071ba00000, 0x000000071bc00000|  0%| F|  |TAMS 0x000000071ba00000, 0x000000071ba00000| Untracked 
| 210|0x000000071bc00000, 0x000000071bc00000, 0x000000071be00000|  0%| F|  |TAMS 0x000000071bc00000, 0x000000071bc00000| Untracked 
| 211|0x000000071be00000, 0x000000071be00000, 0x000000071c000000|  0%| F|  |TAMS 0x000000071be00000, 0x000000071be00000| Untracked 
| 212|0x000000071c000000, 0x000000071c000000, 0x000000071c200000|  0%| F|  |TAMS 0x000000071c000000, 0x000000071c000000| Untracked 
| 213|0x000000071c200000, 0x000000071c200000, 0x000000071c400000|  0%| F|  |TAMS 0x000000071c200000, 0x000000071c200000| Untracked 
| 214|0x000000071c400000, 0x000000071c400000, 0x000000071c600000|  0%| F|  |TAMS 0x000000071c400000, 0x000000071c400000| Untracked 
| 215|0x000000071c600000, 0x000000071c600000, 0x000000071c800000|  0%| F|  |TAMS 0x000000071c600000, 0x000000071c600000| Untracked 
| 216|0x000000071c800000, 0x000000071c800000, 0x000000071ca00000|  0%| F|  |TAMS 0x000000071c800000, 0x000000071c800000| Untracked 
| 217|0x000000071ca00000, 0x000000071ca00000, 0x000000071cc00000|  0%| F|  |TAMS 0x000000071ca00000, 0x000000071ca00000| Untracked 
| 218|0x000000071cc00000, 0x000000071cc00000, 0x000000071ce00000|  0%| F|  |TAMS 0x000000071cc00000, 0x000000071cc00000| Untracked 
| 219|0x000000071ce00000, 0x000000071ce00000, 0x000000071d000000|  0%| F|  |TAMS 0x000000071ce00000, 0x000000071ce00000| Untracked 
| 220|0x000000071d000000, 0x000000071d000000, 0x000000071d200000|  0%| F|  |TAMS 0x000000071d000000, 0x000000071d000000| Untracked 
| 221|0x000000071d200000, 0x000000071d200000, 0x000000071d400000|  0%| F|  |TAMS 0x000000071d200000, 0x000000071d200000| Untracked 
| 222|0x000000071d400000, 0x000000071d400000, 0x000000071d600000|  0%| F|  |TAMS 0x000000071d400000, 0x000000071d400000| Untracked 
| 223|0x000000071d600000, 0x000000071d600000, 0x000000071d800000|  0%| F|  |TAMS 0x000000071d600000, 0x000000071d600000| Untracked 
| 224|0x000000071d800000, 0x000000071d800000, 0x000000071da00000|  0%| F|  |TAMS 0x000000071d800000, 0x000000071d800000| Untracked 
| 225|0x000000071da00000, 0x000000071da00000, 0x000000071dc00000|  0%| F|  |TAMS 0x000000071da00000, 0x000000071da00000| Untracked 
| 226|0x000000071dc00000, 0x000000071dc00000, 0x000000071de00000|  0%| F|  |TAMS 0x000000071dc00000, 0x000000071dc00000| Untracked 
| 227|0x000000071de00000, 0x000000071e000000, 0x000000071e000000|100%| O|  |TAMS 0x000000071e000000, 0x000000071de00000| Untracked 
| 228|0x000000071e000000, 0x000000071e000000, 0x000000071e200000|  0%| F|  |TAMS 0x000000071e000000, 0x000000071e000000| Untracked 
| 229|0x000000071e200000, 0x000000071e200000, 0x000000071e400000|  0%| F|  |TAMS 0x000000071e200000, 0x000000071e200000| Untracked 
| 230|0x000000071e400000, 0x000000071e400000, 0x000000071e600000|  0%| F|  |TAMS 0x000000071e400000, 0x000000071e400000| Untracked 
| 231|0x000000071e600000, 0x000000071e600000, 0x000000071e800000|  0%| F|  |TAMS 0x000000071e600000, 0x000000071e600000| Untracked 
| 232|0x000000071e800000, 0x000000071e800000, 0x000000071ea00000|  0%| F|  |TAMS 0x000000071e800000, 0x000000071e800000| Untracked 
| 233|0x000000071ea00000, 0x000000071ea00000, 0x000000071ec00000|  0%| F|  |TAMS 0x000000071ea00000, 0x000000071ea00000| Untracked 
| 234|0x000000071ec00000, 0x000000071ec00000, 0x000000071ee00000|  0%| F|  |TAMS 0x000000071ec00000, 0x000000071ec00000| Untracked 
| 235|0x000000071ee00000, 0x000000071ee00000, 0x000000071f000000|  0%| F|  |TAMS 0x000000071ee00000, 0x000000071ee00000| Untracked 
| 236|0x000000071f000000, 0x000000071f000000, 0x000000071f200000|  0%| F|  |TAMS 0x000000071f000000, 0x000000071f000000| Untracked 
| 237|0x000000071f200000, 0x000000071f200000, 0x000000071f400000|  0%| F|  |TAMS 0x000000071f200000, 0x000000071f200000| Untracked 
| 238|0x000000071f400000, 0x000000071f400000, 0x000000071f600000|  0%| F|  |TAMS 0x000000071f400000, 0x000000071f400000| Untracked 
| 239|0x000000071f600000, 0x000000071f600000, 0x000000071f800000|  0%| F|  |TAMS 0x000000071f600000, 0x000000071f600000| Untracked 
| 240|0x000000071f800000, 0x000000071f800000, 0x000000071fa00000|  0%| F|  |TAMS 0x000000071f800000, 0x000000071f800000| Untracked 
| 241|0x000000071fa00000, 0x000000071fa00000, 0x000000071fc00000|  0%| F|  |TAMS 0x000000071fa00000, 0x000000071fa00000| Untracked 
| 242|0x000000071fc00000, 0x000000071fc00000, 0x000000071fe00000|  0%| F|  |TAMS 0x000000071fc00000, 0x000000071fc00000| Untracked 
| 243|0x000000071fe00000, 0x000000071fe00000, 0x0000000720000000|  0%| F|  |TAMS 0x000000071fe00000, 0x000000071fe00000| Untracked 
| 244|0x0000000720000000, 0x0000000720000000, 0x0000000720200000|  0%| F|  |TAMS 0x0000000720000000, 0x0000000720000000| Untracked 
| 245|0x0000000720200000, 0x0000000720200000, 0x0000000720400000|  0%| F|  |TAMS 0x0000000720200000, 0x0000000720200000| Untracked 
| 246|0x0000000720400000, 0x0000000720400000, 0x0000000720600000|  0%| F|  |TAMS 0x0000000720400000, 0x0000000720400000| Untracked 
| 247|0x0000000720600000, 0x0000000720600000, 0x0000000720800000|  0%| F|  |TAMS 0x0000000720600000, 0x0000000720600000| Untracked 
| 248|0x0000000720800000, 0x0000000720800000, 0x0000000720a00000|  0%| F|  |TAMS 0x0000000720800000, 0x0000000720800000| Untracked 
| 249|0x0000000720a00000, 0x0000000720a00000, 0x0000000720c00000|  0%| F|  |TAMS 0x0000000720a00000, 0x0000000720a00000| Untracked 
| 250|0x0000000720c00000, 0x0000000720c00000, 0x0000000720e00000|  0%| F|  |TAMS 0x0000000720c00000, 0x0000000720c00000| Untracked 
| 251|0x0000000720e00000, 0x0000000720e00000, 0x0000000721000000|  0%| F|  |TAMS 0x0000000720e00000, 0x0000000720e00000| Untracked 
| 252|0x0000000721000000, 0x0000000721000000, 0x0000000721200000|  0%| F|  |TAMS 0x0000000721000000, 0x0000000721000000| Untracked 
| 253|0x0000000721200000, 0x0000000721200000, 0x0000000721400000|  0%| F|  |TAMS 0x0000000721200000, 0x0000000721200000| Untracked 
| 254|0x0000000721400000, 0x0000000721400000, 0x0000000721600000|  0%| F|  |TAMS 0x0000000721400000, 0x0000000721400000| Untracked 
| 255|0x0000000721600000, 0x0000000721600000, 0x0000000721800000|  0%| F|  |TAMS 0x0000000721600000, 0x0000000721600000| Untracked 
| 256|0x0000000721800000, 0x0000000721800000, 0x0000000721a00000|  0%| F|  |TAMS 0x0000000721800000, 0x0000000721800000| Untracked 
| 257|0x0000000721a00000, 0x0000000721a00000, 0x0000000721c00000|  0%| F|  |TAMS 0x0000000721a00000, 0x0000000721a00000| Untracked 
| 258|0x0000000721c00000, 0x0000000721c00000, 0x0000000721e00000|  0%| F|  |TAMS 0x0000000721c00000, 0x0000000721c00000| Untracked 
| 259|0x0000000721e00000, 0x0000000721e00000, 0x0000000722000000|  0%| F|  |TAMS 0x0000000721e00000, 0x0000000721e00000| Untracked 
| 260|0x0000000722000000, 0x0000000722000000, 0x0000000722200000|  0%| F|  |TAMS 0x0000000722000000, 0x0000000722000000| Untracked 
| 261|0x0000000722200000, 0x0000000722200000, 0x0000000722400000|  0%| F|  |TAMS 0x0000000722200000, 0x0000000722200000| Untracked 
| 262|0x0000000722400000, 0x0000000722400000, 0x0000000722600000|  0%| F|  |TAMS 0x0000000722400000, 0x0000000722400000| Untracked 
| 263|0x0000000722600000, 0x0000000722600000, 0x0000000722800000|  0%| F|  |TAMS 0x0000000722600000, 0x0000000722600000| Untracked 
| 264|0x0000000722800000, 0x0000000722800000, 0x0000000722a00000|  0%| F|  |TAMS 0x0000000722800000, 0x0000000722800000| Untracked 
| 265|0x0000000722a00000, 0x0000000722a00000, 0x0000000722c00000|  0%| F|  |TAMS 0x0000000722a00000, 0x0000000722a00000| Untracked 
| 266|0x0000000722c00000, 0x0000000722c00000, 0x0000000722e00000|  0%| F|  |TAMS 0x0000000722c00000, 0x0000000722c00000| Untracked 
| 267|0x0000000722e00000, 0x0000000722e00000, 0x0000000723000000|  0%| F|  |TAMS 0x0000000722e00000, 0x0000000722e00000| Untracked 
| 268|0x0000000723000000, 0x0000000723000000, 0x0000000723200000|  0%| F|  |TAMS 0x0000000723000000, 0x0000000723000000| Untracked 
| 269|0x0000000723200000, 0x0000000723200000, 0x0000000723400000|  0%| F|  |TAMS 0x0000000723200000, 0x0000000723200000| Untracked 
| 270|0x0000000723400000, 0x0000000723400000, 0x0000000723600000|  0%| F|  |TAMS 0x0000000723400000, 0x0000000723400000| Untracked 
| 271|0x0000000723600000, 0x0000000723600000, 0x0000000723800000|  0%| F|  |TAMS 0x0000000723600000, 0x0000000723600000| Untracked 
| 272|0x0000000723800000, 0x0000000723800000, 0x0000000723a00000|  0%| F|  |TAMS 0x0000000723800000, 0x0000000723800000| Untracked 
| 273|0x0000000723a00000, 0x0000000723a00000, 0x0000000723c00000|  0%| F|  |TAMS 0x0000000723a00000, 0x0000000723a00000| Untracked 
| 274|0x0000000723c00000, 0x0000000723c00000, 0x0000000723e00000|  0%| F|  |TAMS 0x0000000723c00000, 0x0000000723c00000| Untracked 
| 275|0x0000000723e00000, 0x0000000723e00000, 0x0000000724000000|  0%| F|  |TAMS 0x0000000723e00000, 0x0000000723e00000| Untracked 
| 276|0x0000000724000000, 0x0000000724000000, 0x0000000724200000|  0%| F|  |TAMS 0x0000000724000000, 0x0000000724000000| Untracked 
| 277|0x0000000724200000, 0x0000000724200000, 0x0000000724400000|  0%| F|  |TAMS 0x0000000724200000, 0x0000000724200000| Untracked 
| 278|0x0000000724400000, 0x0000000724600000, 0x0000000724600000|100%| O|  |TAMS 0x0000000724600000, 0x0000000724400000| Untracked 
| 279|0x0000000724600000, 0x0000000724600000, 0x0000000724800000|  0%| F|  |TAMS 0x0000000724600000, 0x0000000724600000| Untracked 
| 280|0x0000000724800000, 0x0000000724800000, 0x0000000724a00000|  0%| F|  |TAMS 0x0000000724800000, 0x0000000724800000| Untracked 
| 281|0x0000000724a00000, 0x0000000724a00000, 0x0000000724c00000|  0%| F|  |TAMS 0x0000000724a00000, 0x0000000724a00000| Untracked 
| 282|0x0000000724c00000, 0x0000000724c00000, 0x0000000724e00000|  0%| F|  |TAMS 0x0000000724c00000, 0x0000000724c00000| Untracked 
| 283|0x0000000724e00000, 0x0000000724e00000, 0x0000000725000000|  0%| F|  |TAMS 0x0000000724e00000, 0x0000000724e00000| Untracked 
| 284|0x0000000725000000, 0x0000000725000000, 0x0000000725200000|  0%| F|  |TAMS 0x0000000725000000, 0x0000000725000000| Untracked 
| 285|0x0000000725200000, 0x0000000725200000, 0x0000000725400000|  0%| F|  |TAMS 0x0000000725200000, 0x0000000725200000| Untracked 
| 286|0x0000000725400000, 0x0000000725400000, 0x0000000725600000|  0%| F|  |TAMS 0x0000000725400000, 0x0000000725400000| Untracked 
| 287|0x0000000725600000, 0x0000000725600000, 0x0000000725800000|  0%| F|  |TAMS 0x0000000725600000, 0x0000000725600000| Untracked 
| 288|0x0000000725800000, 0x0000000725978a18, 0x0000000725a00000| 73%| E|  |TAMS 0x0000000725800000, 0x0000000725800000| Complete 
| 641|0x0000000751a00000, 0x0000000751c00000, 0x0000000751c00000|100%| O|  |TAMS 0x0000000751c00000, 0x0000000751a00000| Untracked 

Card table byte_map: [0x0000020f448b0000,0x0000020f450b0000] _byte_map_base: 0x0000020f410a4000

Marking Bits (Prev, Next): (CMBitMap*) 0x0000020f2d2f15a0, (CMBitMap*) 0x0000020f2d2f15e0
 Prev Bits: [0x0000020f458b0000, 0x0000020f49850000)
 Next Bits: [0x0000020f49850000, 0x0000020f4d7f0000)

Polling page: 0x0000020f24110000

Metaspace:

Usage:
  Non-class:     72.49 MB used.
      Class:     11.61 MB used.
       Both:     84.09 MB used.

Virtual space:
  Non-class space:      128.00 MB reserved,      72.88 MB ( 57%) committed,  2 nodes.
      Class space:        1.00 GB reserved,      11.94 MB (  1%) committed,  1 nodes.
             Both:        1.12 GB reserved,      84.81 MB (  7%) committed. 

Chunk freelists:
   Non-Class:  6.98 MB
       Class:  3.96 MB
        Both:  10.95 MB

MaxMetaspaceSize: unlimited
CompressedClassSpaceSize: 1.00 GB
Initial GC threshold: 21.00 MB
Current GC threshold: 141.19 MB
CDS: on
MetaspaceReclaimPolicy: balanced
 - commit_granule_bytes: 65536.
 - commit_granule_words: 8192.
 - virtual_space_node_default_size: 8388608.
 - enlarge_chunks_in_place: 1.
 - new_chunks_are_fully_committed: 0.
 - uncommit_free_chunks: 1.
 - use_allocation_guard: 0.
 - handle_deallocations: 1.


Internal statistics:

num_allocs_failed_limit: 6.
num_arena_births: 1192.
num_arena_deaths: 0.
num_vsnodes_births: 3.
num_vsnodes_deaths: 0.
num_space_committed: 1351.
num_space_uncommitted: 0.
num_chunks_returned_to_freelist: 6.
num_chunks_taken_from_freelist: 3522.
num_chunk_merges: 6.
num_chunk_splits: 2612.
num_chunks_enlarged: 1961.
num_inconsistent_stats: 0.

CodeHeap 'non-profiled nmethods': size=120000Kb used=17652Kb max_used=17653Kb free=102347Kb
 bounds [0x0000020f3cb80000, 0x0000020f3dcc0000, 0x0000020f440b0000]
CodeHeap 'profiled nmethods': size=120000Kb used=31236Kb max_used=31647Kb free=88763Kb
 bounds [0x0000020f350b0000, 0x0000020f36fa0000, 0x0000020f3c5e0000]
CodeHeap 'non-nmethods': size=5760Kb used=1680Kb max_used=1779Kb free=4080Kb
 bounds [0x0000020f3c5e0000, 0x0000020f3c850000, 0x0000020f3cb80000]
 total_blobs=16185 nmethods=15072 adapters=1021
 compilation: enabled
              stopped_count=0, restarted_count=0
 full_count=0

Compilation events (20 events):
Event: 931.995 Thread 0x0000020f2d59fb60 19788       1       ui.views.c.z.c.c::eVU (2 bytes)
Event: 931.995 Thread 0x0000020f2d59fb60 nmethod 19788 0x0000020f3d5a3690 code [0x0000020f3d5a3820, 0x0000020f3d5a38f8]
Event: 931.995 Thread 0x0000020f2d59fb60 19789       1       ui.views.c.z.c.d::eVU (2 bytes)
Event: 931.995 Thread 0x0000020f2d59fb60 nmethod 19789 0x0000020f3d5a3390 code [0x0000020f3d5a3520, 0x0000020f3d5a35f8]
Event: 931.995 Thread 0x0000020f2d59fb60 19790       1       ui.views.c.z.c.e::eVU (2 bytes)
Event: 931.995 Thread 0x0000020f2d59fb60 nmethod 19790 0x0000020f3d5a3090 code [0x0000020f3d5a3220, 0x0000020f3d5a32f8]
Event: 931.995 Thread 0x0000020f2d59fb60 19791       1       ui.views.c.z.c.b::eVU (2 bytes)
Event: 931.995 Thread 0x0000020f2d59fb60 nmethod 19791 0x0000020f3d5a2d90 code [0x0000020f3d5a2f20, 0x0000020f3d5a2ff8]
Event: 931.995 Thread 0x0000020f2d59fb60 19792       3       ui.utils.swing.K::r (207 bytes)
Event: 931.997 Thread 0x0000020f2d59fb60 nmethod 19792 0x0000020f366a8a10 code [0x0000020f366a8d60, 0x0000020f366aaa18]
Event: 931.998 Thread 0x0000020f2d59f260 19793   !   4       com.jidesoft.grid.JideTable::isCellFocused (419 bytes)
Event: 932.004 Thread 0x0000020f2d59f260 nmethod 19793 0x0000020f3d5a1d90 code [0x0000020f3d5a1fa0, 0x0000020f3d5a2848]
Event: 932.004 Thread 0x0000020f2d59f260 19794       4       javax.swing.plaf.synth.SynthButtonUI::getComponentState (138 bytes)
Event: 932.115 Thread 0x0000020f2d59f260 nmethod 19794 0x0000020f3d5a0c90 code [0x0000020f3d5a0ea0, 0x0000020f3d5a1798]
Event: 932.716 Thread 0x0000020f2d59fb60 19795   !   3       sun.util.locale.provider.JRELocaleProviderAdapter::getDateFormatSymbolsProvider (51 bytes)
Event: 932.716 Thread 0x0000020f2d59fb60 nmethod 19795 0x0000020f3532ad10 code [0x0000020f3532af60, 0x0000020f3532baa8]
Event: 932.716 Thread 0x0000020f2d59fb60 19796       3       sun.util.locale.provider.DateFormatSymbolsProviderImpl::getInstance (21 bytes)
Event: 932.716 Thread 0x0000020f2d59fb60 nmethod 19796 0x0000020f36f24510 code [0x0000020f36f246c0, 0x0000020f36f24978]
Event: 932.716 Thread 0x0000020f2d59fb60 19797       3       java.text.DateFormatSymbols::<init> (60 bytes)
Event: 932.717 Thread 0x0000020f2d59fb60 nmethod 19797 0x0000020f36b91f90 code [0x0000020f36b92140, 0x0000020f36b924a8]

GC Heap History (20 events):
Event: 929.966 GC heap before
{Heap before GC invocations=148 (full 24):
 garbage-first heap   total 593920K, used 270896K [0x0000000701800000, 0x0000000800000000)
  region size 2048K, 40 young (81920K), 5 survivors (10240K)
 Metaspace       used 86105K, committed 86848K, reserved 1179648K
  class space    used 11884K, committed 12224K, reserved 1048576K
}
Event: 929.972 GC heap after
{Heap after GC invocations=149 (full 24):
 garbage-first heap   total 593920K, used 199007K [0x0000000701800000, 0x0000000800000000)
  region size 2048K, 1 young (2048K), 1 survivors (2048K)
 Metaspace       used 86105K, committed 86848K, reserved 1179648K
  class space    used 11884K, committed 12224K, reserved 1048576K
}
Event: 930.167 GC heap before
{Heap before GC invocations=149 (full 24):
 garbage-first heap   total 593920K, used 278879K [0x0000000701800000, 0x0000000800000000)
  region size 2048K, 40 young (81920K), 1 survivors (2048K)
 Metaspace       used 86105K, committed 86848K, reserved 1179648K
  class space    used 11884K, committed 12224K, reserved 1048576K
}
Event: 930.168 GC heap after
{Heap after GC invocations=150 (full 24):
 garbage-first heap   total 593920K, used 199174K [0x0000000701800000, 0x0000000800000000)
  region size 2048K, 1 young (2048K), 1 survivors (2048K)
 Metaspace       used 86105K, committed 86848K, reserved 1179648K
  class space    used 11884K, committed 12224K, reserved 1048576K
}
Event: 930.367 GC heap before
{Heap before GC invocations=150 (full 24):
 garbage-first heap   total 593920K, used 279046K [0x0000000701800000, 0x0000000800000000)
  region size 2048K, 40 young (81920K), 1 survivors (2048K)
 Metaspace       used 86105K, committed 86848K, reserved 1179648K
  class space    used 11884K, committed 12224K, reserved 1048576K
}
Event: 930.369 GC heap after
{Heap after GC invocations=151 (full 24):
 garbage-first heap   total 593920K, used 199028K [0x0000000701800000, 0x0000000800000000)
  region size 2048K, 1 young (2048K), 1 survivors (2048K)
 Metaspace       used 86105K, committed 86848K, reserved 1179648K
  class space    used 11884K, committed 12224K, reserved 1048576K
}
Event: 930.556 GC heap before
{Heap before GC invocations=151 (full 24):
 garbage-first heap   total 593920K, used 276852K [0x0000000701800000, 0x0000000800000000)
  region size 2048K, 40 young (81920K), 1 survivors (2048K)
 Metaspace       used 86105K, committed 86848K, reserved 1179648K
  class space    used 11884K, committed 12224K, reserved 1048576K
}
Event: 930.559 GC heap after
{Heap after GC invocations=152 (full 24):
 garbage-first heap   total 593920K, used 200057K [0x0000000701800000, 0x0000000800000000)
  region size 2048K, 1 young (2048K), 1 survivors (2048K)
 Metaspace       used 86105K, committed 86848K, reserved 1179648K
  class space    used 11884K, committed 12224K, reserved 1048576K
}
Event: 930.751 GC heap before
{Heap before GC invocations=152 (full 24):
 garbage-first heap   total 593920K, used 279929K [0x0000000701800000, 0x0000000800000000)
  region size 2048K, 40 young (81920K), 1 survivors (2048K)
 Metaspace       used 86105K, committed 86848K, reserved 1179648K
  class space    used 11884K, committed 12224K, reserved 1048576K
}
Event: 930.753 GC heap after
{Heap after GC invocations=153 (full 24):
 garbage-first heap   total 593920K, used 200097K [0x0000000701800000, 0x0000000800000000)
  region size 2048K, 1 young (2048K), 1 survivors (2048K)
 Metaspace       used 86105K, committed 86848K, reserved 1179648K
  class space    used 11884K, committed 12224K, reserved 1048576K
}
Event: 930.936 GC heap before
{Heap before GC invocations=153 (full 24):
 garbage-first heap   total 593920K, used 279969K [0x0000000701800000, 0x0000000800000000)
  region size 2048K, 40 young (81920K), 1 survivors (2048K)
 Metaspace       used 86105K, committed 86848K, reserved 1179648K
  class space    used 11884K, committed 12224K, reserved 1048576K
}
Event: 930.938 GC heap after
{Heap after GC invocations=154 (full 24):
 garbage-first heap   total 593920K, used 200120K [0x0000000701800000, 0x0000000800000000)
  region size 2048K, 1 young (2048K), 1 survivors (2048K)
 Metaspace       used 86105K, committed 86848K, reserved 1179648K
  class space    used 11884K, committed 12224K, reserved 1048576K
}
Event: 931.126 GC heap before
{Heap before GC invocations=154 (full 24):
 garbage-first heap   total 593920K, used 279992K [0x0000000701800000, 0x0000000800000000)
  region size 2048K, 40 young (81920K), 1 survivors (2048K)
 Metaspace       used 86105K, committed 86848K, reserved 1179648K
  class space    used 11884K, committed 12224K, reserved 1048576K
}
Event: 931.128 GC heap after
{Heap after GC invocations=155 (full 24):
 garbage-first heap   total 593920K, used 200169K [0x0000000701800000, 0x0000000800000000)
  region size 2048K, 1 young (2048K), 1 survivors (2048K)
 Metaspace       used 86105K, committed 86848K, reserved 1179648K
  class space    used 11884K, committed 12224K, reserved 1048576K
}
Event: 931.310 GC heap before
{Heap before GC invocations=155 (full 24):
 garbage-first heap   total 593920K, used 280041K [0x0000000701800000, 0x0000000800000000)
  region size 2048K, 40 young (81920K), 1 survivors (2048K)
 Metaspace       used 86105K, committed 86848K, reserved 1179648K
  class space    used 11884K, committed 12224K, reserved 1048576K
}
Event: 931.312 GC heap after
{Heap after GC invocations=156 (full 24):
 garbage-first heap   total 593920K, used 200132K [0x0000000701800000, 0x0000000800000000)
  region size 2048K, 1 young (2048K), 1 survivors (2048K)
 Metaspace       used 86105K, committed 86848K, reserved 1179648K
  class space    used 11884K, committed 12224K, reserved 1048576K
}
Event: 932.009 GC heap before
{Heap before GC invocations=156 (full 24):
 garbage-first heap   total 593920K, used 230852K [0x0000000701800000, 0x0000000800000000)
  region size 2048K, 18 young (36864K), 1 survivors (2048K)
 Metaspace       used 86106K, committed 86848K, reserved 1179648K
  class space    used 11884K, committed 12224K, reserved 1048576K
}
Event: 932.113 GC heap after
{Heap after GC invocations=157 (full 25):
 garbage-first heap   total 593920K, used 199404K [0x0000000701800000, 0x0000000800000000)
  region size 2048K, 0 young (0K), 0 survivors (0K)
 Metaspace       used 86106K, committed 86848K, reserved 1179648K
  class space    used 11884K, committed 12224K, reserved 1048576K
}
Event: 932.613 GC heap before
{Heap before GC invocations=157 (full 25):
 garbage-first heap   total 593920K, used 205548K [0x0000000701800000, 0x0000000800000000)
  region size 2048K, 4 young (8192K), 0 survivors (0K)
 Metaspace       used 86106K, committed 86848K, reserved 1179648K
  class space    used 11884K, committed 12224K, reserved 1048576K
}
Event: 932.715 GC heap after
{Heap after GC invocations=158 (full 26):
 garbage-first heap   total 593920K, used 195977K [0x0000000701800000, 0x0000000800000000)
  region size 2048K, 0 young (0K), 0 survivors (0K)
 Metaspace       used 86106K, committed 86848K, reserved 1179648K
  class space    used 11884K, committed 12224K, reserved 1048576K
}

Dll operation events (20 events):
Event: 8.205 Loaded shared library D:\Vivado\2023.2\lib\win64.o\librdi_ipservicestasks.dll
Event: 8.206 Loaded shared library D:\Vivado\2023.2\lib\win64.o\librdi_vivadotasks.dll
Event: 8.207 Loaded shared library D:\Vivado\2023.2\lib\win64.o\librdi_board.dll
Event: 8.208 Loaded shared library D:\Vivado\2023.2\lib\win64.o\librdi_boarddep.dll
Event: 8.209 Loaded shared library D:\Vivado\2023.2\lib\win64.o\librdi_boardcommontasks.dll
Event: 8.209 Loaded shared library D:\Vivado\2023.2\lib\win64.o\librdi_ptgen.dll
Event: 8.210 Loaded shared library D:\Vivado\2023.2\lib\win64.o\librdi_ip.dll
Event: 8.212 Loaded shared library D:\Vivado\2023.2\lib\win64.o\librdi_mig.dll
Event: 8.215 Loaded shared library D:\Vivado\2023.2\lib\win64.o\librdi_implflow.dll
Event: 8.216 Loaded shared library D:\Vivado\2023.2\lib\win64.o\librdi_xhubtasks.dll
Event: 8.308 Loaded shared library D:\Vivado\2023.2\lib\win64.o\librdi_iptasks.dll
Event: 8.309 Loaded shared library D:\Vivado\2023.2\lib\win64.o\librdi_synth.dll
Event: 9.639 Loaded shared library D:\Vivado\2023.2\tps\win64\jre17.0.7_7\bin\verify.dll
Event: 9.975 Loaded shared library D:\Vivado\2023.2\tps\win64\jre17.0.7_7\bin\javajpeg.dll
Event: 10.018 Loaded shared library D:\Vivado\2023.2\tps\win64\jre17.0.7_7\bin\lcms.dll
Event: 10.459 Loaded shared library D:\Vivado\2023.2\tps\win64\jre17.0.7_7\bin\freetype.dll
Event: 10.494 Loaded shared library D:\Vivado\2023.2\tps\win64\jre17.0.7_7\bin\fontmanager.dll
Event: 17.376 Loaded shared library D:\Vivado\2023.2\lib\win64.o\librdi_xhub.dll
Event: 23.544 Loaded shared library D:\Vivado\2023.2\tps\win64\jre17.0.7_7\bin\management.dll
Event: 23.580 Loaded shared library D:\Vivado\2023.2\tps\win64\jre17.0.7_7\bin\management_ext.dll

Deoptimization events (20 events):
Event: 851.911 Thread 0x0000020f55c8d420 Uncommon trap: trap_request=0xffffffde fr.pc=0x0000020f3da4bc28 relative=0x0000000000000448
Event: 851.911 Thread 0x0000020f55c8d420 Uncommon trap: reason=class_check action=maybe_recompile pc=0x0000020f3da4bc28 method=ui.views.x.b.n.b(Lui/views/x/b/U;)I @ 56 c2
Event: 851.911 Thread 0x0000020f55c8d420 DEOPT PACKING pc=0x0000020f3da4bc28 sp=0x000000badedfe470
Event: 851.911 Thread 0x0000020f55c8d420 DEOPT UNPACKING pc=0x0000020f3c6369a3 sp=0x000000badedfe420 mode 2
Event: 851.913 Thread 0x0000020f55c8d420 Uncommon trap: trap_request=0xffffffde fr.pc=0x0000020f3da4bc28 relative=0x0000000000000448
Event: 851.913 Thread 0x0000020f55c8d420 Uncommon trap: reason=class_check action=maybe_recompile pc=0x0000020f3da4bc28 method=ui.views.x.b.n.b(Lui/views/x/b/U;)I @ 56 c2
Event: 851.913 Thread 0x0000020f55c8d420 DEOPT PACKING pc=0x0000020f3da4bc28 sp=0x000000badedfe470
Event: 851.913 Thread 0x0000020f55c8d420 DEOPT UNPACKING pc=0x0000020f3c6369a3 sp=0x000000badedfe420 mode 2
Event: 866.150 Thread 0x0000020f55c8d420 DEOPT PACKING pc=0x0000020f3682264c sp=0x000000badedfea90
Event: 866.150 Thread 0x0000020f55c8d420 DEOPT UNPACKING pc=0x0000020f3c637143 sp=0x000000badedfdf98 mode 0
Event: 874.791 Thread 0x0000020f55c8d420 DEOPT PACKING pc=0x0000020f36f4ef66 sp=0x000000badedfe860
Event: 874.791 Thread 0x0000020f55c8d420 DEOPT UNPACKING pc=0x0000020f3c637143 sp=0x000000badedfddb8 mode 0
Event: 895.946 Thread 0x0000020f56c9b320 DEOPT PACKING pc=0x0000020f36478a47 sp=0x000000bae14ff060
Event: 895.946 Thread 0x0000020f56c9b320 DEOPT UNPACKING pc=0x0000020f3c637143 sp=0x000000bae14fe5f0 mode 0
Event: 895.967 Thread 0x0000020f56c9b320 DEOPT PACKING pc=0x0000020f36042b70 sp=0x000000bae14ff140
Event: 895.967 Thread 0x0000020f56c9b320 DEOPT UNPACKING pc=0x0000020f3c637143 sp=0x000000bae14fe628 mode 0
Event: 900.894 Thread 0x0000020f67541740 DEOPT PACKING pc=0x0000020f36ccb498 sp=0x000000bae1fff270
Event: 900.894 Thread 0x0000020f67541740 DEOPT UNPACKING pc=0x0000020f3c637143 sp=0x000000bae1ffe7e0 mode 0
Event: 911.517 Thread 0x0000020f55c8d420 DEOPT PACKING pc=0x0000020f36d62eb6 sp=0x000000badedfe9c0
Event: 911.517 Thread 0x0000020f55c8d420 DEOPT UNPACKING pc=0x0000020f3c637143 sp=0x000000badedfde88 mode 0

Classes unloaded (0 events):
No events

Classes redefined (0 events):
No events

Internal exceptions (20 events):
Event: 843.235 Thread 0x0000020f55c8d420 Exception <a 'java/io/FileNotFoundException'{0x0000000733a97180}> (0x0000000733a97180) 
thrown [s\src\hotspot\share\prims\jni.cpp, line 516]
Event: 848.235 Thread 0x0000020f55c8d420 Exception <a 'java/io/FileNotFoundException'{0x0000000733a62460}> (0x0000000733a62460) 
thrown [s\src\hotspot\share\prims\jni.cpp, line 516]
Event: 851.905 Thread 0x0000020f55c8d420 Exception <a 'java/lang/NoSuchMethodError'{0x000000073e212578}: 'java.lang.Object java.lang.invoke.DirectMethodHandle$Holder.invokeSpecial(java.lang.Object, java.lang.Object, java.lang.Object, java.lang.Object, int, java.lang.Object)'> (0x000000073e212578) 
thrown [s\src\hotspot\share\interpreter\linkResolver.cpp, line 759]
Event: 851.905 Thread 0x0000020f55c8d420 Exception <a 'java/lang/NoSuchMethodError'{0x000000073e216060}: 'java.lang.Object java.lang.invoke.Invokers$Holder.linkToTargetMethod(java.lang.Object, java.lang.Object, int, java.lang.Object, java.lang.Object)'> (0x000000073e216060) 
thrown [s\src\hotspot\share\interpreter\linkResolver.cpp, line 759]
Event: 853.526 Thread 0x0000020f55c8d420 Exception <a 'java/io/FileNotFoundException'{0x000000074128bd40}> (0x000000074128bd40) 
thrown [s\src\hotspot\share\prims\jni.cpp, line 516]
Event: 858.235 Thread 0x0000020f55c8d420 Exception <a 'java/io/FileNotFoundException'{0x00000007209a5f48}> (0x00000007209a5f48) 
thrown [s\src\hotspot\share\prims\jni.cpp, line 516]
Event: 863.736 Thread 0x0000020f55c8d420 Exception <a 'java/io/FileNotFoundException'{0x000000071f2991c8}> (0x000000071f2991c8) 
thrown [s\src\hotspot\share\prims\jni.cpp, line 516]
Event: 869.111 Thread 0x0000020f55c8d420 Exception <a 'java/io/FileNotFoundException'{0x000000071d8cc5f8}> (0x000000071d8cc5f8) 
thrown [s\src\hotspot\share\prims\jni.cpp, line 516]
Event: 873.237 Thread 0x0000020f55c8d420 Exception <a 'java/io/FileNotFoundException'{0x0000000734690400}> (0x0000000734690400) 
thrown [s\src\hotspot\share\prims\jni.cpp, line 516]
Event: 878.238 Thread 0x0000020f55c8d420 Exception <a 'java/io/FileNotFoundException'{0x000000071ed46eb0}> (0x000000071ed46eb0) 
thrown [s\src\hotspot\share\prims\jni.cpp, line 516]
Event: 883.550 Thread 0x0000020f55c8d420 Exception <a 'java/io/FileNotFoundException'{0x000000071f0359f0}> (0x000000071f0359f0) 
thrown [s\src\hotspot\share\prims\jni.cpp, line 516]
Event: 888.239 Thread 0x0000020f55c8d420 Exception <a 'java/io/FileNotFoundException'{0x00000007206d0638}> (0x00000007206d0638) 
thrown [s\src\hotspot\share\prims\jni.cpp, line 516]
Event: 893.647 Thread 0x0000020f55c8d420 Exception <a 'java/io/FileNotFoundException'{0x0000000721044ce0}> (0x0000000721044ce0) 
thrown [s\src\hotspot\share\prims\jni.cpp, line 516]
Event: 898.240 Thread 0x0000020f55c8d420 Exception <a 'java/io/FileNotFoundException'{0x0000000721af0710}> (0x0000000721af0710) 
thrown [s\src\hotspot\share\prims\jni.cpp, line 516]
Event: 903.282 Thread 0x0000020f55c8d420 Exception <a 'java/io/FileNotFoundException'{0x000000072124f208}> (0x000000072124f208) 
thrown [s\src\hotspot\share\prims\jni.cpp, line 516]
Event: 909.090 Thread 0x0000020f55c8d420 Exception <a 'java/io/FileNotFoundException'{0x0000000720028a98}> (0x0000000720028a98) 
thrown [s\src\hotspot\share\prims\jni.cpp, line 516]
Event: 914.194 Thread 0x0000020f55c8d420 Exception <a 'java/io/FileNotFoundException'{0x00000007546e0148}> (0x00000007546e0148) 
thrown [s\src\hotspot\share\prims\jni.cpp, line 516]
Event: 918.245 Thread 0x0000020f55c8d420 Exception <a 'java/io/FileNotFoundException'{0x0000000723e7ee88}> (0x0000000723e7ee88) 
thrown [s\src\hotspot\share\prims\jni.cpp, line 516]
Event: 923.771 Thread 0x0000020f55c8d420 Exception <a 'java/io/FileNotFoundException'{0x0000000723fed590}> (0x0000000723fed590) 
thrown [s\src\hotspot\share\prims\jni.cpp, line 516]
Event: 928.247 Thread 0x0000020f55c8d420 Exception <a 'java/io/FileNotFoundException'{0x00000007243c3700}> (0x00000007243c3700) 
thrown [s\src\hotspot\share\prims\jni.cpp, line 516]

VM Operations (20 events):
Event: 929.966 Executing VM operation: G1CollectForAllocation
Event: 929.972 Executing VM operation: G1CollectForAllocation done
Event: 930.167 Executing VM operation: G1CollectForAllocation
Event: 930.168 Executing VM operation: G1CollectForAllocation done
Event: 930.367 Executing VM operation: G1CollectForAllocation
Event: 930.369 Executing VM operation: G1CollectForAllocation done
Event: 930.556 Executing VM operation: G1CollectForAllocation
Event: 930.559 Executing VM operation: G1CollectForAllocation done
Event: 930.751 Executing VM operation: G1CollectForAllocation
Event: 930.753 Executing VM operation: G1CollectForAllocation done
Event: 930.936 Executing VM operation: G1CollectForAllocation
Event: 930.938 Executing VM operation: G1CollectForAllocation done
Event: 931.126 Executing VM operation: G1CollectForAllocation
Event: 931.128 Executing VM operation: G1CollectForAllocation done
Event: 931.310 Executing VM operation: G1CollectForAllocation
Event: 931.312 Executing VM operation: G1CollectForAllocation done
Event: 932.009 Executing VM operation: G1CollectFull
Event: 932.113 Executing VM operation: G1CollectFull done
Event: 932.613 Executing VM operation: G1CollectFull
Event: 932.715 Executing VM operation: G1CollectFull done

Events (20 events):
Event: 926.865 Thread 0x0000020f6bed9d80 Thread added: 0x0000020f6bed9d80
Event: 926.869 Thread 0x0000020f6bed9d80 Thread exited: 0x0000020f6bed9d80
Event: 927.707 Thread 0x0000020f6bed9d80 Thread added: 0x0000020f6bed9d80
Event: 927.711 Thread 0x0000020f6bed9d80 Thread exited: 0x0000020f6bed9d80
Event: 928.568 Thread 0x0000020f6bed9d80 Thread added: 0x0000020f6bed9d80
Event: 928.573 Thread 0x0000020f6bed9d80 Thread exited: 0x0000020f6bed9d80
Event: 929.570 Thread 0x0000020f6bed9d80 Thread added: 0x0000020f6bed9d80
Event: 929.575 Thread 0x0000020f6bed9d80 Thread exited: 0x0000020f6bed9d80
Event: 931.991 Thread 0x0000020f6bed9d80 Thread added: 0x0000020f6bed9d80
Event: 931.992 Thread 0x0000020f6bedf420 Thread added: 0x0000020f6bedf420
Event: 931.995 Thread 0x0000020f6bed9d80 Thread exited: 0x0000020f6bed9d80
Event: 932.001 Thread 0x0000020f6bed9d80 Thread added: 0x0000020f6bed9d80
Event: 932.009 Thread 0x0000020f6bed9d80 Thread exited: 0x0000020f6bed9d80
Event: 932.114 Thread 0x0000020f6bedf420 Thread exited: 0x0000020f6bedf420
Event: 932.575 Thread 0x0000020f6bed9d80 Thread added: 0x0000020f6bed9d80
Event: 932.580 Thread 0x0000020f6bed9d80 Thread exited: 0x0000020f6bed9d80
Event: 932.605 Thread 0x0000020f6bed9d80 Thread added: 0x0000020f6bed9d80
Event: 932.609 Thread 0x0000020f6bee0760 Thread added: 0x0000020f6bee0760
Event: 932.613 Thread 0x0000020f6bee0760 Thread exited: 0x0000020f6bee0760
Event: 932.716 Thread 0x0000020f6bed9d80 Thread exited: 0x0000020f6bed9d80


Dynamic libraries:
0x00007ff64eaf0000 - 0x00007ff64eb21000 	D:\Vivado\2023.2\bin\unwrapped\win64.o\vivado.exe
0x00007ffa87a60000 - 0x00007ffa87cc0000 	C:\WINDOWS\SYSTEM32\ntdll.dll
0x00007ffa861b0000 - 0x00007ffa86277000 	C:\WINDOWS\System32\KERNEL32.DLL
0x00007ffa84c40000 - 0x00007ffa8500a000 	C:\WINDOWS\System32\KERNELBASE.dll
0x00007ffa85010000 - 0x00007ffa8515b000 	C:\WINDOWS\System32\ucrtbase.dll
0x00007ffa6c890000 - 0x00007ffa6c91d000 	C:\WINDOWS\SYSTEM32\MSVCP140.dll
0x00007ffa6f800000 - 0x00007ffa6f81e000 	C:\WINDOWS\SYSTEM32\VCRUNTIME140.dll
0x00007ffa6f7f0000 - 0x00007ffa6f7fc000 	C:\WINDOWS\SYSTEM32\VCRUNTIME140_1.dll
0x00007ffa70d90000 - 0x00007ffa70dac000 	D:\Vivado\2023.2\lib\win64.o\librdi_commonmain.dll
0x00007ffa70d60000 - 0x00007ffa70d81000 	D:\Vivado\2023.2\lib\win64.o\libboost_filesystem.dll
0x00007ffa86340000 - 0x00007ffa863f2000 	C:\WINDOWS\System32\ADVAPI32.dll
0x00007ffa85e50000 - 0x00007ffa85ef9000 	C:\WINDOWS\System32\msvcrt.dll
0x00007ffa87240000 - 0x00007ffa872e6000 	C:\WINDOWS\System32\sechost.dll
0x00007ffa86c10000 - 0x00007ffa86d26000 	C:\WINDOWS\System32\RPCRT4.dll
0x00007ffa17720000 - 0x00007ffa17b50000 	D:\Vivado\2023.2\lib\win64.o\python38.dll
0x00007ffa86b40000 - 0x00007ffa86ba4000 	C:\WINDOWS\System32\SHLWAPI.dll
0x00007ffa870b0000 - 0x00007ffa87124000 	C:\WINDOWS\System32\WS2_32.dll
0x00007ffa81870000 - 0x00007ffa81879000 	D:\Vivado\2023.2\lib\win64.o\librdi_commonversion.dll
0x00007ffa54680000 - 0x00007ffa54836000 	D:\Vivado\2023.2\lib\win64.o\librdi_commonxillic.dll
0x00007ffa85f00000 - 0x00007ffa860cc000 	C:\WINDOWS\System32\USER32.dll
0x00007ffa854e0000 - 0x00007ffa85507000 	C:\WINDOWS\System32\win32u.dll
0x00007ffa86f80000 - 0x00007ffa86faa000 	C:\WINDOWS\System32\GDI32.dll
0x00007ffa85510000 - 0x00007ffa85641000 	C:\WINDOWS\System32\gdi32full.dll
0x00007ffa85160000 - 0x00007ffa85203000 	C:\WINDOWS\System32\msvcp_win.dll
0x00007ffa7db90000 - 0x00007ffa7db9b000 	C:\WINDOWS\SYSTEM32\VERSION.dll
0x0000000050ef0000 - 0x000000005101c000 	D:\Vivado\2023.2\lib\win64.o\tcl85t.dll
0x00007ffa18c20000 - 0x00007ffa18f4d000 	D:\Vivado\2023.2\lib\win64.o\libXil_lmgr11.dll
0x00007ffa87130000 - 0x00007ffa87224000 	C:\WINDOWS\System32\COMDLG32.dll
0x00007ffa85860000 - 0x00007ffa85be2000 	C:\WINDOWS\System32\combase.dll
0x00007ffa86460000 - 0x00007ffa8654d000 	C:\WINDOWS\System32\shcore.dll
0x00007ffa872f0000 - 0x00007ffa87a19000 	C:\WINDOWS\System32\SHELL32.dll
0x00007ffa85210000 - 0x00007ffa85378000 	C:\WINDOWS\System32\wintypes.dll
0x00007ffa860d0000 - 0x00007ffa861a6000 	C:\WINDOWS\System32\OLEAUT32.dll
0x00007ffa86db0000 - 0x00007ffa86f46000 	C:\WINDOWS\System32\ole32.dll
0x00007ffa85650000 - 0x00007ffa856cf000 	C:\WINDOWS\System32\WINTRUST.dll
0x00007ffa856e0000 - 0x00007ffa85857000 	C:\WINDOWS\System32\CRYPT32.dll
0x00007ffa1fd50000 - 0x00007ffa1fe64000 	D:\Vivado\2023.2\lib\win64.o\libboost_regex.dll
0x00007ffa00c70000 - 0x00007ffa0231a000 	D:\Vivado\2023.2\lib\win64.o\librdi_common.dll
0x00007ffa84b20000 - 0x00007ffa84b46000 	C:\WINDOWS\SYSTEM32\bcrypt.dll
0x00007ffa705e0000 - 0x00007ffa705fa000 	C:\WINDOWS\SYSTEM32\NETAPI32.dll
0x00007ffa57150000 - 0x00007ffa57204000 	C:\WINDOWS\WinSxS\amd64_microsoft.windows.common-controls_6595b64144ccf1df_5.82.26100.1882_none_87f34cef7a28f535\COMCTL32.dll
0x00007ffa7a9d0000 - 0x00007ffa7a9f5000 	C:\WINDOWS\SYSTEM32\dhcpcsvc.DLL
0x00007ffa68630000 - 0x00007ffa6863a000 	C:\WINDOWS\SYSTEM32\WSOCK32.dll
0x00007ffa84010000 - 0x00007ffa8403b000 	C:\WINDOWS\SYSTEM32\USERENV.dll
0x00007ffa70cc0000 - 0x00007ffa70cd1000 	D:\Vivado\2023.2\lib\win64.o\libboost_date_time.dll
0x00007ffa59b00000 - 0x00007ffa59b79000 	D:\Vivado\2023.2\lib\win64.o\libboost_program_options.dll
0x00007ffa173b0000 - 0x00007ffa1771e000 	D:\Vivado\2023.2\lib\win64.o\libCOIN-all.dll
0x00007ffa6e9f0000 - 0x00007ffa6ea0c000 	D:\Vivado\2023.2\lib\win64.o\libboost_thread.dll
0x00007ffa7f880000 - 0x00007ffa7f88c000 	D:\Vivado\2023.2\lib\win64.o\libboost_xilinx.dll
0x00007ffa54970000 - 0x00007ffa549f2000 	D:\Vivado\2023.2\lib\win64.o\libhdlpsolve.dll
0x00007ffa2a490000 - 0x00007ffa2a535000 	D:\Vivado\2023.2\lib\win64.o\libhdxml.dll
0x00007ffa69b00000 - 0x00007ffa69b2a000 	D:\Vivado\2023.2\lib\win64.o\libisl_sysinfo.dll
0x00007ffa134f0000 - 0x00007ffa14514600 	D:\Vivado\2023.2\lib\win64.o\libisl_iostreams.dll
0x00007ffa5c970000 - 0x00007ffa5c9d5000 	D:\Vivado\2023.2\lib\win64.o\liblmx6.0.dll
0x00007ffa5f010000 - 0x00007ffa5f031000 	D:\Vivado\2023.2\lib\win64.o\librdizlib.dll
0x00007ffa6e1e0000 - 0x00007ffa6e463000 	C:\WINDOWS\SYSTEM32\WININET.dll
0x00007ffa6c020000 - 0x00007ffa6c03c000 	D:\Vivado\2023.2\lib\win64.o\librdiconfig.dll
0x00007ffa7c820000 - 0x00007ffa7c93d000 	C:\WINDOWS\SYSTEM32\WINHTTP.dll
0x00007ffa716c0000 - 0x00007ffa7189c000 	C:\WINDOWS\SYSTEM32\urlmon.dll
0x00007ffa5be80000 - 0x00007ffa5beb0000 	C:\WINDOWS\SYSTEM32\VCOMP140.DLL
0x00007ffa69b60000 - 0x00007ffa69b7a000 	D:\Vivado\2023.2\lib\win64.o\pthreadVC2.dll
0x00007ffa69ae0000 - 0x00007ffa69af8000 	D:\Vivado\2023.2\lib\win64.o\libboost_iostreams.dll
0x00007ffa71320000 - 0x00007ffa715eb000 	C:\WINDOWS\SYSTEM32\iertutil.dll
0x00007ffa828c0000 - 0x00007ffa83112000 	C:\WINDOWS\SYSTEM32\windows.storage.dll
0x00007ffa712a0000 - 0x00007ffa712c9000 	C:\WINDOWS\SYSTEM32\srvcli.dll
0x00007ffa83410000 - 0x00007ffa8341d000 	C:\WINDOWS\SYSTEM32\netutils.dll
0x00007ffa5be50000 - 0x00007ffa5be74000 	D:\Vivado\2023.2\lib\win64.o\libisl_iosutils.dll
0x00007ffa1d180000 - 0x00007ffa1d441000 	D:\Vivado\2023.2\lib\win64.o\xerces-c_3_2.dll
0x00007ff9fe9b0000 - 0x00007ffa008c7000 	D:\Vivado\2023.2\lib\win64.o\gurobi90.dll
0x00007ffa85dd0000 - 0x00007ffa85e44000 	C:\WINDOWS\System32\WLDAP32.dll
0x00007ffa86280000 - 0x00007ffa86288000 	C:\WINDOWS\System32\Normaliz.dll
0x00007ffa83f50000 - 0x00007ffa83fba000 	C:\WINDOWS\SYSTEM32\MSWSOCK.DLL
0x00007ffa87040000 - 0x00007ffa8706f000 	C:\WINDOWS\System32\IMM32.DLL
0x00007ffa843a0000 - 0x00007ffa843b3000 	C:\WINDOWS\SYSTEM32\MSASN1.dll
0x00007ffa84210000 - 0x00007ffa8422c000 	C:\WINDOWS\SYSTEM32\CRYPTSP.dll
0x00007ffa83980000 - 0x00007ffa839ba000 	C:\WINDOWS\system32\rsaenh.dll
0x00007ffa84230000 - 0x00007ffa8423c000 	C:\WINDOWS\SYSTEM32\CRYPTBASE.dll
0x00007ffa85440000 - 0x00007ffa854d9000 	C:\WINDOWS\System32\bcryptPrimitives.dll
0x00007ffa87080000 - 0x00007ffa870a0000 	C:\WINDOWS\System32\imagehlp.dll
0x00007ffa83a20000 - 0x00007ffa83a3a000 	C:\WINDOWS\SYSTEM32\kernel.appcore.dll
0x00007ffa16e60000 - 0x00007ffa173ad000 	D:\Vivado\2023.2\lib\win64.o\librdi_commontasks.dll
0x00007ffa035b0000 - 0x00007ffa041f8000 	D:\Vivado\2023.2\tps\win64\jre17.0.7_7\bin\server\jvm.dll
0x00007ffa721d0000 - 0x00007ffa72206000 	C:\WINDOWS\SYSTEM32\WINMM.dll
0x00007ffa16b30000 - 0x00007ffa16e5b800 	D:\Vivado\2023.2\lib\win64.o\librdi_sio.dll
0x00007ffa83420000 - 0x00007ffa83453000 	C:\WINDOWS\SYSTEM32\IPHLPAPI.DLL
0x00007ffa83fc0000 - 0x00007ffa83fe7000 	C:\WINDOWS\SYSTEM32\gpapi.dll
0x00007ffa7a4c0000 - 0x00007ffa7a4fb000 	C:\Windows\System32\cryptnet.dll
0x00007ffa84b50000 - 0x00007ffa84b7f000 	C:\WINDOWS\SYSTEM32\profapi.dll
0x00007ffa81b50000 - 0x00007ffa81b5f000 	C:\WINDOWS\SYSTEM32\WINNSI.DLL
0x00007ffa86c00000 - 0x00007ffa86c0a000 	C:\WINDOWS\System32\NSI.dll
0x00007ffa7c060000 - 0x00007ffa7c07f000 	C:\WINDOWS\SYSTEM32\dhcpcsvc6.DLL
0x00007ffa69480000 - 0x00007ffa69543000 	C:\WINDOWS\SYSTEM32\webio.dll
0x00007ffa83cc0000 - 0x00007ffa83d08000 	C:\WINDOWS\SYSTEM32\SspiCli.dll
0x00007ffa83510000 - 0x00007ffa83635000 	C:\WINDOWS\SYSTEM32\DNSAPI.dll
0x00007ffa76940000 - 0x00007ffa7694b000 	C:\Windows\System32\rasadhlp.dll
0x00007ffa79cf0000 - 0x00007ffa79d75000 	C:\WINDOWS\System32\fwpuclnt.dll
0x00007ffa6c2c0000 - 0x00007ffa6c2d8000 	C:\WINDOWS\system32\napinsp.dll
0x00007ffa6c270000 - 0x00007ffa6c282000 	C:\WINDOWS\System32\winrnr.dll
0x00007ffa6b9d0000 - 0x00007ffa6ba00000 	C:\WINDOWS\system32\nlansp_c.dll
0x00007ffa7cdf0000 - 0x00007ffa7ce06000 	C:\WINDOWS\system32\wshbth.dll
0x00007ff9da4f0000 - 0x00007ff9dd2b6000 	D:\Vivado\2023.2\lib\win64.o\librdi_tcltasks.dll
0x00007ffa2bbd0000 - 0x00007ffa2bc53000 	D:\Vivado\2023.2\lib\win64.o\librdi_boarddep.dll
0x00007ffa1bab0000 - 0x00007ffa1bcb0000 	D:\Vivado\2023.2\lib\win64.o\librdi_board.dll
0x00007ffa1ddd0000 - 0x00007ffa1defa000 	D:\Vivado\2023.2\lib\win64.o\librdi_chipscope.dll
0x00007ffa112b0000 - 0x00007ffa11791000 	D:\Vivado\2023.2\lib\win64.o\librdi_bitstream.dll
0x00007ffa16920000 - 0x00007ffa16b27000 	D:\Vivado\2023.2\lib\win64.o\librdi_chipscopeimpl.dll
0x00007ffa1d630000 - 0x00007ffa1d79e000 	D:\Vivado\2023.2\lib\win64.o\librdi_containers.dll
0x00007ff9fcba0000 - 0x00007ff9fe9a7000 	D:\Vivado\2023.2\lib\win64.o\librdi_designutils.dll
0x00007ffa12a20000 - 0x00007ffa12dbf000 	D:\Vivado\2023.2\lib\win64.o\librdi_dlyest.dll
0x00007ff9fbd50000 - 0x00007ff9fc486000 	D:\Vivado\2023.2\lib\win64.o\librdi_drc.dll
0x00007ff9d6340000 - 0x00007ff9d8a35000 	D:\Vivado\2023.2\lib\win64.o\librdi_constraints.dll
0x00007ffa1fa80000 - 0x00007ffa1fb34000 	D:\Vivado\2023.2\lib\win64.o\librdi_dsp.dll
0x00007ff9fa740000 - 0x00007ff9fbd43000 	D:\Vivado\2023.2\lib\win64.o\librdi_device.dll
0x00007ffa59a90000 - 0x00007ffa59afb000 	D:\Vivado\2023.2\lib\win64.o\librdi_hdf.dll
0x00007ff9d3c00000 - 0x00007ff9d6336000 	D:\Vivado\2023.2\lib\win64.o\librdi_coregen.dll
0x00007ffa10fc0000 - 0x00007ffa112a4000 	D:\Vivado\2023.2\lib\win64.o\librdi_hip_devdesign.dll
0x00007ff9f9f80000 - 0x00007ff9fa73f000 	D:\Vivado\2023.2\lib\win64.o\librdi_filemgmt.dll
0x00007ffa167d0000 - 0x00007ffa16918000 	D:\Vivado\2023.2\lib\win64.o\librdi_hip_perf_analysis.dll
0x00007ff9d9c50000 - 0x00007ff9da4ea000 	D:\Vivado\2023.2\lib\win64.o\librdi_lopt.dll
0x00007ff9d8da0000 - 0x00007ff9d9c50000 	D:\Vivado\2023.2\lib\win64.o\librdi_ippcw.dll
0x00007ff9c7ca0000 - 0x00007ff9c8de3000 	D:\Vivado\2023.2\lib\win64.o\librdi_implflow.dll
0x00007ffa02f50000 - 0x00007ffa035a6000 	D:\Vivado\2023.2\lib\win64.o\librdi_memdata.dll
0x00007ffa2a320000 - 0x00007ffa2a39d000 	D:\Vivado\2023.2\lib\win64.o\librdi_memoryarray.dll
0x00007ffa2a1b0000 - 0x00007ffa2a222000 	D:\Vivado\2023.2\lib\win64.o\librdi_noc_frameworks.dll
0x00007ff9d33f0000 - 0x00007ff9d3bf4000 	D:\Vivado\2023.2\lib\win64.o\librdi_netlist.dll
0x00007ff9c0210000 - 0x00007ff9c2c51000 	D:\Vivado\2023.2\lib\win64.o\librdi_mig.dll
0x00007ffa23550000 - 0x00007ffa235ac000 	D:\Vivado\2023.2\lib\win64.o\librdi_pfi.dll
0x00007ff9c67f0000 - 0x00007ff9c70e2000 	D:\Vivado\2023.2\lib\win64.o\librdi_power.dll

dbghelp: loaded successfully - version: 4.0.5 - missing functions: none
symbol engine: initialized successfully - sym options: 0x614 - pdb path: .;D:\Vivado\2023.2\bin\unwrapped\win64.o;C:\WINDOWS\SYSTEM32;D:\Vivado\2023.2\lib\win64.o;C:\WINDOWS\WinSxS\amd64_microsoft.windows.common-controls_6595b64144ccf1df_5.82.26100.1882_none_87f34cef7a28f535;D:\Vivado\2023.2\tps\win64\jre17.0.7_7\bin\server;D:\Vivado\2023.2\tps\win64\jre17.0.7_7\bin;C:\WINDOWS\WinSxS\amd64_microsoft.windows.common-controls_6595b64144ccf1df_6.0.26100.3624_none_3e086962e3345f24

VM Arguments:
jvm_args: -Dsun.java2d.pmoffscreen=false -Dhttps.protocols=TLSv1,TLSv1.1,TLSv1.2 -Dsun.java2d.xrender=false -Dsun.java2d.d3d=false -Dsun.awt.nopixfmt=true -Dsun.java2d.dpiaware=true -Dsun.java2d.uiScale.enabled=false -Dswing.aatext=true -XX:-UsePerfData -Djdk.map.althashing.threshold=512 -XX:StringTableSize=4072 -XX:+UseStringDeduplication -XX:MaxGCPauseMillis=200 -XX:+ParallelRefProcEnabled --add-opens=java.desktop/javax.swing.plaf.synth=ALL-UNNAMED --add-opens=java.base/java.nio=ALL-UNNAMED --add-opens=java.desktop/sun.swing=ALL-UNNAMED --add-opens=java.desktop/javax.swing=ALL-UNNAMED --add-opens=java.desktop/javax.swing.tree=ALL-UNNAMED --add-opens=java.desktop/javax.swing.plaf.basic=ALL-UNNAMED --add-opens=java.desktop/javax.swing.plaf.synth=ALL-UNNAMED --add-opens=java.desktop/javax.swing.plaf.basic=ALL-UNNAMED --add-opens=java.desktop/javax.swing=ALL-UNNAMED --add-opens=java.desktop/javax.swing.tree=ALL-UNNAMED --add-opens=java.desktop/java.awt.event=ALL-UNNAMED --add-exports=java.desktop/javax.swing.plaf.synth=ALL-UNNAMED --add-exports=java.base/java.nio=ALL-UNNAMED --add-exports=java.desktop/sun.swing=ALL-UNNAMED --add-exports=java.desktop/javax.swing=ALL-UNNAMED --add-exports=java.desktop/javax.swing.tree=ALL-UNNAMED --add-exports=java.desktop/javax.swing.plaf.basic=ALL-UNNAMED --add-exports=java.desktop/sun.swing=ALL-UNNAMED --add-exports=java.desktop/sun.swing.table=ALL-UNNAMED --add-exports=java.desktop/sun.swing.plaf.synth=ALL-UNNAMED --add-exports=java.desktop/sun.awt.shell=ALL-UNNAMED --add-exports=java.base/sun.security.action=ALL-UNNAMED --add-exports=java.desktop/sun.font=ALL-UNNAMED -XX:NewSize=80m -XX:MaxNewSize=80m -Xms512m -Xmx4072m -Xss10m 
java_command: <unknown>
java_class_path (initial): D:/Vivado/2023.2\lib\classes\alloy.jar;D:/Vivado/2023.2\lib\classes\asm-9.3.jar;D:/Vivado/2023.2\lib\classes\asm-analysis-9.3.jar;D:/Vivado/2023.2\lib\classes\asm-commons-9.3.jar;D:/Vivado/2023.2\lib\classes\asm-tree-9.3.jar;D:/Vivado/2023.2\lib\classes\autoesl-models.jar;D:/Vivado/2023.2\lib\classes\batik-anim.jar;D:/Vivado/2023.2\lib\classes\batik-awt-util.jar;D:/Vivado/2023.2\lib\classes\batik-bridge.jar;D:/Vivado/2023.2\lib\classes\batik-codec.jar;D:/Vivado/2023.2\lib\classes\batik-constants.jar;D:/Vivado/2023.2\lib\classes\batik-css.jar;D:/Vivado/2023.2\lib\classes\batik-dom.jar;D:/Vivado/2023.2\lib\classes\batik-ext.jar;D:/Vivado/2023.2\lib\classes\batik-gui-util.jar;D:/Vivado/2023.2\lib\classes\batik-gvt.jar;D:/Vivado/2023.2\lib\classes\batik-i18n.jar;D:/Vivado/2023.2\lib\classes\batik-parser.jar;D:/Vivado/2023.2\lib\classes\batik-script.jar;D:/Vivado/2023.2\lib\classes\batik-svg-dom.jar;D:/Vivado/2023.2\lib\classes\batik-svggen.jar;D:/Vivado/2023.2\lib\classes\batik-swing.jar;D:/Vivado/2023.2\lib\classes\batik-transcoder.jar;D:/Vivado/2023.2\lib\classes\batik-util.jar;D:/Vivado/2023.2\lib\classes\batik-xml.jar;D:/Vivado/2023.2\lib\classes\com.fasterxml.jackson.core.jackson-annotations_2.12.1.v20210128-1726.jar;D:/Vivado/2023.2\lib\classes\com.fasterxml.jackson.core.jackson-core_2.12.1.v20210128-1726.jar;D:/Vivado/2023.2\lib\classes\com.fasterxml.jackson.core.jackson-databind_2.12.1.v20210128-1726.jar;D:/Vivado/2023.2\lib\classes\com.google.gson_2.8.9.v20220111-1409.jar;D:/Vivado/2023.2\lib\classes\com.google.guava_30.1.0.v20210127-2300.jar;D:/Vivado/2023.2\lib\classes\com.sigasi.hdt.connection_4.17.2.202304211001.jar;D:/Vivado/2023.2\lib\classes\com.sigasi.hdt.epl_4.17.2.202304211001.jar;D:/Vivado/2023.2\lib\classes\com.sigasi.hdt.project_4.17.2.202304211001.jar;D:/Vivado/2023.2\lib\classes\com.sigasi.hdt.readonlyfilesystem_4.17.2.202304211001.jar;D:/Vivado/2023.2\lib\classes\com.sigasi.hdt.shared_4.17.2.202304211001.jar;D:/Vivad
Launcher Type: generic

[Global flags]
     intx CICompilerCount                          = 4                                         {product} {ergonomic}
     uint ConcGCThreads                            = 2                                         {product} {ergonomic}
     uint G1ConcRefinementThreads                  = 8                                         {product} {ergonomic}
   size_t G1HeapRegionSize                         = 2097152                                   {product} {ergonomic}
    uintx GCDrainStackTargetSize                   = 64                                        {product} {ergonomic}
   size_t InitialHeapSize                          = 536870912                                 {product} {command line}
   size_t MarkStackSize                            = 4194304                                   {product} {ergonomic}
    uintx MaxGCPauseMillis                         = 200                                       {product} {command line}
   size_t MaxHeapSize                              = 4269801472                                {product} {command line}
   size_t MaxNewSize                               = 83886080                                  {product} {command line}
   size_t MinHeapDeltaBytes                        = 2097152                                   {product} {ergonomic}
   size_t MinHeapSize                              = 536870912                                 {product} {command line}
   size_t NewSize                                  = 83886080                                  {product} {command line}
    uintx NonNMethodCodeHeapSize                   = 5839372                                {pd product} {ergonomic}
    uintx NonProfiledCodeHeapSize                  = 122909434                              {pd product} {ergonomic}
     bool ParallelRefProcEnabled                   = true                                      {product} {command line}
    uintx ProfiledCodeHeapSize                     = 122909434                              {pd product} {ergonomic}
    uintx ReservedCodeCacheSize                    = 251658240                              {pd product} {ergonomic}
     bool SegmentedCodeCache                       = true                                      {product} {ergonomic}
   size_t SoftMaxHeapSize                          = 4269801472                             {manageable} {ergonomic}
    uintx StringTableSize                          = 4072                                      {product} {command line}
     intx ThreadStackSize                          = 10240                                  {pd product} {command line}
     bool UseCompressedClassPointers               = true                           {product lp64_product} {ergonomic}
     bool UseCompressedOops                        = true                           {product lp64_product} {ergonomic}
     bool UseG1GC                                  = true                                      {product} {ergonomic}
     bool UseLargePagesIndividualAllocation        = false                                  {pd product} {ergonomic}
     bool UsePerfData                              = false                                     {product} {command line}
     bool UseStringDeduplication                   = true                                      {product} {command line}

Logging:
Log output configuration:
 #0: stdout all=warning uptime,level,tags
 #1: stderr all=off uptime,level,tags

Environment Variables:
JAVA_HOME=C:\Users\debab\AppData\Local\Programs\Eclipse Adoptium\jdk-17.0.11.9-hotspot\
PATH=D:/Vivado/2023.2/bin;D:/Vivado/2023.2/tps/win64/java-cef-95.0.4638.69/bin/lib/win64;D:/Vivado/2023.2/tps/win64/javafx-sdk-17.0.1/lib;D:/Vivado/2023.2/tps/win64/javafx-sdk-17.0.1/bin;D:/Vivado/2023.2/lib/win64.o;D:/Vivado/2023.2/tps/win64/jre17.0.7_7/bin/server;D:/Vivado/2023.2/tps/win64/jre17.0.7_7/bin;D:/Vivado/2023.2/ids_lite/ISE/bin/nt64;D:/Vivado/2023.2/ids_lite/ISE/lib/nt64;D:/Vitis_HLS/2023.2/bin;C:\Program Files (x86)\Common Files\Oracle\Java\java8path;C:\Program Files (x86)\Common Files\Oracle\Java\javapath;C:\Python312\Scripts\;C:\Python312\;C:\oraclexe\app\oracle\product\11.2.0\server\bin;C:\ProgramData\Oracle\Java\javapath;C:\Windows\system32;C:\Windows;C:\Windows\System32\Wbem;C:\Windows\System32\WindowsPowerShell\v1.0\;C:\Windows\System32\OpenSSH\;C:\Program Files (x86)\NVIDIA Corporation\PhysX\Common;C:\Program Files\NVIDIA Corporation\NVIDIA NvDLISR;C:\Program Files\PuTTY\;C:\Program Files\nodejs\;C:\ProgramData\chocolatey\bin;C:\Program Files\Git\cmd;C:\Program Files\dotnet\;C:\Users\debab\AppData\Local\Programs\Eclipse Adoptium\jdk-17.0.11.9-hotspot\bin;C:\Program Files\MySQL\MySQL Shell 8.0\bin\;C:\Users\debab\AppData\Local\Microsoft\WindowsApps;C:\Users\debab\AppData\Local\Programs\Python\Python310;C:\Users\debab\AppData\Local\Programs\Python\Python310\Scripts;C:\Users\debab\AppData\Local\Programs\Microsoft VS Code\bin;C:\Users\debab\AppData\Roaming\npm;;D:/Vivado/2023.2\tps\mingw\6.2.0\win64.o\nt\bin;D:/Vivado/2023.2\tps\mingw\6.2.0\win64.o\nt\libexec\gcc\x86_64-w64-mingw32\6.2.0;D:/Vivado/2023.2\tps\win64\python-3.8.3;D:/Vivado/2023.2\tps\win64\python-3.8.3\bin;D:/Vivado/2023.2\tps\win64\python-3.8.3\lib;D:/Vivado/2023.2\tps\win64\python-3.8.3\lib\site-packages
USERNAME=debab
OS=Windows_NT
PROCESSOR_IDENTIFIER=Intel64 Family 6 Model 165 Stepping 2, GenuineIntel
TMP=C:\Users\debab\AppData\Local\Temp
TEMP=C:\Users\debab\AppData\Local\Temp



---------------  S Y S T E M  ---------------

OS:
 Windows 11 , 64 bit Build 26100 (10.0.26100.3775)
OS uptime: 0 days 12:59 hours
Hyper-V role detected

CPU: total 8 (initial active 8) (4 cores per cpu, 2 threads per core) family 6 model 165 stepping 2 microcode 0xe2, cx8, cmov, fxsr, ht, mmx, 3dnowpref, sse, sse2, sse3, ssse3, sse4.1, sse4.2, popcnt, lzcnt, tsc, tscinvbit, avx, avx2, aes, erms, clmul, bmi1, bmi2, adx, fma, vzeroupper, clflush, clflushopt, hv

Memory: 4k page, system-wide physical 8023M (890M free)
TotalPageFile size 17619M (AvailPageFile size 1985M)
current process WorkingSet (physical memory assigned to process): 2613M, peak: 2613M
current process commit charge ("private bytes"): 5533M, peak: 6026M

vm_info: OpenJDK 64-Bit Server VM (17.0.7+7) for windows-amd64 JRE (17.0.7+7), built on Apr 18 2023 22:10:42 by "temurin" with MS VC++ 16.7 (VS2019)

END.
