#
# A fatal error has been detected by the Java Runtime Environment:
#
#  EXCEPTION_ACCESS_VIOLATION (0xc0000005) at pc=0x00007ffd9d96d61f, pid=8580, tid=4752
#
# JRE version: OpenJDK Runtime Environment Temurin-17.0.7+7 (17.0.7+7) (build 17.0.7+7)
# Java VM: OpenJDK 64-Bit Server VM Temurin-17.0.7+7 (17.0.7+7, mixed mode, sharing, tiered, compressed oops, compressed class ptrs, g1 gc, windows-amd64)
# Problematic frame:
# C  0x00007ffd9d96d61f
#
# No core dump will be written. Minidumps are not enabled by default on client versions of Windows
#
# If you would like to submit a bug report, please visit:
#   https://github.com/adoptium/adoptium-support/issues
# The crash happened outside the Java Virtual Machine in native code.
# See problematic frame for where to report the bug.
#

---------------  S U M M A R Y ------------

Command Line: -Dsun.java2d.pmoffscreen=false -Dhttps.protocols=TLSv1,TLSv1.1,TLSv1.2 -Dsun.java2d.xrender=false -Dsun.java2d.d3d=false -Dsun.awt.nopixfmt=true -Dsun.java2d.dpiaware=true -Dsun.java2d.uiScale.enabled=false -Dswing.aatext=true -XX:-UsePerfData -Djdk.map.althashing.threshold=512 -XX:StringTableSize=4072 -XX:+UseStringDeduplication -XX:MaxGCPauseMillis=200 -XX:+ParallelRefProcEnabled --add-opens=java.desktop/javax.swing.plaf.synth=ALL-UNNAMED --add-opens=java.base/java.nio=ALL-UNNAMED --add-opens=java.desktop/sun.swing=ALL-UNNAMED --add-opens=java.desktop/javax.swing=ALL-UNNAMED --add-opens=java.desktop/javax.swing.tree=ALL-UNNAMED --add-opens=java.desktop/javax.swing.plaf.basic=ALL-UNNAMED --add-opens=java.desktop/javax.swing.plaf.synth=ALL-UNNAMED --add-opens=java.desktop/javax.swing.plaf.basic=ALL-UNNAMED --add-opens=java.desktop/javax.swing=ALL-UNNAMED --add-opens=java.desktop/javax.swing.tree=ALL-UNNAMED --add-opens=java.desktop/java.awt.event=ALL-UNNAMED --add-exports=java.desktop/javax.swing.plaf.synth=ALL-UNNAMED --add-exports=java.base/java.nio=ALL-UNNAMED --add-exports=java.desktop/sun.swing=ALL-UNNAMED --add-exports=java.desktop/javax.swing=ALL-UNNAMED --add-exports=java.desktop/javax.swing.tree=ALL-UNNAMED --add-exports=java.desktop/javax.swing.plaf.basic=ALL-UNNAMED --add-exports=java.desktop/sun.swing=ALL-UNNAMED --add-exports=java.desktop/sun.swing.table=ALL-UNNAMED --add-exports=java.desktop/sun.swing.plaf.synth=ALL-UNNAMED --add-exports=java.desktop/sun.awt.shell=ALL-UNNAMED --add-exports=java.base/sun.security.action=ALL-UNNAMED --add-exports=java.desktop/sun.font=ALL-UNNAMED -XX:NewSize=80m -XX:MaxNewSize=80m -Xms512m -Xmx4072m -Xss10m 

Host: Intel(R) Core(TM) i5-10300H CPU @ 2.50GHz, 8 cores, 7G,  Windows 11 , 64 bit Build 22621 (10.0.22621.4391)
Time: Sun Jan 26 11:02:33 2025 India Standard Time elapsed time: 3296.377070 seconds (0d 0h 54m 56s)

---------------  T H R E A D  ---------------

Current thread (0x000001dff1617860):  JavaThread "AWT-EventQueue-0" [_thread_in_native, id=4752, stack(0x0000008c5aa00000,0x0000008c5b400000)]

Stack: [0x0000008c5aa00000,0x0000008c5b400000],  sp=0x0000008c5b3fcaa8,  free space=10226k
Native frames: (J=compiled Java code, j=interpreted, Vv=VM code, C=native code)
C  0x00007ffd9d96d61f

Java frames: (J=compiled Java code, j=interpreted, Vv=VM code)
J 27185  ui.views.waveform.waveformi.WVExecutive_getValueDataSize(J)J (0 bytes) @ 0x000001dfd8a90fe9 [0x000001dfd8a90fa0+0x0000000000000049]
J 27184 c1 ui.views.waveform.executive.a.kYC()Lui/views/waveform/executive/protobuf/WVNameValue$WVValueTreeMessage; (70 bytes) @ 0x000001dfd13c1c7c [0x000001dfd13c1c00+0x000000000000007c]
J 27183 c1 ui.views.waveform.g.D.laE()[Ljava/lang/String; (53 bytes) @ 0x000001dfd031eb94 [0x000001dfd031eb00+0x0000000000000094]
J 24273 c1 ui.views.waveform.g.D.Kp(Z)V (64 bytes) @ 0x000001dfd1f09264 [0x000001dfd1f08f40+0x0000000000000324]
J 25888 c1 ui.views.waveform.g.u.Kp(Z)V (36 bytes) @ 0x000001dfd00c1f34 [0x000001dfd00c1d00+0x0000000000000234]
J 20747 c1 ui.views.waveform.u.aS(ZZ)V (53 bytes) @ 0x000001dfd0d569fc [0x000001dfd0d56440+0x00000000000005bc]
J 17145 c1 ui.views.waveform.d.b.j(Lui/frmwork/a/k;)V (605 bytes) @ 0x000001dfd1649dec [0x000001dfd16439a0+0x000000000000644c]
J 17144 c1 ui.views.waveform.u.handleTclEvent(Lui/frmwork/a/k;)V (17 bytes) @ 0x000001dfd164289c [0x000001dfd16427c0+0x00000000000000dc]
J 23138 c2 ui.frmwork.a.m.c(Lui/frmwork/a/k;)V (61 bytes) @ 0x000001dfd85d6de0 [0x000001dfd85d67e0+0x0000000000000600]
J 20870 c2 ui.frmwork.F.i(JZ)V (471 bytes) @ 0x000001dfd847ac68 [0x000001dfd8479540+0x0000000000001728]
J 23128 c2 ui.frmwork.F.fireTclEvent(J)I (113 bytes) @ 0x000001dfd80520ec [0x000001dfd8050d80+0x000000000000136c]
v  ~StubRoutines::call_stub
J 20760  ui.views.waveform.waveformi.WVExecutive_processModelEvent(JJ)V (0 bytes) @ 0x000001dfd80fbf6c [0x000001dfd80fbf20+0x000000000000004c]
J 20659 c1 ui.views.waveform.d.b.fS(J)V (109 bytes) @ 0x000001dfd0f2704c [0x000001dfd0f26f80+0x00000000000000cc]
J 17145 c1 ui.views.waveform.d.b.j(Lui/frmwork/a/k;)V (605 bytes) @ 0x000001dfd164aaf4 [0x000001dfd16439a0+0x0000000000007154]
J 17144 c1 ui.views.waveform.u.handleTclEvent(Lui/frmwork/a/k;)V (17 bytes) @ 0x000001dfd164289c [0x000001dfd16427c0+0x00000000000000dc]
J 23138 c2 ui.frmwork.a.m.c(Lui/frmwork/a/k;)V (61 bytes) @ 0x000001dfd85d6de0 [0x000001dfd85d67e0+0x0000000000000600]
J 20870 c2 ui.frmwork.F.i(JZ)V (471 bytes) @ 0x000001dfd847ac68 [0x000001dfd8479540+0x0000000000001728]
J 17366 c1 ui.frmwork.F.dv(J)V (15 bytes) @ 0x000001dfd16d9bec [0x000001dfd16d9b60+0x000000000000008c]
J 17365 c1 ui.frmwork.F$$Lambda$220+0x00000008017177d8.run()V (12 bytes) @ 0x000001dfd16d97c4 [0x000001dfd16d9740+0x0000000000000084]
J 18060 c2 java.awt.EventQueue.dispatchEventImpl(Ljava/awt/AWTEvent;Ljava/lang/Object;)V java.desktop@17.0.7 (136 bytes) @ 0x000001dfd81e7dbc [0x000001dfd81e7be0+0x00000000000001dc]
J 15805 c2 java.awt.EventDispatchThread.pumpOneEventForFilters(I)V java.desktop@17.0.7 (113 bytes) @ 0x000001dfd7b1ae50 [0x000001dfd7b1a340+0x0000000000000b10]
J 22133% c2 java.awt.EventDispatchThread.pumpEventsForFilter(ILjava/awt/Conditional;Ljava/awt/EventFilter;)V java.desktop@17.0.7 (47 bytes) @ 0x000001dfd86b7234 [0x000001dfd86b7100+0x0000000000000134]
j  java.awt.EventDispatchThread.pumpEventsForHierarchy(ILjava/awt/Conditional;Ljava/awt/Component;)V+11 java.desktop@17.0.7
j  java.awt.EventDispatchThread.pumpEvents(ILjava/awt/Conditional;)V+4 java.desktop@17.0.7
j  java.awt.EventDispatchThread.pumpEvents(Ljava/awt/Conditional;)V+3 java.desktop@17.0.7
j  java.awt.EventDispatchThread.run()V+9 java.desktop@17.0.7
v  ~StubRoutines::call_stub

siginfo: EXCEPTION_ACCESS_VIOLATION (0xc0000005), reading address 0x0000000000000010


Register to memory mapping:

RIP=0x00007ffd9d96d61f points into unknown readable memory: 83
RAX=0x0 is NULL
RBX=0x0000008c5b3fcce8 is pointing into the stack for thread: 0x000001dff1617860
RCX=0x000001e09f37c970 points into unknown readable memory: 0x0000000000000000 | 00 00 00 00 00 00 00 00
RDX=0x0 is NULL
RSP=0x0000008c5b3fcaa8 is pointing into the stack for thread: 0x000001dff1617860
RBP=0x000001e09f37c970 points into unknown readable memory: 0x0000000000000000 | 00 00 00 00 00 00 00 00
RSI=0x000001e01e64f7f0 points into unknown readable memory: 0x000000000001c5e7 | e7 c5 01 00 00 00 00 00
RDI=0x0000008c5b3fccd0 is pointing into the stack for thread: 0x000001dff1617860
R8 =0x000001dfbc8d1f80 points into unknown readable memory: 0x000001dfbc8d0de0 | e0 0d 8d bc df 01 00 00
R9 =0x0000000000000001 is an unknown value
R10=0x0000000000000003 is an unknown value
R11=0x0000008c5b3fc9c0 is pointing into the stack for thread: 0x000001dff1617860
R12=0x0000008c5b3fcb48 is pointing into the stack for thread: 0x000001dff1617860
R13=0x0000008c5b3fcd00 is pointing into the stack for thread: 0x000001dff1617860
R14=0x0000000000000001 is an unknown value
R15=0x000001df84e9ec68 points into unknown readable memory: 0x000001e00c3658e0 | e0 58 36 0c e0 01 00 00


Registers:
RAX=0x0000000000000000, RBX=0x0000008c5b3fcce8, RCX=0x000001e09f37c970, RDX=0x0000000000000000
RSP=0x0000008c5b3fcaa8, RBP=0x000001e09f37c970, RSI=0x000001e01e64f7f0, RDI=0x0000008c5b3fccd0
R8 =0x000001dfbc8d1f80, R9 =0x0000000000000001, R10=0x0000000000000003, R11=0x0000008c5b3fc9c0
R12=0x0000008c5b3fcb48, R13=0x0000008c5b3fcd00, R14=0x0000000000000001, R15=0x000001df84e9ec68
RIP=0x00007ffd9d96d61f, EFLAGS=0x0000000000010246

Top of Stack: (sp=0x0000008c5b3fcaa8)
0x0000008c5b3fcaa8:   00007ffd9d94d981 0000008c5b3fcce8
0x0000008c5b3fcab8:   000001e09f37c570 000001e01e64f7f0
0x0000008c5b3fcac8:   0000008c5b3fcdb0 000000000000183f
0x0000008c5b3fcad8:   0000008c5b3fcdb0 0000008c5b3fcd70
0x0000008c5b3fcae8:   000000000001c5e0 0000000000000007
0x0000008c5b3fcaf8:   00007ffd30fcbf7a 0000008c5b3fcb60
0x0000008c5b3fcb08:   000001e09f37c970 000001e087745dc0
0x0000008c5b3fcb18:   000000000001c5e3 000000000001c5e7
0x0000008c5b3fcb28:   0000000000000007 fffffffffffffffe
0x0000008c5b3fcb38:   000000000001c5e0 000042ab00000008
0x0000008c5b3fcb48:   000001e01e64f7e0 000001e01e64f800
0x0000008c5b3fcb58:   000001e01e64f800 000001df84e9ec50
0x0000008c5b3fcb68:   0000008c5b3fce78 0000008c5b3fcdb0
0x0000008c5b3fcb78:   0000008c5b3fcd70 0000000000002000
0x0000008c5b3fcb88:   00007ffd30fcbd50 0000008c80000000
0x0000008c5b3fcb98:   00000000000007c0 0000000000000002 

Instructions: (pc=0x00007ffd9d96d61f)
0x00007ffd9d96d51f:   c8 e9 6b ff ff ff cc cc cc cc cc cc cc cc cc cc
0x00007ffd9d96d52f:   cc 48 89 5c 24 10 56 48 8b 99 f8 00 00 00 33 f6
0x00007ffd9d96d53f:   89 b1 f0 00 00 00 48 85 db 74 78 44 8b 43 10 8b
0x00007ffd9d96d54f:   c6 41 83 e8 01 48 89 7c 24 10 44 8b ce 40 0f b6
0x00007ffd9d96d55f:   fe 78 34 4c 8b 59 20 66 66 0f 1f 84 00 00 00 00
0x00007ffd9d96d56f:   00 43 8d 04 08 99 2b c2 d1 f8 4c 3b 5c c3 18 7e
0x00007ffd9d96d57f:   06 44 8d 48 01 eb 06 7d 0b 44 8d 40 ff 45 3b c8
0x00007ffd9d96d58f:   7e df eb 03 40 b7 01 40 84 ff 48 8b 7c 24 10 74
0x00007ffd9d96d59f:   0d 89 81 f0 00 00 00 48 8b 5c 24 18 5e c3 45 3b
0x00007ffd9d96d5af:   c8 45 0f 4c c1 45 85 c0 44 0f 48 c6 44 89 81 f0
0x00007ffd9d96d5bf:   00 00 00 48 8b 5c 24 18 5e c3 cc cc cc cc cc cc
0x00007ffd9d96d5cf:   cc 83 79 38 ff 0f 95 c0 c3 cc cc cc cc cc cc cc
0x00007ffd9d96d5df:   cc 8b 51 5c 85 d2 74 43 83 ea 01 74 3b 83 ea 01
0x00007ffd9d96d5ef:   74 2a 83 fa 01 75 34 48 8b 49 68 80 b9 49 48 00
0x00007ffd9d96d5ff:   00 00 74 06 83 79 30 00 75 1e 48 8b 81 68 48 00
0x00007ffd9d96d60f:   00 48 39 81 60 48 00 00 0f 94 c0 c3 48 8b 41 60
0x00007ffd9d96d61f:   83 78 10 00 0f 94 c0 c3 32 c0 c3 b0 01 c3 cc cc
0x00007ffd9d96d62f:   cc 40 53 48 83 ec 20 48 8b d9 e8 42 fd ff ff 48
0x00007ffd9d96d63f:   8b 43 40 48 39 43 38 74 2c 48 8b c8 48 8b 43 30
0x00007ffd9d96d64f:   48 85 c0 7e 0e 48 8b 51 d8 48 85 d2 7e 05 48 3b
0x00007ffd9d96d65f:   c2 7d 2e 8b 41 f8 3b 41 e8 74 0a 48 8b 94 c1 d8
0x00007ffd9d96d66f:   bf ff ff eb 02 33 d2 48 8b 4b 08 4c 8d 43 50 41
0x00007ffd9d96d67f:   b9 20 48 00 00 48 8b 01 48 83 c4 20 5b 48 ff 60
0x00007ffd9d96d68f:   10 48 83 c4 20 5b c3 cc cc cc cc cc cc cc cc cc
0x00007ffd9d96d69f:   cc 40 57 48 83 ec 20 80 79 59 00 48 8b f9 0f 85
0x00007ffd9d96d6af:   86 01 00 00 8b 81 f0 00 00 00 ff c0 89 81 f0 00
0x00007ffd9d96d6bf:   00 00 48 8b 89 f8 00 00 00 48 85 c9 74 0d 84 d2
0x00007ffd9d96d6cf:   75 09 3b 41 10 0f 82 5f 01 00 00 48 89 5c 24 30
0x00007ffd9d96d6df:   48 89 74 24 38 48 8d b7 00 01 00 00 48 8b ce c6
0x00007ffd9d96d6ef:   47 59 01 48 c7 87 f8 00 00 00 00 00 00 00 c7 87
0x00007ffd9d96d6ff:   f0 00 00 00 00 00 00 00 e8 74 fc ff ff 48 8b 46
0x00007ffd9d96d70f:   40 48 39 46 38 74 46 48 8b c8 0f 1f 80 00 00 00 


Stack slot to memory mapping:
stack at sp + 0 slots: 0x00007ffd9d94d981 points into unknown readable memory: 84 c0 0f 84 85 00 00
stack at sp + 1 slots: 0x0000008c5b3fcce8 is pointing into the stack for thread: 0x000001dff1617860
stack at sp + 2 slots: 0x000001e09f37c570 points into unknown readable memory: 0x0000000000000000 | 00 00 00 00 00 00 00 00
stack at sp + 3 slots: 0x000001e01e64f7f0 points into unknown readable memory: 0x000000000001c5e7 | e7 c5 01 00 00 00 00 00
stack at sp + 4 slots: 0x0000008c5b3fcdb0 is pointing into the stack for thread: 0x000001dff1617860
stack at sp + 5 slots: 0x000000000000183f is an unknown value
stack at sp + 6 slots: 0x0000008c5b3fcdb0 is pointing into the stack for thread: 0x000001dff1617860
stack at sp + 7 slots: 0x0000008c5b3fcd70 is pointing into the stack for thread: 0x000001dff1617860


---------------  P R O C E S S  ---------------

Threads class SMR info:
_java_thread_list=0x000001df847353b0, length=55, elements={
0x000001dfc77be380, 0x000001dfc7e868b0, 0x000001dfc7e88990, 0x000001dfc7ea04a0,
0x000001dfc7ea5d90, 0x000001dfc7ea8270, 0x000001dfc7ea8740, 0x000001dfc7eaac30,
0x000001dfc7ead150, 0x000001dfc7eae670, 0x000001dfee09f390, 0x000001dfee0a4890,
0x000001dfeedb6af0, 0x000001dfeec09210, 0x000001dff1431d00, 0x000001dff0254420,
0x000001dff1617860, 0x000001dff1410a20, 0x000001dff1411890, 0x000001dff1411d60,
0x000001dff1410080, 0x000001dff3766910, 0x000001dff37655d0, 0x000001dff86c5f00,
0x000001dff94a5320, 0x000001dff94a79a0, 0x000001dff0e0cc10, 0x000001dff0e0edc0,
0x000001dff0e0da80, 0x000001df8388b610, 0x000001df83888120, 0x000001df838885f0,
0x000001df8388bfb0, 0x000001df8388ac70, 0x000001df8388c950, 0x000001df8388a7a0,
0x000001df83889e00, 0x000001df8388efd0, 0x000001df8388d2f0, 0x000001df8388f4a0,
0x000001df83896350, 0x000001dff0e0a590, 0x000001dff0e10100, 0x000001e08d4bca30,
0x000001e08d4bbbc0, 0x000001e08d4bebe0, 0x000001e08d4c50f0, 0x000001e08d4c4c20,
0x000001e08d4bc560, 0x000001e08d4c03f0, 0x000001e08d4be240, 0x000001e08d4c3410,
0x000001e08d4bd8a0, 0x000001e08d4c1c00, 0x000001e08d4cb130
}

Java Threads: ( => current thread )
  0x000001dfc77be380 JavaThread "main" [_thread_blocked, id=24416, stack(0x0000008c4ff00000,0x0000008c50000000)]
  0x000001dfc7e868b0 JavaThread "Reference Handler" daemon [_thread_blocked, id=1876, stack(0x0000008c52500000,0x0000008c52f00000)]
  0x000001dfc7e88990 JavaThread "Finalizer" daemon [_thread_blocked, id=25348, stack(0x0000008c52f00000,0x0000008c53900000)]
  0x000001dfc7ea04a0 JavaThread "Signal Dispatcher" daemon [_thread_blocked, id=3204, stack(0x0000008c53900000,0x0000008c54300000)]
  0x000001dfc7ea5d90 JavaThread "Attach Listener" daemon [_thread_blocked, id=26240, stack(0x0000008c54300000,0x0000008c54d00000)]
  0x000001dfc7ea8270 JavaThread "Service Thread" daemon [_thread_blocked, id=25100, stack(0x0000008c54d00000,0x0000008c55700000)]
  0x000001dfc7ea8740 JavaThread "Monitor Deflation Thread" daemon [_thread_blocked, id=12972, stack(0x0000008c55700000,0x0000008c56100000)]
  0x000001dfc7eaac30 JavaThread "C2 CompilerThread0" daemon [_thread_blocked, id=19236, stack(0x0000008c56100000,0x0000008c56200000)]
  0x000001dfc7ead150 JavaThread "C1 CompilerThread0" daemon [_thread_blocked, id=14784, stack(0x0000008c56200000,0x0000008c56300000)]
  0x000001dfc7eae670 JavaThread "Sweeper thread" daemon [_thread_blocked, id=16476, stack(0x0000008c56300000,0x0000008c56d00000)]
  0x000001dfee09f390 JavaThread "Common-Cleaner" daemon [_thread_blocked, id=13608, stack(0x0000008c56d00000,0x0000008c57700000)]
  0x000001dfee0a4890 JavaThread "Notification Thread" daemon [_thread_blocked, id=20716, stack(0x0000008c57700000,0x0000008c58100000)]
  0x000001dfeedb6af0 JavaThread "Java2D Disposer" daemon [_thread_blocked, id=8900, stack(0x0000008c58200000,0x0000008c58c00000)]
  0x000001dfeec09210 JavaThread "AWT-Windows" daemon [_thread_in_native, id=8376, stack(0x0000008c59600000,0x0000008c5a000000)]
  0x000001dff1431d00 JavaThread "TimerQueue" daemon [_thread_blocked, id=16132, stack(0x0000008c58c00000,0x0000008c59600000)]
  0x000001dff0254420 JavaThread "AWT-Shutdown" [_thread_blocked, id=17296, stack(0x0000008c5a000000,0x0000008c5aa00000)]
=>0x000001dff1617860 JavaThread "AWT-EventQueue-0" [_thread_in_native, id=4752, stack(0x0000008c5aa00000,0x0000008c5b400000)]
  0x000001dff1410a20 JavaThread "Thread-1" [_thread_in_native, id=5776, stack(0x0000008c50000000,0x0000008c51400000)]
  0x000001dff1411890 JavaThread "Process Messages Thread" [_thread_blocked, id=21064, stack(0x0000008c5d100000,0x0000008c5db00000)]
  0x000001dff1411d60 JavaThread "Batik CleanerThread" daemon [_thread_blocked, id=15916, stack(0x0000008c5db00000,0x0000008c5e500000)]
  0x000001dff1410080 JavaThread "SyntheticaCleanerThread" daemon [_thread_blocked, id=9136, stack(0x0000008c5ef00000,0x0000008c5f900000)]
  0x000001dff3766910 JavaThread "Timer-0" [_thread_blocked, id=17528, stack(0x0000008c60d00000,0x0000008c61700000)]
  0x000001dff37655d0 JavaThread "Monitor File Timestamp Swing Worker Thread" [_thread_blocked, id=2528, stack(0x0000008c61700000,0x0000008c62100000)]
  0x000001dff86c5f00 JavaThread "Monitor HEventQueue Thread" [_thread_blocked, id=10532, stack(0x0000008c62100000,0x0000008c62b00000)]
  0x000001dff94a5320 JavaThread "SyntheticaAnimation 50" daemon [_thread_blocked, id=17984, stack(0x0000008c62b00000,0x0000008c63500000)]
  0x000001dff94a79a0 JavaThread "SyntheticaAnimation 25" daemon [_thread_blocked, id=23940, stack(0x0000008c63500000,0x0000008c63f00000)]
  0x000001dff0e0cc10 JavaThread "SyntheticaAnimation 70" daemon [_thread_blocked, id=4816, stack(0x0000008c5f900000,0x0000008c60300000)]
  0x000001dff0e0edc0 JavaThread "Refresh Filesets Swing Worker Thread" [_thread_blocked, id=18604, stack(0x0000008c5b400000,0x0000008c5be00000)]
  0x000001dff0e0da80 JavaThread "hw_ila_monitor" [_thread_blocked, id=25376, stack(0x0000008c60300000,0x0000008c60d00000)]
  0x000001df8388b610 JavaThread "pool-1-thread-1" [_thread_blocked, id=18864, stack(0x0000008c65300000,0x0000008c65d00000)]
  0x000001df83888120 JavaThread "Timer-1" [_thread_blocked, id=13436, stack(0x0000008c65d00000,0x0000008c66700000)]
  0x000001df838885f0 JavaThread "pool-2-thread-1" [_thread_blocked, id=624, stack(0x0000008c66700000,0x0000008c67100000)]
  0x000001df8388bfb0 JavaThread "Timer-2" [_thread_blocked, id=3296, stack(0x0000008c67100000,0x0000008c67b00000)]
  0x000001df8388ac70 JavaThread "pool-3-thread-1" [_thread_blocked, id=14652, stack(0x0000008c67b00000,0x0000008c68500000)]
  0x000001df8388c950 JavaThread "Timer-3" [_thread_blocked, id=11668, stack(0x0000008c68500000,0x0000008c68f00000)]
  0x000001df8388a7a0 JavaThread "Update Runs Swing Worker Thread" [_thread_blocked, id=13044, stack(0x0000008c68f00000,0x0000008c69900000)]
  0x000001df83889e00 JavaThread "SyntheticaAnimation 50" daemon [_thread_blocked, id=21608, stack(0x0000008c5e500000,0x0000008c5ef00000)]
  0x000001df8388efd0 JavaThread "Image Animator 3" daemon [_thread_blocked, id=7816, stack(0x0000008c63f00000,0x0000008c64900000)]
  0x000001df8388d2f0 JavaThread "Timer-4" [_thread_blocked, id=8548, stack(0x0000008c64900000,0x0000008c65300000)]
  0x000001df8388f4a0 JavaThread "Monitor File Timestamp Swing Worker Thread" [_thread_blocked, id=10688, stack(0x0000008c69900000,0x0000008c6a300000)]
  0x000001df83896350 JavaThread "SwingWorker-pool-5-thread-1" daemon [_thread_blocked, id=24912, stack(0x0000008c6b700000,0x0000008c6c100000)]
  0x000001dff0e0a590 JavaThread "Timer-6" [_thread_blocked, id=23808, stack(0x0000008c6c100000,0x0000008c6cb00000)]
  0x000001dff0e10100 JavaThread "Monitor File Timestamp Swing Worker Thread" [_thread_blocked, id=12256, stack(0x0000008c6cb00000,0x0000008c6d500000)]
  0x000001e08d4bca30 JavaThread "Thread-1433" [_thread_in_native, id=13260, stack(0x0000008c51900000,0x0000008c51a00000)]
  0x000001e08d4bbbc0 JavaThread "Thread-1436" [_thread_in_native, id=18324, stack(0x0000008c51a00000,0x0000008c51b00000)]
  0x000001e08d4bebe0 JavaThread "Thread-1646" [_thread_in_native, id=9504, stack(0x0000008c5cc00000,0x0000008c5cd00000)]
  0x000001e08d4c50f0 JavaThread "Thread-3737" [_thread_in_native, id=20436, stack(0x0000008c4fd00000,0x0000008c4fe00000)]
  0x000001e08d4c4c20 JavaThread "Thread-3738" [_thread_in_native, id=20072, stack(0x0000008c4fe00000,0x0000008c4ff00000)]
  0x000001e08d4bc560 JavaThread "Timer-56" [_thread_blocked, id=8636, stack(0x0000008c6a300000,0x0000008c6ad00000)]
  0x000001e08d4c03f0 JavaThread "Monitor File Timestamp Swing Worker Thread" [_thread_blocked, id=16596, stack(0x0000008c6ad00000,0x0000008c6b700000)]
  0x000001e08d4be240 JavaThread "Timer-57" [_thread_blocked, id=19248, stack(0x0000008c6df00000,0x0000008c6e900000)]
  0x000001e08d4c3410 JavaThread "Monitor File Timestamp Swing Worker Thread" [_thread_blocked, id=25044, stack(0x0000008c6e900000,0x0000008c6f300000)]
  0x000001e08d4bd8a0 JavaThread "Image Fetcher 3" daemon [_thread_blocked, id=6864, stack(0x0000008c6fd00000,0x0000008c70700000)]
  0x000001e08d4c1c00 JavaThread "Run Simulation Thread" [_thread_blocked, id=26432, stack(0x0000008c6d500000,0x0000008c6df00000)]
  0x000001e08d4cb130 JavaThread "Image Fetcher 0" daemon [_thread_blocked, id=19440, stack(0x0000008c70700000,0x0000008c71100000)]

Other Threads:
  0x000001dfc42f9840 VMThread "VM Thread" [stack: 0x0000008c52400000,0x0000008c52500000] [id=23408]
  0x000001dfc70eb4f0 WatcherThread [stack: 0x0000008c58100000,0x0000008c58200000] [id=10796]
  0x000001dfc5dc8a60 GCTaskThread "GC Thread#0" [stack: 0x0000008c51e00000,0x0000008c51f00000] [id=25328]
  0x000001dfc5dcd2f0 GCTaskThread "GC Thread#1" [stack: 0x0000008c5be00000,0x0000008c5bf00000] [id=20160]
  0x000001dfc5dc7cf0 GCTaskThread "GC Thread#2" [stack: 0x0000008c5bf00000,0x0000008c5c000000] [id=5212]
  0x000001dfc5dcbac0 GCTaskThread "GC Thread#3" [stack: 0x0000008c5c000000,0x0000008c5c100000] [id=4336]
  0x000001dfc5dc9270 GCTaskThread "GC Thread#4" [stack: 0x0000008c5c100000,0x0000008c5c200000] [id=10516]
  0x000001dfc5dcd5a0 GCTaskThread "GC Thread#5" [stack: 0x0000008c5c200000,0x0000008c5c300000] [id=17836]
  0x000001dfc5dcd850 GCTaskThread "GC Thread#6" [stack: 0x0000008c5c300000,0x0000008c5c400000] [id=18444]
  0x000001dfc5dcdb00 GCTaskThread "GC Thread#7" [stack: 0x0000008c5c400000,0x0000008c5c500000] [id=7572]
  0x000001dfc7c59790 ConcurrentGCThread "G1 Main Marker" [stack: 0x0000008c51f00000,0x0000008c52000000] [id=16704]
  0x000001dfc5dc8d10 ConcurrentGCThread "G1 Conc#0" [stack: 0x0000008c52000000,0x0000008c52100000] [id=18112]
  0x000001dfc5dce310 ConcurrentGCThread "G1 Conc#1" [stack: 0x0000008c5c700000,0x0000008c5c800000] [id=15772]
  0x000001dfc7065d30 ConcurrentGCThread "G1 Refine#0" [stack: 0x0000008c52100000,0x0000008c52200000] [id=14676]
  0x000001dfc7064630 ConcurrentGCThread "G1 Refine#1" [stack: 0x0000008c5c500000,0x0000008c5c600000] [id=23764]
  0x000001dff1ebb3c0 ConcurrentGCThread "G1 Refine#2" [stack: 0x0000008c5cd00000,0x0000008c5ce00000] [id=16516]
  0x000001dff1ebc7e0 ConcurrentGCThread "G1 Refine#3" [stack: 0x0000008c4fc00000,0x0000008c4fd00000] [id=8064]
  0x000001df83ee6490 ConcurrentGCThread "G1 Refine#4" [stack: 0x0000008c51500000,0x0000008c51600000] [id=22392]
  0x000001df83ee7010 ConcurrentGCThread "G1 Refine#5" [stack: 0x0000008c51600000,0x0000008c51700000] [id=604]
  0x000001dfc1cf2130 ConcurrentGCThread "G1 Service" [stack: 0x0000008c52200000,0x0000008c52300000] [id=18208]
  0x000001dfc5dccd90 ConcurrentGCThread "StringDedupProcessor" [stack: 0x0000008c52300000,0x0000008c52400000] [id=22552]

Threads with active compile tasks:

VM state: not at safepoint (normal execution)

VM Mutex/Monitor currently owned by a thread: None

Heap address: 0x0000000701800000, size: 4072 MB, Compressed Oops mode: Zero based, Oop shift amount: 3

CDS archive(s) mapped at: [0x0000000800000000-0x0000000800bc0000-0x0000000800bc0000), size 12320768, SharedBaseAddress: 0x0000000800000000, ArchiveRelocationMode: 0.
Compressed class space mapped at: 0x0000000801000000-0x0000000841000000, reserved size: 1073741824
Narrow klass base: 0x0000000800000000, Narrow klass shift: 0, Narrow klass range: 0x100000000

GC Precious Log:
 CPUs: 8 total, 8 available
 Memory: 8023M
 Large Page Support: Disabled
 NUMA Support: Disabled
 Compressed Oops: Enabled (Zero based)
 Heap Region Size: 2M
 Heap Min Capacity: 512M
 Heap Initial Capacity: 512M
 Heap Max Capacity: 4072M
 Pre-touch: Disabled
 Parallel Workers: 8
 Concurrent Workers: 2
 Concurrent Refinement Workers: 8
 Periodic GC: Disabled
 String Deduplication is enabled

Heap:
 garbage-first heap   total 532480K, used 177159K [0x0000000701800000, 0x0000000800000000)
  region size 2048K, 11 young (22528K), 0 survivors (0K)
 Metaspace       used 89807K, committed 90560K, reserved 1179648K
  class space    used 11908K, committed 12288K, reserved 1048576K

Heap Regions: E=young(eden), S=young(survivor), O=old, HS=humongous(starts), HC=humongous(continues), CS=collection set, F=free, OA=open archive, CA=closed archive, TAMS=top-at-mark-start (previous, next)
|   0|0x0000000701800000, 0x0000000701a00000, 0x0000000701a00000|100%|HS|  |TAMS 0x0000000701a00000, 0x0000000701800000| Untracked 
|   1|0x0000000701a00000, 0x0000000701c00000, 0x0000000701c00000|100%| O|  |TAMS 0x0000000701c00000, 0x0000000701a00000| Untracked 
|   2|0x0000000701c00000, 0x0000000701e00000, 0x0000000701e00000|100%| O|  |TAMS 0x0000000701e00000, 0x0000000701c00000| Untracked 
|   3|0x0000000701e00000, 0x0000000701fffff8, 0x0000000702000000| 99%| O|  |TAMS 0x0000000701fffff8, 0x0000000701e00000| Untracked 
|   4|0x0000000702000000, 0x00000007021fffe0, 0x0000000702200000| 99%| O|  |TAMS 0x00000007021fffe0, 0x0000000702000000| Untracked 
|   5|0x0000000702200000, 0x00000007023ffea8, 0x0000000702400000| 99%| O|  |TAMS 0x00000007023ffea8, 0x0000000702200000| Untracked 
|   6|0x0000000702400000, 0x00000007025fffe8, 0x0000000702600000| 99%| O|  |TAMS 0x00000007025fffe8, 0x0000000702400000| Untracked 
|   7|0x0000000702600000, 0x00000007027fffe0, 0x0000000702800000| 99%| O|  |TAMS 0x00000007027fffe0, 0x0000000702600000| Untracked 
|   8|0x0000000702800000, 0x0000000702a00000, 0x0000000702a00000|100%| O|  |TAMS 0x0000000702a00000, 0x0000000702800000| Untracked 
|   9|0x0000000702a00000, 0x0000000702bffff0, 0x0000000702c00000| 99%| O|  |TAMS 0x0000000702bffff0, 0x0000000702a00000| Untracked 
|  10|0x0000000702c00000, 0x0000000702dffff0, 0x0000000702e00000| 99%| O|  |TAMS 0x0000000702dffff0, 0x0000000702c00000| Untracked 
|  11|0x0000000702e00000, 0x0000000702ffffb8, 0x0000000703000000| 99%| O|  |TAMS 0x0000000702ffffb8, 0x0000000702e00000| Untracked 
|  12|0x0000000703000000, 0x00000007031ffff0, 0x0000000703200000| 99%| O|  |TAMS 0x00000007031ffff0, 0x0000000703000000| Untracked 
|  13|0x0000000703200000, 0x00000007033ffd90, 0x0000000703400000| 99%| O|  |TAMS 0x00000007033ffd90, 0x0000000703200000| Untracked 
|  14|0x0000000703400000, 0x00000007035fffe8, 0x0000000703600000| 99%| O|  |TAMS 0x00000007035fffe8, 0x0000000703400000| Untracked 
|  15|0x0000000703600000, 0x0000000703800000, 0x0000000703800000|100%|HS|  |TAMS 0x0000000703800000, 0x0000000703600000| Untracked 
|  16|0x0000000703800000, 0x0000000703a00000, 0x0000000703a00000|100%|HC|  |TAMS 0x0000000703a00000, 0x0000000703800000| Untracked 
|  17|0x0000000703a00000, 0x0000000703c00000, 0x0000000703c00000|100%|HC|  |TAMS 0x0000000703c00000, 0x0000000703a00000| Untracked 
|  18|0x0000000703c00000, 0x0000000703e00000, 0x0000000703e00000|100%|HC|  |TAMS 0x0000000703e00000, 0x0000000703c00000| Untracked 
|  19|0x0000000703e00000, 0x0000000704000000, 0x0000000704000000|100%|HC|  |TAMS 0x0000000704000000, 0x0000000703e00000| Untracked 
|  20|0x0000000704000000, 0x0000000704200000, 0x0000000704200000|100%|HC|  |TAMS 0x0000000704200000, 0x0000000704000000| Untracked 
|  21|0x0000000704200000, 0x0000000704400000, 0x0000000704400000|100%| O|  |TAMS 0x0000000704400000, 0x0000000704200000| Untracked 
|  22|0x0000000704400000, 0x00000007045ffff8, 0x0000000704600000| 99%| O|  |TAMS 0x00000007045ffff8, 0x0000000704400000| Untracked 
|  23|0x0000000704600000, 0x0000000704800000, 0x0000000704800000|100%| O|  |TAMS 0x0000000704800000, 0x0000000704600000| Untracked 
|  24|0x0000000704800000, 0x00000007049ffff0, 0x0000000704a00000| 99%| O|  |TAMS 0x00000007049ffff0, 0x0000000704800000| Untracked 
|  25|0x0000000704a00000, 0x0000000704c00000, 0x0000000704c00000|100%|HS|  |TAMS 0x0000000704c00000, 0x0000000704a00000| Untracked 
|  26|0x0000000704c00000, 0x0000000704e00000, 0x0000000704e00000|100%|HC|  |TAMS 0x0000000704e00000, 0x0000000704c00000| Untracked 
|  27|0x0000000704e00000, 0x0000000705000000, 0x0000000705000000|100%|HC|  |TAMS 0x0000000705000000, 0x0000000704e00000| Untracked 
|  28|0x0000000705000000, 0x0000000705200000, 0x0000000705200000|100%|HC|  |TAMS 0x0000000705200000, 0x0000000705000000| Untracked 
|  29|0x0000000705200000, 0x00000007053ffff8, 0x0000000705400000| 99%| O|  |TAMS 0x00000007053ffff8, 0x0000000705200000| Untracked 
|  30|0x0000000705400000, 0x00000007055ebf10, 0x0000000705600000| 96%| O|  |TAMS 0x00000007055ebf10, 0x0000000705400000| Untracked 
|  31|0x0000000705600000, 0x00000007057fffe0, 0x0000000705800000| 99%| O|  |TAMS 0x00000007057fffe0, 0x0000000705600000| Untracked 
|  32|0x0000000705800000, 0x0000000705a00000, 0x0000000705a00000|100%| O|  |TAMS 0x0000000705a00000, 0x0000000705800000| Untracked 
|  33|0x0000000705a00000, 0x0000000705bffff0, 0x0000000705c00000| 99%| O|  |TAMS 0x0000000705a00000, 0x0000000705a00000| Untracked 
|  34|0x0000000705c00000, 0x0000000705dffff8, 0x0000000705e00000| 99%| O|  |TAMS 0x0000000705dffff8, 0x0000000705c00000| Untracked 
|  35|0x0000000705e00000, 0x0000000706000000, 0x0000000706000000|100%| O|  |TAMS 0x0000000706000000, 0x0000000705e00000| Untracked 
|  36|0x0000000706000000, 0x00000007061fffe0, 0x0000000706200000| 99%| O|  |TAMS 0x00000007061fffe0, 0x0000000706000000| Untracked 
|  37|0x0000000706200000, 0x00000007063ffff8, 0x0000000706400000| 99%| O|  |TAMS 0x00000007063ffff8, 0x0000000706200000| Untracked 
|  38|0x0000000706400000, 0x00000007065ff468, 0x0000000706600000| 99%| O|  |TAMS 0x00000007065ff468, 0x0000000706400000| Untracked 
|  39|0x0000000706600000, 0x00000007067ffff8, 0x0000000706800000| 99%| O|  |TAMS 0x00000007067ffff8, 0x0000000706600000| Untracked 
|  40|0x0000000706800000, 0x00000007069ff970, 0x0000000706a00000| 99%| O|  |TAMS 0x00000007069ff970, 0x0000000706800000| Untracked 
|  41|0x0000000706a00000, 0x0000000706bfffe0, 0x0000000706c00000| 99%| O|  |TAMS 0x0000000706bfffe0, 0x0000000706a00000| Untracked 
|  42|0x0000000706c00000, 0x0000000706dffff0, 0x0000000706e00000| 99%| O|  |TAMS 0x0000000706dffff0, 0x0000000706c00000| Untracked 
|  43|0x0000000706e00000, 0x0000000706fffff0, 0x0000000707000000| 99%| O|  |TAMS 0x0000000706e00000, 0x0000000706e00000| Untracked 
|  44|0x0000000707000000, 0x00000007071ffff8, 0x0000000707200000| 99%| O|  |TAMS 0x00000007071ffff8, 0x0000000707000000| Untracked 
|  45|0x0000000707200000, 0x00000007073ffff8, 0x0000000707400000| 99%| O|  |TAMS 0x00000007073ffff8, 0x0000000707200000| Untracked 
|  46|0x0000000707400000, 0x0000000707600000, 0x0000000707600000|100%| O|  |TAMS 0x0000000707400000, 0x0000000707400000| Untracked 
|  47|0x0000000707600000, 0x00000007077ffff8, 0x0000000707800000| 99%| O|  |TAMS 0x0000000707600000, 0x0000000707600000| Untracked 
|  48|0x0000000707800000, 0x00000007079fff18, 0x0000000707a00000| 99%| O|  |TAMS 0x00000007079fff18, 0x0000000707800000| Untracked 
|  49|0x0000000707a00000, 0x0000000707bfffe8, 0x0000000707c00000| 99%| O|  |TAMS 0x0000000707a00000, 0x0000000707a00000| Untracked 
|  50|0x0000000707c00000, 0x0000000707dfffe8, 0x0000000707e00000| 99%| O|  |TAMS 0x0000000707c00000, 0x0000000707c00000| Untracked 
|  51|0x0000000707e00000, 0x0000000707ffffe8, 0x0000000708000000| 99%| O|  |TAMS 0x0000000707e00000, 0x0000000707e00000| Untracked 
|  52|0x0000000708000000, 0x0000000708200000, 0x0000000708200000|100%| O|  |TAMS 0x0000000708000000, 0x0000000708000000| Untracked 
|  53|0x0000000708200000, 0x00000007083fffe0, 0x0000000708400000| 99%| O|  |TAMS 0x0000000708200000, 0x0000000708200000| Untracked 
|  54|0x0000000708400000, 0x0000000708600000, 0x0000000708600000|100%| O|  |TAMS 0x0000000708400000, 0x0000000708400000| Untracked 
|  55|0x0000000708600000, 0x0000000708800000, 0x0000000708800000|100%| O|  |TAMS 0x0000000708600000, 0x0000000708600000| Untracked 
|  56|0x0000000708800000, 0x00000007088baf40, 0x0000000708a00000| 36%| O|  |TAMS 0x0000000708800000, 0x0000000708800000| Untracked 
|  57|0x0000000708a00000, 0x0000000708bffff0, 0x0000000708c00000| 99%| O|  |TAMS 0x0000000708a00000, 0x0000000708a00000| Untracked 
|  58|0x0000000708c00000, 0x0000000708e00000, 0x0000000708e00000|100%|HS|  |TAMS 0x0000000708c00000, 0x0000000708c00000| Complete 
|  59|0x0000000708e00000, 0x0000000709000000, 0x0000000709000000|100%| O|  |TAMS 0x0000000708e00000, 0x0000000708e00000| Untracked 
|  60|0x0000000709000000, 0x00000007091fffe0, 0x0000000709200000| 99%| O|  |TAMS 0x0000000709000000, 0x0000000709000000| Untracked 
|  61|0x0000000709200000, 0x00000007093fffe8, 0x0000000709400000| 99%| O|  |TAMS 0x0000000709200000, 0x0000000709200000| Untracked 
|  62|0x0000000709400000, 0x0000000709543ec0, 0x0000000709600000| 63%| O|  |TAMS 0x0000000709400000, 0x0000000709400000| Untracked 
|  63|0x0000000709600000, 0x00000007097fffd0, 0x0000000709800000| 99%| O|  |TAMS 0x0000000709600000, 0x0000000709600000| Untracked 
|  64|0x0000000709800000, 0x0000000709988200, 0x0000000709a00000| 76%| O|  |TAMS 0x0000000709800000, 0x0000000709800000| Untracked 
|  65|0x0000000709a00000, 0x0000000709c00000, 0x0000000709c00000|100%|HS|  |TAMS 0x0000000709c00000, 0x0000000709a00000| Untracked 
|  66|0x0000000709c00000, 0x0000000709ca9d18, 0x0000000709e00000| 33%| O|  |TAMS 0x0000000709c00000, 0x0000000709c00000| Untracked 
|  67|0x0000000709e00000, 0x0000000709e00000, 0x000000070a000000|  0%| F|  |TAMS 0x0000000709e00000, 0x0000000709e00000| Untracked 
|  68|0x000000070a000000, 0x000000070a000000, 0x000000070a200000|  0%| F|  |TAMS 0x000000070a000000, 0x000000070a000000| Untracked 
|  69|0x000000070a200000, 0x000000070a400000, 0x000000070a400000|100%|HS|  |TAMS 0x000000070a400000, 0x000000070a200000| Untracked 
|  70|0x000000070a400000, 0x000000070a400000, 0x000000070a600000|  0%| F|  |TAMS 0x000000070a400000, 0x000000070a400000| Untracked 
|  71|0x000000070a600000, 0x000000070a800000, 0x000000070a800000|100%| O|  |TAMS 0x000000070a600000, 0x000000070a600000| Untracked 
|  72|0x000000070a800000, 0x000000070a800000, 0x000000070aa00000|  0%| F|  |TAMS 0x000000070a800000, 0x000000070a800000| Untracked 
|  73|0x000000070aa00000, 0x000000070ab7e308, 0x000000070ac00000| 74%| O|  |TAMS 0x000000070aa00000, 0x000000070aa00000| Untracked 
|  74|0x000000070ac00000, 0x000000070ac00000, 0x000000070ae00000|  0%| F|  |TAMS 0x000000070ac00000, 0x000000070ac00000| Untracked 
|  75|0x000000070ae00000, 0x000000070af9b138, 0x000000070b000000| 80%| O|  |TAMS 0x000000070ae00000, 0x000000070ae00000| Untracked 
|  76|0x000000070b000000, 0x000000070b000000, 0x000000070b200000|  0%| F|  |TAMS 0x000000070b000000, 0x000000070b000000| Untracked 
|  77|0x000000070b200000, 0x000000070b200000, 0x000000070b400000|  0%| F|  |TAMS 0x000000070b200000, 0x000000070b200000| Untracked 
|  78|0x000000070b400000, 0x000000070b400000, 0x000000070b600000|  0%| F|  |TAMS 0x000000070b400000, 0x000000070b400000| Untracked 
|  79|0x000000070b600000, 0x000000070b600000, 0x000000070b800000|  0%| F|  |TAMS 0x000000070b600000, 0x000000070b600000| Untracked 
|  80|0x000000070b800000, 0x000000070b800000, 0x000000070ba00000|  0%| F|  |TAMS 0x000000070b800000, 0x000000070b800000| Untracked 
|  81|0x000000070ba00000, 0x000000070ba00000, 0x000000070bc00000|  0%| F|  |TAMS 0x000000070ba00000, 0x000000070ba00000| Untracked 
|  82|0x000000070bc00000, 0x000000070bc00000, 0x000000070be00000|  0%| F|  |TAMS 0x000000070bc00000, 0x000000070bc00000| Untracked 
|  83|0x000000070be00000, 0x000000070be00000, 0x000000070c000000|  0%| F|  |TAMS 0x000000070be00000, 0x000000070be00000| Untracked 
|  84|0x000000070c000000, 0x000000070c000000, 0x000000070c200000|  0%| F|  |TAMS 0x000000070c000000, 0x000000070c000000| Untracked 
|  85|0x000000070c200000, 0x000000070c200000, 0x000000070c400000|  0%| F|  |TAMS 0x000000070c200000, 0x000000070c200000| Untracked 
|  86|0x000000070c400000, 0x000000070c600000, 0x000000070c600000|100%|HS|  |TAMS 0x000000070c600000, 0x000000070c400000| Untracked 
|  87|0x000000070c600000, 0x000000070c600000, 0x000000070c800000|  0%| F|  |TAMS 0x000000070c600000, 0x000000070c600000| Untracked 
|  88|0x000000070c800000, 0x000000070c800000, 0x000000070ca00000|  0%| F|  |TAMS 0x000000070c800000, 0x000000070c800000| Untracked 
|  89|0x000000070ca00000, 0x000000070ca00000, 0x000000070cc00000|  0%| F|  |TAMS 0x000000070ca00000, 0x000000070ca00000| Untracked 
|  90|0x000000070cc00000, 0x000000070cc00000, 0x000000070ce00000|  0%| F|  |TAMS 0x000000070cc00000, 0x000000070cc00000| Untracked 
|  91|0x000000070ce00000, 0x000000070cfcd838, 0x000000070d000000| 90%| O|  |TAMS 0x000000070ce00000, 0x000000070ce00000| Untracked 
|  92|0x000000070d000000, 0x000000070d000000, 0x000000070d200000|  0%| F|  |TAMS 0x000000070d000000, 0x000000070d000000| Untracked 
|  93|0x000000070d200000, 0x000000070d200000, 0x000000070d400000|  0%| F|  |TAMS 0x000000070d200000, 0x000000070d200000| Untracked 
|  94|0x000000070d400000, 0x000000070d400000, 0x000000070d600000|  0%| F|  |TAMS 0x000000070d400000, 0x000000070d400000| Untracked 
|  95|0x000000070d600000, 0x000000070d600000, 0x000000070d800000|  0%| F|  |TAMS 0x000000070d600000, 0x000000070d600000| Untracked 
|  96|0x000000070d800000, 0x000000070d800000, 0x000000070da00000|  0%| F|  |TAMS 0x000000070d800000, 0x000000070d800000| Untracked 
|  97|0x000000070da00000, 0x000000070da00000, 0x000000070dc00000|  0%| F|  |TAMS 0x000000070da00000, 0x000000070da00000| Untracked 
|  98|0x000000070dc00000, 0x000000070dc00000, 0x000000070de00000|  0%| F|  |TAMS 0x000000070dc00000, 0x000000070dc00000| Untracked 
|  99|0x000000070de00000, 0x000000070de00000, 0x000000070e000000|  0%| F|  |TAMS 0x000000070de00000, 0x000000070de00000| Untracked 
| 100|0x000000070e000000, 0x000000070e000000, 0x000000070e200000|  0%| F|  |TAMS 0x000000070e000000, 0x000000070e000000| Untracked 
| 101|0x000000070e200000, 0x000000070e200000, 0x000000070e400000|  0%| F|  |TAMS 0x000000070e200000, 0x000000070e200000| Untracked 
| 102|0x000000070e400000, 0x000000070e400000, 0x000000070e600000|  0%| F|  |TAMS 0x000000070e400000, 0x000000070e400000| Untracked 
| 103|0x000000070e600000, 0x000000070e600000, 0x000000070e800000|  0%| F|  |TAMS 0x000000070e600000, 0x000000070e600000| Untracked 
| 104|0x000000070e800000, 0x000000070e800000, 0x000000070ea00000|  0%| F|  |TAMS 0x000000070e800000, 0x000000070e800000| Untracked 
| 105|0x000000070ea00000, 0x000000070ea00000, 0x000000070ec00000|  0%| F|  |TAMS 0x000000070ea00000, 0x000000070ea00000| Untracked 
| 106|0x000000070ec00000, 0x000000070ec00000, 0x000000070ee00000|  0%| F|  |TAMS 0x000000070ec00000, 0x000000070ec00000| Untracked 
| 107|0x000000070ee00000, 0x000000070ee00000, 0x000000070f000000|  0%| F|  |TAMS 0x000000070ee00000, 0x000000070ee00000| Untracked 
| 108|0x000000070f000000, 0x000000070f000000, 0x000000070f200000|  0%| F|  |TAMS 0x000000070f000000, 0x000000070f000000| Untracked 
| 109|0x000000070f200000, 0x000000070f200000, 0x000000070f400000|  0%| F|  |TAMS 0x000000070f200000, 0x000000070f200000| Untracked 
| 110|0x000000070f400000, 0x000000070f400000, 0x000000070f600000|  0%| F|  |TAMS 0x000000070f400000, 0x000000070f400000| Untracked 
| 111|0x000000070f600000, 0x000000070f600000, 0x000000070f800000|  0%| F|  |TAMS 0x000000070f600000, 0x000000070f600000| Untracked 
| 112|0x000000070f800000, 0x000000070fa00000, 0x000000070fa00000|100%|HS|  |TAMS 0x000000070fa00000, 0x000000070f800000| Untracked 
| 113|0x000000070fa00000, 0x000000070fc00000, 0x000000070fc00000|100%|HC|  |TAMS 0x000000070fc00000, 0x000000070fa00000| Untracked 
| 114|0x000000070fc00000, 0x000000070fe00000, 0x000000070fe00000|100%|HC|  |TAMS 0x000000070fe00000, 0x000000070fc00000| Untracked 
| 115|0x000000070fe00000, 0x0000000710000000, 0x0000000710000000|100%|HC|  |TAMS 0x0000000710000000, 0x000000070fe00000| Untracked 
| 116|0x0000000710000000, 0x0000000710200000, 0x0000000710200000|100%|HC|  |TAMS 0x0000000710200000, 0x0000000710000000| Untracked 
| 117|0x0000000710200000, 0x0000000710400000, 0x0000000710400000|100%|HC|  |TAMS 0x0000000710400000, 0x0000000710200000| Untracked 
| 118|0x0000000710400000, 0x0000000710400000, 0x0000000710600000|  0%| F|  |TAMS 0x0000000710400000, 0x0000000710400000| Untracked 
| 119|0x0000000710600000, 0x0000000710600000, 0x0000000710800000|  0%| F|  |TAMS 0x0000000710600000, 0x0000000710600000| Untracked 
| 120|0x0000000710800000, 0x0000000710800000, 0x0000000710a00000|  0%| F|  |TAMS 0x0000000710800000, 0x0000000710800000| Untracked 
| 121|0x0000000710a00000, 0x0000000710a00000, 0x0000000710c00000|  0%| F|  |TAMS 0x0000000710a00000, 0x0000000710a00000| Untracked 
| 122|0x0000000710c00000, 0x0000000710c00000, 0x0000000710e00000|  0%| F|  |TAMS 0x0000000710c00000, 0x0000000710c00000| Untracked 
| 123|0x0000000710e00000, 0x0000000710e00000, 0x0000000711000000|  0%| F|  |TAMS 0x0000000710e00000, 0x0000000710e00000| Untracked 
| 124|0x0000000711000000, 0x0000000711000000, 0x0000000711200000|  0%| F|  |TAMS 0x0000000711000000, 0x0000000711000000| Untracked 
| 125|0x0000000711200000, 0x0000000711200000, 0x0000000711400000|  0%| F|  |TAMS 0x0000000711200000, 0x0000000711200000| Untracked 
| 126|0x0000000711400000, 0x0000000711400000, 0x0000000711600000|  0%| F|  |TAMS 0x0000000711400000, 0x0000000711400000| Untracked 
| 127|0x0000000711600000, 0x0000000711600000, 0x0000000711800000|  0%| F|  |TAMS 0x0000000711600000, 0x0000000711600000| Untracked 
| 128|0x0000000711800000, 0x0000000711800000, 0x0000000711a00000|  0%| F|  |TAMS 0x0000000711800000, 0x0000000711800000| Untracked 
| 129|0x0000000711a00000, 0x0000000711a00000, 0x0000000711c00000|  0%| F|  |TAMS 0x0000000711a00000, 0x0000000711a00000| Untracked 
| 130|0x0000000711c00000, 0x0000000711c00000, 0x0000000711e00000|  0%| F|  |TAMS 0x0000000711c00000, 0x0000000711c00000| Untracked 
| 131|0x0000000711e00000, 0x0000000711e00000, 0x0000000712000000|  0%| F|  |TAMS 0x0000000711e00000, 0x0000000711e00000| Untracked 
| 132|0x0000000712000000, 0x0000000712000000, 0x0000000712200000|  0%| F|  |TAMS 0x0000000712000000, 0x0000000712000000| Untracked 
| 133|0x0000000712200000, 0x0000000712200000, 0x0000000712400000|  0%| F|  |TAMS 0x0000000712200000, 0x0000000712200000| Untracked 
| 134|0x0000000712400000, 0x0000000712400000, 0x0000000712600000|  0%| F|  |TAMS 0x0000000712400000, 0x0000000712400000| Untracked 
| 135|0x0000000712600000, 0x0000000712600000, 0x0000000712800000|  0%| F|  |TAMS 0x0000000712600000, 0x0000000712600000| Untracked 
| 136|0x0000000712800000, 0x0000000712800000, 0x0000000712a00000|  0%| F|  |TAMS 0x0000000712800000, 0x0000000712800000| Untracked 
| 137|0x0000000712a00000, 0x0000000712a00000, 0x0000000712c00000|  0%| F|  |TAMS 0x0000000712a00000, 0x0000000712a00000| Untracked 
| 138|0x0000000712c00000, 0x0000000712c00000, 0x0000000712e00000|  0%| F|  |TAMS 0x0000000712c00000, 0x0000000712c00000| Untracked 
| 139|0x0000000712e00000, 0x0000000712e00000, 0x0000000713000000|  0%| F|  |TAMS 0x0000000712e00000, 0x0000000712e00000| Untracked 
| 140|0x0000000713000000, 0x0000000713000000, 0x0000000713200000|  0%| F|  |TAMS 0x0000000713000000, 0x0000000713000000| Untracked 
| 141|0x0000000713200000, 0x0000000713200000, 0x0000000713400000|  0%| F|  |TAMS 0x0000000713200000, 0x0000000713200000| Untracked 
| 142|0x0000000713400000, 0x0000000713400000, 0x0000000713600000|  0%| F|  |TAMS 0x0000000713400000, 0x0000000713400000| Untracked 
| 143|0x0000000713600000, 0x0000000713600000, 0x0000000713800000|  0%| F|  |TAMS 0x0000000713600000, 0x0000000713600000| Untracked 
| 144|0x0000000713800000, 0x0000000713800000, 0x0000000713a00000|  0%| F|  |TAMS 0x0000000713800000, 0x0000000713800000| Untracked 
| 145|0x0000000713a00000, 0x0000000713a00000, 0x0000000713c00000|  0%| F|  |TAMS 0x0000000713a00000, 0x0000000713a00000| Untracked 
| 146|0x0000000713c00000, 0x0000000713c00000, 0x0000000713e00000|  0%| F|  |TAMS 0x0000000713c00000, 0x0000000713c00000| Untracked 
| 147|0x0000000713e00000, 0x0000000713e00000, 0x0000000714000000|  0%| F|  |TAMS 0x0000000713e00000, 0x0000000713e00000| Untracked 
| 148|0x0000000714000000, 0x0000000714000000, 0x0000000714200000|  0%| F|  |TAMS 0x0000000714000000, 0x0000000714000000| Untracked 
| 149|0x0000000714200000, 0x0000000714200000, 0x0000000714400000|  0%| F|  |TAMS 0x0000000714200000, 0x0000000714200000| Untracked 
| 150|0x0000000714400000, 0x0000000714400000, 0x0000000714600000|  0%| F|  |TAMS 0x0000000714400000, 0x0000000714400000| Untracked 
| 151|0x0000000714600000, 0x0000000714600000, 0x0000000714800000|  0%| F|  |TAMS 0x0000000714600000, 0x0000000714600000| Untracked 
| 152|0x0000000714800000, 0x0000000714800000, 0x0000000714a00000|  0%| F|  |TAMS 0x0000000714800000, 0x0000000714800000| Untracked 
| 153|0x0000000714a00000, 0x0000000714a00000, 0x0000000714c00000|  0%| F|  |TAMS 0x0000000714a00000, 0x0000000714a00000| Untracked 
| 154|0x0000000714c00000, 0x0000000714c00000, 0x0000000714e00000|  0%| F|  |TAMS 0x0000000714c00000, 0x0000000714c00000| Untracked 
| 155|0x0000000714e00000, 0x0000000714e00000, 0x0000000715000000|  0%| F|  |TAMS 0x0000000714e00000, 0x0000000714e00000| Untracked 
| 156|0x0000000715000000, 0x0000000715000000, 0x0000000715200000|  0%| F|  |TAMS 0x0000000715000000, 0x0000000715000000| Untracked 
| 157|0x0000000715200000, 0x0000000715200000, 0x0000000715400000|  0%| F|  |TAMS 0x0000000715200000, 0x0000000715200000| Untracked 
| 158|0x0000000715400000, 0x0000000715400000, 0x0000000715600000|  0%| F|  |TAMS 0x0000000715400000, 0x0000000715400000| Untracked 
| 159|0x0000000715600000, 0x0000000715600000, 0x0000000715800000|  0%| F|  |TAMS 0x0000000715600000, 0x0000000715600000| Untracked 
| 160|0x0000000715800000, 0x0000000715800000, 0x0000000715a00000|  0%| F|  |TAMS 0x0000000715800000, 0x0000000715800000| Untracked 
| 161|0x0000000715a00000, 0x0000000715a00000, 0x0000000715c00000|  0%| F|  |TAMS 0x0000000715a00000, 0x0000000715a00000| Untracked 
| 162|0x0000000715c00000, 0x0000000715c00000, 0x0000000715e00000|  0%| F|  |TAMS 0x0000000715c00000, 0x0000000715c00000| Untracked 
| 163|0x0000000715e00000, 0x0000000715e00000, 0x0000000716000000|  0%| F|  |TAMS 0x0000000715e00000, 0x0000000715e00000| Untracked 
| 164|0x0000000716000000, 0x0000000716000000, 0x0000000716200000|  0%| F|  |TAMS 0x0000000716000000, 0x0000000716000000| Untracked 
| 165|0x0000000716200000, 0x0000000716200000, 0x0000000716400000|  0%| F|  |TAMS 0x0000000716200000, 0x0000000716200000| Untracked 
| 166|0x0000000716400000, 0x0000000716400000, 0x0000000716600000|  0%| F|  |TAMS 0x0000000716400000, 0x0000000716400000| Untracked 
| 167|0x0000000716600000, 0x0000000716600000, 0x0000000716800000|  0%| F|  |TAMS 0x0000000716600000, 0x0000000716600000| Untracked 
| 168|0x0000000716800000, 0x0000000716800000, 0x0000000716a00000|  0%| F|  |TAMS 0x0000000716800000, 0x0000000716800000| Untracked 
| 169|0x0000000716a00000, 0x0000000716a00000, 0x0000000716c00000|  0%| F|  |TAMS 0x0000000716a00000, 0x0000000716a00000| Untracked 
| 170|0x0000000716c00000, 0x0000000716c00000, 0x0000000716e00000|  0%| F|  |TAMS 0x0000000716c00000, 0x0000000716c00000| Untracked 
| 171|0x0000000716e00000, 0x0000000716e00000, 0x0000000717000000|  0%| F|  |TAMS 0x0000000716e00000, 0x0000000716e00000| Untracked 
| 172|0x0000000717000000, 0x0000000717000000, 0x0000000717200000|  0%| F|  |TAMS 0x0000000717000000, 0x0000000717000000| Untracked 
| 173|0x0000000717200000, 0x0000000717200000, 0x0000000717400000|  0%| F|  |TAMS 0x0000000717200000, 0x0000000717200000| Untracked 
| 174|0x0000000717400000, 0x0000000717400000, 0x0000000717600000|  0%| F|  |TAMS 0x0000000717400000, 0x0000000717400000| Untracked 
| 175|0x0000000717600000, 0x0000000717600000, 0x0000000717800000|  0%| F|  |TAMS 0x0000000717600000, 0x0000000717600000| Untracked 
| 176|0x0000000717800000, 0x0000000717800000, 0x0000000717a00000|  0%| F|  |TAMS 0x0000000717800000, 0x0000000717800000| Untracked 
| 177|0x0000000717a00000, 0x0000000717a00000, 0x0000000717c00000|  0%| F|  |TAMS 0x0000000717a00000, 0x0000000717a00000| Untracked 
| 178|0x0000000717c00000, 0x0000000717c00000, 0x0000000717e00000|  0%| F|  |TAMS 0x0000000717c00000, 0x0000000717c00000| Untracked 
| 179|0x0000000717e00000, 0x0000000717e00000, 0x0000000718000000|  0%| F|  |TAMS 0x0000000717e00000, 0x0000000717e00000| Untracked 
| 180|0x0000000718000000, 0x0000000718000000, 0x0000000718200000|  0%| F|  |TAMS 0x0000000718000000, 0x0000000718000000| Untracked 
| 181|0x0000000718200000, 0x0000000718200000, 0x0000000718400000|  0%| F|  |TAMS 0x0000000718200000, 0x0000000718200000| Untracked 
| 182|0x0000000718400000, 0x0000000718400000, 0x0000000718600000|  0%| F|  |TAMS 0x0000000718400000, 0x0000000718400000| Untracked 
| 183|0x0000000718600000, 0x0000000718600000, 0x0000000718800000|  0%| F|  |TAMS 0x0000000718600000, 0x0000000718600000| Untracked 
| 184|0x0000000718800000, 0x0000000718800000, 0x0000000718a00000|  0%| F|  |TAMS 0x0000000718800000, 0x0000000718800000| Untracked 
| 185|0x0000000718a00000, 0x0000000718a00000, 0x0000000718c00000|  0%| F|  |TAMS 0x0000000718a00000, 0x0000000718a00000| Untracked 
| 186|0x0000000718c00000, 0x0000000718c00000, 0x0000000718e00000|  0%| F|  |TAMS 0x0000000718c00000, 0x0000000718c00000| Untracked 
| 187|0x0000000718e00000, 0x0000000718e00000, 0x0000000719000000|  0%| F|  |TAMS 0x0000000718e00000, 0x0000000718e00000| Untracked 
| 188|0x0000000719000000, 0x0000000719000000, 0x0000000719200000|  0%| F|  |TAMS 0x0000000719000000, 0x0000000719000000| Untracked 
| 189|0x0000000719200000, 0x0000000719200000, 0x0000000719400000|  0%| F|  |TAMS 0x0000000719200000, 0x0000000719200000| Untracked 
| 190|0x0000000719400000, 0x0000000719400000, 0x0000000719600000|  0%| F|  |TAMS 0x0000000719400000, 0x0000000719400000| Untracked 
| 191|0x0000000719600000, 0x0000000719600000, 0x0000000719800000|  0%| F|  |TAMS 0x0000000719600000, 0x0000000719600000| Untracked 
| 192|0x0000000719800000, 0x0000000719800000, 0x0000000719a00000|  0%| F|  |TAMS 0x0000000719800000, 0x0000000719800000| Untracked 
| 193|0x0000000719a00000, 0x0000000719a00000, 0x0000000719c00000|  0%| F|  |TAMS 0x0000000719a00000, 0x0000000719a00000| Untracked 
| 194|0x0000000719c00000, 0x0000000719c00000, 0x0000000719e00000|  0%| F|  |TAMS 0x0000000719c00000, 0x0000000719c00000| Untracked 
| 195|0x0000000719e00000, 0x0000000719e00000, 0x000000071a000000|  0%| F|  |TAMS 0x0000000719e00000, 0x0000000719e00000| Untracked 
| 196|0x000000071a000000, 0x000000071a000000, 0x000000071a200000|  0%| F|  |TAMS 0x000000071a000000, 0x000000071a000000| Untracked 
| 197|0x000000071a200000, 0x000000071a200000, 0x000000071a400000|  0%| F|  |TAMS 0x000000071a200000, 0x000000071a200000| Untracked 
| 198|0x000000071a400000, 0x000000071a400000, 0x000000071a600000|  0%| F|  |TAMS 0x000000071a400000, 0x000000071a400000| Untracked 
| 199|0x000000071a600000, 0x000000071a600000, 0x000000071a800000|  0%| F|  |TAMS 0x000000071a600000, 0x000000071a600000| Untracked 
| 200|0x000000071a800000, 0x000000071a800000, 0x000000071aa00000|  0%| F|  |TAMS 0x000000071a800000, 0x000000071a800000| Untracked 
| 201|0x000000071aa00000, 0x000000071aa00000, 0x000000071ac00000|  0%| F|  |TAMS 0x000000071aa00000, 0x000000071aa00000| Untracked 
| 202|0x000000071ac00000, 0x000000071ac00000, 0x000000071ae00000|  0%| F|  |TAMS 0x000000071ac00000, 0x000000071ac00000| Untracked 
| 203|0x000000071ae00000, 0x000000071ae00000, 0x000000071b000000|  0%| F|  |TAMS 0x000000071ae00000, 0x000000071ae00000| Untracked 
| 204|0x000000071b000000, 0x000000071b000000, 0x000000071b200000|  0%| F|  |TAMS 0x000000071b000000, 0x000000071b000000| Untracked 
| 205|0x000000071b200000, 0x000000071b200000, 0x000000071b400000|  0%| F|  |TAMS 0x000000071b200000, 0x000000071b200000| Untracked 
| 206|0x000000071b400000, 0x000000071b400000, 0x000000071b600000|  0%| F|  |TAMS 0x000000071b400000, 0x000000071b400000| Untracked 
| 207|0x000000071b600000, 0x000000071b600000, 0x000000071b800000|  0%| F|  |TAMS 0x000000071b600000, 0x000000071b600000| Untracked 
| 208|0x000000071b800000, 0x000000071b800000, 0x000000071ba00000|  0%| F|  |TAMS 0x000000071b800000, 0x000000071b800000| Untracked 
| 209|0x000000071ba00000, 0x000000071ba00000, 0x000000071bc00000|  0%| F|  |TAMS 0x000000071ba00000, 0x000000071ba00000| Untracked 
| 210|0x000000071bc00000, 0x000000071bc00000, 0x000000071be00000|  0%| F|  |TAMS 0x000000071bc00000, 0x000000071bc00000| Untracked 
| 211|0x000000071be00000, 0x000000071be00000, 0x000000071c000000|  0%| F|  |TAMS 0x000000071be00000, 0x000000071be00000| Untracked 
| 212|0x000000071c000000, 0x000000071c000000, 0x000000071c200000|  0%| F|  |TAMS 0x000000071c000000, 0x000000071c000000| Untracked 
| 213|0x000000071c200000, 0x000000071c200000, 0x000000071c400000|  0%| F|  |TAMS 0x000000071c200000, 0x000000071c200000| Untracked 
| 214|0x000000071c400000, 0x000000071c400000, 0x000000071c600000|  0%| F|  |TAMS 0x000000071c400000, 0x000000071c400000| Untracked 
| 215|0x000000071c600000, 0x000000071c600000, 0x000000071c800000|  0%| F|  |TAMS 0x000000071c600000, 0x000000071c600000| Untracked 
| 216|0x000000071c800000, 0x000000071c800000, 0x000000071ca00000|  0%| F|  |TAMS 0x000000071c800000, 0x000000071c800000| Untracked 
| 217|0x000000071ca00000, 0x000000071ca00000, 0x000000071cc00000|  0%| F|  |TAMS 0x000000071ca00000, 0x000000071ca00000| Untracked 
| 218|0x000000071cc00000, 0x000000071cc00000, 0x000000071ce00000|  0%| F|  |TAMS 0x000000071cc00000, 0x000000071cc00000| Untracked 
| 219|0x000000071ce00000, 0x000000071ce00000, 0x000000071d000000|  0%| F|  |TAMS 0x000000071ce00000, 0x000000071ce00000| Untracked 
| 220|0x000000071d000000, 0x000000071d000000, 0x000000071d200000|  0%| F|  |TAMS 0x000000071d000000, 0x000000071d000000| Untracked 
| 221|0x000000071d200000, 0x000000071d200000, 0x000000071d400000|  0%| F|  |TAMS 0x000000071d200000, 0x000000071d200000| Untracked 
| 222|0x000000071d400000, 0x000000071d400000, 0x000000071d600000|  0%| F|  |TAMS 0x000000071d400000, 0x000000071d400000| Untracked 
| 223|0x000000071d600000, 0x000000071d600000, 0x000000071d800000|  0%| F|  |TAMS 0x000000071d600000, 0x000000071d600000| Untracked 
| 224|0x000000071d800000, 0x000000071d800000, 0x000000071da00000|  0%| F|  |TAMS 0x000000071d800000, 0x000000071d800000| Untracked 
| 225|0x000000071da00000, 0x000000071da00000, 0x000000071dc00000|  0%| F|  |TAMS 0x000000071da00000, 0x000000071da00000| Untracked 
| 226|0x000000071dc00000, 0x000000071dc00000, 0x000000071de00000|  0%| F|  |TAMS 0x000000071dc00000, 0x000000071dc00000| Untracked 
| 227|0x000000071de00000, 0x000000071de00000, 0x000000071e000000|  0%| F|  |TAMS 0x000000071de00000, 0x000000071de00000| Untracked 
| 228|0x000000071e000000, 0x000000071e000000, 0x000000071e200000|  0%| F|  |TAMS 0x000000071e000000, 0x000000071e000000| Untracked 
| 229|0x000000071e200000, 0x000000071e200000, 0x000000071e400000|  0%| F|  |TAMS 0x000000071e200000, 0x000000071e200000| Untracked 
| 230|0x000000071e400000, 0x000000071e400000, 0x000000071e600000|  0%| F|  |TAMS 0x000000071e400000, 0x000000071e400000| Untracked 
| 231|0x000000071e600000, 0x000000071e600000, 0x000000071e800000|  0%| F|  |TAMS 0x000000071e600000, 0x000000071e600000| Untracked 
| 232|0x000000071e800000, 0x000000071e800000, 0x000000071ea00000|  0%| F|  |TAMS 0x000000071e800000, 0x000000071e800000| Untracked 
| 233|0x000000071ea00000, 0x000000071ea00000, 0x000000071ec00000|  0%| F|  |TAMS 0x000000071ea00000, 0x000000071ea00000| Untracked 
| 234|0x000000071ec00000, 0x000000071ec00000, 0x000000071ee00000|  0%| F|  |TAMS 0x000000071ec00000, 0x000000071ec00000| Untracked 
| 235|0x000000071ee00000, 0x000000071ee00000, 0x000000071f000000|  0%| F|  |TAMS 0x000000071ee00000, 0x000000071ee00000| Untracked 
| 236|0x000000071f000000, 0x000000071f000000, 0x000000071f200000|  0%| F|  |TAMS 0x000000071f000000, 0x000000071f000000| Untracked 
| 237|0x000000071f200000, 0x000000071f200000, 0x000000071f400000|  0%| F|  |TAMS 0x000000071f200000, 0x000000071f200000| Untracked 
| 238|0x000000071f400000, 0x000000071f400000, 0x000000071f600000|  0%| F|  |TAMS 0x000000071f400000, 0x000000071f400000| Untracked 
| 239|0x000000071f600000, 0x000000071f600000, 0x000000071f800000|  0%| F|  |TAMS 0x000000071f600000, 0x000000071f600000| Untracked 
| 240|0x000000071f800000, 0x000000071f800000, 0x000000071fa00000|  0%| F|  |TAMS 0x000000071f800000, 0x000000071f800000| Untracked 
| 241|0x000000071fa00000, 0x000000071fa00000, 0x000000071fc00000|  0%| F|  |TAMS 0x000000071fa00000, 0x000000071fa00000| Untracked 
| 242|0x000000071fc00000, 0x000000071fc00000, 0x000000071fe00000|  0%| F|  |TAMS 0x000000071fc00000, 0x000000071fc00000| Untracked 
| 243|0x000000071fe00000, 0x000000071fe00000, 0x0000000720000000|  0%| F|  |TAMS 0x000000071fe00000, 0x000000071fe00000| Untracked 
| 244|0x0000000720000000, 0x0000000720000000, 0x0000000720200000|  0%| F|  |TAMS 0x0000000720000000, 0x0000000720000000| Untracked 
| 245|0x0000000720200000, 0x0000000720200000, 0x0000000720400000|  0%| F|  |TAMS 0x0000000720200000, 0x0000000720200000| Untracked 
| 246|0x0000000720400000, 0x0000000720400000, 0x0000000720600000|  0%| F|  |TAMS 0x0000000720400000, 0x0000000720400000| Untracked 
| 247|0x0000000720600000, 0x0000000720600000, 0x0000000720800000|  0%| F|  |TAMS 0x0000000720600000, 0x0000000720600000| Untracked 
| 248|0x0000000720800000, 0x0000000720800000, 0x0000000720a00000|  0%| F|  |TAMS 0x0000000720800000, 0x0000000720800000| Untracked 
| 249|0x0000000720a00000, 0x0000000720a62d60, 0x0000000720c00000| 19%| E|  |TAMS 0x0000000720a00000, 0x0000000720a00000| Complete 
| 250|0x0000000720c00000, 0x0000000720e00000, 0x0000000720e00000|100%| E|CS|TAMS 0x0000000720c00000, 0x0000000720c00000| Complete 
| 251|0x0000000720e00000, 0x0000000721000000, 0x0000000721000000|100%| E|CS|TAMS 0x0000000720e00000, 0x0000000720e00000| Complete 
| 252|0x0000000721000000, 0x0000000721200000, 0x0000000721200000|100%| E|CS|TAMS 0x0000000721000000, 0x0000000721000000| Complete 
| 253|0x0000000721200000, 0x0000000721400000, 0x0000000721400000|100%| E|CS|TAMS 0x0000000721200000, 0x0000000721200000| Complete 
| 254|0x0000000721400000, 0x0000000721600000, 0x0000000721600000|100%| E|CS|TAMS 0x0000000721400000, 0x0000000721400000| Complete 
| 255|0x0000000721600000, 0x0000000721800000, 0x0000000721800000|100%| E|CS|TAMS 0x0000000721600000, 0x0000000721600000| Complete 
| 256|0x0000000721800000, 0x0000000721a00000, 0x0000000721a00000|100%| E|CS|TAMS 0x0000000721800000, 0x0000000721800000| Complete 
| 257|0x0000000721a00000, 0x0000000721c00000, 0x0000000721c00000|100%| E|CS|TAMS 0x0000000721a00000, 0x0000000721a00000| Complete 
| 258|0x0000000721c00000, 0x0000000721e00000, 0x0000000721e00000|100%| E|CS|TAMS 0x0000000721c00000, 0x0000000721c00000| Complete 
| 259|0x0000000721e00000, 0x0000000722000000, 0x0000000722000000|100%| E|CS|TAMS 0x0000000721e00000, 0x0000000721e00000| Complete 

Card table byte_map: [0x000001dfde9d0000,0x000001dfdf1d0000] _byte_map_base: 0x000001dfdb1c4000

Marking Bits (Prev, Next): (CMBitMap*) 0x000001dfc7c448d0, (CMBitMap*) 0x000001dfc7c44910
 Prev Bits: [0x000001dfdf9d0000, 0x000001dfe3970000)
 Next Bits: [0x000001dfe3970000, 0x000001dfe7910000)

Polling page: 0x000001dfbe7d0000

Metaspace:

Usage:
  Non-class:     76.07 MB used.
      Class:     11.63 MB used.
       Both:     87.70 MB used.

Virtual space:
  Non-class space:      128.00 MB reserved,      76.44 MB ( 60%) committed,  2 nodes.
      Class space:        1.00 GB reserved,      12.00 MB (  1%) committed,  1 nodes.
             Both:        1.12 GB reserved,      88.44 MB (  8%) committed. 

Chunk freelists:
   Non-Class:  3.06 MB
       Class:  3.90 MB
        Both:  6.96 MB

MaxMetaspaceSize: unlimited
CompressedClassSpaceSize: 1.00 GB
Initial GC threshold: 21.00 MB
Current GC threshold: 147.31 MB
CDS: on
MetaspaceReclaimPolicy: balanced
 - commit_granule_bytes: 65536.
 - commit_granule_words: 8192.
 - virtual_space_node_default_size: 8388608.
 - enlarge_chunks_in_place: 1.
 - new_chunks_are_fully_committed: 0.
 - uncommit_free_chunks: 1.
 - use_allocation_guard: 0.
 - handle_deallocations: 1.


Internal statistics:

num_allocs_failed_limit: 6.
num_arena_births: 1308.
num_arena_deaths: 0.
num_vsnodes_births: 3.
num_vsnodes_deaths: 0.
num_space_committed: 1409.
num_space_uncommitted: 0.
num_chunks_returned_to_freelist: 6.
num_chunks_taken_from_freelist: 3825.
num_chunk_merges: 6.
num_chunk_splits: 2767.
num_chunks_enlarged: 2007.
num_inconsistent_stats: 0.

CodeHeap 'non-profiled nmethods': size=120000Kb used=26827Kb max_used=26971Kb free=93172Kb
 bounds [0x000001dfd74a0000, 0x000001dfd8f00000, 0x000001dfde9d0000]
CodeHeap 'profiled nmethods': size=120000Kb used=40174Kb max_used=41283Kb free=79825Kb
 bounds [0x000001dfcf9d0000, 0x000001dfd2240000, 0x000001dfd6f00000]
CodeHeap 'non-nmethods': size=5760Kb used=1684Kb max_used=1823Kb free=4075Kb
 bounds [0x000001dfd6f00000, 0x000001dfd7170000, 0x000001dfd74a0000]
 total_blobs=20582 nmethods=19467 adapters=1018
 compilation: enabled
              stopped_count=0, restarted_count=0
 full_count=0

Compilation events (20 events):
Event: 3293.802 Thread 0x000001dfc7ead150 27180       3       sun.java2d.marlin.Helpers::quadraticRoots (179 bytes)
Event: 3293.802 Thread 0x000001dfc7ead150 nmethod 27180 0x000001dfd1470310 code [0x000001dfd1470560, 0x000001dfd1470a58]
Event: 3293.821 Thread 0x000001dfc7ead150 27181  s    3       sun.awt.Win32GraphicsConfig::getColorModel (8 bytes)
Event: 3293.822 Thread 0x000001dfc7ead150 nmethod 27181 0x000001dfd15c1290 code [0x000001dfd15c1440, 0x000001dfd15c1788]
Event: 3293.822 Thread 0x000001dfc7ead150 27182       3       sun.awt.Win32GraphicsDevice::getColorModel (25 bytes)
Event: 3293.822 Thread 0x000001dfc7ead150 nmethod 27182 0x000001dfd19f4a10 code [0x000001dfd19f4bc0, 0x000001dfd19f4dc8]
Event: 3293.834 Thread 0x000001dfc7ead150 27183       3       ui.views.waveform.g.D::laE (53 bytes)
Event: 3293.834 Thread 0x000001dfc7ead150 nmethod 27183 0x000001dfd031e910 code [0x000001dfd031eb00, 0x000001dfd031efa8]
Event: 3293.834 Thread 0x000001dfc7ead150 27184       3       ui.views.waveform.executive.a::kYC (70 bytes)
Event: 3293.834 Thread 0x000001dfc7ead150 nmethod 27184 0x000001dfd13c1a10 code [0x000001dfd13c1c00, 0x000001dfd13c2058]
Event: 3293.834 Thread 0x000001dfc7ead150 27187       3       ui.views.waveform.g.k::KL (151 bytes)
Event: 3293.835 Thread 0x000001dfc7ead150 nmethod 27187 0x000001dfd1ce1b90 code [0x000001dfd1ce1ec0, 0x000001dfd1ce3308]
Event: 3293.835 Thread 0x000001dfc7ead150 27188       3       ui.views.waveform.executive.a::kYq (70 bytes)
Event: 3293.835 Thread 0x000001dfc7ead150 nmethod 27188 0x000001dfd1601690 code [0x000001dfd1601880, 0x000001dfd1601cd8]
Event: 3293.850 Thread 0x000001dfc7ead150 27191       3       com.jidesoft.swing.JideSplitPane::getDividerLocation (12 bytes)
Event: 3293.850 Thread 0x000001dfc7ead150 nmethod 27191 0x000001dfd1fefc10 code [0x000001dfd1fefdc0, 0x000001dfd1ff0128]
Event: 3293.975 Thread 0x000001dfc7eaac30 27192       4       ui.data.q.b.c.a::b (10 bytes)
Event: 3293.976 Thread 0x000001dfc7eaac30 nmethod 27192 0x000001dfd848a010 code [0x000001dfd848a180, 0x000001dfd848a218]
Event: 3294.840 Thread 0x000001dfc7eaac30 27193       4       ui.views.waveform.g.x::getInsets (4 bytes)
Event: 3294.840 Thread 0x000001dfc7eaac30 nmethod 27193 0x000001dfd8489d10 code [0x000001dfd8489e80, 0x000001dfd8489ef8]

GC Heap History (20 events):
Event: 3252.989 GC heap before
{Heap before GC invocations=1534 (full 60):
 garbage-first heap   total 1247232K, used 286544K [0x0000000701800000, 0x0000000800000000)
  region size 2048K, 40 young (81920K), 1 survivors (2048K)
 Metaspace       used 89705K, committed 90496K, reserved 1179648K
  class space    used 11908K, committed 12288K, reserved 1048576K
}
Event: 3252.991 GC heap after
{Heap after GC invocations=1535 (full 60):
 garbage-first heap   total 1247232K, used 206536K [0x0000000701800000, 0x0000000800000000)
  region size 2048K, 1 young (2048K), 1 survivors (2048K)
 Metaspace       used 89705K, committed 90496K, reserved 1179648K
  class space    used 11908K, committed 12288K, reserved 1048576K
}
Event: 3256.182 GC heap before
{Heap before GC invocations=1535 (full 60):
 garbage-first heap   total 1247232K, used 286408K [0x0000000701800000, 0x0000000800000000)
  region size 2048K, 40 young (81920K), 1 survivors (2048K)
 Metaspace       used 89712K, committed 90496K, reserved 1179648K
  class space    used 11908K, committed 12288K, reserved 1048576K
}
Event: 3256.184 GC heap after
{Heap after GC invocations=1536 (full 60):
 garbage-first heap   total 1247232K, used 206566K [0x0000000701800000, 0x0000000800000000)
  region size 2048K, 1 young (2048K), 1 survivors (2048K)
 Metaspace       used 89712K, committed 90496K, reserved 1179648K
  class space    used 11908K, committed 12288K, reserved 1048576K
}
Event: 3256.893 GC heap before
{Heap before GC invocations=1536 (full 60):
 garbage-first heap   total 1247232K, used 292582K [0x0000000701800000, 0x0000000800000000)
  region size 2048K, 40 young (81920K), 1 survivors (2048K)
 Metaspace       used 89712K, committed 90496K, reserved 1179648K
  class space    used 11908K, committed 12288K, reserved 1048576K
}
Event: 3256.899 GC heap after
{Heap after GC invocations=1537 (full 60):
 garbage-first heap   total 1247232K, used 221034K [0x0000000701800000, 0x0000000800000000)
  region size 2048K, 5 young (10240K), 5 survivors (10240K)
 Metaspace       used 89712K, committed 90496K, reserved 1179648K
  class space    used 11908K, committed 12288K, reserved 1048576K
}
Event: 3263.376 GC heap before
{Heap before GC invocations=1537 (full 60):
 garbage-first heap   total 1247232K, used 292714K [0x0000000701800000, 0x0000000800000000)
  region size 2048K, 40 young (81920K), 5 survivors (10240K)
 Metaspace       used 89716K, committed 90496K, reserved 1179648K
  class space    used 11908K, committed 12288K, reserved 1048576K
}
Event: 3263.383 GC heap after
{Heap after GC invocations=1538 (full 60):
 garbage-first heap   total 1247232K, used 217610K [0x0000000701800000, 0x0000000800000000)
  region size 2048K, 1 young (2048K), 1 survivors (2048K)
 Metaspace       used 89716K, committed 90496K, reserved 1179648K
  class space    used 11908K, committed 12288K, reserved 1048576K
}
Event: 3265.911 GC heap before
{Heap before GC invocations=1538 (full 60):
 garbage-first heap   total 1247232K, used 297482K [0x0000000701800000, 0x0000000800000000)
  region size 2048K, 40 young (81920K), 1 survivors (2048K)
 Metaspace       used 89719K, committed 90496K, reserved 1179648K
  class space    used 11908K, committed 12288K, reserved 1048576K
}
Event: 3265.913 GC heap after
{Heap after GC invocations=1539 (full 60):
 garbage-first heap   total 1247232K, used 217408K [0x0000000701800000, 0x0000000800000000)
  region size 2048K, 1 young (2048K), 1 survivors (2048K)
 Metaspace       used 89719K, committed 90496K, reserved 1179648K
  class space    used 11908K, committed 12288K, reserved 1048576K
}
Event: 3273.392 GC heap before
{Heap before GC invocations=1539 (full 60):
 garbage-first heap   total 1247232K, used 297280K [0x0000000701800000, 0x0000000800000000)
  region size 2048K, 40 young (81920K), 1 survivors (2048K)
 Metaspace       used 89731K, committed 90496K, reserved 1179648K
  class space    used 11908K, committed 12288K, reserved 1048576K
}
Event: 3273.394 GC heap after
{Heap after GC invocations=1540 (full 60):
 garbage-first heap   total 1247232K, used 217589K [0x0000000701800000, 0x0000000800000000)
  region size 2048K, 1 young (2048K), 1 survivors (2048K)
 Metaspace       used 89731K, committed 90496K, reserved 1179648K
  class space    used 11908K, committed 12288K, reserved 1048576K
}
Event: 3278.148 GC heap before
{Heap before GC invocations=1540 (full 60):
 garbage-first heap   total 1247232K, used 297461K [0x0000000701800000, 0x0000000800000000)
  region size 2048K, 40 young (81920K), 1 survivors (2048K)
 Metaspace       used 89732K, committed 90496K, reserved 1179648K
  class space    used 11908K, committed 12288K, reserved 1048576K
}
Event: 3278.150 GC heap after
{Heap after GC invocations=1541 (full 60):
 garbage-first heap   total 1247232K, used 217286K [0x0000000701800000, 0x0000000800000000)
  region size 2048K, 1 young (2048K), 1 survivors (2048K)
 Metaspace       used 89732K, committed 90496K, reserved 1179648K
  class space    used 11908K, committed 12288K, reserved 1048576K
}
Event: 3279.755 GC heap before
{Heap before GC invocations=1541 (full 60):
 garbage-first heap   total 1247232K, used 297158K [0x0000000701800000, 0x0000000800000000)
  region size 2048K, 40 young (81920K), 1 survivors (2048K)
 Metaspace       used 89733K, committed 90496K, reserved 1179648K
  class space    used 11908K, committed 12288K, reserved 1048576K
}
Event: 3279.758 GC heap after
{Heap after GC invocations=1542 (full 60):
 garbage-first heap   total 1247232K, used 217406K [0x0000000701800000, 0x0000000800000000)
  region size 2048K, 1 young (2048K), 1 survivors (2048K)
 Metaspace       used 89733K, committed 90496K, reserved 1179648K
  class space    used 11908K, committed 12288K, reserved 1048576K
}
Event: 3292.121 GC heap before
{Heap before GC invocations=1542 (full 60):
 garbage-first heap   total 1247232K, used 297278K [0x0000000701800000, 0x0000000800000000)
  region size 2048K, 40 young (81920K), 1 survivors (2048K)
 Metaspace       used 89743K, committed 90560K, reserved 1179648K
  class space    used 11908K, committed 12288K, reserved 1048576K
}
Event: 3292.126 GC heap after
{Heap after GC invocations=1543 (full 60):
 garbage-first heap   total 1247232K, used 220546K [0x0000000701800000, 0x0000000800000000)
  region size 2048K, 3 young (6144K), 3 survivors (6144K)
 Metaspace       used 89743K, committed 90560K, reserved 1179648K
  class space    used 11908K, committed 12288K, reserved 1048576K
}
Event: 3293.853 GC heap before
{Heap before GC invocations=1543 (full 60):
 garbage-first heap   total 1247232K, used 288130K [0x0000000701800000, 0x0000000800000000)
  region size 2048K, 37 young (75776K), 3 survivors (6144K)
 Metaspace       used 89807K, committed 90560K, reserved 1179648K
  class space    used 11908K, committed 12288K, reserved 1048576K
}
Event: 3293.972 GC heap after
{Heap after GC invocations=1544 (full 61):
 garbage-first heap   total 532480K, used 154631K [0x0000000701800000, 0x0000000800000000)
  region size 2048K, 0 young (0K), 0 survivors (0K)
 Metaspace       used 89807K, committed 90560K, reserved 1179648K
  class space    used 11908K, committed 12288K, reserved 1048576K
}

Dll operation events (20 events):
Event: 2.364 Loaded shared library D:\Vivado\2023.2\lib\win64.o\librdi_ipservicestasks.dll
Event: 2.367 Loaded shared library D:\Vivado\2023.2\lib\win64.o\librdi_vivadotasks.dll
Event: 2.368 Loaded shared library D:\Vivado\2023.2\lib\win64.o\librdi_board.dll
Event: 2.368 Loaded shared library D:\Vivado\2023.2\lib\win64.o\librdi_boarddep.dll
Event: 2.369 Loaded shared library D:\Vivado\2023.2\lib\win64.o\librdi_boardcommontasks.dll
Event: 2.369 Loaded shared library D:\Vivado\2023.2\lib\win64.o\librdi_ptgen.dll
Event: 2.370 Loaded shared library D:\Vivado\2023.2\lib\win64.o\librdi_ip.dll
Event: 2.372 Loaded shared library D:\Vivado\2023.2\lib\win64.o\librdi_mig.dll
Event: 2.374 Loaded shared library D:\Vivado\2023.2\lib\win64.o\librdi_implflow.dll
Event: 2.375 Loaded shared library D:\Vivado\2023.2\lib\win64.o\librdi_xhubtasks.dll
Event: 2.414 Loaded shared library D:\Vivado\2023.2\lib\win64.o\librdi_iptasks.dll
Event: 2.417 Loaded shared library D:\Vivado\2023.2\lib\win64.o\librdi_synth.dll
Event: 4.721 Loaded shared library D:\Vivado\2023.2\tps\win64\jre17.0.7_7\bin\verify.dll
Event: 5.054 Loaded shared library D:\Vivado\2023.2\tps\win64\jre17.0.7_7\bin\javajpeg.dll
Event: 5.065 Loaded shared library D:\Vivado\2023.2\tps\win64\jre17.0.7_7\bin\lcms.dll
Event: 5.509 Loaded shared library D:\Vivado\2023.2\tps\win64\jre17.0.7_7\bin\freetype.dll
Event: 5.513 Loaded shared library D:\Vivado\2023.2\tps\win64\jre17.0.7_7\bin\fontmanager.dll
Event: 10.837 Loaded shared library D:\Vivado\2023.2\lib\win64.o\librdi_xhub.dll
Event: 16.925 Loaded shared library D:\Vivado\2023.2\tps\win64\jre17.0.7_7\bin\management.dll
Event: 16.929 Loaded shared library D:\Vivado\2023.2\tps\win64\jre17.0.7_7\bin\management_ext.dll

Deoptimization events (20 events):
Event: 3101.945 Thread 0x000001dff1617860 Uncommon trap: trap_request=0xffffffde fr.pc=0x000001dfd766effc relative=0x0000000000000f3c
Event: 3101.945 Thread 0x000001dff1617860 Uncommon trap: reason=class_check action=maybe_recompile pc=0x000001dfd766effc method=java.awt.Container.getMouseEventTargetImpl(IIZLjava/awt/Container$EventTargetFilter;ZZ)Ljava/awt/Component; @ 64 c2
Event: 3101.945 Thread 0x000001dff1617860 DEOPT PACKING pc=0x000001dfd766effc sp=0x0000008c5b3fed00
Event: 3101.945 Thread 0x000001dff1617860 DEOPT UNPACKING pc=0x000001dfd6f569a3 sp=0x0000008c5b3fec98 mode 2
Event: 3196.280 Thread 0x000001dff1617860 Uncommon trap: trap_request=0xffffff45 fr.pc=0x000001dfd88ad1d0 relative=0x00000000000003f0
Event: 3196.280 Thread 0x000001dff1617860 Uncommon trap: reason=unstable_if action=reinterpret pc=0x000001dfd88ad1d0 method=javax.swing.SwingUtilities.convertPointFromScreen(Ljava/awt/Point;Ljava/awt/Component;)V @ 128 c2
Event: 3196.280 Thread 0x000001dff1617860 DEOPT PACKING pc=0x000001dfd88ad1d0 sp=0x0000008c5b3fe670
Event: 3196.280 Thread 0x000001dff1617860 DEOPT UNPACKING pc=0x000001dfd6f569a3 sp=0x0000008c5b3fe620 mode 2
Event: 3208.878 Thread 0x000001dff1617860 DEOPT PACKING pc=0x000001dfd1165704 sp=0x0000008c5b3fec10
Event: 3208.878 Thread 0x000001dff1617860 DEOPT UNPACKING pc=0x000001dfd6f57143 sp=0x0000008c5b3fe1b0 mode 0
Event: 3213.420 Thread 0x000001dff1617860 Uncommon trap: trap_request=0xffffffde fr.pc=0x000001dfd7b0b90c relative=0x000000000000006c
Event: 3213.420 Thread 0x000001dff1617860 Uncommon trap: reason=class_check action=maybe_recompile pc=0x000001dfd7b0b90c method=java.awt.Component.updateZOrder()V @ 8 c2
Event: 3213.420 Thread 0x000001dff1617860 DEOPT PACKING pc=0x000001dfd7b0b90c sp=0x0000008c5b3fe9f0
Event: 3213.420 Thread 0x000001dff1617860 DEOPT UNPACKING pc=0x000001dfd6f569a3 sp=0x0000008c5b3fe980 mode 2
Event: 3213.421 Thread 0x000001dff1617860 Uncommon trap: trap_request=0xffffffc6 fr.pc=0x000001dfd8aba1d0 relative=0x00000000000009d0
Event: 3213.421 Thread 0x000001dff1617860 Uncommon trap: reason=bimorphic_or_optimized_type_check action=maybe_recompile pc=0x000001dfd8aba1d0 method=java.awt.Component.show()V @ 34 c2
Event: 3213.421 Thread 0x000001dff1617860 DEOPT PACKING pc=0x000001dfd8aba1d0 sp=0x0000008c5b3feca0
Event: 3213.421 Thread 0x000001dff1617860 DEOPT UNPACKING pc=0x000001dfd6f569a3 sp=0x0000008c5b3fec40 mode 2
Event: 3280.276 Thread 0x000001dff1617860 DEOPT PACKING pc=0x000001dfd11ea08b sp=0x0000008c5b3fd3a0
Event: 3280.276 Thread 0x000001dff1617860 DEOPT UNPACKING pc=0x000001dfd6f57143 sp=0x0000008c5b3fc8c8 mode 0

Classes unloaded (0 events):
No events

Classes redefined (0 events):
No events

Internal exceptions (20 events):
Event: 3251.900 Thread 0x000001dff1617860 Exception <a 'java/io/FileNotFoundException'{0x0000000749555470}> (0x0000000749555470) 
thrown [s\src\hotspot\share\prims\jni.cpp, line 516]
Event: 3256.863 Thread 0x000001dff1617860 Exception <a 'java/io/FileNotFoundException'{0x0000000748ee3678}> (0x0000000748ee3678) 
thrown [s\src\hotspot\share\prims\jni.cpp, line 516]
Event: 3257.058 Thread 0x000001dff1617860 Exception <a 'java/io/FileNotFoundException'{0x000000074c3d3908}> (0x000000074c3d3908) 
thrown [s\src\hotspot\share\prims\jni.cpp, line 516]
Event: 3261.864 Thread 0x000001dff1617860 Exception <a 'java/io/FileNotFoundException'{0x00000007498b7968}> (0x00000007498b7968) 
thrown [s\src\hotspot\share\prims\jni.cpp, line 516]
Event: 3261.902 Thread 0x000001dff1617860 Exception <a 'java/io/FileNotFoundException'{0x00000007498b9850}> (0x00000007498b9850) 
thrown [s\src\hotspot\share\prims\jni.cpp, line 516]
Event: 3263.845 Thread 0x000001e08d4c3410 Exception <a 'java/lang/InterruptedException'{0x000000074d62a758}: sleep interrupted> (0x000000074d62a758) 
thrown [s\src\hotspot\share\prims\jvm.cpp, line 3070]
Event: 3266.865 Thread 0x000001dff1617860 Exception <a 'java/io/FileNotFoundException'{0x000000074d3d58e0}> (0x000000074d3d58e0) 
thrown [s\src\hotspot\share\prims\jni.cpp, line 516]
Event: 3266.903 Thread 0x000001dff1617860 Exception <a 'java/io/FileNotFoundException'{0x000000074d3d7608}> (0x000000074d3d7608) 
thrown [s\src\hotspot\share\prims\jni.cpp, line 516]
Event: 3271.866 Thread 0x000001dff1617860 Exception <a 'java/io/FileNotFoundException'{0x0000000749377df0}> (0x0000000749377df0) 
thrown [s\src\hotspot\share\prims\jni.cpp, line 516]
Event: 3271.903 Thread 0x000001dff1617860 Exception <a 'java/io/FileNotFoundException'{0x0000000749387d58}> (0x0000000749387d58) 
thrown [s\src\hotspot\share\prims\jni.cpp, line 516]
Event: 3276.866 Thread 0x000001dff1617860 Exception <a 'java/io/FileNotFoundException'{0x000000074bf767a0}> (0x000000074bf767a0) 
thrown [s\src\hotspot\share\prims\jni.cpp, line 516]
Event: 3276.952 Thread 0x000001dff1617860 Exception <a 'java/io/FileNotFoundException'{0x000000074baaf840}> (0x000000074baaf840) 
thrown [s\src\hotspot\share\prims\jni.cpp, line 516]
Event: 3277.559 Thread 0x000001e08d4c4280 Exception <a 'java/lang/InterruptedException'{0x000000074b200040}: sleep interrupted> (0x000000074b200040) 
thrown [s\src\hotspot\share\prims\jvm.cpp, line 3070]
Event: 3281.868 Thread 0x000001dff1617860 Exception <a 'java/io/FileNotFoundException'{0x000000074c0b9638}> (0x000000074c0b9638) 
thrown [s\src\hotspot\share\prims\jni.cpp, line 516]
Event: 3281.904 Thread 0x000001dff1617860 Exception <a 'java/io/FileNotFoundException'{0x000000074c0bffc8}> (0x000000074c0bffc8) 
thrown [s\src\hotspot\share\prims\jni.cpp, line 516]
Event: 3286.868 Thread 0x000001dff1617860 Exception <a 'java/io/FileNotFoundException'{0x000000074a9da840}> (0x000000074a9da840) 
thrown [s\src\hotspot\share\prims\jni.cpp, line 516]
Event: 3286.904 Thread 0x000001dff1617860 Exception <a 'java/io/FileNotFoundException'{0x000000074a9ddb78}> (0x000000074a9ddb78) 
thrown [s\src\hotspot\share\prims\jni.cpp, line 516]
Event: 3291.868 Thread 0x000001dff1617860 Exception <a 'java/io/FileNotFoundException'{0x0000000749d7f9e0}> (0x0000000749d7f9e0) 
thrown [s\src\hotspot\share\prims\jni.cpp, line 516]
Event: 3291.905 Thread 0x000001dff1617860 Exception <a 'java/io/FileNotFoundException'{0x0000000749d82d38}> (0x0000000749d82d38) 
thrown [s\src\hotspot\share\prims\jni.cpp, line 516]
Event: 3293.341 Thread 0x000001e08d4bd8a0 Exception <a 'java/lang/InterruptedException'{0x000000074d60af30}: sleep interrupted> (0x000000074d60af30) 
thrown [s\src\hotspot\share\prims\jvm.cpp, line 3044]

VM Operations (20 events):
Event: 3273.392 Executing VM operation: G1CollectForAllocation
Event: 3273.394 Executing VM operation: G1CollectForAllocation done
Event: 3278.148 Executing VM operation: G1CollectForAllocation
Event: 3278.150 Executing VM operation: G1CollectForAllocation done
Event: 3279.755 Executing VM operation: G1CollectForAllocation
Event: 3279.758 Executing VM operation: G1CollectForAllocation done
Event: 3280.758 Executing VM operation: Cleanup
Event: 3280.758 Executing VM operation: Cleanup done
Event: 3281.759 Executing VM operation: Cleanup
Event: 3281.759 Executing VM operation: Cleanup done
Event: 3282.759 Executing VM operation: Cleanup
Event: 3282.759 Executing VM operation: Cleanup done
Event: 3283.760 Executing VM operation: Cleanup
Event: 3283.760 Executing VM operation: Cleanup done
Event: 3287.761 Executing VM operation: Cleanup
Event: 3287.761 Executing VM operation: Cleanup done
Event: 3292.121 Executing VM operation: G1CollectForAllocation
Event: 3292.126 Executing VM operation: G1CollectForAllocation done
Event: 3293.853 Executing VM operation: G1CollectFull
Event: 3293.972 Executing VM operation: G1CollectFull done

Events (20 events):
Event: 3290.683 Thread 0x000001e08d4c9450 Thread exited: 0x000001e08d4c9450
Event: 3291.679 Thread 0x000001e08d4c85e0 Thread added: 0x000001e08d4c85e0
Event: 3291.683 Thread 0x000001e08d4c85e0 Thread exited: 0x000001e08d4c85e0
Event: 3291.995 Thread 0x000001e08d4cbad0 Thread added: 0x000001e08d4cbad0
Event: 3292.001 Thread 0x000001e08d4cbad0 Thread exited: 0x000001e08d4cbad0
Event: 3292.997 Thread 0x000001e08d4c6900 Thread added: 0x000001e08d4c6900
Event: 3293.001 Thread 0x000001e08d4c6900 Thread exited: 0x000001e08d4c6900
Event: 3293.113 Thread 0x000001e08d4c8110 Thread added: 0x000001e08d4c8110
Event: 3293.117 Thread 0x000001e08d4c8110 Thread exited: 0x000001e08d4c8110
Event: 3293.119 Thread 0x000001e08d4cb130 Thread added: 0x000001e08d4cb130
Event: 3293.840 Thread 0x000001e08d4c72a0 Thread added: 0x000001e08d4c72a0
Event: 3293.847 Thread 0x000001e08d4ca2c0 Thread added: 0x000001e08d4ca2c0
Event: 3293.853 Thread 0x000001e08d4ca2c0 Thread exited: 0x000001e08d4ca2c0
Event: 3293.973 Thread 0x000001e08d4c72a0 Thread exited: 0x000001e08d4c72a0
Event: 3293.998 Thread 0x000001e08d4cb600 Thread added: 0x000001e08d4cb600
Event: 3294.004 Thread 0x000001e08d4cb600 Thread exited: 0x000001e08d4cb600
Event: 3294.905 Thread 0x000001e08d4cb600 Thread added: 0x000001e08d4cb600
Event: 3294.909 Thread 0x000001e08d4cb600 Thread exited: 0x000001e08d4cb600
Event: 3294.998 Thread 0x000001e08d4c9450 Thread added: 0x000001e08d4c9450
Event: 3295.004 Thread 0x000001e08d4c9450 Thread exited: 0x000001e08d4c9450


Dynamic libraries:
0x00007ff7aa820000 - 0x00007ff7aa851000 	D:\Vivado\2023.2\bin\unwrapped\win64.o\vivado.exe
0x00007ffe1f990000 - 0x00007ffe1fba7000 	C:\WINDOWS\SYSTEM32\ntdll.dll
0x00007ffe1de20000 - 0x00007ffe1dee4000 	C:\WINDOWS\System32\KERNEL32.DLL
0x00007ffe1d150000 - 0x00007ffe1d50a000 	C:\WINDOWS\System32\KERNELBASE.dll
0x00007ffe1ce90000 - 0x00007ffe1cfa1000 	C:\WINDOWS\System32\ucrtbase.dll
0x00007ffdff640000 - 0x00007ffdff6cd000 	C:\WINDOWS\SYSTEM32\MSVCP140.dll
0x00007ffe00a00000 - 0x00007ffe00a1e000 	C:\WINDOWS\SYSTEM32\VCRUNTIME140.dll
0x00007ffe03940000 - 0x00007ffe0394c000 	C:\WINDOWS\SYSTEM32\VCRUNTIME140_1.dll
0x00007ffe17200000 - 0x00007ffe1721c000 	D:\Vivado\2023.2\lib\win64.o\librdi_commonmain.dll
0x00007ffe03810000 - 0x00007ffe03831000 	D:\Vivado\2023.2\lib\win64.o\libboost_filesystem.dll
0x00007ffe1def0000 - 0x00007ffe1dfa2000 	C:\WINDOWS\System32\ADVAPI32.dll
0x00007ffd67030000 - 0x00007ffd686da000 	D:\Vivado\2023.2\lib\win64.o\librdi_common.dll
0x00007ffd88390000 - 0x00007ffd887c0000 	D:\Vivado\2023.2\lib\win64.o\python38.dll
0x00007ffe1d6f0000 - 0x00007ffe1d797000 	C:\WINDOWS\System32\msvcrt.dll
0x00007ffe1f8a0000 - 0x00007ffe1f947000 	C:\WINDOWS\System32\sechost.dll
0x00007ffe1efc0000 - 0x00007ffe1f16e000 	C:\WINDOWS\System32\USER32.dll
0x00007ffe1d510000 - 0x00007ffe1d538000 	C:\WINDOWS\System32\bcrypt.dll
0x00007ffe1cdc0000 - 0x00007ffe1cde6000 	C:\WINDOWS\System32\win32u.dll
0x00007ffe1eea0000 - 0x00007ffe1efb4000 	C:\WINDOWS\System32\RPCRT4.dll
0x00007ffe1f3c0000 - 0x00007ffe1f3e9000 	C:\WINDOWS\System32\GDI32.dll
0x00007ffe1d030000 - 0x00007ffe1d14b000 	C:\WINDOWS\System32\gdi32full.dll
0x00007ffe1cdf0000 - 0x00007ffe1ce8a000 	C:\WINDOWS\System32\msvcp_win.dll
0x00007ffe1db50000 - 0x00007ffe1dbae000 	C:\WINDOWS\System32\SHLWAPI.dll
0x00007ffe1e600000 - 0x00007ffe1ee79000 	C:\WINDOWS\System32\SHELL32.dll
0x00007ffe1d8b0000 - 0x00007ffe1d921000 	C:\WINDOWS\System32\WS2_32.dll
0x00007ffe18370000 - 0x00007ffe18379000 	D:\Vivado\2023.2\lib\win64.o\librdi_commonversion.dll
0x00007ffe1d600000 - 0x00007ffe1d672000 	C:\WINDOWS\System32\WINTRUST.dll
0x00007ffdadbf0000 - 0x00007ffdadda6000 	D:\Vivado\2023.2\lib\win64.o\librdi_commonxillic.dll
0x000000006cce0000 - 0x000000006ce0c000 	D:\Vivado\2023.2\lib\win64.o\tcl85t.dll
0x00007ffd9c980000 - 0x00007ffd9ccee000 	D:\Vivado\2023.2\lib\win64.o\libCOIN-all.dll
0x00007ffdeb4f0000 - 0x00007ffdeb569000 	D:\Vivado\2023.2\lib\win64.o\libboost_program_options.dll
0x00007ffe06d20000 - 0x00007ffe06d31000 	D:\Vivado\2023.2\lib\win64.o\libboost_date_time.dll
0x00007ffdeacf0000 - 0x00007ffdeae04000 	D:\Vivado\2023.2\lib\win64.o\libboost_regex.dll
0x00007ffe050a0000 - 0x00007ffe050bc000 	D:\Vivado\2023.2\lib\win64.o\libboost_thread.dll
0x00007ffe171f0000 - 0x00007ffe171fc000 	D:\Vivado\2023.2\lib\win64.o\libboost_xilinx.dll
0x00007ffdea820000 - 0x00007ffdea8c5000 	D:\Vivado\2023.2\lib\win64.o\libhdxml.dll
0x00007ffdea4e0000 - 0x00007ffdea562000 	D:\Vivado\2023.2\lib\win64.o\libhdlpsolve.dll
0x00007ffd6b2f0000 - 0x00007ffd6c314600 	D:\Vivado\2023.2\lib\win64.o\libisl_iostreams.dll
0x00007ffe03620000 - 0x00007ffe0364a000 	D:\Vivado\2023.2\lib\win64.o\libisl_sysinfo.dll
0x00007ffdeb480000 - 0x00007ffdeb4e5000 	D:\Vivado\2023.2\lib\win64.o\liblmx6.0.dll
0x00007ffdfc6d0000 - 0x00007ffdfc6ea000 	D:\Vivado\2023.2\lib\win64.o\pthreadVC2.dll
0x00007ffdfc190000 - 0x00007ffdfc1b1000 	D:\Vivado\2023.2\lib\win64.o\librdizlib.dll
0x00007ffdfc6b0000 - 0x00007ffdfc6cc000 	D:\Vivado\2023.2\lib\win64.o\librdiconfig.dll
0x00007ffd9c660000 - 0x00007ffd9c921000 	D:\Vivado\2023.2\lib\win64.o\xerces-c_3_2.dll
0x00007ffe15190000 - 0x00007ffe1519a000 	C:\WINDOWS\SYSTEM32\VERSION.dll
0x00007ffe00030000 - 0x00007ffe00049000 	C:\WINDOWS\SYSTEM32\NETAPI32.dll
0x00007ffdfe850000 - 0x00007ffdfed4e000 	C:\WINDOWS\SYSTEM32\WININET.dll
0x00007ffe153f0000 - 0x00007ffe15526000 	C:\WINDOWS\SYSTEM32\WINHTTP.dll
0x00007ffe10050000 - 0x00007ffe10245000 	C:\WINDOWS\SYSTEM32\urlmon.dll
0x00007ffdfbf30000 - 0x00007ffdfbf39000 	C:\WINDOWS\SYSTEM32\WSOCK32.dll
0x00007ffdf0040000 - 0x00007ffdf0070000 	C:\WINDOWS\SYSTEM32\VCOMP140.DLL
0x00007ffd99200000 - 0x00007ffd9952d000 	D:\Vivado\2023.2\lib\win64.o\libXil_lmgr11.dll
0x00007ffe1e4b0000 - 0x00007ffe1e5b0000 	C:\WINDOWS\System32\COMDLG32.dll
0x00007ffd65110000 - 0x00007ffd67027000 	D:\Vivado\2023.2\lib\win64.o\gurobi90.dll
0x00007ffe1e110000 - 0x00007ffe1e4a1000 	C:\WINDOWS\System32\combase.dll
0x00007ffe1cc50000 - 0x00007ffe1cdb6000 	C:\WINDOWS\System32\CRYPT32.dll
0x00007ffe1d680000 - 0x00007ffe1d6e1000 	C:\WINDOWS\System32\WLDAP32.dll
0x00007ffe1dd20000 - 0x00007ffe1de1a000 	C:\WINDOWS\System32\shcore.dll
0x00007ffe1ee80000 - 0x00007ffe1ee88000 	C:\WINDOWS\System32\Normaliz.dll
0x00007ffe1e030000 - 0x00007ffe1e107000 	C:\WINDOWS\System32\OLEAUT32.dll
0x00007ffe1d940000 - 0x00007ffe1dae5000 	C:\WINDOWS\System32\ole32.dll
0x00007ffdeacd0000 - 0x00007ffdeace8000 	D:\Vivado\2023.2\lib\win64.o\libboost_iostreams.dll
0x00007ffdea660000 - 0x00007ffdea684000 	D:\Vivado\2023.2\lib\win64.o\libisl_iosutils.dll
0x00007ffe0f700000 - 0x00007ffe0f9bf000 	C:\WINDOWS\SYSTEM32\iertutil.dll
0x00007ffe0f6d0000 - 0x00007ffe0f6f8000 	C:\WINDOWS\SYSTEM32\srvcli.dll
0x00007ffe1b670000 - 0x00007ffe1b67c000 	C:\WINDOWS\SYSTEM32\netutils.dll
0x00007ffe1ab40000 - 0x00007ffe1b449000 	C:\WINDOWS\SYSTEM32\windows.storage.dll
0x00007ffdedff0000 - 0x00007ffdee0a3000 	C:\WINDOWS\WinSxS\amd64_microsoft.windows.common-controls_6595b64144ccf1df_5.82.22621.3527_none_b43b7f4b638cc64f\COMCTL32.dll
0x00007ffe1c1d0000 - 0x00007ffe1c1f8000 	C:\WINDOWS\SYSTEM32\USERENV.dll
0x00007ffe151c0000 - 0x00007ffe151df000 	C:\WINDOWS\SYSTEM32\dhcpcsvc.DLL
0x00007ffe1aa00000 - 0x00007ffe1ab3f000 	C:\WINDOWS\SYSTEM32\wintypes.dll
0x00007ffe1c130000 - 0x00007ffe1c199000 	C:\WINDOWS\SYSTEM32\MSWSOCK.DLL
0x00007ffe1d7c0000 - 0x00007ffe1d7f1000 	C:\WINDOWS\System32\IMM32.DLL
0x00007ffe1c8f0000 - 0x00007ffe1c902000 	C:\WINDOWS\SYSTEM32\MSASN1.dll
0x00007ffe1c380000 - 0x00007ffe1c39b000 	C:\WINDOWS\SYSTEM32\CRYPTSP.dll
0x00007ffe1bc50000 - 0x00007ffe1bc68000 	C:\WINDOWS\SYSTEM32\kernel.appcore.dll
0x00007ffe1bbb0000 - 0x00007ffe1bbe5000 	C:\WINDOWS\system32\rsaenh.dll
0x00007ffe1c370000 - 0x00007ffe1c37c000 	C:\WINDOWS\SYSTEM32\CRYPTBASE.dll
0x00007ffe1cfb0000 - 0x00007ffe1d02b000 	C:\WINDOWS\System32\bcryptPrimitives.dll
0x00007ffe1d7a0000 - 0x00007ffe1d7bf000 	C:\WINDOWS\System32\imagehlp.dll
0x00007ffd75600000 - 0x00007ffd75b4d000 	D:\Vivado\2023.2\lib\win64.o\librdi_commontasks.dll
0x00007ffd577d0000 - 0x00007ffd58418000 	D:\Vivado\2023.2\tps\win64\jre17.0.7_7\bin\server\jvm.dll
0x00007ffd98c70000 - 0x00007ffd98f9b800 	D:\Vivado\2023.2\lib\win64.o\librdi_sio.dll
0x00007ffe1b6f0000 - 0x00007ffe1b71d000 	C:\WINDOWS\SYSTEM32\IPHLPAPI.DLL
0x00007ffe16a60000 - 0x00007ffe16a94000 	C:\WINDOWS\SYSTEM32\WINMM.dll
0x00007ffe1c1a0000 - 0x00007ffe1c1c6000 	C:\WINDOWS\SYSTEM32\gpapi.dll
0x00007ffe15150000 - 0x00007ffe15182000 	C:\Windows\System32\cryptnet.dll
0x00007ffe1cb80000 - 0x00007ffe1cbab000 	C:\WINDOWS\SYSTEM32\profapi.dll
0x00007ffe19c20000 - 0x00007ffe19c2d000 	C:\WINDOWS\SYSTEM32\WINNSI.DLL
0x00007ffe1ee90000 - 0x00007ffe1ee99000 	C:\WINDOWS\System32\NSI.dll
0x00007ffe15360000 - 0x00007ffe15379000 	C:\WINDOWS\SYSTEM32\dhcpcsvc6.DLL
0x00007ffdfe770000 - 0x00007ffdfe825000 	C:\WINDOWS\SYSTEM32\webio.dll
0x00007ffe1beb0000 - 0x00007ffe1bef3000 	C:\WINDOWS\SYSTEM32\SspiCli.dll
0x00007ffe1b770000 - 0x00007ffe1b872000 	C:\WINDOWS\SYSTEM32\DNSAPI.dll
0x00007ffe10ca0000 - 0x00007ffe10caa000 	C:\Windows\System32\rasadhlp.dll
0x00007ffe13f90000 - 0x00007ffe14013000 	C:\WINDOWS\System32\fwpuclnt.dll
0x00007ffdffd90000 - 0x00007ffdffda7000 	C:\WINDOWS\system32\napinsp.dll
0x00007ffdffd70000 - 0x00007ffdffd8b000 	C:\WINDOWS\system32\pnrpnsp.dll
0x00007ffdffd50000 - 0x00007ffdffd61000 	C:\WINDOWS\System32\winrnr.dll
0x00007ffe15380000 - 0x00007ffe15395000 	C:\WINDOWS\system32\wshbth.dll
0x00007ffdf9b00000 - 0x00007ffdf9b27000 	C:\WINDOWS\system32\nlansp_c.dll
0x00007ffd46a60000 - 0x00007ffd49826000 	D:\Vivado\2023.2\lib\win64.o\librdi_tcltasks.dll
0x00007ffdeb150000 - 0x00007ffdeb1d3000 	D:\Vivado\2023.2\lib\win64.o\librdi_boarddep.dll
0x00007ffdeb020000 - 0x00007ffdeb14a000 	D:\Vivado\2023.2\lib\win64.o\librdi_chipscope.dll
0x00007ffd7dde0000 - 0x00007ffd7dfe0000 	D:\Vivado\2023.2\lib\win64.o\librdi_board.dll
0x00007ffd6fb10000 - 0x00007ffd6fff1000 	D:\Vivado\2023.2\lib\win64.o\librdi_bitstream.dll
0x00007ffd9d6d0000 - 0x00007ffd9d83e000 	D:\Vivado\2023.2\lib\win64.o\librdi_containers.dll
0x00007ffd78030000 - 0x00007ffd78237000 	D:\Vivado\2023.2\lib\win64.o\librdi_chipscopeimpl.dll
0x00007ffd4d880000 - 0x00007ffd4ff75000 	D:\Vivado\2023.2\lib\win64.o\librdi_constraints.dll
0x00007ffd44320000 - 0x00007ffd46a56000 	D:\Vivado\2023.2\lib\win64.o\librdi_coregen.dll
0x00007ffd42510000 - 0x00007ffd44317000 	D:\Vivado\2023.2\lib\win64.o\librdi_designutils.dll
0x00007ffd509e0000 - 0x00007ffd51fe3000 	D:\Vivado\2023.2\lib\win64.o\librdi_device.dll
0x00007ffd69040000 - 0x00007ffd693df000 	D:\Vivado\2023.2\lib\win64.o\librdi_dlyest.dll
0x00007ffd649d0000 - 0x00007ffd65106000 	D:\Vivado\2023.2\lib\win64.o\librdi_drc.dll
0x00007ffdea110000 - 0x00007ffdea1c4000 	D:\Vivado\2023.2\lib\win64.o\librdi_dsp.dll
0x00007ffd41d50000 - 0x00007ffd4250f000 	D:\Vivado\2023.2\lib\win64.o\librdi_filemgmt.dll
0x00007ffdea220000 - 0x00007ffdea28b000 	D:\Vivado\2023.2\lib\win64.o\librdi_hdf.dll
0x00007ffd6b000000 - 0x00007ffd6b2e4000 	D:\Vivado\2023.2\lib\win64.o\librdi_hip_devdesign.dll
0x00007ffd95610000 - 0x00007ffd95758000 	D:\Vivado\2023.2\lib\win64.o\librdi_hip_perf_analysis.dll
0x00007ffd40c00000 - 0x00007ffd41d43000 	D:\Vivado\2023.2\lib\win64.o\librdi_implflow.dll
0x00007ffd3fd50000 - 0x00007ffd40c00000 	D:\Vivado\2023.2\lib\win64.o\librdi_ippcw.dll
0x00007ffd57170000 - 0x00007ffd577c6000 	D:\Vivado\2023.2\lib\win64.o\librdi_memdata.dll
0x00007ffda6230000 - 0x00007ffda62ad000 	D:\Vivado\2023.2\lib\win64.o\librdi_memoryarray.dll
0x00007ffd3f4b0000 - 0x00007ffd3fd4a000 	D:\Vivado\2023.2\lib\win64.o\librdi_lopt.dll
0x00007ffd3c250000 - 0x00007ffd3ca54000 	D:\Vivado\2023.2\lib\win64.o\librdi_netlist.dll
0x00007ffd3ca60000 - 0x00007ffd3f4a1000 	D:\Vivado\2023.2\lib\win64.o\librdi_mig.dll
0x00007ffda6140000 - 0x00007ffda61b2000 	D:\Vivado\2023.2\lib\win64.o\librdi_noc_frameworks.dll
0x00007ffdeb950000 - 0x00007ffdeb9ac000 	D:\Vivado\2023.2\lib\win64.o\librdi_pfi.dll

dbghelp: loaded successfully - version: 4.0.5 - missing functions: none
symbol engine: initialized successfully - sym options: 0x614 - pdb path: .;D:\Vivado\2023.2\bin\unwrapped\win64.o;C:\WINDOWS\SYSTEM32;D:\Vivado\2023.2\lib\win64.o;C:\WINDOWS\WinSxS\amd64_microsoft.windows.common-controls_6595b64144ccf1df_5.82.22621.3527_none_b43b7f4b638cc64f;D:\Vivado\2023.2\tps\win64\jre17.0.7_7\bin\server;D:\Vivado\2023.2\tps\win64\jre17.0.7_7\bin;C:\WINDOWS\WinSxS\amd64_microsoft.windows.common-controls_6595b64144ccf1df_6.0.22621.4541_none_2710d1c57384c085

VM Arguments:
jvm_args: -Dsun.java2d.pmoffscreen=false -Dhttps.protocols=TLSv1,TLSv1.1,TLSv1.2 -Dsun.java2d.xrender=false -Dsun.java2d.d3d=false -Dsun.awt.nopixfmt=true -Dsun.java2d.dpiaware=true -Dsun.java2d.uiScale.enabled=false -Dswing.aatext=true -XX:-UsePerfData -Djdk.map.althashing.threshold=512 -XX:StringTableSize=4072 -XX:+UseStringDeduplication -XX:MaxGCPauseMillis=200 -XX:+ParallelRefProcEnabled --add-opens=java.desktop/javax.swing.plaf.synth=ALL-UNNAMED --add-opens=java.base/java.nio=ALL-UNNAMED --add-opens=java.desktop/sun.swing=ALL-UNNAMED --add-opens=java.desktop/javax.swing=ALL-UNNAMED --add-opens=java.desktop/javax.swing.tree=ALL-UNNAMED --add-opens=java.desktop/javax.swing.plaf.basic=ALL-UNNAMED --add-opens=java.desktop/javax.swing.plaf.synth=ALL-UNNAMED --add-opens=java.desktop/javax.swing.plaf.basic=ALL-UNNAMED --add-opens=java.desktop/javax.swing=ALL-UNNAMED --add-opens=java.desktop/javax.swing.tree=ALL-UNNAMED --add-opens=java.desktop/java.awt.event=ALL-UNNAMED --add-exports=java.desktop/javax.swing.plaf.synth=ALL-UNNAMED --add-exports=java.base/java.nio=ALL-UNNAMED --add-exports=java.desktop/sun.swing=ALL-UNNAMED --add-exports=java.desktop/javax.swing=ALL-UNNAMED --add-exports=java.desktop/javax.swing.tree=ALL-UNNAMED --add-exports=java.desktop/javax.swing.plaf.basic=ALL-UNNAMED --add-exports=java.desktop/sun.swing=ALL-UNNAMED --add-exports=java.desktop/sun.swing.table=ALL-UNNAMED --add-exports=java.desktop/sun.swing.plaf.synth=ALL-UNNAMED --add-exports=java.desktop/sun.awt.shell=ALL-UNNAMED --add-exports=java.base/sun.security.action=ALL-UNNAMED --add-exports=java.desktop/sun.font=ALL-UNNAMED -XX:NewSize=80m -XX:MaxNewSize=80m -Xms512m -Xmx4072m -Xss10m 
java_command: <unknown>
java_class_path (initial): D:/Vivado/2023.2\lib\classes\alloy.jar;D:/Vivado/2023.2\lib\classes\asm-9.3.jar;D:/Vivado/2023.2\lib\classes\asm-analysis-9.3.jar;D:/Vivado/2023.2\lib\classes\asm-commons-9.3.jar;D:/Vivado/2023.2\lib\classes\asm-tree-9.3.jar;D:/Vivado/2023.2\lib\classes\autoesl-models.jar;D:/Vivado/2023.2\lib\classes\batik-anim.jar;D:/Vivado/2023.2\lib\classes\batik-awt-util.jar;D:/Vivado/2023.2\lib\classes\batik-bridge.jar;D:/Vivado/2023.2\lib\classes\batik-codec.jar;D:/Vivado/2023.2\lib\classes\batik-constants.jar;D:/Vivado/2023.2\lib\classes\batik-css.jar;D:/Vivado/2023.2\lib\classes\batik-dom.jar;D:/Vivado/2023.2\lib\classes\batik-ext.jar;D:/Vivado/2023.2\lib\classes\batik-gui-util.jar;D:/Vivado/2023.2\lib\classes\batik-gvt.jar;D:/Vivado/2023.2\lib\classes\batik-i18n.jar;D:/Vivado/2023.2\lib\classes\batik-parser.jar;D:/Vivado/2023.2\lib\classes\batik-script.jar;D:/Vivado/2023.2\lib\classes\batik-svg-dom.jar;D:/Vivado/2023.2\lib\classes\batik-svggen.jar;D:/Vivado/2023.2\lib\classes\batik-swing.jar;D:/Vivado/2023.2\lib\classes\batik-transcoder.jar;D:/Vivado/2023.2\lib\classes\batik-util.jar;D:/Vivado/2023.2\lib\classes\batik-xml.jar;D:/Vivado/2023.2\lib\classes\com.fasterxml.jackson.core.jackson-annotations_2.12.1.v20210128-1726.jar;D:/Vivado/2023.2\lib\classes\com.fasterxml.jackson.core.jackson-core_2.12.1.v20210128-1726.jar;D:/Vivado/2023.2\lib\classes\com.fasterxml.jackson.core.jackson-databind_2.12.1.v20210128-1726.jar;D:/Vivado/2023.2\lib\classes\com.google.gson_2.8.9.v20220111-1409.jar;D:/Vivado/2023.2\lib\classes\com.google.guava_30.1.0.v20210127-2300.jar;D:/Vivado/2023.2\lib\classes\com.sigasi.hdt.connection_4.17.2.202304211001.jar;D:/Vivado/2023.2\lib\classes\com.sigasi.hdt.epl_4.17.2.202304211001.jar;D:/Vivado/2023.2\lib\classes\com.sigasi.hdt.project_4.17.2.202304211001.jar;D:/Vivado/2023.2\lib\classes\com.sigasi.hdt.readonlyfilesystem_4.17.2.202304211001.jar;D:/Vivado/2023.2\lib\classes\com.sigasi.hdt.shared_4.17.2.202304211001.jar;D:/Vivad
Launcher Type: generic

[Global flags]
     intx CICompilerCount                          = 4                                         {product} {ergonomic}
     uint ConcGCThreads                            = 2                                         {product} {ergonomic}
     uint G1ConcRefinementThreads                  = 8                                         {product} {ergonomic}
   size_t G1HeapRegionSize                         = 2097152                                   {product} {ergonomic}
    uintx GCDrainStackTargetSize                   = 64                                        {product} {ergonomic}
   size_t InitialHeapSize                          = 536870912                                 {product} {command line}
   size_t MarkStackSize                            = 4194304                                   {product} {ergonomic}
    uintx MaxGCPauseMillis                         = 200                                       {product} {command line}
   size_t MaxHeapSize                              = 4269801472                                {product} {command line}
   size_t MaxNewSize                               = 83886080                                  {product} {command line}
   size_t MinHeapDeltaBytes                        = 2097152                                   {product} {ergonomic}
   size_t MinHeapSize                              = 536870912                                 {product} {command line}
   size_t NewSize                                  = 83886080                                  {product} {command line}
    uintx NonNMethodCodeHeapSize                   = 5839372                                {pd product} {ergonomic}
    uintx NonProfiledCodeHeapSize                  = 122909434                              {pd product} {ergonomic}
     bool ParallelRefProcEnabled                   = true                                      {product} {command line}
    uintx ProfiledCodeHeapSize                     = 122909434                              {pd product} {ergonomic}
    uintx ReservedCodeCacheSize                    = 251658240                              {pd product} {ergonomic}
     bool SegmentedCodeCache                       = true                                      {product} {ergonomic}
   size_t SoftMaxHeapSize                          = 4269801472                             {manageable} {ergonomic}
    uintx StringTableSize                          = 4072                                      {product} {command line}
     intx ThreadStackSize                          = 10240                                  {pd product} {command line}
     bool UseCompressedClassPointers               = true                           {product lp64_product} {ergonomic}
     bool UseCompressedOops                        = true                           {product lp64_product} {ergonomic}
     bool UseG1GC                                  = true                                      {product} {ergonomic}
     bool UseLargePagesIndividualAllocation        = false                                  {pd product} {ergonomic}
     bool UsePerfData                              = false                                     {product} {command line}
     bool UseStringDeduplication                   = true                                      {product} {command line}

Logging:
Log output configuration:
 #0: stdout all=warning uptime,level,tags
 #1: stderr all=off uptime,level,tags

Environment Variables:
JAVA_HOME=C:\Users\debab\AppData\Local\Programs\Eclipse Adoptium\jdk-17.0.11.9-hotspot\
PATH=D:/Vivado/2023.2/bin;D:/Vivado/2023.2/tps/win64/java-cef-95.0.4638.69/bin/lib/win64;D:/Vivado/2023.2/tps/win64/javafx-sdk-17.0.1/lib;D:/Vivado/2023.2/tps/win64/javafx-sdk-17.0.1/bin;D:/Vivado/2023.2/lib/win64.o;D:/Vivado/2023.2/tps/win64/jre17.0.7_7/bin/server;D:/Vivado/2023.2/tps/win64/jre17.0.7_7/bin;D:/Vivado/2023.2/ids_lite/ISE/bin/nt64;D:/Vivado/2023.2/ids_lite/ISE/lib/nt64;D:/Vitis_HLS/2023.2/bin;C:\Program Files (x86)\Common Files\Oracle\Java\java8path;C:\Program Files (x86)\Common Files\Oracle\Java\javapath;C:\Python312\Scripts\;C:\Python312\;C:\oraclexe\app\oracle\product\11.2.0\server\bin;C:\ProgramData\Oracle\Java\javapath;C:\Windows\system32;C:\Windows;C:\Windows\System32\Wbem;C:\Windows\System32\WindowsPowerShell\v1.0\;C:\Windows\System32\OpenSSH\;C:\Program Files (x86)\NVIDIA Corporation\PhysX\Common;C:\Program Files\NVIDIA Corporation\NVIDIA NvDLISR;C:\Program Files\PuTTY\;C:\Program Files\nodejs\;C:\ProgramData\chocolatey\bin;C:\Program Files\Git\cmd;C:\Users\debab\AppData\Local\Programs\Eclipse Adoptium\jdk-17.0.11.9-hotspot\bin;C:\Program Files\MySQL\MySQL Shell 8.0\bin\;C:\Users\debab\AppData\Local\Microsoft\WindowsApps;C:\Users\debab\AppData\Local\Programs\Python\Python310;C:\Users\debab\AppData\Local\Programs\Python\Python310\Scripts;C:\Users\debab\AppData\Local\Programs\Microsoft VS Code\bin;C:\Users\debab\AppData\Roaming\npm;D:/Vivado/2023.2\tps\mingw\6.2.0\win64.o\nt\bin;D:/Vivado/2023.2\tps\mingw\6.2.0\win64.o\nt\libexec\gcc\x86_64-w64-mingw32\6.2.0;D:/Vivado/2023.2\tps\win64\python-3.8.3;D:/Vivado/2023.2\tps\win64\python-3.8.3\bin;D:/Vivado/2023.2\tps\win64\python-3.8.3\lib;D:/Vivado/2023.2\tps\win64\python-3.8.3\lib\site-packages
USERNAME=debab
OS=Windows_NT
PROCESSOR_IDENTIFIER=Intel64 Family 6 Model 165 Stepping 2, GenuineIntel
TMP=C:\Users\debab\AppData\Local\Temp
TEMP=C:\Users\debab\AppData\Local\Temp



---------------  S Y S T E M  ---------------

OS:
 Windows 11 , 64 bit Build 22621 (10.0.22621.4391)
OS uptime: 7 days 1:01 hours
Hyper-V role detected

CPU: total 8 (initial active 8) (4 cores per cpu, 2 threads per core) family 6 model 165 stepping 2 microcode 0xe2, cx8, cmov, fxsr, ht, mmx, 3dnowpref, sse, sse2, sse3, ssse3, sse4.1, sse4.2, popcnt, lzcnt, tsc, tscinvbit, avx, avx2, aes, erms, clmul, bmi1, bmi2, adx, fma, vzeroupper, clflush, clflushopt, hv

Memory: 4k page, system-wide physical 8023M (1295M free)
TotalPageFile size 19799M (AvailPageFile size 4629M)
current process WorkingSet (physical memory assigned to process): 1179M, peak: 2857M
current process commit charge ("private bytes"): 2312M, peak: 8309M

vm_info: OpenJDK 64-Bit Server VM (17.0.7+7) for windows-amd64 JRE (17.0.7+7), built on Apr 18 2023 22:10:42 by "temurin" with MS VC++ 16.7 (VS2019)

END.
