#
# A fatal error has been detected by the Java Runtime Environment:
#
#  EXCEPTION_ACCESS_VIOLATION (0xc0000005) at pc=0x00007ff96640d61f, pid=22424, tid=13640
#
# JRE version: OpenJDK Runtime Environment Temurin-17.0.7+7 (17.0.7+7) (build 17.0.7+7)
# Java VM: OpenJDK 64-Bit Server VM Temurin-17.0.7+7 (17.0.7+7, mixed mode, sharing, tiered, compressed oops, compressed class ptrs, g1 gc, windows-amd64)
# Problematic frame:
# C  0x00007ff96640d61f
#
# No core dump will be written. Minidumps are not enabled by default on client versions of Windows
#
# If you would like to submit a bug report, please visit:
#   https://github.com/adoptium/adoptium-support/issues
# The crash happened outside the Java Virtual Machine in native code.
# See problematic frame for where to report the bug.
#

---------------  S U M M A R Y ------------

Command Line: -Dsun.java2d.pmoffscreen=false -Dhttps.protocols=TLSv1,TLSv1.1,TLSv1.2 -Dsun.java2d.xrender=false -Dsun.java2d.d3d=false -Dsun.awt.nopixfmt=true -Dsun.java2d.dpiaware=true -Dsun.java2d.uiScale.enabled=false -Dswing.aatext=true -XX:-UsePerfData -Djdk.map.althashing.threshold=512 -XX:StringTableSize=4072 -XX:+UseStringDeduplication -XX:MaxGCPauseMillis=200 -XX:+ParallelRefProcEnabled --add-opens=java.desktop/javax.swing.plaf.synth=ALL-UNNAMED --add-opens=java.base/java.nio=ALL-UNNAMED --add-opens=java.desktop/sun.swing=ALL-UNNAMED --add-opens=java.desktop/javax.swing=ALL-UNNAMED --add-opens=java.desktop/javax.swing.tree=ALL-UNNAMED --add-opens=java.desktop/javax.swing.plaf.basic=ALL-UNNAMED --add-opens=java.desktop/javax.swing.plaf.synth=ALL-UNNAMED --add-opens=java.desktop/javax.swing.plaf.basic=ALL-UNNAMED --add-opens=java.desktop/javax.swing=ALL-UNNAMED --add-opens=java.desktop/javax.swing.tree=ALL-UNNAMED --add-opens=java.desktop/java.awt.event=ALL-UNNAMED --add-exports=java.desktop/javax.swing.plaf.synth=ALL-UNNAMED --add-exports=java.base/java.nio=ALL-UNNAMED --add-exports=java.desktop/sun.swing=ALL-UNNAMED --add-exports=java.desktop/javax.swing=ALL-UNNAMED --add-exports=java.desktop/javax.swing.tree=ALL-UNNAMED --add-exports=java.desktop/javax.swing.plaf.basic=ALL-UNNAMED --add-exports=java.desktop/sun.swing=ALL-UNNAMED --add-exports=java.desktop/sun.swing.table=ALL-UNNAMED --add-exports=java.desktop/sun.swing.plaf.synth=ALL-UNNAMED --add-exports=java.desktop/sun.awt.shell=ALL-UNNAMED --add-exports=java.base/sun.security.action=ALL-UNNAMED --add-exports=java.desktop/sun.font=ALL-UNNAMED -XX:NewSize=80m -XX:MaxNewSize=80m -Xms512m -Xmx4072m -Xss10m 

Host: Intel(R) Core(TM) i5-10300H CPU @ 2.50GHz, 8 cores, 7G,  Windows 11 , 64 bit Build 26100 (10.0.26100.3037)
Time: Fri Feb  7 10:27:43 2025 India Standard Time elapsed time: 488.143549 seconds (0d 0h 8m 8s)

---------------  T H R E A D  ---------------

Current thread (0x000001d2b1837c30):  JavaThread "AWT-EventQueue-0" [_thread_in_native, id=13640, stack(0x0000005611900000,0x0000005612300000)]

Stack: [0x0000005611900000,0x0000005612300000],  sp=0x00000056122fb348,  free space=10220k
Native frames: (J=compiled Java code, j=interpreted, Vv=VM code, C=native code)
C  0x00007ff96640d61f

Java frames: (J=compiled Java code, j=interpreted, Vv=VM code)
j  ui.views.waveform.waveformi.WVExecutive_getGraphicsDataSize(J)J+0
j  ui.views.waveform.executive.a.kYk()Ljava/io/ByteArrayInputStream;+10
j  ui.views.waveform.c.a.kXF()V+7
j  ui.views.waveform.c.a.jZx()V+1
j  ui.views.waveform.a.kVY()V+4
j  ui.views.waveform.a.Kp(Z)V+11
j  ui.views.waveform.u.aS(ZZ)V+30
J 15750 c1 ui.views.waveform.d.b.j(Lui/frmwork/a/k;)V (605 bytes) @ 0x000001d291e412fc [0x000001d291e3ae20+0x00000000000064dc]
J 15749 c1 ui.views.waveform.u.handleTclEvent(Lui/frmwork/a/k;)V (17 bytes) @ 0x000001d291e39d1c [0x000001d291e39c40+0x00000000000000dc]
J 18545 c2 ui.frmwork.a.m.c(Lui/frmwork/a/k;)V (61 bytes) @ 0x000001d298e6a03c [0x000001d298e69ae0+0x000000000000055c]
J 18547 c2 ui.frmwork.F.i(JZ)V (471 bytes) @ 0x000001d298e6c388 [0x000001d298e6b860+0x0000000000000b28]
J 12851 c1 ui.frmwork.F.fireTclEvent(J)I (113 bytes) @ 0x000001d290ffddfc [0x000001d290ffd480+0x000000000000097c]
v  ~StubRoutines::call_stub
J 19097  ui.views.waveform.waveformi.WVExecutive_processModelEvent(JJ)V (0 bytes) @ 0x000001d2988e9dec [0x000001d2988e9da0+0x000000000000004c]
J 19114 c1 ui.views.waveform.d.b.fS(J)V (109 bytes) @ 0x000001d290b9e8cc [0x000001d290b9e800+0x00000000000000cc]
J 15750 c1 ui.views.waveform.d.b.j(Lui/frmwork/a/k;)V (605 bytes) @ 0x000001d291e42004 [0x000001d291e3ae20+0x00000000000071e4]
J 15749 c1 ui.views.waveform.u.handleTclEvent(Lui/frmwork/a/k;)V (17 bytes) @ 0x000001d291e39d1c [0x000001d291e39c40+0x00000000000000dc]
J 18545 c2 ui.frmwork.a.m.c(Lui/frmwork/a/k;)V (61 bytes) @ 0x000001d298e6a03c [0x000001d298e69ae0+0x000000000000055c]
J 18547 c2 ui.frmwork.F.i(JZ)V (471 bytes) @ 0x000001d298e6c388 [0x000001d298e6b860+0x0000000000000b28]
J 19093 c1 ui.frmwork.F.dv(J)V (15 bytes) @ 0x000001d290e623ec [0x000001d290e62360+0x000000000000008c]
J 19092 c1 ui.frmwork.F$$Lambda$220+0x00000008017170e0.run()V (12 bytes) @ 0x000001d291096244 [0x000001d2910961c0+0x0000000000000084]
J 14993 c2 java.awt.EventQueue.dispatchEvent(Ljava/awt/AWTEvent;)V java.desktop@17.0.7 (80 bytes) @ 0x000001d2989fc450 [0x000001d2989fb780+0x0000000000000cd0]
J 14998 c2 ui.frmwork.a.d.dispatchEvent(Ljava/awt/AWTEvent;)V (42 bytes) @ 0x000001d2989ff888 [0x000001d2989ff360+0x0000000000000528]
J 15009 c2 java.awt.EventDispatchThread.pumpOneEventForFilters(I)V java.desktop@17.0.7 (113 bytes) @ 0x000001d298a0886c [0x000001d298a08440+0x000000000000042c]
j  java.awt.EventDispatchThread.pumpEventsForFilter(ILjava/awt/Conditional;Ljava/awt/EventFilter;)V+35 java.desktop@17.0.7
j  java.awt.EventDispatchThread.pumpEventsForFilter(Ljava/awt/Conditional;Ljava/awt/EventFilter;)V+4 java.desktop@17.0.7
j  java.awt.WaitDispatchSupport$2.run()V+59 java.desktop@17.0.7
j  java.awt.WaitDispatchSupport$4.run()Ljava/lang/Void;+4 java.desktop@17.0.7
j  java.awt.WaitDispatchSupport$4.run()Ljava/lang/Object;+1 java.desktop@17.0.7
J 10278 c2 java.security.AccessController.doPrivileged(Ljava/security/PrivilegedAction;)Ljava/lang/Object; java.base@17.0.7 (9 bytes) @ 0x000001d2982e81d0 [0x000001d2982e81a0+0x0000000000000030]
j  java.awt.WaitDispatchSupport.enter()Z+260 java.desktop@17.0.7
j  java.awt.Dialog.show()V+225 java.desktop@17.0.7
J 10267 c1 java.awt.Component.setVisible(Z)V java.desktop@17.0.7 (6 bytes) @ 0x000001d29116a85c [0x000001d29116a660+0x00000000000001fc]
j  java.awt.Window.setVisible(Z)V+2 java.desktop@17.0.7
j  java.awt.Dialog.setVisible(Z)V+2 java.desktop@17.0.7
j  ui.dlg.c.e.setVisible(Z)V+2
j  ui.dlg.c.bq.bCa()V+65
j  ui.dlg.c.bq$c.actionPerformed(Ljava/awt/event/ActionEvent;)V+8
j  ui.dlg.c.bq.eTh()V+422
j  ui.views.c.w.b.f.run()V+4
j  ui.views.S.W.a(Ljava/lang/String;ZLjava/lang/Runnable;Ljava/lang/Runnable;)Z+275
j  ui.views.S.W.a(Ljava/lang/String;Ljava/lang/Runnable;Ljava/lang/Runnable;)Z+5
j  ui.views.S.W.c(Ljava/lang/String;Ljava/lang/Runnable;)Z+4
j  ui.views.c.w.b.d.b(Lui/data/design/B;Ljava/lang/String;Ljava/lang/String;)V+472
j  ui.views.c.w.b.d.E(Lui/data/design/B;)V+6
j  ui.views.c.w.b.d.F(Lui/data/design/B;)V+134
j  ui.views.c.w.b.d.run()V+249
j  ui.frmwork.cmd.a.hnk()Z+96
j  ui.utils.ad.actionPerformed(Ljava/awt/event/ActionEvent;)V+4
j  javax.swing.AbstractButton.fireActionPerformed(Ljava/awt/event/ActionEvent;)V+84 java.desktop@17.0.7
j  javax.swing.AbstractButton$Handler.actionPerformed(Ljava/awt/event/ActionEvent;)V+5 java.desktop@17.0.7
j  javax.swing.DefaultButtonModel.fireActionPerformed(Ljava/awt/event/ActionEvent;)V+34 java.desktop@17.0.7
j  javax.swing.DefaultButtonModel.setPressed(Z)V+117 java.desktop@17.0.7
j  javax.swing.AbstractButton.doClick(I)V+60 java.desktop@17.0.7
j  javax.swing.plaf.basic.BasicMenuItemUI.doClick(Ljavax/swing/MenuSelectionManager;)V+47 java.desktop@17.0.7
j  javax.swing.plaf.basic.BasicMenuItemUI$Handler.mouseReleased(Ljava/awt/event/MouseEvent;)V+76 java.desktop@17.0.7
j  java.awt.AWTEventMulticaster.mouseReleased(Ljava/awt/event/MouseEvent;)V+8 java.desktop@17.0.7
j  java.awt.AWTEventMulticaster.mouseReleased(Ljava/awt/event/MouseEvent;)V+8 java.desktop@17.0.7
J 17252 c1 java.awt.Component.processMouseEvent(Ljava/awt/event/MouseEvent;)V java.desktop@17.0.7 (100 bytes) @ 0x000001d2920e0b9c [0x000001d2920e0720+0x000000000000047c]
J 17251 c1 javax.swing.JComponent.processMouseEvent(Ljava/awt/event/MouseEvent;)V java.desktop@17.0.7 (27 bytes) @ 0x000001d2920e0274 [0x000001d2920e0060+0x0000000000000214]
J 11726 c1 java.awt.Component.processEvent(Ljava/awt/AWTEvent;)V java.desktop@17.0.7 (220 bytes) @ 0x000001d2918cdfbc [0x000001d2918cd980+0x000000000000063c]
J 17744 c1 java.awt.Container.processEvent(Ljava/awt/AWTEvent;)V java.desktop@17.0.7 (22 bytes) @ 0x000001d2910064ac [0x000001d291006160+0x000000000000034c]
J 17518 c1 java.awt.Component.dispatchEventImpl(Ljava/awt/AWTEvent;)V java.desktop@17.0.7 (777 bytes) @ 0x000001d29119c16c [0x000001d2911985c0+0x0000000000003bac]
J 16254 c2 java.awt.Container.dispatchEventImpl(Ljava/awt/AWTEvent;)V java.desktop@17.0.7 (129 bytes) @ 0x000001d298bb3678 [0x000001d298bb3620+0x0000000000000058]
J 16384 c2 java.awt.LightweightDispatcher.retargetMouseEvent(Ljava/awt/Component;ILjava/awt/event/MouseEvent;)V java.desktop@17.0.7 (372 bytes) @ 0x000001d298bf23cc [0x000001d298bf1f60+0x000000000000046c]
J 16208 c1 java.awt.LightweightDispatcher.processMouseEvent(Ljava/awt/event/MouseEvent;)Z java.desktop@17.0.7 (265 bytes) @ 0x000001d291fab4a4 [0x000001d291faa4a0+0x0000000000001004]
J 16254 c2 java.awt.Container.dispatchEventImpl(Ljava/awt/AWTEvent;)V java.desktop@17.0.7 (129 bytes) @ 0x000001d298bb3a58 [0x000001d298bb3620+0x0000000000000438]
J 13002 c1 java.awt.Window.dispatchEventImpl(Ljava/awt/AWTEvent;)V java.desktop@17.0.7 (23 bytes) @ 0x000001d290a6d614 [0x000001d290a6d000+0x0000000000000614]
J 16265 c2 java.awt.EventQueue.dispatchEventImpl(Ljava/awt/AWTEvent;Ljava/lang/Object;)V java.desktop@17.0.7 (136 bytes) @ 0x000001d298bb7ab4 [0x000001d298bb7680+0x0000000000000434]
J 16482 c2 java.awt.EventQueue$4.run()Ljava/lang/Object; java.desktop@17.0.7 (5 bytes) @ 0x000001d29886d378 [0x000001d29886d320+0x0000000000000058]
J 14993 c2 java.awt.EventQueue.dispatchEvent(Ljava/awt/AWTEvent;)V java.desktop@17.0.7 (80 bytes) @ 0x000001d2989fbbf0 [0x000001d2989fb780+0x0000000000000470]
J 14998 c2 ui.frmwork.a.d.dispatchEvent(Ljava/awt/AWTEvent;)V (42 bytes) @ 0x000001d2989ff888 [0x000001d2989ff360+0x0000000000000528]
J 15009 c2 java.awt.EventDispatchThread.pumpOneEventForFilters(I)V java.desktop@17.0.7 (113 bytes) @ 0x000001d298a0886c [0x000001d298a08440+0x000000000000042c]
j  java.awt.EventDispatchThread.pumpEventsForFilter(ILjava/awt/Conditional;Ljava/awt/EventFilter;)V+35 java.desktop@17.0.7
j  java.awt.EventDispatchThread.pumpEventsForHierarchy(ILjava/awt/Conditional;Ljava/awt/Component;)V+11 java.desktop@17.0.7
j  java.awt.EventDispatchThread.pumpEvents(ILjava/awt/Conditional;)V+4 java.desktop@17.0.7
j  java.awt.EventDispatchThread.pumpEvents(Ljava/awt/Conditional;)V+3 java.desktop@17.0.7
j  java.awt.EventDispatchThread.run()V+9 java.desktop@17.0.7
v  ~StubRoutines::call_stub

siginfo: EXCEPTION_ACCESS_VIOLATION (0xc0000005), reading address 0x0000000000000010


Register to memory mapping:

RIP=0x00007ff96640d61f points into unknown readable memory: 83
RAX=0x0 is NULL
RBX=0x00000056122fb588 is pointing into the stack for thread: 0x000001d2b1837c30
RCX=0x000001d2cfd39530 points into unknown readable memory: 0x0000000000000000 | 00 00 00 00 00 00 00 00
RDX=0x0 is NULL
RSP=0x00000056122fb348 is pointing into the stack for thread: 0x000001d2b1837c30
RBP=0x000001d2cfd39530 points into unknown readable memory: 0x0000000000000000 | 00 00 00 00 00 00 00 00
RSI=0x000001d50cb6ca40 points into unknown readable memory: 0x000000000002d610 | 10 d6 02 00 00 00 00 00
RDI=0x00000056122fb570 is pointing into the stack for thread: 0x000001d2b1837c30
R8 =0x000001d2fd2730c0 points into unknown readable memory: 0x000001d2fd270d20 | 20 0d 27 fd d2 01 00 00
R9 =0x0000000000000040 is an unknown value
R10=0x000001d2fd270000 points into unknown readable memory: 0x0000000000000000 | 00 00 00 00 00 00 00 00
R11=0x00007ff9b07f16d1 VCRUNTIME140.dll
R12=0x00000056122fb3e8 is pointing into the stack for thread: 0x000001d2b1837c30
R13=0x00000056122fb600 is pointing into the stack for thread: 0x000001d2b1837c30
R14=0x0 is NULL
R15=0x000001d42c16b008 points into unknown readable memory: 0x000001d50bbbe4c0 | c0 e4 bb 0b d5 01 00 00


Registers:
RAX=0x0000000000000000, RBX=0x00000056122fb588, RCX=0x000001d2cfd39530, RDX=0x0000000000000000
RSP=0x00000056122fb348, RBP=0x000001d2cfd39530, RSI=0x000001d50cb6ca40, RDI=0x00000056122fb570
R8 =0x000001d2fd2730c0, R9 =0x0000000000000040, R10=0x000001d2fd270000, R11=0x00007ff9b07f16d1
R12=0x00000056122fb3e8, R13=0x00000056122fb600, R14=0x0000000000000000, R15=0x000001d42c16b008
RIP=0x00007ff96640d61f, EFLAGS=0x0000000000010246

Top of Stack: (sp=0x00000056122fb348)
0x00000056122fb348:   00007ff9663ed981 00000056122fb588
0x00000056122fb358:   00000056122fb400 000001d50cb6ca40
0x00000056122fb368:   00000056122fb650 00000000000001a0
0x00000056122fb378:   00000056122fb650 00000056122fb610
0x00000056122fb388:   000000000002d610 0000000000000000
0x00000056122fb398:   00007ff90e74bf7a 00000056122fb400
0x00000056122fb3a8:   000001d2cfd39530 000001d2d96b1170
0x00000056122fb3b8:   000000000002d610 000000000002d614
0x00000056122fb3c8:   0000000000000000 fffffffffffffffe
0x00000056122fb3d8:   000000000002d610 0000173d00000008
0x00000056122fb3e8:   000001d50cb6ca40 000001d50cb6ca60
0x00000056122fb3f8:   000001d50cb6ca60 000001d42c16aff0
0x00000056122fb408:   00000056122fb728 00000056122fb650
0x00000056122fb418:   00000056122fb610 0000000000000200
0x00000056122fb428:   00007ff90e74bd50 000001d200000001
0x00000056122fb438:   000000000000005f 0000000000000002 

Instructions: (pc=0x00007ff96640d61f)
0x00007ff96640d51f:   c8 e9 6b ff ff ff cc cc cc cc cc cc cc cc cc cc
0x00007ff96640d52f:   cc 48 89 5c 24 10 56 48 8b 99 f8 00 00 00 33 f6
0x00007ff96640d53f:   89 b1 f0 00 00 00 48 85 db 74 78 44 8b 43 10 8b
0x00007ff96640d54f:   c6 41 83 e8 01 48 89 7c 24 10 44 8b ce 40 0f b6
0x00007ff96640d55f:   fe 78 34 4c 8b 59 20 66 66 0f 1f 84 00 00 00 00
0x00007ff96640d56f:   00 43 8d 04 08 99 2b c2 d1 f8 4c 3b 5c c3 18 7e
0x00007ff96640d57f:   06 44 8d 48 01 eb 06 7d 0b 44 8d 40 ff 45 3b c8
0x00007ff96640d58f:   7e df eb 03 40 b7 01 40 84 ff 48 8b 7c 24 10 74
0x00007ff96640d59f:   0d 89 81 f0 00 00 00 48 8b 5c 24 18 5e c3 45 3b
0x00007ff96640d5af:   c8 45 0f 4c c1 45 85 c0 44 0f 48 c6 44 89 81 f0
0x00007ff96640d5bf:   00 00 00 48 8b 5c 24 18 5e c3 cc cc cc cc cc cc
0x00007ff96640d5cf:   cc 83 79 38 ff 0f 95 c0 c3 cc cc cc cc cc cc cc
0x00007ff96640d5df:   cc 8b 51 5c 85 d2 74 43 83 ea 01 74 3b 83 ea 01
0x00007ff96640d5ef:   74 2a 83 fa 01 75 34 48 8b 49 68 80 b9 49 48 00
0x00007ff96640d5ff:   00 00 74 06 83 79 30 00 75 1e 48 8b 81 68 48 00
0x00007ff96640d60f:   00 48 39 81 60 48 00 00 0f 94 c0 c3 48 8b 41 60
0x00007ff96640d61f:   83 78 10 00 0f 94 c0 c3 32 c0 c3 b0 01 c3 cc cc
0x00007ff96640d62f:   cc 40 53 48 83 ec 20 48 8b d9 e8 42 fd ff ff 48
0x00007ff96640d63f:   8b 43 40 48 39 43 38 74 2c 48 8b c8 48 8b 43 30
0x00007ff96640d64f:   48 85 c0 7e 0e 48 8b 51 d8 48 85 d2 7e 05 48 3b
0x00007ff96640d65f:   c2 7d 2e 8b 41 f8 3b 41 e8 74 0a 48 8b 94 c1 d8
0x00007ff96640d66f:   bf ff ff eb 02 33 d2 48 8b 4b 08 4c 8d 43 50 41
0x00007ff96640d67f:   b9 20 48 00 00 48 8b 01 48 83 c4 20 5b 48 ff 60
0x00007ff96640d68f:   10 48 83 c4 20 5b c3 cc cc cc cc cc cc cc cc cc
0x00007ff96640d69f:   cc 40 57 48 83 ec 20 80 79 59 00 48 8b f9 0f 85
0x00007ff96640d6af:   86 01 00 00 8b 81 f0 00 00 00 ff c0 89 81 f0 00
0x00007ff96640d6bf:   00 00 48 8b 89 f8 00 00 00 48 85 c9 74 0d 84 d2
0x00007ff96640d6cf:   75 09 3b 41 10 0f 82 5f 01 00 00 48 89 5c 24 30
0x00007ff96640d6df:   48 89 74 24 38 48 8d b7 00 01 00 00 48 8b ce c6
0x00007ff96640d6ef:   47 59 01 48 c7 87 f8 00 00 00 00 00 00 00 c7 87
0x00007ff96640d6ff:   f0 00 00 00 00 00 00 00 e8 74 fc ff ff 48 8b 46
0x00007ff96640d70f:   40 48 39 46 38 74 46 48 8b c8 0f 1f 80 00 00 00 


Stack slot to memory mapping:
stack at sp + 0 slots: 0x00007ff9663ed981 points into unknown readable memory: 84 c0 0f 84 85 00 00
stack at sp + 1 slots: 0x00000056122fb588 is pointing into the stack for thread: 0x000001d2b1837c30
stack at sp + 2 slots: 0x00000056122fb400 is pointing into the stack for thread: 0x000001d2b1837c30
stack at sp + 3 slots: 0x000001d50cb6ca40 points into unknown readable memory: 0x000000000002d610 | 10 d6 02 00 00 00 00 00
stack at sp + 4 slots: 0x00000056122fb650 is pointing into the stack for thread: 0x000001d2b1837c30
stack at sp + 5 slots: 0x00000000000001a0 is an unknown value
stack at sp + 6 slots: 0x00000056122fb650 is pointing into the stack for thread: 0x000001d2b1837c30
stack at sp + 7 slots: 0x00000056122fb610 is pointing into the stack for thread: 0x000001d2b1837c30


---------------  P R O C E S S  ---------------

Threads class SMR info:
_java_thread_list=0x000001d2ba2ef110, length=47, elements={
0x000001d286d09000, 0x000001d28882bcb0, 0x000001d28882c570, 0x000001d28883c8a0,
0x000001d288842580, 0x000001d288843e60, 0x000001d288844f30, 0x000001d288858f50,
0x000001d28885b860, 0x000001d28885c160, 0x000001d2b000a8c0, 0x000001d2b000eda0,
0x000001d2b01b2350, 0x000001d2b07a6c00, 0x000001d2b07a70d0, 0x000001d2b096aa90,
0x000001d2b1837c30, 0x000001d2b1f8fe10, 0x000001d2b1f91fc0, 0x000001d2b1f8e600,
0x000001d2b1f91620, 0x000001d2b76b27c0, 0x000001d2b76b44a0, 0x000001d2b6d620b0,
0x000001d2bc570a00, 0x000001d2b7d1f210, 0x000001d2c1dd1420, 0x000001d2c1dce8d0,
0x000001d2c1dce400, 0x000001d2c1dd2c30, 0x000001d2c1dd1dc0, 0x000001d2c1dd2290,
0x000001d2c1dd2760, 0x000001d2c1dd3100, 0x000001d2c1dd3aa0, 0x000001d2c1dd35d0,
0x000001d2c7c1f5f0, 0x000001d2c7c23480, 0x000001d2c7c212d0, 0x000001d2c7c23e20,
0x000001d2c7c242f0, 0x000001d2c7c25b00, 0x000001d2c7c25fd0, 0x000001d2c7c26970,
0x000001d2c7c2a800, 0x000001d2c7c29990, 0x000001d2c7c26e40
}

Java Threads: ( => current thread )
  0x000001d286d09000 JavaThread "main" [_thread_blocked, id=22272, stack(0x0000005608900000,0x0000005608a00000)]
  0x000001d28882bcb0 JavaThread "Reference Handler" daemon [_thread_blocked, id=21284, stack(0x0000005609400000,0x0000005609e00000)]
  0x000001d28882c570 JavaThread "Finalizer" daemon [_thread_blocked, id=20192, stack(0x0000005609e00000,0x000000560a800000)]
  0x000001d28883c8a0 JavaThread "Signal Dispatcher" daemon [_thread_blocked, id=15884, stack(0x000000560a800000,0x000000560b200000)]
  0x000001d288842580 JavaThread "Attach Listener" daemon [_thread_blocked, id=22296, stack(0x000000560b200000,0x000000560bc00000)]
  0x000001d288843e60 JavaThread "Service Thread" daemon [_thread_blocked, id=6148, stack(0x000000560bc00000,0x000000560c600000)]
  0x000001d288844f30 JavaThread "Monitor Deflation Thread" daemon [_thread_blocked, id=14644, stack(0x000000560c600000,0x000000560d000000)]
  0x000001d288858f50 JavaThread "C2 CompilerThread0" daemon [_thread_blocked, id=18212, stack(0x000000560d000000,0x000000560d100000)]
  0x000001d28885b860 JavaThread "C1 CompilerThread0" daemon [_thread_blocked, id=12352, stack(0x000000560d100000,0x000000560d200000)]
  0x000001d28885c160 JavaThread "Sweeper thread" daemon [_thread_blocked, id=8892, stack(0x000000560d200000,0x000000560dc00000)]
  0x000001d2b000a8c0 JavaThread "Common-Cleaner" daemon [_thread_blocked, id=14424, stack(0x000000560dc00000,0x000000560e600000)]
  0x000001d2b000eda0 JavaThread "Notification Thread" daemon [_thread_blocked, id=7460, stack(0x000000560e600000,0x000000560f000000)]
  0x000001d2b01b2350 JavaThread "Java2D Disposer" daemon [_thread_blocked, id=15192, stack(0x000000560f100000,0x000000560fb00000)]
  0x000001d2b07a6c00 JavaThread "AWT-Shutdown" [_thread_blocked, id=10684, stack(0x000000560fb00000,0x0000005610500000)]
  0x000001d2b07a70d0 JavaThread "AWT-Windows" daemon [_thread_in_native, id=324, stack(0x0000005610500000,0x0000005610f00000)]
  0x000001d2b096aa90 JavaThread "TimerQueue" daemon [_thread_blocked, id=15804, stack(0x0000005610f00000,0x0000005611900000)]
=>0x000001d2b1837c30 JavaThread "AWT-EventQueue-0" [_thread_in_native, id=13640, stack(0x0000005611900000,0x0000005612300000)]
  0x000001d2b1f8fe10 JavaThread "Thread-1" [_thread_in_native, id=16056, stack(0x0000005606f00000,0x0000005608300000)]
  0x000001d2b1f91fc0 JavaThread "Process Messages Thread" [_thread_blocked, id=19700, stack(0x0000005614100000,0x0000005614b00000)]
  0x000001d2b1f8e600 JavaThread "Batik CleanerThread" daemon [_thread_blocked, id=14044, stack(0x0000005614b00000,0x0000005615500000)]
  0x000001d2b1f91620 JavaThread "SyntheticaCleanerThread" daemon [_thread_blocked, id=20204, stack(0x0000005615f00000,0x0000005616900000)]
  0x000001d2b76b27c0 JavaThread "Timer-0" [_thread_blocked, id=20988, stack(0x0000005617300000,0x0000005617d00000)]
  0x000001d2b76b44a0 JavaThread "Monitor File Timestamp Swing Worker Thread" [_thread_blocked, id=19476, stack(0x0000005617d00000,0x0000005618700000)]
  0x000001d2b6d620b0 JavaThread "Monitor HEventQueue Thread" [_thread_blocked, id=3812, stack(0x0000005618700000,0x0000005619100000)]
  0x000001d2bc570a00 JavaThread "SyntheticaAnimation 50" daemon [_thread_blocked, id=16196, stack(0x0000005619100000,0x0000005619b00000)]
  0x000001d2b7d1f210 JavaThread "SyntheticaAnimation 25" daemon [_thread_blocked, id=4724, stack(0x0000005619b00000,0x000000561a500000)]
  0x000001d2c1dd1420 JavaThread "SyntheticaAnimation 70" daemon [_thread_blocked, id=21152, stack(0x0000005615500000,0x0000005615f00000)]
  0x000001d2c1dce8d0 JavaThread "Refresh Filesets Swing Worker Thread" [_thread_blocked, id=20196, stack(0x0000005616900000,0x0000005617300000)]
  0x000001d2c1dce400 JavaThread "hw_ila_monitor" [_thread_blocked, id=17144, stack(0x000000561a500000,0x000000561af00000)]
  0x000001d2c1dd2c30 JavaThread "pool-1-thread-1" [_thread_blocked, id=11760, stack(0x000000561c300000,0x000000561cd00000)]
  0x000001d2c1dd1dc0 JavaThread "Timer-1" [_thread_blocked, id=10260, stack(0x000000561cd00000,0x000000561d700000)]
  0x000001d2c1dd2290 JavaThread "pool-2-thread-1" [_thread_blocked, id=9184, stack(0x000000561d700000,0x000000561e100000)]
  0x000001d2c1dd2760 JavaThread "Timer-2" [_thread_blocked, id=8824, stack(0x000000561e100000,0x000000561eb00000)]
  0x000001d2c1dd3100 JavaThread "pool-3-thread-1" [_thread_blocked, id=18488, stack(0x000000561eb00000,0x000000561f500000)]
  0x000001d2c1dd3aa0 JavaThread "Timer-3" [_thread_blocked, id=1604, stack(0x000000561f500000,0x000000561ff00000)]
  0x000001d2c1dd35d0 JavaThread "Update Runs Swing Worker Thread" [_thread_blocked, id=22012, stack(0x000000561ff00000,0x0000005620900000)]
  0x000001d2c7c1f5f0 JavaThread "SyntheticaAnimation 50" daemon [_thread_blocked, id=16816, stack(0x0000005612c00000,0x0000005613600000)]
  0x000001d2c7c23480 JavaThread "Timer-4" [_thread_blocked, id=12248, stack(0x000000561af00000,0x000000561b900000)]
  0x000001d2c7c212d0 JavaThread "Monitor File Timestamp Swing Worker Thread" [_thread_blocked, id=13500, stack(0x000000561b900000,0x000000561c300000)]
  0x000001d2c7c23e20 JavaThread "Timer-5" [_thread_blocked, id=21808, stack(0x0000005620900000,0x0000005621300000)]
  0x000001d2c7c242f0 JavaThread "Monitor File Timestamp Swing Worker Thread" [_thread_blocked, id=17276, stack(0x0000005621300000,0x0000005621d00000)]
  0x000001d2c7c25b00 JavaThread "Image Animator 3" daemon [_thread_blocked, id=20836, stack(0x0000005622700000,0x0000005623100000)]
  0x000001d2c7c25fd0 JavaThread "Timer-6" [_thread_blocked, id=18124, stack(0x0000005621d00000,0x0000005622700000)]
  0x000001d2c7c26970 JavaThread "Monitor File Timestamp Swing Worker Thread" [_thread_blocked, id=2248, stack(0x0000005623b00000,0x0000005624500000)]
  0x000001d2c7c2a800 JavaThread "Timer-8" [_thread_blocked, id=5368, stack(0x0000005623100000,0x0000005623b00000)]
  0x000001d2c7c29990 JavaThread "Monitor File Timestamp Swing Worker Thread" [_thread_blocked, id=21840, stack(0x0000005625900000,0x0000005626300000)]
  0x000001d2c7c26e40 JavaThread "Run Simulation Thread" [_thread_blocked, id=2284, stack(0x0000005624500000,0x0000005624f00000)]

Other Threads:
  0x000001d2ffb80390 VMThread "VM Thread" [stack: 0x0000005609300000,0x0000005609400000] [id=14344]
  0x000001d284b765a0 WatcherThread [stack: 0x000000560f000000,0x000000560f100000] [id=8036]
  0x000001d2869d3610 GCTaskThread "GC Thread#0" [stack: 0x0000005608a00000,0x0000005608b00000] [id=16020]
  0x000001d2869d4b90 GCTaskThread "GC Thread#1" [stack: 0x0000005612300000,0x0000005612400000] [id=18592]
  0x000001d2869d53a0 GCTaskThread "GC Thread#2" [stack: 0x0000005612400000,0x0000005612500000] [id=19672]
  0x000001d2869d2b50 GCTaskThread "GC Thread#3" [stack: 0x0000005612500000,0x0000005612600000] [id=6888]
  0x000001d2869d2340 GCTaskThread "GC Thread#4" [stack: 0x0000005612600000,0x0000005612700000] [id=5896]
  0x000001d2869d5650 GCTaskThread "GC Thread#5" [stack: 0x0000005612700000,0x0000005612800000] [id=20588]
  0x000001d2869d5bb0 GCTaskThread "GC Thread#6" [stack: 0x0000005612800000,0x0000005612900000] [id=11260]
  0x000001d2869d5e60 GCTaskThread "GC Thread#7" [stack: 0x0000005612900000,0x0000005612a00000] [id=19992]
  0x000001d28858d8c0 ConcurrentGCThread "G1 Main Marker" [stack: 0x0000005608e00000,0x0000005608f00000] [id=12508]
  0x000001d2869d4630 ConcurrentGCThread "G1 Conc#0" [stack: 0x0000005608f00000,0x0000005609000000] [id=14360]
  0x000001d2869d6110 ConcurrentGCThread "G1 Conc#1" [stack: 0x0000005613700000,0x0000005613800000] [id=15628]
  0x000001d286e36be0 ConcurrentGCThread "G1 Refine#0" [stack: 0x0000005609000000,0x0000005609100000] [id=17152]
  0x000001d286e36900 ConcurrentGCThread "G1 Refine#1" [stack: 0x0000005612a00000,0x0000005612b00000] [id=10776]
  0x000001d284b75cb0 ConcurrentGCThread "G1 Service" [stack: 0x0000005609100000,0x0000005609200000] [id=21828]
  0x000001d2869d30b0 ConcurrentGCThread "StringDedupProcessor" [stack: 0x0000005609200000,0x0000005609300000] [id=21072]

Threads with active compile tasks:

VM state: not at safepoint (normal execution)

VM Mutex/Monitor currently owned by a thread: None

Heap address: 0x0000000701800000, size: 4072 MB, Compressed Oops mode: Zero based, Oop shift amount: 3

CDS archive(s) mapped at: [0x0000000800000000-0x0000000800bc0000-0x0000000800bc0000), size 12320768, SharedBaseAddress: 0x0000000800000000, ArchiveRelocationMode: 0.
Compressed class space mapped at: 0x0000000801000000-0x0000000841000000, reserved size: 1073741824
Narrow klass base: 0x0000000800000000, Narrow klass shift: 0, Narrow klass range: 0x100000000

GC Precious Log:
 CPUs: 8 total, 8 available
 Memory: 8023M
 Large Page Support: Disabled
 NUMA Support: Disabled
 Compressed Oops: Enabled (Zero based)
 Heap Region Size: 2M
 Heap Min Capacity: 512M
 Heap Initial Capacity: 512M
 Heap Max Capacity: 4072M
 Pre-touch: Disabled
 Parallel Workers: 8
 Concurrent Workers: 2
 Concurrent Refinement Workers: 8
 Periodic GC: Disabled
 String Deduplication is enabled

Heap:
 garbage-first heap   total 524288K, used 90424K [0x0000000701800000, 0x0000000800000000)
  region size 2048K, 2 young (4096K), 0 survivors (0K)
 Metaspace       used 83947K, committed 84544K, reserved 1179648K
  class space    used 11618K, committed 11904K, reserved 1048576K

Heap Regions: E=young(eden), S=young(survivor), O=old, HS=humongous(starts), HC=humongous(continues), CS=collection set, F=free, OA=open archive, CA=closed archive, TAMS=top-at-mark-start (previous, next)
|   0|0x0000000701800000, 0x0000000701a00000, 0x0000000701a00000|100%|HS|  |TAMS 0x0000000701a00000, 0x0000000701800000| Untracked 
|   1|0x0000000701a00000, 0x0000000701bffff8, 0x0000000701c00000| 99%| O|  |TAMS 0x0000000701bffff8, 0x0000000701a00000| Untracked 
|   2|0x0000000701c00000, 0x0000000701e00000, 0x0000000701e00000|100%| O|  |TAMS 0x0000000701e00000, 0x0000000701c00000| Untracked 
|   3|0x0000000701e00000, 0x0000000701ffe130, 0x0000000702000000| 99%| O|  |TAMS 0x0000000701ffe130, 0x0000000701e00000| Untracked 
|   4|0x0000000702000000, 0x0000000702200000, 0x0000000702200000|100%| O|  |TAMS 0x0000000702200000, 0x0000000702000000| Untracked 
|   5|0x0000000702200000, 0x00000007023ffff8, 0x0000000702400000| 99%| O|  |TAMS 0x00000007023ffff8, 0x0000000702200000| Untracked 
|   6|0x0000000702400000, 0x0000000702600000, 0x0000000702600000|100%| O|  |TAMS 0x0000000702600000, 0x0000000702400000| Untracked 
|   7|0x0000000702600000, 0x00000007027fada0, 0x0000000702800000| 98%| O|  |TAMS 0x00000007027fada0, 0x0000000702600000| Untracked 
|   8|0x0000000702800000, 0x0000000702a00000, 0x0000000702a00000|100%| O|  |TAMS 0x0000000702a00000, 0x0000000702800000| Untracked 
|   9|0x0000000702a00000, 0x0000000702c00000, 0x0000000702c00000|100%| O|  |TAMS 0x0000000702c00000, 0x0000000702a00000| Untracked 
|  10|0x0000000702c00000, 0x0000000702dffff8, 0x0000000702e00000| 99%| O|  |TAMS 0x0000000702dffff8, 0x0000000702c00000| Untracked 
|  11|0x0000000702e00000, 0x0000000702ff3f78, 0x0000000703000000| 97%| O|  |TAMS 0x0000000702ff3f78, 0x0000000702e00000| Untracked 
|  12|0x0000000703000000, 0x00000007031ffff8, 0x0000000703200000| 99%| O|  |TAMS 0x00000007031ffff8, 0x0000000703000000| Untracked 
|  13|0x0000000703200000, 0x00000007033ffff0, 0x0000000703400000| 99%| O|  |TAMS 0x00000007033ffff0, 0x0000000703200000| Untracked 
|  14|0x0000000703400000, 0x00000007035f0118, 0x0000000703600000| 96%| O|  |TAMS 0x00000007035f0118, 0x0000000703400000| Untracked 
|  15|0x0000000703600000, 0x0000000703800000, 0x0000000703800000|100%|HS|  |TAMS 0x0000000703800000, 0x0000000703600000| Untracked 
|  16|0x0000000703800000, 0x0000000703a00000, 0x0000000703a00000|100%|HC|  |TAMS 0x0000000703a00000, 0x0000000703800000| Untracked 
|  17|0x0000000703a00000, 0x0000000703c00000, 0x0000000703c00000|100%|HC|  |TAMS 0x0000000703c00000, 0x0000000703a00000| Untracked 
|  18|0x0000000703c00000, 0x0000000703e00000, 0x0000000703e00000|100%|HC|  |TAMS 0x0000000703e00000, 0x0000000703c00000| Untracked 
|  19|0x0000000703e00000, 0x0000000704000000, 0x0000000704000000|100%|HC|  |TAMS 0x0000000704000000, 0x0000000703e00000| Untracked 
|  20|0x0000000704000000, 0x0000000704200000, 0x0000000704200000|100%|HC|  |TAMS 0x0000000704200000, 0x0000000704000000| Untracked 
|  21|0x0000000704200000, 0x0000000704400000, 0x0000000704400000|100%| O|  |TAMS 0x0000000704400000, 0x0000000704200000| Untracked 
|  22|0x0000000704400000, 0x0000000704600000, 0x0000000704600000|100%| O|  |TAMS 0x0000000704600000, 0x0000000704400000| Untracked 
|  23|0x0000000704600000, 0x00000007047ffff8, 0x0000000704800000| 99%| O|  |TAMS 0x00000007047ffff8, 0x0000000704600000| Untracked 
|  24|0x0000000704800000, 0x00000007049fffe8, 0x0000000704a00000| 99%| O|  |TAMS 0x00000007049fffe8, 0x0000000704800000| Untracked 
|  25|0x0000000704a00000, 0x0000000704c00000, 0x0000000704c00000|100%|HS|  |TAMS 0x0000000704c00000, 0x0000000704a00000| Untracked 
|  26|0x0000000704c00000, 0x0000000704e00000, 0x0000000704e00000|100%|HC|  |TAMS 0x0000000704e00000, 0x0000000704c00000| Untracked 
|  27|0x0000000704e00000, 0x0000000705000000, 0x0000000705000000|100%|HC|  |TAMS 0x0000000705000000, 0x0000000704e00000| Untracked 
|  28|0x0000000705000000, 0x0000000705200000, 0x0000000705200000|100%|HC|  |TAMS 0x0000000705200000, 0x0000000705000000| Untracked 
|  29|0x0000000705200000, 0x0000000705400000, 0x0000000705400000|100%| O|  |TAMS 0x0000000705400000, 0x0000000705200000| Untracked 
|  30|0x0000000705400000, 0x00000007055ffff8, 0x0000000705600000| 99%| O|  |TAMS 0x00000007055ffff8, 0x0000000705400000| Untracked 
|  31|0x0000000705600000, 0x00000007057fffe8, 0x0000000705800000| 99%| O|  |TAMS 0x00000007057fffe8, 0x0000000705600000| Untracked 
|  32|0x0000000705800000, 0x00000007059e31f0, 0x0000000705a00000| 94%| O|  |TAMS 0x0000000705800000, 0x0000000705800000| Untracked 
|  33|0x0000000705a00000, 0x0000000705c00000, 0x0000000705c00000|100%| O|  |TAMS 0x0000000705c00000, 0x0000000705a00000| Untracked 
|  34|0x0000000705c00000, 0x0000000705dfff40, 0x0000000705e00000| 99%| O|  |TAMS 0x0000000705dfff40, 0x0000000705c00000| Untracked 
|  35|0x0000000705e00000, 0x0000000705ffde70, 0x0000000706000000| 99%| O|  |TAMS 0x0000000705ffde70, 0x0000000705e00000| Untracked 
|  36|0x0000000706000000, 0x0000000706200000, 0x0000000706200000|100%| O|  |TAMS 0x0000000706200000, 0x0000000706000000| Untracked 
|  37|0x0000000706200000, 0x00000007063e21c8, 0x0000000706400000| 94%| O|  |TAMS 0x0000000706200000, 0x0000000706200000| Untracked 
|  38|0x0000000706400000, 0x00000007065fe0c8, 0x0000000706600000| 99%| O|  |TAMS 0x00000007065fe0c8, 0x0000000706400000| Untracked 
|  39|0x0000000706600000, 0x00000007067ff7b8, 0x0000000706800000| 99%| O|  |TAMS 0x00000007067ff7b8, 0x0000000706600000| Untracked 
|  40|0x0000000706800000, 0x00000007069a8050, 0x0000000706a00000| 82%| O|  |TAMS 0x0000000706800000, 0x0000000706800000| Untracked 
|  41|0x0000000706a00000, 0x0000000706b6e0a0, 0x0000000706c00000| 71%| O|  |TAMS 0x0000000706a00000, 0x0000000706a00000| Untracked 
|  42|0x0000000706c00000, 0x0000000706d51260, 0x0000000706e00000| 65%| O|  |TAMS 0x0000000706c00000, 0x0000000706c00000| Untracked 
|  43|0x0000000706e00000, 0x0000000706f778c8, 0x0000000707000000| 73%| O|  |TAMS 0x0000000706e00000, 0x0000000706e00000| Untracked 
|  44|0x0000000707000000, 0x00000007070c9398, 0x0000000707200000| 39%| O|  |TAMS 0x0000000707000000, 0x0000000707000000| Untracked 
|  45|0x0000000707200000, 0x0000000707208910, 0x0000000707400000|  1%| O|  |TAMS 0x0000000707200000, 0x0000000707200000| Untracked 
|  46|0x0000000707400000, 0x0000000707400000, 0x0000000707600000|  0%| F|  |TAMS 0x0000000707400000, 0x0000000707400000| Untracked 
|  47|0x0000000707600000, 0x0000000707600000, 0x0000000707800000|  0%| F|  |TAMS 0x0000000707600000, 0x0000000707600000| Untracked 
|  48|0x0000000707800000, 0x0000000707800000, 0x0000000707a00000|  0%| F|  |TAMS 0x0000000707800000, 0x0000000707800000| Untracked 
|  49|0x0000000707a00000, 0x0000000707a00000, 0x0000000707c00000|  0%| F|  |TAMS 0x0000000707a00000, 0x0000000707a00000| Untracked 
|  50|0x0000000707c00000, 0x0000000707c00000, 0x0000000707e00000|  0%| F|  |TAMS 0x0000000707c00000, 0x0000000707c00000| Untracked 
|  51|0x0000000707e00000, 0x0000000707e00000, 0x0000000708000000|  0%| F|  |TAMS 0x0000000707e00000, 0x0000000707e00000| Untracked 
|  52|0x0000000708000000, 0x0000000708000000, 0x0000000708200000|  0%| F|  |TAMS 0x0000000708000000, 0x0000000708000000| Untracked 
|  53|0x0000000708200000, 0x0000000708200000, 0x0000000708400000|  0%| F|  |TAMS 0x0000000708200000, 0x0000000708200000| Untracked 
|  54|0x0000000708400000, 0x0000000708400000, 0x0000000708600000|  0%| F|  |TAMS 0x0000000708400000, 0x0000000708400000| Untracked 
|  55|0x0000000708600000, 0x0000000708600000, 0x0000000708800000|  0%| F|  |TAMS 0x0000000708600000, 0x0000000708600000| Untracked 
|  56|0x0000000708800000, 0x0000000708800000, 0x0000000708a00000|  0%| F|  |TAMS 0x0000000708800000, 0x0000000708800000| Untracked 
|  57|0x0000000708a00000, 0x0000000708a00000, 0x0000000708c00000|  0%| F|  |TAMS 0x0000000708a00000, 0x0000000708a00000| Untracked 
|  58|0x0000000708c00000, 0x0000000708c00000, 0x0000000708e00000|  0%| F|  |TAMS 0x0000000708c00000, 0x0000000708c00000| Untracked 
|  59|0x0000000708e00000, 0x0000000708e00000, 0x0000000709000000|  0%| F|  |TAMS 0x0000000708e00000, 0x0000000708e00000| Untracked 
|  60|0x0000000709000000, 0x0000000709000000, 0x0000000709200000|  0%| F|  |TAMS 0x0000000709000000, 0x0000000709000000| Untracked 
|  61|0x0000000709200000, 0x0000000709200000, 0x0000000709400000|  0%| F|  |TAMS 0x0000000709200000, 0x0000000709200000| Untracked 
|  62|0x0000000709400000, 0x0000000709400000, 0x0000000709600000|  0%| F|  |TAMS 0x0000000709400000, 0x0000000709400000| Untracked 
|  63|0x0000000709600000, 0x0000000709600000, 0x0000000709800000|  0%| F|  |TAMS 0x0000000709600000, 0x0000000709600000| Untracked 
|  64|0x0000000709800000, 0x0000000709800000, 0x0000000709a00000|  0%| F|  |TAMS 0x0000000709800000, 0x0000000709800000| Untracked 
|  65|0x0000000709a00000, 0x0000000709a00000, 0x0000000709c00000|  0%| F|  |TAMS 0x0000000709a00000, 0x0000000709a00000| Untracked 
|  66|0x0000000709c00000, 0x0000000709c00000, 0x0000000709e00000|  0%| F|  |TAMS 0x0000000709c00000, 0x0000000709c00000| Untracked 
|  67|0x0000000709e00000, 0x0000000709e00000, 0x000000070a000000|  0%| F|  |TAMS 0x0000000709e00000, 0x0000000709e00000| Untracked 
|  68|0x000000070a000000, 0x000000070a000000, 0x000000070a200000|  0%| F|  |TAMS 0x000000070a000000, 0x000000070a000000| Untracked 
|  69|0x000000070a200000, 0x000000070a200000, 0x000000070a400000|  0%| F|  |TAMS 0x000000070a200000, 0x000000070a200000| Untracked 
|  70|0x000000070a400000, 0x000000070a400000, 0x000000070a600000|  0%| F|  |TAMS 0x000000070a400000, 0x000000070a400000| Untracked 
|  71|0x000000070a600000, 0x000000070a600000, 0x000000070a800000|  0%| F|  |TAMS 0x000000070a600000, 0x000000070a600000| Untracked 
|  72|0x000000070a800000, 0x000000070a800000, 0x000000070aa00000|  0%| F|  |TAMS 0x000000070a800000, 0x000000070a800000| Untracked 
|  73|0x000000070aa00000, 0x000000070aa00000, 0x000000070ac00000|  0%| F|  |TAMS 0x000000070aa00000, 0x000000070aa00000| Untracked 
|  74|0x000000070ac00000, 0x000000070ac00000, 0x000000070ae00000|  0%| F|  |TAMS 0x000000070ac00000, 0x000000070ac00000| Untracked 
|  75|0x000000070ae00000, 0x000000070ae00000, 0x000000070b000000|  0%| F|  |TAMS 0x000000070ae00000, 0x000000070ae00000| Untracked 
|  76|0x000000070b000000, 0x000000070b000000, 0x000000070b200000|  0%| F|  |TAMS 0x000000070b000000, 0x000000070b000000| Untracked 
|  77|0x000000070b200000, 0x000000070b200000, 0x000000070b400000|  0%| F|  |TAMS 0x000000070b200000, 0x000000070b200000| Untracked 
|  78|0x000000070b400000, 0x000000070b400000, 0x000000070b600000|  0%| F|  |TAMS 0x000000070b400000, 0x000000070b400000| Untracked 
|  79|0x000000070b600000, 0x000000070b600000, 0x000000070b800000|  0%| F|  |TAMS 0x000000070b600000, 0x000000070b600000| Untracked 
|  80|0x000000070b800000, 0x000000070b800000, 0x000000070ba00000|  0%| F|  |TAMS 0x000000070b800000, 0x000000070b800000| Untracked 
|  81|0x000000070ba00000, 0x000000070ba00000, 0x000000070bc00000|  0%| F|  |TAMS 0x000000070ba00000, 0x000000070ba00000| Untracked 
|  82|0x000000070bc00000, 0x000000070bc00000, 0x000000070be00000|  0%| F|  |TAMS 0x000000070bc00000, 0x000000070bc00000| Untracked 
|  83|0x000000070be00000, 0x000000070be00000, 0x000000070c000000|  0%| F|  |TAMS 0x000000070be00000, 0x000000070be00000| Untracked 
|  84|0x000000070c000000, 0x000000070c000000, 0x000000070c200000|  0%| F|  |TAMS 0x000000070c000000, 0x000000070c000000| Untracked 
|  85|0x000000070c200000, 0x000000070c200000, 0x000000070c400000|  0%| F|  |TAMS 0x000000070c200000, 0x000000070c200000| Untracked 
|  86|0x000000070c400000, 0x000000070c400000, 0x000000070c600000|  0%| F|  |TAMS 0x000000070c400000, 0x000000070c400000| Untracked 
|  87|0x000000070c600000, 0x000000070c600000, 0x000000070c800000|  0%| F|  |TAMS 0x000000070c600000, 0x000000070c600000| Untracked 
|  88|0x000000070c800000, 0x000000070c800000, 0x000000070ca00000|  0%| F|  |TAMS 0x000000070c800000, 0x000000070c800000| Untracked 
|  89|0x000000070ca00000, 0x000000070ca00000, 0x000000070cc00000|  0%| F|  |TAMS 0x000000070ca00000, 0x000000070ca00000| Untracked 
|  90|0x000000070cc00000, 0x000000070cc00000, 0x000000070ce00000|  0%| F|  |TAMS 0x000000070cc00000, 0x000000070cc00000| Untracked 
|  91|0x000000070ce00000, 0x000000070ce00000, 0x000000070d000000|  0%| F|  |TAMS 0x000000070ce00000, 0x000000070ce00000| Untracked 
|  92|0x000000070d000000, 0x000000070d000000, 0x000000070d200000|  0%| F|  |TAMS 0x000000070d000000, 0x000000070d000000| Untracked 
|  93|0x000000070d200000, 0x000000070d200000, 0x000000070d400000|  0%| F|  |TAMS 0x000000070d200000, 0x000000070d200000| Untracked 
|  94|0x000000070d400000, 0x000000070d400000, 0x000000070d600000|  0%| F|  |TAMS 0x000000070d400000, 0x000000070d400000| Untracked 
|  95|0x000000070d600000, 0x000000070d600000, 0x000000070d800000|  0%| F|  |TAMS 0x000000070d600000, 0x000000070d600000| Untracked 
|  96|0x000000070d800000, 0x000000070d800000, 0x000000070da00000|  0%| F|  |TAMS 0x000000070d800000, 0x000000070d800000| Untracked 
|  97|0x000000070da00000, 0x000000070da00000, 0x000000070dc00000|  0%| F|  |TAMS 0x000000070da00000, 0x000000070da00000| Untracked 
|  98|0x000000070dc00000, 0x000000070dc00000, 0x000000070de00000|  0%| F|  |TAMS 0x000000070dc00000, 0x000000070dc00000| Untracked 
|  99|0x000000070de00000, 0x000000070de00000, 0x000000070e000000|  0%| F|  |TAMS 0x000000070de00000, 0x000000070de00000| Untracked 
| 100|0x000000070e000000, 0x000000070e000000, 0x000000070e200000|  0%| F|  |TAMS 0x000000070e000000, 0x000000070e000000| Untracked 
| 101|0x000000070e200000, 0x000000070e200000, 0x000000070e400000|  0%| F|  |TAMS 0x000000070e200000, 0x000000070e200000| Untracked 
| 102|0x000000070e400000, 0x000000070e400000, 0x000000070e600000|  0%| F|  |TAMS 0x000000070e400000, 0x000000070e400000| Untracked 
| 103|0x000000070e600000, 0x000000070e600000, 0x000000070e800000|  0%| F|  |TAMS 0x000000070e600000, 0x000000070e600000| Untracked 
| 104|0x000000070e800000, 0x000000070e800000, 0x000000070ea00000|  0%| F|  |TAMS 0x000000070e800000, 0x000000070e800000| Untracked 
| 105|0x000000070ea00000, 0x000000070ea00000, 0x000000070ec00000|  0%| F|  |TAMS 0x000000070ea00000, 0x000000070ea00000| Untracked 
| 106|0x000000070ec00000, 0x000000070ec00000, 0x000000070ee00000|  0%| F|  |TAMS 0x000000070ec00000, 0x000000070ec00000| Untracked 
| 107|0x000000070ee00000, 0x000000070ee00000, 0x000000070f000000|  0%| F|  |TAMS 0x000000070ee00000, 0x000000070ee00000| Untracked 
| 108|0x000000070f000000, 0x000000070f000000, 0x000000070f200000|  0%| F|  |TAMS 0x000000070f000000, 0x000000070f000000| Untracked 
| 109|0x000000070f200000, 0x000000070f200000, 0x000000070f400000|  0%| F|  |TAMS 0x000000070f200000, 0x000000070f200000| Untracked 
| 110|0x000000070f400000, 0x000000070f400000, 0x000000070f600000|  0%| F|  |TAMS 0x000000070f400000, 0x000000070f400000| Untracked 
| 111|0x000000070f600000, 0x000000070f600000, 0x000000070f800000|  0%| F|  |TAMS 0x000000070f600000, 0x000000070f600000| Untracked 
| 112|0x000000070f800000, 0x000000070f800000, 0x000000070fa00000|  0%| F|  |TAMS 0x000000070f800000, 0x000000070f800000| Untracked 
| 113|0x000000070fa00000, 0x000000070fa00000, 0x000000070fc00000|  0%| F|  |TAMS 0x000000070fa00000, 0x000000070fa00000| Untracked 
| 114|0x000000070fc00000, 0x000000070fc00000, 0x000000070fe00000|  0%| F|  |TAMS 0x000000070fc00000, 0x000000070fc00000| Untracked 
| 115|0x000000070fe00000, 0x000000070fe00000, 0x0000000710000000|  0%| F|  |TAMS 0x000000070fe00000, 0x000000070fe00000| Untracked 
| 116|0x0000000710000000, 0x0000000710000000, 0x0000000710200000|  0%| F|  |TAMS 0x0000000710000000, 0x0000000710000000| Untracked 
| 117|0x0000000710200000, 0x0000000710200000, 0x0000000710400000|  0%| F|  |TAMS 0x0000000710200000, 0x0000000710200000| Untracked 
| 118|0x0000000710400000, 0x0000000710400000, 0x0000000710600000|  0%| F|  |TAMS 0x0000000710400000, 0x0000000710400000| Untracked 
| 119|0x0000000710600000, 0x0000000710600000, 0x0000000710800000|  0%| F|  |TAMS 0x0000000710600000, 0x0000000710600000| Untracked 
| 120|0x0000000710800000, 0x0000000710800000, 0x0000000710a00000|  0%| F|  |TAMS 0x0000000710800000, 0x0000000710800000| Untracked 
| 121|0x0000000710a00000, 0x0000000710a00000, 0x0000000710c00000|  0%| F|  |TAMS 0x0000000710a00000, 0x0000000710a00000| Untracked 
| 122|0x0000000710c00000, 0x0000000710c00000, 0x0000000710e00000|  0%| F|  |TAMS 0x0000000710c00000, 0x0000000710c00000| Untracked 
| 123|0x0000000710e00000, 0x0000000710e00000, 0x0000000711000000|  0%| F|  |TAMS 0x0000000710e00000, 0x0000000710e00000| Untracked 
| 124|0x0000000711000000, 0x0000000711000000, 0x0000000711200000|  0%| F|  |TAMS 0x0000000711000000, 0x0000000711000000| Untracked 
| 125|0x0000000711200000, 0x0000000711200000, 0x0000000711400000|  0%| F|  |TAMS 0x0000000711200000, 0x0000000711200000| Untracked 
| 126|0x0000000711400000, 0x0000000711400000, 0x0000000711600000|  0%| F|  |TAMS 0x0000000711400000, 0x0000000711400000| Untracked 
| 127|0x0000000711600000, 0x0000000711600000, 0x0000000711800000|  0%| F|  |TAMS 0x0000000711600000, 0x0000000711600000| Untracked 
| 128|0x0000000711800000, 0x0000000711800000, 0x0000000711a00000|  0%| F|  |TAMS 0x0000000711800000, 0x0000000711800000| Untracked 
| 129|0x0000000711a00000, 0x0000000711a00000, 0x0000000711c00000|  0%| F|  |TAMS 0x0000000711a00000, 0x0000000711a00000| Untracked 
| 130|0x0000000711c00000, 0x0000000711c00000, 0x0000000711e00000|  0%| F|  |TAMS 0x0000000711c00000, 0x0000000711c00000| Untracked 
| 131|0x0000000711e00000, 0x0000000711e00000, 0x0000000712000000|  0%| F|  |TAMS 0x0000000711e00000, 0x0000000711e00000| Untracked 
| 132|0x0000000712000000, 0x0000000712000000, 0x0000000712200000|  0%| F|  |TAMS 0x0000000712000000, 0x0000000712000000| Untracked 
| 133|0x0000000712200000, 0x0000000712200000, 0x0000000712400000|  0%| F|  |TAMS 0x0000000712200000, 0x0000000712200000| Untracked 
| 134|0x0000000712400000, 0x0000000712400000, 0x0000000712600000|  0%| F|  |TAMS 0x0000000712400000, 0x0000000712400000| Untracked 
| 135|0x0000000712600000, 0x0000000712600000, 0x0000000712800000|  0%| F|  |TAMS 0x0000000712600000, 0x0000000712600000| Untracked 
| 136|0x0000000712800000, 0x0000000712800000, 0x0000000712a00000|  0%| F|  |TAMS 0x0000000712800000, 0x0000000712800000| Untracked 
| 137|0x0000000712a00000, 0x0000000712a00000, 0x0000000712c00000|  0%| F|  |TAMS 0x0000000712a00000, 0x0000000712a00000| Untracked 
| 138|0x0000000712c00000, 0x0000000712c00000, 0x0000000712e00000|  0%| F|  |TAMS 0x0000000712c00000, 0x0000000712c00000| Untracked 
| 139|0x0000000712e00000, 0x0000000712e00000, 0x0000000713000000|  0%| F|  |TAMS 0x0000000712e00000, 0x0000000712e00000| Untracked 
| 140|0x0000000713000000, 0x0000000713000000, 0x0000000713200000|  0%| F|  |TAMS 0x0000000713000000, 0x0000000713000000| Untracked 
| 141|0x0000000713200000, 0x0000000713200000, 0x0000000713400000|  0%| F|  |TAMS 0x0000000713200000, 0x0000000713200000| Untracked 
| 142|0x0000000713400000, 0x0000000713400000, 0x0000000713600000|  0%| F|  |TAMS 0x0000000713400000, 0x0000000713400000| Untracked 
| 143|0x0000000713600000, 0x0000000713600000, 0x0000000713800000|  0%| F|  |TAMS 0x0000000713600000, 0x0000000713600000| Untracked 
| 144|0x0000000713800000, 0x0000000713800000, 0x0000000713a00000|  0%| F|  |TAMS 0x0000000713800000, 0x0000000713800000| Untracked 
| 145|0x0000000713a00000, 0x0000000713a00000, 0x0000000713c00000|  0%| F|  |TAMS 0x0000000713a00000, 0x0000000713a00000| Untracked 
| 146|0x0000000713c00000, 0x0000000713c00000, 0x0000000713e00000|  0%| F|  |TAMS 0x0000000713c00000, 0x0000000713c00000| Untracked 
| 147|0x0000000713e00000, 0x0000000713e00000, 0x0000000714000000|  0%| F|  |TAMS 0x0000000713e00000, 0x0000000713e00000| Untracked 
| 148|0x0000000714000000, 0x0000000714000000, 0x0000000714200000|  0%| F|  |TAMS 0x0000000714000000, 0x0000000714000000| Untracked 
| 149|0x0000000714200000, 0x0000000714200000, 0x0000000714400000|  0%| F|  |TAMS 0x0000000714200000, 0x0000000714200000| Untracked 
| 150|0x0000000714400000, 0x0000000714400000, 0x0000000714600000|  0%| F|  |TAMS 0x0000000714400000, 0x0000000714400000| Untracked 
| 151|0x0000000714600000, 0x0000000714600000, 0x0000000714800000|  0%| F|  |TAMS 0x0000000714600000, 0x0000000714600000| Untracked 
| 152|0x0000000714800000, 0x0000000714800000, 0x0000000714a00000|  0%| F|  |TAMS 0x0000000714800000, 0x0000000714800000| Untracked 
| 153|0x0000000714a00000, 0x0000000714a00000, 0x0000000714c00000|  0%| F|  |TAMS 0x0000000714a00000, 0x0000000714a00000| Untracked 
| 154|0x0000000714c00000, 0x0000000714c00000, 0x0000000714e00000|  0%| F|  |TAMS 0x0000000714c00000, 0x0000000714c00000| Untracked 
| 155|0x0000000714e00000, 0x0000000714e00000, 0x0000000715000000|  0%| F|  |TAMS 0x0000000714e00000, 0x0000000714e00000| Untracked 
| 156|0x0000000715000000, 0x0000000715000000, 0x0000000715200000|  0%| F|  |TAMS 0x0000000715000000, 0x0000000715000000| Untracked 
| 157|0x0000000715200000, 0x0000000715200000, 0x0000000715400000|  0%| F|  |TAMS 0x0000000715200000, 0x0000000715200000| Untracked 
| 158|0x0000000715400000, 0x0000000715400000, 0x0000000715600000|  0%| F|  |TAMS 0x0000000715400000, 0x0000000715400000| Untracked 
| 159|0x0000000715600000, 0x0000000715600000, 0x0000000715800000|  0%| F|  |TAMS 0x0000000715600000, 0x0000000715600000| Untracked 
| 160|0x0000000715800000, 0x0000000715800000, 0x0000000715a00000|  0%| F|  |TAMS 0x0000000715800000, 0x0000000715800000| Untracked 
| 161|0x0000000715a00000, 0x0000000715a00000, 0x0000000715c00000|  0%| F|  |TAMS 0x0000000715a00000, 0x0000000715a00000| Untracked 
| 162|0x0000000715c00000, 0x0000000715c00000, 0x0000000715e00000|  0%| F|  |TAMS 0x0000000715c00000, 0x0000000715c00000| Untracked 
| 163|0x0000000715e00000, 0x0000000715e00000, 0x0000000716000000|  0%| F|  |TAMS 0x0000000715e00000, 0x0000000715e00000| Untracked 
| 164|0x0000000716000000, 0x0000000716000000, 0x0000000716200000|  0%| F|  |TAMS 0x0000000716000000, 0x0000000716000000| Untracked 
| 165|0x0000000716200000, 0x0000000716200000, 0x0000000716400000|  0%| F|  |TAMS 0x0000000716200000, 0x0000000716200000| Untracked 
| 166|0x0000000716400000, 0x0000000716400000, 0x0000000716600000|  0%| F|  |TAMS 0x0000000716400000, 0x0000000716400000| Untracked 
| 167|0x0000000716600000, 0x0000000716600000, 0x0000000716800000|  0%| F|  |TAMS 0x0000000716600000, 0x0000000716600000| Untracked 
| 168|0x0000000716800000, 0x0000000716800000, 0x0000000716a00000|  0%| F|  |TAMS 0x0000000716800000, 0x0000000716800000| Untracked 
| 169|0x0000000716a00000, 0x0000000716a00000, 0x0000000716c00000|  0%| F|  |TAMS 0x0000000716a00000, 0x0000000716a00000| Untracked 
| 170|0x0000000716c00000, 0x0000000716c00000, 0x0000000716e00000|  0%| F|  |TAMS 0x0000000716c00000, 0x0000000716c00000| Untracked 
| 171|0x0000000716e00000, 0x0000000716e00000, 0x0000000717000000|  0%| F|  |TAMS 0x0000000716e00000, 0x0000000716e00000| Untracked 
| 172|0x0000000717000000, 0x0000000717000000, 0x0000000717200000|  0%| F|  |TAMS 0x0000000717000000, 0x0000000717000000| Untracked 
| 173|0x0000000717200000, 0x0000000717200000, 0x0000000717400000|  0%| F|  |TAMS 0x0000000717200000, 0x0000000717200000| Untracked 
| 174|0x0000000717400000, 0x0000000717400000, 0x0000000717600000|  0%| F|  |TAMS 0x0000000717400000, 0x0000000717400000| Untracked 
| 175|0x0000000717600000, 0x0000000717600000, 0x0000000717800000|  0%| F|  |TAMS 0x0000000717600000, 0x0000000717600000| Untracked 
| 176|0x0000000717800000, 0x0000000717800000, 0x0000000717a00000|  0%| F|  |TAMS 0x0000000717800000, 0x0000000717800000| Untracked 
| 177|0x0000000717a00000, 0x0000000717a00000, 0x0000000717c00000|  0%| F|  |TAMS 0x0000000717a00000, 0x0000000717a00000| Untracked 
| 178|0x0000000717c00000, 0x0000000717c00000, 0x0000000717e00000|  0%| F|  |TAMS 0x0000000717c00000, 0x0000000717c00000| Untracked 
| 179|0x0000000717e00000, 0x0000000717e00000, 0x0000000718000000|  0%| F|  |TAMS 0x0000000717e00000, 0x0000000717e00000| Untracked 
| 180|0x0000000718000000, 0x0000000718000000, 0x0000000718200000|  0%| F|  |TAMS 0x0000000718000000, 0x0000000718000000| Untracked 
| 181|0x0000000718200000, 0x0000000718200000, 0x0000000718400000|  0%| F|  |TAMS 0x0000000718200000, 0x0000000718200000| Untracked 
| 182|0x0000000718400000, 0x0000000718400000, 0x0000000718600000|  0%| F|  |TAMS 0x0000000718400000, 0x0000000718400000| Untracked 
| 183|0x0000000718600000, 0x0000000718600000, 0x0000000718800000|  0%| F|  |TAMS 0x0000000718600000, 0x0000000718600000| Untracked 
| 184|0x0000000718800000, 0x0000000718800000, 0x0000000718a00000|  0%| F|  |TAMS 0x0000000718800000, 0x0000000718800000| Untracked 
| 185|0x0000000718a00000, 0x0000000718a00000, 0x0000000718c00000|  0%| F|  |TAMS 0x0000000718a00000, 0x0000000718a00000| Untracked 
| 186|0x0000000718c00000, 0x0000000718c00000, 0x0000000718e00000|  0%| F|  |TAMS 0x0000000718c00000, 0x0000000718c00000| Untracked 
| 187|0x0000000718e00000, 0x0000000718e00000, 0x0000000719000000|  0%| F|  |TAMS 0x0000000718e00000, 0x0000000718e00000| Untracked 
| 188|0x0000000719000000, 0x0000000719000000, 0x0000000719200000|  0%| F|  |TAMS 0x0000000719000000, 0x0000000719000000| Untracked 
| 189|0x0000000719200000, 0x0000000719200000, 0x0000000719400000|  0%| F|  |TAMS 0x0000000719200000, 0x0000000719200000| Untracked 
| 190|0x0000000719400000, 0x0000000719400000, 0x0000000719600000|  0%| F|  |TAMS 0x0000000719400000, 0x0000000719400000| Untracked 
| 191|0x0000000719600000, 0x0000000719600000, 0x0000000719800000|  0%| F|  |TAMS 0x0000000719600000, 0x0000000719600000| Untracked 
| 192|0x0000000719800000, 0x0000000719800000, 0x0000000719a00000|  0%| F|  |TAMS 0x0000000719800000, 0x0000000719800000| Untracked 
| 193|0x0000000719a00000, 0x0000000719a00000, 0x0000000719c00000|  0%| F|  |TAMS 0x0000000719a00000, 0x0000000719a00000| Untracked 
| 194|0x0000000719c00000, 0x0000000719c00000, 0x0000000719e00000|  0%| F|  |TAMS 0x0000000719c00000, 0x0000000719c00000| Untracked 
| 195|0x0000000719e00000, 0x0000000719e00000, 0x000000071a000000|  0%| F|  |TAMS 0x0000000719e00000, 0x0000000719e00000| Untracked 
| 196|0x000000071a000000, 0x000000071a000000, 0x000000071a200000|  0%| F|  |TAMS 0x000000071a000000, 0x000000071a000000| Untracked 
| 197|0x000000071a200000, 0x000000071a200000, 0x000000071a400000|  0%| F|  |TAMS 0x000000071a200000, 0x000000071a200000| Untracked 
| 198|0x000000071a400000, 0x000000071a400000, 0x000000071a600000|  0%| F|  |TAMS 0x000000071a400000, 0x000000071a400000| Untracked 
| 199|0x000000071a600000, 0x000000071a600000, 0x000000071a800000|  0%| F|  |TAMS 0x000000071a600000, 0x000000071a600000| Untracked 
| 200|0x000000071a800000, 0x000000071a800000, 0x000000071aa00000|  0%| F|  |TAMS 0x000000071a800000, 0x000000071a800000| Untracked 
| 201|0x000000071aa00000, 0x000000071aa00000, 0x000000071ac00000|  0%| F|  |TAMS 0x000000071aa00000, 0x000000071aa00000| Untracked 
| 202|0x000000071ac00000, 0x000000071ac00000, 0x000000071ae00000|  0%| F|  |TAMS 0x000000071ac00000, 0x000000071ac00000| Untracked 
| 203|0x000000071ae00000, 0x000000071ae00000, 0x000000071b000000|  0%| F|  |TAMS 0x000000071ae00000, 0x000000071ae00000| Untracked 
| 204|0x000000071b000000, 0x000000071b000000, 0x000000071b200000|  0%| F|  |TAMS 0x000000071b000000, 0x000000071b000000| Untracked 
| 205|0x000000071b200000, 0x000000071b200000, 0x000000071b400000|  0%| F|  |TAMS 0x000000071b200000, 0x000000071b200000| Untracked 
| 206|0x000000071b400000, 0x000000071b400000, 0x000000071b600000|  0%| F|  |TAMS 0x000000071b400000, 0x000000071b400000| Untracked 
| 207|0x000000071b600000, 0x000000071b600000, 0x000000071b800000|  0%| F|  |TAMS 0x000000071b600000, 0x000000071b600000| Untracked 
| 208|0x000000071b800000, 0x000000071b800000, 0x000000071ba00000|  0%| F|  |TAMS 0x000000071b800000, 0x000000071b800000| Untracked 
| 209|0x000000071ba00000, 0x000000071ba00000, 0x000000071bc00000|  0%| F|  |TAMS 0x000000071ba00000, 0x000000071ba00000| Untracked 
| 210|0x000000071bc00000, 0x000000071bc00000, 0x000000071be00000|  0%| F|  |TAMS 0x000000071bc00000, 0x000000071bc00000| Untracked 
| 211|0x000000071be00000, 0x000000071be00000, 0x000000071c000000|  0%| F|  |TAMS 0x000000071be00000, 0x000000071be00000| Untracked 
| 212|0x000000071c000000, 0x000000071c000000, 0x000000071c200000|  0%| F|  |TAMS 0x000000071c000000, 0x000000071c000000| Untracked 
| 213|0x000000071c200000, 0x000000071c200000, 0x000000071c400000|  0%| F|  |TAMS 0x000000071c200000, 0x000000071c200000| Untracked 
| 214|0x000000071c400000, 0x000000071c400000, 0x000000071c600000|  0%| F|  |TAMS 0x000000071c400000, 0x000000071c400000| Untracked 
| 215|0x000000071c600000, 0x000000071c600000, 0x000000071c800000|  0%| F|  |TAMS 0x000000071c600000, 0x000000071c600000| Untracked 
| 216|0x000000071c800000, 0x000000071c800000, 0x000000071ca00000|  0%| F|  |TAMS 0x000000071c800000, 0x000000071c800000| Untracked 
| 217|0x000000071ca00000, 0x000000071ca00000, 0x000000071cc00000|  0%| F|  |TAMS 0x000000071ca00000, 0x000000071ca00000| Untracked 
| 218|0x000000071cc00000, 0x000000071cc00000, 0x000000071ce00000|  0%| F|  |TAMS 0x000000071cc00000, 0x000000071cc00000| Untracked 
| 219|0x000000071ce00000, 0x000000071ce00000, 0x000000071d000000|  0%| F|  |TAMS 0x000000071ce00000, 0x000000071ce00000| Untracked 
| 220|0x000000071d000000, 0x000000071d000000, 0x000000071d200000|  0%| F|  |TAMS 0x000000071d000000, 0x000000071d000000| Untracked 
| 221|0x000000071d200000, 0x000000071d200000, 0x000000071d400000|  0%| F|  |TAMS 0x000000071d200000, 0x000000071d200000| Untracked 
| 222|0x000000071d400000, 0x000000071d400000, 0x000000071d600000|  0%| F|  |TAMS 0x000000071d400000, 0x000000071d400000| Untracked 
| 223|0x000000071d600000, 0x000000071d600000, 0x000000071d800000|  0%| F|  |TAMS 0x000000071d600000, 0x000000071d600000| Untracked 
| 224|0x000000071d800000, 0x000000071d800000, 0x000000071da00000|  0%| F|  |TAMS 0x000000071d800000, 0x000000071d800000| Untracked 
| 225|0x000000071da00000, 0x000000071da00000, 0x000000071dc00000|  0%| F|  |TAMS 0x000000071da00000, 0x000000071da00000| Untracked 
| 226|0x000000071dc00000, 0x000000071dc00000, 0x000000071de00000|  0%| F|  |TAMS 0x000000071dc00000, 0x000000071dc00000| Untracked 
| 227|0x000000071de00000, 0x000000071de00000, 0x000000071e000000|  0%| F|  |TAMS 0x000000071de00000, 0x000000071de00000| Untracked 
| 228|0x000000071e000000, 0x000000071e000000, 0x000000071e200000|  0%| F|  |TAMS 0x000000071e000000, 0x000000071e000000| Untracked 
| 229|0x000000071e200000, 0x000000071e200000, 0x000000071e400000|  0%| F|  |TAMS 0x000000071e200000, 0x000000071e200000| Untracked 
| 230|0x000000071e400000, 0x000000071e400000, 0x000000071e600000|  0%| F|  |TAMS 0x000000071e400000, 0x000000071e400000| Untracked 
| 231|0x000000071e600000, 0x000000071e600000, 0x000000071e800000|  0%| F|  |TAMS 0x000000071e600000, 0x000000071e600000| Untracked 
| 232|0x000000071e800000, 0x000000071e800000, 0x000000071ea00000|  0%| F|  |TAMS 0x000000071e800000, 0x000000071e800000| Untracked 
| 233|0x000000071ea00000, 0x000000071ea00000, 0x000000071ec00000|  0%| F|  |TAMS 0x000000071ea00000, 0x000000071ea00000| Untracked 
| 234|0x000000071ec00000, 0x000000071ec00000, 0x000000071ee00000|  0%| F|  |TAMS 0x000000071ec00000, 0x000000071ec00000| Untracked 
| 235|0x000000071ee00000, 0x000000071ee00000, 0x000000071f000000|  0%| F|  |TAMS 0x000000071ee00000, 0x000000071ee00000| Untracked 
| 236|0x000000071f000000, 0x000000071f000000, 0x000000071f200000|  0%| F|  |TAMS 0x000000071f000000, 0x000000071f000000| Untracked 
| 237|0x000000071f200000, 0x000000071f200000, 0x000000071f400000|  0%| F|  |TAMS 0x000000071f200000, 0x000000071f200000| Untracked 
| 238|0x000000071f400000, 0x000000071f400000, 0x000000071f600000|  0%| F|  |TAMS 0x000000071f400000, 0x000000071f400000| Untracked 
| 239|0x000000071f600000, 0x000000071f600000, 0x000000071f800000|  0%| F|  |TAMS 0x000000071f600000, 0x000000071f600000| Untracked 
| 240|0x000000071f800000, 0x000000071f800000, 0x000000071fa00000|  0%| F|  |TAMS 0x000000071f800000, 0x000000071f800000| Untracked 
| 241|0x000000071fa00000, 0x000000071fa00000, 0x000000071fc00000|  0%| F|  |TAMS 0x000000071fa00000, 0x000000071fa00000| Untracked 
| 242|0x000000071fc00000, 0x000000071fc00000, 0x000000071fe00000|  0%| F|  |TAMS 0x000000071fc00000, 0x000000071fc00000| Untracked 
| 243|0x000000071fe00000, 0x000000071fe00000, 0x0000000720000000|  0%| F|  |TAMS 0x000000071fe00000, 0x000000071fe00000| Untracked 
| 244|0x0000000720000000, 0x0000000720000000, 0x0000000720200000|  0%| F|  |TAMS 0x0000000720000000, 0x0000000720000000| Untracked 
| 245|0x0000000720200000, 0x0000000720200000, 0x0000000720400000|  0%| F|  |TAMS 0x0000000720200000, 0x0000000720200000| Untracked 
| 246|0x0000000720400000, 0x0000000720400000, 0x0000000720600000|  0%| F|  |TAMS 0x0000000720400000, 0x0000000720400000| Untracked 
| 247|0x0000000720600000, 0x0000000720600000, 0x0000000720800000|  0%| F|  |TAMS 0x0000000720600000, 0x0000000720600000| Untracked 
| 248|0x0000000720800000, 0x0000000720800000, 0x0000000720a00000|  0%| F|  |TAMS 0x0000000720800000, 0x0000000720800000| Untracked 
| 249|0x0000000720a00000, 0x0000000720a00000, 0x0000000720c00000|  0%| F|  |TAMS 0x0000000720a00000, 0x0000000720a00000| Untracked 
| 250|0x0000000720c00000, 0x0000000720c00000, 0x0000000720e00000|  0%| F|  |TAMS 0x0000000720c00000, 0x0000000720c00000| Untracked 
| 251|0x0000000720e00000, 0x0000000720e00000, 0x0000000721000000|  0%| F|  |TAMS 0x0000000720e00000, 0x0000000720e00000| Untracked 
| 433|0x0000000737a00000, 0x0000000737a00000, 0x0000000737c00000|  0%| F|  |TAMS 0x0000000737a00000, 0x0000000737a00000| Untracked 
| 434|0x0000000737c00000, 0x0000000737c00000, 0x0000000737e00000|  0%| F|  |TAMS 0x0000000737c00000, 0x0000000737c00000| Untracked 
| 435|0x0000000737e00000, 0x0000000737f27460, 0x0000000738000000| 57%| E|  |TAMS 0x0000000737e00000, 0x0000000737e00000| Complete 
| 464|0x000000073b800000, 0x000000073ba00000, 0x000000073ba00000|100%| E|CS|TAMS 0x000000073b800000, 0x000000073b800000| Complete 

Card table byte_map: [0x000001d29fc40000,0x000001d2a0440000] _byte_map_base: 0x000001d29c434000

Marking Bits (Prev, Next): (CMBitMap*) 0x000001d284fc8330, (CMBitMap*) 0x000001d284fc8370
 Prev Bits: [0x000001d2a0c40000, 0x000001d2a4be0000)
 Next Bits: [0x000001d2a4be0000, 0x000001d2a8b80000)

Polling page: 0x000001d2811a0000

Metaspace:

Usage:
  Non-class:     70.63 MB used.
      Class:     11.35 MB used.
       Both:     81.98 MB used.

Virtual space:
  Non-class space:      128.00 MB reserved,      70.94 MB ( 55%) committed,  2 nodes.
      Class space:        1.00 GB reserved,      11.62 MB (  1%) committed,  1 nodes.
             Both:        1.12 GB reserved,      82.56 MB (  7%) committed. 

Chunk freelists:
   Non-Class:  8.58 MB
       Class:  4.31 MB
        Both:  12.89 MB

MaxMetaspaceSize: unlimited
CompressedClassSpaceSize: 1.00 GB
Initial GC threshold: 21.00 MB
Current GC threshold: 137.50 MB
CDS: on
MetaspaceReclaimPolicy: balanced
 - commit_granule_bytes: 65536.
 - commit_granule_words: 8192.
 - virtual_space_node_default_size: 8388608.
 - enlarge_chunks_in_place: 1.
 - new_chunks_are_fully_committed: 0.
 - uncommit_free_chunks: 1.
 - use_allocation_guard: 0.
 - handle_deallocations: 1.


Internal statistics:

num_allocs_failed_limit: 6.
num_arena_births: 1076.
num_arena_deaths: 0.
num_vsnodes_births: 3.
num_vsnodes_deaths: 0.
num_space_committed: 1315.
num_space_uncommitted: 0.
num_chunks_returned_to_freelist: 6.
num_chunks_taken_from_freelist: 3335.
num_chunk_merges: 6.
num_chunk_splits: 2466.
num_chunks_enlarged: 1829.
num_inconsistent_stats: 0.

CodeHeap 'non-profiled nmethods': size=120000Kb used=16075Kb max_used=16101Kb free=103924Kb
 bounds [0x000001d297f10000, 0x000001d298ee0000, 0x000001d29f440000]
CodeHeap 'profiled nmethods': size=120000Kb used=31020Kb max_used=32017Kb free=88979Kb
 bounds [0x000001d290440000, 0x000001d292390000, 0x000001d297970000]
CodeHeap 'non-nmethods': size=5760Kb used=1656Kb max_used=1806Kb free=4104Kb
 bounds [0x000001d297970000, 0x000001d297be0000, 0x000001d297f10000]
 total_blobs=15775 nmethods=14693 adapters=990
 compilation: enabled
              stopped_count=0, restarted_count=0
 full_count=0

Compilation events (20 events):
Event: 484.598 Thread 0x000001d28885b860 19219       3       ui.views.c.dc::fXK (191 bytes)
Event: 484.599 Thread 0x000001d28885b860 nmethod 19219 0x000001d29134aa10 code [0x000001d29134ad80, 0x000001d29134c9b8]
Event: 485.365 Thread 0x000001d288858f50 19220       4       com.jidesoft.plaf.basic.BasicJideButtonUI::paintBackground (271 bytes)
Event: 485.391 Thread 0x000001d288858f50 nmethod 19220 0x000001d298b8da90 code [0x000001d298b8dd60, 0x000001d298b8f6d0]
Event: 486.006 Thread 0x000001d28885b860 19221       1       ui.views.cD::mG (2 bytes)
Event: 486.006 Thread 0x000001d28885b860 nmethod 19221 0x000001d298b8d790 code [0x000001d298b8d920, 0x000001d298b8d9f8]
Event: 486.006 Thread 0x000001d28885b860 19222       1       ui.views.cD::mF (2 bytes)
Event: 486.006 Thread 0x000001d28885b860 nmethod 19222 0x000001d298b8d490 code [0x000001d298b8d620, 0x000001d298b8d6f8]
Event: 486.160 Thread 0x000001d288858f50 19223       4       com.jidesoft.plaf.basic.BasicJideButtonUI::paint (350 bytes)
Event: 486.191 Thread 0x000001d288858f50 nmethod 19223 0x000001d298c1b790 code [0x000001d298c1bae0, 0x000001d298c1d978]
Event: 486.701 Thread 0x000001d28885b860 19224       3       ui.views.ct::w (641 bytes)
Event: 486.706 Thread 0x000001d28885b860 nmethod 19224 0x000001d290817710 code [0x000001d2908180c0, 0x000001d29081e6e8]
Event: 486.890 Thread 0x000001d28885b860 19225       3       ui.views.cD::jqn (13 bytes)
Event: 486.891 Thread 0x000001d28885b860 nmethod 19225 0x000001d291359c90 code [0x000001d291359ea0, 0x000001d29135a4e8]
Event: 486.961 Thread 0x000001d28885b860 19226       3       java.util.Locale::getCountry (8 bytes)
Event: 486.961 Thread 0x000001d28885b860 nmethod 19226 0x000001d29155a890 code [0x000001d29155aa20, 0x000001d29155ab58]
Event: 487.605 Thread 0x000001d28885b860 19227       3       ui.frmwork.str.robot.m::Vz (9 bytes)
Event: 487.605 Thread 0x000001d28885b860 nmethod 19227 0x000001d2917f3c90 code [0x000001d2917f3e20, 0x000001d2917f3f48]
Event: 487.688 Thread 0x000001d28885b860 19228       3       ui.g.a::aJo (8 bytes)
Event: 487.688 Thread 0x000001d28885b860 nmethod 19228 0x000001d291907a10 code [0x000001d291907ba0, 0x000001d291907cd8]

GC Heap History (20 events):
Event: 449.507 GC heap before
{Heap before GC invocations=53 (full 21):
 garbage-first heap   total 524288K, used 166776K [0x0000000701800000, 0x0000000800000000)
  region size 2048K, 40 young (81920K), 0 survivors (0K)
 Metaspace       used 83665K, committed 84288K, reserved 1179648K
  class space    used 11617K, committed 11904K, reserved 1048576K
}
Event: 449.512 GC heap after
{Heap after GC invocations=54 (full 21):
 garbage-first heap   total 524288K, used 89044K [0x0000000701800000, 0x0000000800000000)
  region size 2048K, 3 young (6144K), 3 survivors (6144K)
 Metaspace       used 83665K, committed 84288K, reserved 1179648K
  class space    used 11617K, committed 11904K, reserved 1048576K
}
Event: 450.326 GC heap before
{Heap before GC invocations=54 (full 21):
 garbage-first heap   total 524288K, used 142292K [0x0000000701800000, 0x0000000800000000)
  region size 2048K, 30 young (61440K), 3 survivors (6144K)
 Metaspace       used 83896K, committed 84480K, reserved 1179648K
  class space    used 11617K, committed 11904K, reserved 1048576K
}
Event: 450.392 GC heap after
{Heap after GC invocations=55 (full 22):
 garbage-first heap   total 524288K, used 88996K [0x0000000701800000, 0x0000000800000000)
  region size 2048K, 0 young (0K), 0 survivors (0K)
 Metaspace       used 83896K, committed 84480K, reserved 1179648K
  class space    used 11617K, committed 11904K, reserved 1048576K
}
Event: 459.400 GC heap before
{Heap before GC invocations=55 (full 22):
 garbage-first heap   total 524288K, used 113572K [0x0000000701800000, 0x0000000800000000)
  region size 2048K, 14 young (28672K), 0 survivors (0K)
 Metaspace       used 83917K, committed 84544K, reserved 1179648K
  class space    used 11617K, committed 11904K, reserved 1048576K
}
Event: 459.456 GC heap after
{Heap after GC invocations=56 (full 23):
 garbage-first heap   total 524288K, used 88533K [0x0000000701800000, 0x0000000800000000)
  region size 2048K, 0 young (0K), 0 survivors (0K)
 Metaspace       used 83917K, committed 84544K, reserved 1179648K
  class space    used 11617K, committed 11904K, reserved 1048576K
}
Event: 463.944 GC heap before
{Heap before GC invocations=56 (full 23):
 garbage-first heap   total 524288K, used 98773K [0x0000000701800000, 0x0000000800000000)
  region size 2048K, 6 young (12288K), 0 survivors (0K)
 Metaspace       used 83920K, committed 84544K, reserved 1179648K
  class space    used 11617K, committed 11904K, reserved 1048576K
}
Event: 464.001 GC heap after
{Heap after GC invocations=57 (full 24):
 garbage-first heap   total 524288K, used 88370K [0x0000000701800000, 0x0000000800000000)
  region size 2048K, 0 young (0K), 0 survivors (0K)
 Metaspace       used 83920K, committed 84544K, reserved 1179648K
  class space    used 11617K, committed 11904K, reserved 1048576K
}
Event: 465.730 GC heap before
{Heap before GC invocations=57 (full 24):
 garbage-first heap   total 524288K, used 92466K [0x0000000701800000, 0x0000000800000000)
  region size 2048K, 3 young (6144K), 0 survivors (0K)
 Metaspace       used 83921K, committed 84544K, reserved 1179648K
  class space    used 11617K, committed 11904K, reserved 1048576K
}
Event: 465.784 GC heap after
{Heap after GC invocations=58 (full 25):
 garbage-first heap   total 524288K, used 88367K [0x0000000701800000, 0x0000000800000000)
  region size 2048K, 0 young (0K), 0 survivors (0K)
 Metaspace       used 83921K, committed 84544K, reserved 1179648K
  class space    used 11617K, committed 11904K, reserved 1048576K
}
Event: 468.482 GC heap before
{Heap before GC invocations=58 (full 25):
 garbage-first heap   total 524288K, used 94511K [0x0000000701800000, 0x0000000800000000)
  region size 2048K, 4 young (8192K), 0 survivors (0K)
 Metaspace       used 83922K, committed 84544K, reserved 1179648K
  class space    used 11617K, committed 11904K, reserved 1048576K
}
Event: 468.535 GC heap after
{Heap after GC invocations=59 (full 26):
 garbage-first heap   total 524288K, used 88374K [0x0000000701800000, 0x0000000800000000)
  region size 2048K, 0 young (0K), 0 survivors (0K)
 Metaspace       used 83922K, committed 84544K, reserved 1179648K
  class space    used 11617K, committed 11904K, reserved 1048576K
}
Event: 473.052 GC heap before
{Heap before GC invocations=59 (full 26):
 garbage-first heap   total 524288K, used 98614K [0x0000000701800000, 0x0000000800000000)
  region size 2048K, 6 young (12288K), 0 survivors (0K)
 Metaspace       used 83926K, committed 84544K, reserved 1179648K
  class space    used 11617K, committed 11904K, reserved 1048576K
}
Event: 473.105 GC heap after
{Heap after GC invocations=60 (full 27):
 garbage-first heap   total 524288K, used 88384K [0x0000000701800000, 0x0000000800000000)
  region size 2048K, 0 young (0K), 0 survivors (0K)
 Metaspace       used 83926K, committed 84544K, reserved 1179648K
  class space    used 11617K, committed 11904K, reserved 1048576K
}
Event: 477.623 GC heap before
{Heap before GC invocations=60 (full 27):
 garbage-first heap   total 524288K, used 98624K [0x0000000701800000, 0x0000000800000000)
  region size 2048K, 6 young (12288K), 0 survivors (0K)
 Metaspace       used 83931K, committed 84544K, reserved 1179648K
  class space    used 11618K, committed 11904K, reserved 1048576K
}
Event: 477.679 GC heap after
{Heap after GC invocations=61 (full 28):
 garbage-first heap   total 524288K, used 88389K [0x0000000701800000, 0x0000000800000000)
  region size 2048K, 0 young (0K), 0 survivors (0K)
 Metaspace       used 83931K, committed 84544K, reserved 1179648K
  class space    used 11618K, committed 11904K, reserved 1048576K
}
Event: 482.266 GC heap before
{Heap before GC invocations=61 (full 28):
 garbage-first heap   total 524288K, used 98629K [0x0000000701800000, 0x0000000800000000)
  region size 2048K, 6 young (12288K), 0 survivors (0K)
 Metaspace       used 83934K, committed 84544K, reserved 1179648K
  class space    used 11618K, committed 11904K, reserved 1048576K
}
Event: 482.321 GC heap after
{Heap after GC invocations=62 (full 29):
 garbage-first heap   total 524288K, used 88398K [0x0000000701800000, 0x0000000800000000)
  region size 2048K, 0 young (0K), 0 survivors (0K)
 Metaspace       used 83934K, committed 84544K, reserved 1179648K
  class space    used 11618K, committed 11904K, reserved 1048576K
}
Event: 486.903 GC heap before
{Heap before GC invocations=62 (full 29):
 garbage-first heap   total 524288K, used 100686K [0x0000000701800000, 0x0000000800000000)
  region size 2048K, 7 young (14336K), 0 survivors (0K)
 Metaspace       used 83947K, committed 84544K, reserved 1179648K
  class space    used 11618K, committed 11904K, reserved 1048576K
}
Event: 486.960 GC heap after
{Heap after GC invocations=63 (full 30):
 garbage-first heap   total 524288K, used 88376K [0x0000000701800000, 0x0000000800000000)
  region size 2048K, 0 young (0K), 0 survivors (0K)
 Metaspace       used 83947K, committed 84544K, reserved 1179648K
  class space    used 11618K, committed 11904K, reserved 1048576K
}

Dll operation events (20 events):
Event: 1.530 Loaded shared library D:\Vivado\2023.2\lib\win64.o\librdi_ipservicestasks.dll
Event: 1.532 Loaded shared library D:\Vivado\2023.2\lib\win64.o\librdi_vivadotasks.dll
Event: 1.533 Loaded shared library D:\Vivado\2023.2\lib\win64.o\librdi_board.dll
Event: 1.534 Loaded shared library D:\Vivado\2023.2\lib\win64.o\librdi_boarddep.dll
Event: 1.535 Loaded shared library D:\Vivado\2023.2\lib\win64.o\librdi_boardcommontasks.dll
Event: 1.535 Loaded shared library D:\Vivado\2023.2\lib\win64.o\librdi_ptgen.dll
Event: 1.536 Loaded shared library D:\Vivado\2023.2\lib\win64.o\librdi_ip.dll
Event: 1.537 Loaded shared library D:\Vivado\2023.2\lib\win64.o\librdi_mig.dll
Event: 1.538 Loaded shared library D:\Vivado\2023.2\lib\win64.o\librdi_implflow.dll
Event: 1.539 Loaded shared library D:\Vivado\2023.2\lib\win64.o\librdi_xhubtasks.dll
Event: 1.560 Loaded shared library D:\Vivado\2023.2\lib\win64.o\librdi_iptasks.dll
Event: 1.562 Loaded shared library D:\Vivado\2023.2\lib\win64.o\librdi_synth.dll
Event: 2.926 Loaded shared library D:\Vivado\2023.2\tps\win64\jre17.0.7_7\bin\verify.dll
Event: 3.187 Loaded shared library D:\Vivado\2023.2\tps\win64\jre17.0.7_7\bin\javajpeg.dll
Event: 3.199 Loaded shared library D:\Vivado\2023.2\tps\win64\jre17.0.7_7\bin\lcms.dll
Event: 3.579 Loaded shared library D:\Vivado\2023.2\tps\win64\jre17.0.7_7\bin\freetype.dll
Event: 3.581 Loaded shared library D:\Vivado\2023.2\tps\win64\jre17.0.7_7\bin\fontmanager.dll
Event: 7.919 Loaded shared library D:\Vivado\2023.2\lib\win64.o\librdi_xhub.dll
Event: 14.841 Loaded shared library D:\Vivado\2023.2\tps\win64\jre17.0.7_7\bin\management.dll
Event: 14.847 Loaded shared library D:\Vivado\2023.2\tps\win64\jre17.0.7_7\bin\management_ext.dll

Deoptimization events (20 events):
Event: 450.626 Thread 0x000001d2b1837c30 DEOPT PACKING pc=0x000001d298bf859c sp=0x00000056122fd160
Event: 450.626 Thread 0x000001d2b1837c30 DEOPT UNPACKING pc=0x000001d2979c69a3 sp=0x00000056122fd070 mode 2
Event: 450.626 Thread 0x000001d2b1837c30 Uncommon trap: trap_request=0xffffff45 fr.pc=0x000001d298be9088 relative=0x00000000000007c8
Event: 450.626 Thread 0x000001d2b1837c30 Uncommon trap: reason=unstable_if action=reinterpret pc=0x000001d298be9088 method=com.jidesoft.marker.DefaultMarkerModel.getMarkersAt(II)Ljava/util/List; @ 69 c2
Event: 450.626 Thread 0x000001d2b1837c30 DEOPT PACKING pc=0x000001d298be9088 sp=0x00000056122fd080
Event: 450.626 Thread 0x000001d2b1837c30 DEOPT UNPACKING pc=0x000001d2979c69a3 sp=0x00000056122fd058 mode 2
Event: 450.936 Thread 0x000001d2b1837c30 Uncommon trap: trap_request=0xffffffc6 fr.pc=0x000001d298c37974 relative=0x0000000000001e54
Event: 450.936 Thread 0x000001d2b1837c30 Uncommon trap: reason=bimorphic_or_optimized_type_check action=maybe_recompile pc=0x000001d298c37974 method=javax.swing.text.PlainDocument.insertUpdate(Ljavax/swing/text/AbstractDocument$DefaultDocumentEvent;Ljavax/swing/text/AttributeSet;)V @ 15 c2
Event: 450.936 Thread 0x000001d2b1837c30 DEOPT PACKING pc=0x000001d298c37974 sp=0x00000056122fd200
Event: 450.936 Thread 0x000001d2b1837c30 DEOPT UNPACKING pc=0x000001d2979c69a3 sp=0x00000056122fd1c8 mode 2
Event: 456.227 Thread 0x000001d2b1837c30 DEOPT PACKING pc=0x000001d2922beabd sp=0x00000056122fd5f0
Event: 456.227 Thread 0x000001d2b1837c30 DEOPT UNPACKING pc=0x000001d2979c7143 sp=0x00000056122fca88 mode 0
Event: 457.849 Thread 0x000001d2b1837c30 Uncommon trap: trap_request=0xffffff66 fr.pc=0x000001d298168794 relative=0x00000000000009d4
Event: 457.849 Thread 0x000001d2b1837c30 Uncommon trap: reason=speculate_class_check action=maybe_recompile pc=0x000001d298168794 method=java.awt.geom.RectangularShape.getMinX()D @ 1 c2
Event: 457.849 Thread 0x000001d2b1837c30 DEOPT PACKING pc=0x000001d298168794 sp=0x00000056122fd030
Event: 457.849 Thread 0x000001d2b1837c30 DEOPT UNPACKING pc=0x000001d2979c69a3 sp=0x00000056122fcf10 mode 2
Event: 457.849 Thread 0x000001d2b1837c30 Uncommon trap: trap_request=0xffffffe4 fr.pc=0x000001d298bac94c relative=0x0000000000003e0c
Event: 457.849 Thread 0x000001d2b1837c30 Uncommon trap: reason=range_check action=make_not_entrant pc=0x000001d298bac94c method=java.awt.geom.AffineTransform.<init>([D)V @ 7 c2
Event: 457.849 Thread 0x000001d2b1837c30 DEOPT PACKING pc=0x000001d298bac94c sp=0x00000056122fc550
Event: 457.849 Thread 0x000001d2b1837c30 DEOPT UNPACKING pc=0x000001d2979c69a3 sp=0x00000056122fc480 mode 2

Classes unloaded (0 events):
No events

Classes redefined (0 events):
No events

Internal exceptions (20 events):
Event: 439.153 Thread 0x000001d2b1837c30 Exception <a 'java/io/FileNotFoundException'{0x000000071fb5e540}> (0x000000071fb5e540) 
thrown [s\src\hotspot\share\prims\jni.cpp, line 516]
Event: 439.154 Thread 0x000001d2b1837c30 Exception <a 'java/io/FileNotFoundException'{0x000000071fb5f258}> (0x000000071fb5f258) 
thrown [s\src\hotspot\share\prims\jni.cpp, line 516]
Event: 444.154 Thread 0x000001d2b1837c30 Exception <a 'java/io/FileNotFoundException'{0x000000071f3fb260}> (0x000000071f3fb260) 
thrown [s\src\hotspot\share\prims\jni.cpp, line 516]
Event: 444.154 Thread 0x000001d2b1837c30 Exception <a 'java/io/FileNotFoundException'{0x000000071f3fbf78}> (0x000000071f3fbf78) 
thrown [s\src\hotspot\share\prims\jni.cpp, line 516]
Event: 449.154 Thread 0x000001d2b1837c30 Exception <a 'java/io/FileNotFoundException'{0x000000071e0a6410}> (0x000000071e0a6410) 
thrown [s\src\hotspot\share\prims\jni.cpp, line 516]
Event: 449.156 Thread 0x000001d2b1837c30 Exception <a 'java/io/FileNotFoundException'{0x000000071e0ab658}> (0x000000071e0ab658) 
thrown [s\src\hotspot\share\prims\jni.cpp, line 516]
Event: 454.155 Thread 0x000001d2b1837c30 Exception <a 'java/io/FileNotFoundException'{0x0000000720736ba0}> (0x0000000720736ba0) 
thrown [s\src\hotspot\share\prims\jni.cpp, line 516]
Event: 454.157 Thread 0x000001d2b1837c30 Exception <a 'java/io/FileNotFoundException'{0x00000007207378b8}> (0x00000007207378b8) 
thrown [s\src\hotspot\share\prims\jni.cpp, line 516]
Event: 459.382 Thread 0x000001d2b1837c30 Exception <a 'java/io/FileNotFoundException'{0x000000071fc7e488}> (0x000000071fc7e488) 
thrown [s\src\hotspot\share\prims\jni.cpp, line 516]
Event: 459.382 Thread 0x000001d2b1837c30 Exception <a 'java/io/FileNotFoundException'{0x000000071fc7f180}> (0x000000071fc7f180) 
thrown [s\src\hotspot\share\prims\jni.cpp, line 516]
Event: 464.156 Thread 0x000001d2b1837c30 Exception <a 'java/io/FileNotFoundException'{0x000000073b84e178}> (0x000000073b84e178) 
thrown [s\src\hotspot\share\prims\jni.cpp, line 516]
Event: 464.158 Thread 0x000001d2b1837c30 Exception <a 'java/io/FileNotFoundException'{0x000000073b84efd0}> (0x000000073b84efd0) 
thrown [s\src\hotspot\share\prims\jni.cpp, line 516]
Event: 469.156 Thread 0x000001d2b1837c30 Exception <a 'java/io/FileNotFoundException'{0x000000073b97f168}> (0x000000073b97f168) 
thrown [s\src\hotspot\share\prims\jni.cpp, line 516]
Event: 469.159 Thread 0x000001d2b1837c30 Exception <a 'java/io/FileNotFoundException'{0x000000073b97fe80}> (0x000000073b97fe80) 
thrown [s\src\hotspot\share\prims\jni.cpp, line 516]
Event: 474.544 Thread 0x000001d2b1837c30 Exception <a 'java/io/FileNotFoundException'{0x000000073b9fdcc8}> (0x000000073b9fdcc8) 
thrown [s\src\hotspot\share\prims\jni.cpp, line 516]
Event: 474.544 Thread 0x000001d2b1837c30 Exception <a 'java/io/FileNotFoundException'{0x000000073b9fe9c0}> (0x000000073b9fe9c0) 
thrown [s\src\hotspot\share\prims\jni.cpp, line 516]
Event: 479.158 Thread 0x000001d2b1837c30 Exception <a 'java/io/FileNotFoundException'{0x0000000737f825c0}> (0x0000000737f825c0) 
thrown [s\src\hotspot\share\prims\jni.cpp, line 516]
Event: 479.161 Thread 0x000001d2b1837c30 Exception <a 'java/io/FileNotFoundException'{0x0000000737f832d8}> (0x0000000737f832d8) 
thrown [s\src\hotspot\share\prims\jni.cpp, line 516]
Event: 484.159 Thread 0x000001d2b1837c30 Exception <a 'java/io/FileNotFoundException'{0x0000000737c26288}> (0x0000000737c26288) 
thrown [s\src\hotspot\share\prims\jni.cpp, line 516]
Event: 484.162 Thread 0x000001d2b1837c30 Exception <a 'java/io/FileNotFoundException'{0x0000000737c26fa0}> (0x0000000737c26fa0) 
thrown [s\src\hotspot\share\prims\jni.cpp, line 516]

VM Operations (20 events):
Event: 473.051 Executing VM operation: G1CollectFull
Event: 473.106 Executing VM operation: G1CollectFull done
Event: 475.120 Executing VM operation: Cleanup
Event: 475.120 Executing VM operation: Cleanup done
Event: 477.622 Executing VM operation: G1CollectFull
Event: 477.680 Executing VM operation: G1CollectFull done
Event: 479.683 Executing VM operation: Cleanup
Event: 479.683 Executing VM operation: Cleanup done
Event: 480.683 Executing VM operation: Cleanup
Event: 480.683 Executing VM operation: Cleanup done
Event: 481.684 Executing VM operation: Cleanup
Event: 481.684 Executing VM operation: Cleanup done
Event: 482.266 Executing VM operation: G1CollectFull
Event: 482.322 Executing VM operation: G1CollectFull done
Event: 483.327 Executing VM operation: Cleanup
Event: 483.327 Executing VM operation: Cleanup done
Event: 486.328 Executing VM operation: Cleanup
Event: 486.328 Executing VM operation: Cleanup done
Event: 486.903 Executing VM operation: G1CollectFull
Event: 486.961 Executing VM operation: G1CollectFull done

Events (20 events):
Event: 482.252 Thread 0x000001d2c7c2c9b0 Thread exited: 0x000001d2c7c2c9b0
Event: 482.257 Thread 0x000001d2c7c2c4e0 Thread added: 0x000001d2c7c2c4e0
Event: 482.266 Thread 0x000001d2c7c2c4e0 Thread exited: 0x000001d2c7c2c4e0
Event: 482.322 Thread 0x000001d2c7c2b1a0 Thread exited: 0x000001d2c7c2b1a0
Event: 483.040 Thread 0x000001d2c7c2b1a0 Thread added: 0x000001d2c7c2b1a0
Event: 483.044 Thread 0x000001d2c7c2b1a0 Thread exited: 0x000001d2c7c2b1a0
Event: 484.042 Thread 0x000001d2c7c2b1a0 Thread added: 0x000001d2c7c2b1a0
Event: 484.046 Thread 0x000001d2c7c2b1a0 Thread exited: 0x000001d2c7c2b1a0
Event: 485.357 Thread 0x000001d2c7c2b1a0 Thread added: 0x000001d2c7c2b1a0
Event: 485.361 Thread 0x000001d2c7c2b1a0 Thread exited: 0x000001d2c7c2b1a0
Event: 486.042 Thread 0x000001d2c7c2bb40 Thread added: 0x000001d2c7c2bb40
Event: 486.047 Thread 0x000001d2c7c2bb40 Thread exited: 0x000001d2c7c2bb40
Event: 486.892 Thread 0x000001d2c7c2bb40 Thread added: 0x000001d2c7c2bb40
Event: 486.897 Thread 0x000001d2c7c2c4e0 Thread added: 0x000001d2c7c2c4e0
Event: 486.903 Thread 0x000001d2c7c2c4e0 Thread exited: 0x000001d2c7c2c4e0
Event: 486.961 Thread 0x000001d2c7c2bb40 Thread exited: 0x000001d2c7c2bb40
Event: 487.043 Thread 0x000001d2c7c2c010 Thread added: 0x000001d2c7c2c010
Event: 487.047 Thread 0x000001d2c7c2c010 Thread exited: 0x000001d2c7c2c010
Event: 487.436 Thread 0x000001d2c7c2bb40 Thread added: 0x000001d2c7c2bb40
Event: 487.440 Thread 0x000001d2c7c2bb40 Thread exited: 0x000001d2c7c2bb40


Dynamic libraries:
0x00007ff66fd30000 - 0x00007ff66fd61000 	D:\Vivado\2023.2\bin\unwrapped\win64.o\vivado.exe
0x00007ff9c9600000 - 0x00007ff9c9863000 	C:\WINDOWS\SYSTEM32\ntdll.dll
0x00007ff9c7c70000 - 0x00007ff9c7d37000 	C:\WINDOWS\System32\KERNEL32.DLL
0x00007ff9c6a30000 - 0x00007ff9c6df7000 	C:\WINDOWS\System32\KERNELBASE.dll
0x00007ff9c7150000 - 0x00007ff9c729c000 	C:\WINDOWS\System32\ucrtbase.dll
0x00007ff9b0810000 - 0x00007ff9b089d000 	C:\WINDOWS\SYSTEM32\MSVCP140.dll
0x00007ff9b07e0000 - 0x00007ff9b07fe000 	C:\WINDOWS\SYSTEM32\VCRUNTIME140.dll
0x00007ff9c1670000 - 0x00007ff9c168c000 	D:\Vivado\2023.2\lib\win64.o\librdi_commonmain.dll
0x00007ff9b0940000 - 0x00007ff9b094c000 	C:\WINDOWS\SYSTEM32\VCRUNTIME140_1.dll
0x00007ff9bc4f0000 - 0x00007ff9bc511000 	D:\Vivado\2023.2\lib\win64.o\libboost_filesystem.dll
0x00007ff9c7bb0000 - 0x00007ff9c7c64000 	C:\WINDOWS\System32\ADVAPI32.dll
0x00007ff971310000 - 0x00007ff971740000 	D:\Vivado\2023.2\lib\win64.o\python38.dll
0x00007ff9c8f00000 - 0x00007ff9c8fa9000 	C:\WINDOWS\System32\msvcrt.dll
0x00007ff9c8730000 - 0x00007ff9c87d6000 	C:\WINDOWS\System32\sechost.dll
0x00007ff9c7a30000 - 0x00007ff9c7b46000 	C:\WINDOWS\System32\RPCRT4.dll
0x00007ff9c7b50000 - 0x00007ff9c7bad000 	C:\WINDOWS\System32\SHLWAPI.dll
0x00007ff9bfb50000 - 0x00007ff9bfb59000 	D:\Vivado\2023.2\lib\win64.o\librdi_commonversion.dll
0x00007ff9c84e0000 - 0x00007ff9c8554000 	C:\WINDOWS\System32\WS2_32.dll
0x00007ff972490000 - 0x00007ff972646000 	D:\Vivado\2023.2\lib\win64.o\librdi_commonxillic.dll
0x00007ff9c7440000 - 0x00007ff9c7609000 	C:\WINDOWS\System32\USER32.dll
0x00007ff95d0f0000 - 0x00007ff95e79a000 	D:\Vivado\2023.2\lib\win64.o\librdi_common.dll
0x00007ff9c72a0000 - 0x00007ff9c72c7000 	C:\WINDOWS\System32\win32u.dll
0x0000000073610000 - 0x000000007373c000 	D:\Vivado\2023.2\lib\win64.o\tcl85t.dll
0x00007ff9c7a00000 - 0x00007ff9c7a2a000 	C:\WINDOWS\System32\GDI32.dll
0x00007ff9c7d40000 - 0x00007ff9c8444000 	C:\WINDOWS\System32\SHELL32.dll
0x00007ff9c6ea0000 - 0x00007ff9c6fcb000 	C:\WINDOWS\System32\gdi32full.dll
0x00007ff9c72d0000 - 0x00007ff9c7373000 	C:\WINDOWS\System32\msvcp_win.dll
0x00007ff9bcbb0000 - 0x00007ff9bcbbb000 	C:\WINDOWS\SYSTEM32\VERSION.dll
0x00007ff9c69a0000 - 0x00007ff9c6a1f000 	C:\WINDOWS\System32\WINTRUST.dll
0x00007ff972370000 - 0x00007ff972484000 	D:\Vivado\2023.2\lib\win64.o\libboost_regex.dll
0x00007ff970a40000 - 0x00007ff970d6d000 	D:\Vivado\2023.2\lib\win64.o\libXil_lmgr11.dll
0x00007ff96eee0000 - 0x00007ff96ff04600 	D:\Vivado\2023.2\lib\win64.o\libisl_iostreams.dll
0x00007ff9c8d10000 - 0x00007ff9c8dff000 	C:\WINDOWS\System32\COMDLG32.dll
0x00007ff96eb70000 - 0x00007ff96eede000 	D:\Vivado\2023.2\lib\win64.o\libCOIN-all.dll
0x00007ff9c8980000 - 0x00007ff9c8cfe000 	C:\WINDOWS\System32\combase.dll
0x00007ff9bf690000 - 0x00007ff9bf6a1000 	D:\Vivado\2023.2\lib\win64.o\libboost_date_time.dll
0x00007ff9c8e10000 - 0x00007ff9c8ef9000 	C:\WINDOWS\System32\shcore.dll
0x00007ff972e90000 - 0x00007ff972f09000 	D:\Vivado\2023.2\lib\win64.o\libboost_program_options.dll
0x00007ff9c9450000 - 0x00007ff9c9526000 	C:\WINDOWS\System32\OLEAUT32.dll
0x00007ff9b40e0000 - 0x00007ff9b40fc000 	D:\Vivado\2023.2\lib\win64.o\libboost_thread.dll
0x00007ff9bf5d0000 - 0x00007ff9bf5dc000 	D:\Vivado\2023.2\lib\win64.o\libboost_xilinx.dll
0x00007ff9c87e0000 - 0x00007ff9c8975000 	C:\WINDOWS\System32\ole32.dll
0x00007ff972b80000 - 0x00007ff972c02000 	D:\Vivado\2023.2\lib\win64.o\libhdlpsolve.dll
0x00007ff9c6fd0000 - 0x00007ff9c7146000 	C:\WINDOWS\System32\CRYPT32.dll
0x00007ff972930000 - 0x00007ff9729d5000 	D:\Vivado\2023.2\lib\win64.o\libhdxml.dll
0x00007ff9b2820000 - 0x00007ff9b284a000 	D:\Vivado\2023.2\lib\win64.o\libisl_sysinfo.dll
0x00007ff972ad0000 - 0x00007ff972b35000 	D:\Vivado\2023.2\lib\win64.o\liblmx6.0.dll
0x00007ff9b2940000 - 0x00007ff9b295a000 	D:\Vivado\2023.2\lib\win64.o\pthreadVC2.dll
0x00007ff9b2710000 - 0x00007ff9b272c000 	D:\Vivado\2023.2\lib\win64.o\librdiconfig.dll
0x00007ff9aaef0000 - 0x00007ff9aaf11000 	D:\Vivado\2023.2\lib\win64.o\librdizlib.dll
0x00007ff96e560000 - 0x00007ff96e821000 	D:\Vivado\2023.2\lib\win64.o\xerces-c_3_2.dll
0x00007ff9ae900000 - 0x00007ff9aeb83000 	C:\WINDOWS\SYSTEM32\WININET.dll
0x00007ff9b29a0000 - 0x00007ff9b29ba000 	C:\WINDOWS\SYSTEM32\NETAPI32.dll
0x00007ff9bc890000 - 0x00007ff9bc9ae000 	C:\WINDOWS\SYSTEM32\WINHTTP.dll
0x00007ff9b3220000 - 0x00007ff9b33fd000 	C:\WINDOWS\SYSTEM32\urlmon.dll
0x00007ff9c6260000 - 0x00007ff9c6286000 	C:\WINDOWS\SYSTEM32\bcrypt.dll
0x00007ff9b0960000 - 0x00007ff9b096a000 	C:\WINDOWS\SYSTEM32\WSOCK32.dll
0x00007ff9aa950000 - 0x00007ff9aa980000 	C:\WINDOWS\SYSTEM32\VCOMP140.DLL
0x00007ff952660000 - 0x00007ff954577000 	D:\Vivado\2023.2\lib\win64.o\gurobi90.dll
0x00007ff9c8450000 - 0x00007ff9c84c3000 	C:\WINDOWS\System32\WLDAP32.dll
0x00007ff9c9440000 - 0x00007ff9c9448000 	C:\WINDOWS\System32\Normaliz.dll
0x00007ff9b0cd0000 - 0x00007ff9b0ce8000 	D:\Vivado\2023.2\lib\win64.o\libboost_iostreams.dll
0x00007ff9a7240000 - 0x00007ff9a7264000 	D:\Vivado\2023.2\lib\win64.o\libisl_iosutils.dll
0x00007ff999550000 - 0x00007ff999604000 	C:\WINDOWS\WinSxS\amd64_microsoft.windows.common-controls_6595b64144ccf1df_5.82.26100.1882_none_87f34cef7a28f535\COMCTL32.dll
0x00007ff9bcbc0000 - 0x00007ff9bcbe5000 	C:\WINDOWS\SYSTEM32\dhcpcsvc.DLL
0x00007ff9c5d70000 - 0x00007ff9c5d9b000 	C:\WINDOWS\SYSTEM32\USERENV.dll
0x00007ff9c4680000 - 0x00007ff9c4eb7000 	C:\WINDOWS\SYSTEM32\windows.storage.dll
0x00007ff9b2f50000 - 0x00007ff9b3219000 	C:\WINDOWS\SYSTEM32\iertutil.dll
0x00007ff9b2f20000 - 0x00007ff9b2f49000 	C:\WINDOWS\SYSTEM32\srvcli.dll
0x00007ff9c51a0000 - 0x00007ff9c51ad000 	C:\WINDOWS\SYSTEM32\netutils.dll
0x00007ff9c5cb0000 - 0x00007ff9c5d18000 	C:\WINDOWS\SYSTEM32\MSWSOCK.DLL
0x00007ff9c7910000 - 0x00007ff9c793f000 	C:\WINDOWS\System32\IMM32.DLL
0x00007ff9c61b0000 - 0x00007ff9c61c3000 	C:\WINDOWS\SYSTEM32\MSASN1.dll
0x00007ff9c57a0000 - 0x00007ff9c57ba000 	C:\WINDOWS\SYSTEM32\kernel.appcore.dll
0x00007ff9c5ff0000 - 0x00007ff9c600c000 	C:\WINDOWS\SYSTEM32\CRYPTSP.dll
0x00007ff9c5700000 - 0x00007ff9c5738000 	C:\WINDOWS\system32\rsaenh.dll
0x00007ff9c6050000 - 0x00007ff9c605c000 	C:\WINDOWS\SYSTEM32\CRYPTBASE.dll
0x00007ff9c6e00000 - 0x00007ff9c6e99000 	C:\WINDOWS\System32\bcryptPrimitives.dll
0x00007ff9c79b0000 - 0x00007ff9c79d0000 	C:\WINDOWS\System32\imagehlp.dll
0x00007ff96b930000 - 0x00007ff96be7d000 	D:\Vivado\2023.2\lib\win64.o\librdi_commontasks.dll
0x00007ff95c4a0000 - 0x00007ff95d0e8000 	D:\Vivado\2023.2\tps\win64\jre17.0.7_7\bin\server\jvm.dll
0x00007ff96e230000 - 0x00007ff96e55b800 	D:\Vivado\2023.2\lib\win64.o\librdi_sio.dll
0x00007ff9c51b0000 - 0x00007ff9c51e2000 	C:\WINDOWS\SYSTEM32\IPHLPAPI.DLL
0x00007ff9b39d0000 - 0x00007ff9b3a06000 	C:\WINDOWS\SYSTEM32\WINMM.dll
0x00007ff9c5d40000 - 0x00007ff9c5d67000 	C:\WINDOWS\SYSTEM32\gpapi.dll
0x00007ff9b9810000 - 0x00007ff9b984b000 	C:\Windows\System32\cryptnet.dll
0x00007ff9c68b0000 - 0x00007ff9c68de000 	C:\WINDOWS\SYSTEM32\profapi.dll
0x00007ff9c17e0000 - 0x00007ff9c17ee000 	C:\WINDOWS\SYSTEM32\WINNSI.DLL
0x00007ff9c9530000 - 0x00007ff9c953a000 	C:\WINDOWS\System32\NSI.dll
0x00007ff9c5a50000 - 0x00007ff9c5a98000 	C:\WINDOWS\SYSTEM32\SspiCli.dll
0x00007ff9af2b0000 - 0x00007ff9af2c8000 	C:\WINDOWS\system32\napinsp.dll
0x00007ff9c52a0000 - 0x00007ff9c53c5000 	C:\WINDOWS\SYSTEM32\DNSAPI.dll
0x00007ff9af290000 - 0x00007ff9af2a2000 	C:\WINDOWS\System32\winrnr.dll
0x00007ff9af220000 - 0x00007ff9af242000 	C:\WINDOWS\system32\nlansp_c.dll
0x00007ff9bd290000 - 0x00007ff9bd2a6000 	C:\WINDOWS\system32\wshbth.dll
0x00007ff94f890000 - 0x00007ff952656000 	D:\Vivado\2023.2\lib\win64.o\librdi_tcltasks.dll
0x00007ff970840000 - 0x00007ff970a40000 	D:\Vivado\2023.2\lib\win64.o\librdi_board.dll
0x00007ff972170000 - 0x00007ff9721f3000 	D:\Vivado\2023.2\lib\win64.o\librdi_boarddep.dll
0x00007ff96a880000 - 0x00007ff96ad61000 	D:\Vivado\2023.2\lib\win64.o\librdi_bitstream.dll
0x00007ff9711e0000 - 0x00007ff97130a000 	D:\Vivado\2023.2\lib\win64.o\librdi_chipscope.dll
0x00007ff96e960000 - 0x00007ff96eb67000 	D:\Vivado\2023.2\lib\win64.o\librdi_chipscopeimpl.dll
0x00007ff94d190000 - 0x00007ff94f885000 	D:\Vivado\2023.2\lib\win64.o\librdi_constraints.dll
0x00007ff96de40000 - 0x00007ff96dfae000 	D:\Vivado\2023.2\lib\win64.o\librdi_containers.dll
0x00007ff9443c0000 - 0x00007ff946af6000 	D:\Vivado\2023.2\lib\win64.o\librdi_coregen.dll
0x00007ff926cb0000 - 0x00007ff928ab7000 	D:\Vivado\2023.2\lib\win64.o\librdi_designutils.dll
0x00007ff9256a0000 - 0x00007ff926ca3000 	D:\Vivado\2023.2\lib\win64.o\librdi_device.dll
0x00007ff964cf0000 - 0x00007ff96508f000 	D:\Vivado\2023.2\lib\win64.o\librdi_dlyest.dll
0x00007ff963c80000 - 0x00007ff9643b6000 	D:\Vivado\2023.2\lib\win64.o\librdi_drc.dll
0x00007ff971120000 - 0x00007ff9711d4000 	D:\Vivado\2023.2\lib\win64.o\librdi_dsp.dll
0x00007ff9702b0000 - 0x00007ff97031b000 	D:\Vivado\2023.2\lib\win64.o\librdi_hdf.dll
0x00007ff94c9d0000 - 0x00007ff94d18f000 	D:\Vivado\2023.2\lib\win64.o\librdi_filemgmt.dll
0x00007ff965b80000 - 0x00007ff965e64000 	D:\Vivado\2023.2\lib\win64.o\librdi_hip_devdesign.dll
0x00007ff96d420000 - 0x00007ff96d568000 	D:\Vivado\2023.2\lib\win64.o\librdi_hip_perf_analysis.dll
0x00007ff922e70000 - 0x00007ff925694000 	D:\Vivado\2023.2\lib\win64.o\librdi_cdoutil.dll
0x00007ff91b340000 - 0x00007ff91c1f0000 	D:\Vivado\2023.2\lib\win64.o\librdi_ippcw.dll
0x00007ff91c1f0000 - 0x00007ff91d333000 	D:\Vivado\2023.2\lib\win64.o\librdi_implflow.dll
0x00007ff9485d0000 - 0x00007ff948e6a000 	D:\Vivado\2023.2\lib\win64.o\librdi_lopt.dll
0x00007ff95be40000 - 0x00007ff95c496000 	D:\Vivado\2023.2\lib\win64.o\librdi_memdata.dll
0x00007ff96e8e0000 - 0x00007ff96e95d000 	D:\Vivado\2023.2\lib\win64.o\librdi_memoryarray.dll
0x00007ff946d60000 - 0x00007ff947564000 	D:\Vivado\2023.2\lib\win64.o\librdi_netlist.dll
0x00007ff96d3a0000 - 0x00007ff96d412000 	D:\Vivado\2023.2\lib\win64.o\librdi_noc_frameworks.dll
0x00007ff976e10000 - 0x00007ff976e6c000 	D:\Vivado\2023.2\lib\win64.o\librdi_pfi.dll
0x00007ff95b6e0000 - 0x00007ff95bb5e000 	D:\Vivado\2023.2\lib\win64.o\librdi_platform.dll
0x00007ff943ac0000 - 0x00007ff9443b2000 	D:\Vivado\2023.2\lib\win64.o\librdi_power.dll
0x00007ff8f71e0000 - 0x00007ff8fa09c000 	D:\Vivado\2023.2\lib\win64.o\librdi_place.dll
0x00007ff900cd0000 - 0x00007ff903711000 	D:\Vivado\2023.2\lib\win64.o\librdi_mig.dll
0x00007ff9225e0000 - 0x00007ff922e6b000 	D:\Vivado\2023.2\lib\win64.o\librdi_project.dll
0x00007ff928f80000 - 0x00007ff9296f7000 	D:\Vivado\2023.2\lib\win64.o\librdi_psta.dll

dbghelp: loaded successfully - version: 4.0.5 - missing functions: none
symbol engine: initialized successfully - sym options: 0x614 - pdb path: .;D:\Vivado\2023.2\bin\unwrapped\win64.o;C:\WINDOWS\SYSTEM32;D:\Vivado\2023.2\lib\win64.o;C:\WINDOWS\WinSxS\amd64_microsoft.windows.common-controls_6595b64144ccf1df_5.82.26100.1882_none_87f34cef7a28f535;D:\Vivado\2023.2\tps\win64\jre17.0.7_7\bin\server;D:\Vivado\2023.2\tps\win64\jre17.0.7_7\bin;C:\WINDOWS\WinSxS\amd64_microsoft.windows.common-controls_6595b64144ccf1df_6.0.26100.3037_none_3e09262ce333c378

VM Arguments:
jvm_args: -Dsun.java2d.pmoffscreen=false -Dhttps.protocols=TLSv1,TLSv1.1,TLSv1.2 -Dsun.java2d.xrender=false -Dsun.java2d.d3d=false -Dsun.awt.nopixfmt=true -Dsun.java2d.dpiaware=true -Dsun.java2d.uiScale.enabled=false -Dswing.aatext=true -XX:-UsePerfData -Djdk.map.althashing.threshold=512 -XX:StringTableSize=4072 -XX:+UseStringDeduplication -XX:MaxGCPauseMillis=200 -XX:+ParallelRefProcEnabled --add-opens=java.desktop/javax.swing.plaf.synth=ALL-UNNAMED --add-opens=java.base/java.nio=ALL-UNNAMED --add-opens=java.desktop/sun.swing=ALL-UNNAMED --add-opens=java.desktop/javax.swing=ALL-UNNAMED --add-opens=java.desktop/javax.swing.tree=ALL-UNNAMED --add-opens=java.desktop/javax.swing.plaf.basic=ALL-UNNAMED --add-opens=java.desktop/javax.swing.plaf.synth=ALL-UNNAMED --add-opens=java.desktop/javax.swing.plaf.basic=ALL-UNNAMED --add-opens=java.desktop/javax.swing=ALL-UNNAMED --add-opens=java.desktop/javax.swing.tree=ALL-UNNAMED --add-opens=java.desktop/java.awt.event=ALL-UNNAMED --add-exports=java.desktop/javax.swing.plaf.synth=ALL-UNNAMED --add-exports=java.base/java.nio=ALL-UNNAMED --add-exports=java.desktop/sun.swing=ALL-UNNAMED --add-exports=java.desktop/javax.swing=ALL-UNNAMED --add-exports=java.desktop/javax.swing.tree=ALL-UNNAMED --add-exports=java.desktop/javax.swing.plaf.basic=ALL-UNNAMED --add-exports=java.desktop/sun.swing=ALL-UNNAMED --add-exports=java.desktop/sun.swing.table=ALL-UNNAMED --add-exports=java.desktop/sun.swing.plaf.synth=ALL-UNNAMED --add-exports=java.desktop/sun.awt.shell=ALL-UNNAMED --add-exports=java.base/sun.security.action=ALL-UNNAMED --add-exports=java.desktop/sun.font=ALL-UNNAMED -XX:NewSize=80m -XX:MaxNewSize=80m -Xms512m -Xmx4072m -Xss10m 
java_command: <unknown>
java_class_path (initial): D:/Vivado/2023.2\lib\classes\alloy.jar;D:/Vivado/2023.2\lib\classes\asm-9.3.jar;D:/Vivado/2023.2\lib\classes\asm-analysis-9.3.jar;D:/Vivado/2023.2\lib\classes\asm-commons-9.3.jar;D:/Vivado/2023.2\lib\classes\asm-tree-9.3.jar;D:/Vivado/2023.2\lib\classes\autoesl-models.jar;D:/Vivado/2023.2\lib\classes\batik-anim.jar;D:/Vivado/2023.2\lib\classes\batik-awt-util.jar;D:/Vivado/2023.2\lib\classes\batik-bridge.jar;D:/Vivado/2023.2\lib\classes\batik-codec.jar;D:/Vivado/2023.2\lib\classes\batik-constants.jar;D:/Vivado/2023.2\lib\classes\batik-css.jar;D:/Vivado/2023.2\lib\classes\batik-dom.jar;D:/Vivado/2023.2\lib\classes\batik-ext.jar;D:/Vivado/2023.2\lib\classes\batik-gui-util.jar;D:/Vivado/2023.2\lib\classes\batik-gvt.jar;D:/Vivado/2023.2\lib\classes\batik-i18n.jar;D:/Vivado/2023.2\lib\classes\batik-parser.jar;D:/Vivado/2023.2\lib\classes\batik-script.jar;D:/Vivado/2023.2\lib\classes\batik-svg-dom.jar;D:/Vivado/2023.2\lib\classes\batik-svggen.jar;D:/Vivado/2023.2\lib\classes\batik-swing.jar;D:/Vivado/2023.2\lib\classes\batik-transcoder.jar;D:/Vivado/2023.2\lib\classes\batik-util.jar;D:/Vivado/2023.2\lib\classes\batik-xml.jar;D:/Vivado/2023.2\lib\classes\com.fasterxml.jackson.core.jackson-annotations_2.12.1.v20210128-1726.jar;D:/Vivado/2023.2\lib\classes\com.fasterxml.jackson.core.jackson-core_2.12.1.v20210128-1726.jar;D:/Vivado/2023.2\lib\classes\com.fasterxml.jackson.core.jackson-databind_2.12.1.v20210128-1726.jar;D:/Vivado/2023.2\lib\classes\com.google.gson_2.8.9.v20220111-1409.jar;D:/Vivado/2023.2\lib\classes\com.google.guava_30.1.0.v20210127-2300.jar;D:/Vivado/2023.2\lib\classes\com.sigasi.hdt.connection_4.17.2.202304211001.jar;D:/Vivado/2023.2\lib\classes\com.sigasi.hdt.epl_4.17.2.202304211001.jar;D:/Vivado/2023.2\lib\classes\com.sigasi.hdt.project_4.17.2.202304211001.jar;D:/Vivado/2023.2\lib\classes\com.sigasi.hdt.readonlyfilesystem_4.17.2.202304211001.jar;D:/Vivado/2023.2\lib\classes\com.sigasi.hdt.shared_4.17.2.202304211001.jar;D:/Vivad
Launcher Type: generic

[Global flags]
     intx CICompilerCount                          = 4                                         {product} {ergonomic}
     uint ConcGCThreads                            = 2                                         {product} {ergonomic}
     uint G1ConcRefinementThreads                  = 8                                         {product} {ergonomic}
   size_t G1HeapRegionSize                         = 2097152                                   {product} {ergonomic}
    uintx GCDrainStackTargetSize                   = 64                                        {product} {ergonomic}
   size_t InitialHeapSize                          = 536870912                                 {product} {command line}
   size_t MarkStackSize                            = 4194304                                   {product} {ergonomic}
    uintx MaxGCPauseMillis                         = 200                                       {product} {command line}
   size_t MaxHeapSize                              = 4269801472                                {product} {command line}
   size_t MaxNewSize                               = 83886080                                  {product} {command line}
   size_t MinHeapDeltaBytes                        = 2097152                                   {product} {ergonomic}
   size_t MinHeapSize                              = 536870912                                 {product} {command line}
   size_t NewSize                                  = 83886080                                  {product} {command line}
    uintx NonNMethodCodeHeapSize                   = 5839372                                {pd product} {ergonomic}
    uintx NonProfiledCodeHeapSize                  = 122909434                              {pd product} {ergonomic}
     bool ParallelRefProcEnabled                   = true                                      {product} {command line}
    uintx ProfiledCodeHeapSize                     = 122909434                              {pd product} {ergonomic}
    uintx ReservedCodeCacheSize                    = 251658240                              {pd product} {ergonomic}
     bool SegmentedCodeCache                       = true                                      {product} {ergonomic}
   size_t SoftMaxHeapSize                          = 4269801472                             {manageable} {ergonomic}
    uintx StringTableSize                          = 4072                                      {product} {command line}
     intx ThreadStackSize                          = 10240                                  {pd product} {command line}
     bool UseCompressedClassPointers               = true                           {product lp64_product} {ergonomic}
     bool UseCompressedOops                        = true                           {product lp64_product} {ergonomic}
     bool UseG1GC                                  = true                                      {product} {ergonomic}
     bool UseLargePagesIndividualAllocation        = false                                  {pd product} {ergonomic}
     bool UsePerfData                              = false                                     {product} {command line}
     bool UseStringDeduplication                   = true                                      {product} {command line}

Logging:
Log output configuration:
 #0: stdout all=warning uptime,level,tags
 #1: stderr all=off uptime,level,tags

Environment Variables:
JAVA_HOME=C:\Users\debab\AppData\Local\Programs\Eclipse Adoptium\jdk-17.0.11.9-hotspot\
PATH=D:/Vivado/2023.2/bin;D:/Vivado/2023.2/tps/win64/java-cef-95.0.4638.69/bin/lib/win64;D:/Vivado/2023.2/tps/win64/javafx-sdk-17.0.1/lib;D:/Vivado/2023.2/tps/win64/javafx-sdk-17.0.1/bin;D:/Vivado/2023.2/lib/win64.o;D:/Vivado/2023.2/tps/win64/jre17.0.7_7/bin/server;D:/Vivado/2023.2/tps/win64/jre17.0.7_7/bin;D:/Vivado/2023.2/ids_lite/ISE/bin/nt64;D:/Vivado/2023.2/ids_lite/ISE/lib/nt64;D:/Vitis_HLS/2023.2/bin;C:\Program Files (x86)\Common Files\Oracle\Java\java8path;C:\Program Files (x86)\Common Files\Oracle\Java\javapath;C:\Python312\Scripts\;C:\Python312\;C:\oraclexe\app\oracle\product\11.2.0\server\bin;C:\ProgramData\Oracle\Java\javapath;C:\Windows\system32;C:\Windows;C:\Windows\System32\Wbem;C:\Windows\System32\WindowsPowerShell\v1.0\;C:\Windows\System32\OpenSSH\;C:\Program Files (x86)\NVIDIA Corporation\PhysX\Common;C:\Program Files\NVIDIA Corporation\NVIDIA NvDLISR;C:\Program Files\PuTTY\;C:\Program Files\nodejs\;C:\ProgramData\chocolatey\bin;C:\Program Files\Git\cmd;C:\Program Files\dotnet\;C:\Users\debab\AppData\Local\Programs\Eclipse Adoptium\jdk-17.0.11.9-hotspot\bin;C:\Program Files\MySQL\MySQL Shell 8.0\bin\;C:\Users\debab\AppData\Local\Microsoft\WindowsApps;C:\Users\debab\AppData\Local\Programs\Python\Python310;C:\Users\debab\AppData\Local\Programs\Python\Python310\Scripts;C:\Users\debab\AppData\Local\Programs\Microsoft VS Code\bin;C:\Users\debab\AppData\Roaming\npm;;D:/Vivado/2023.2\tps\mingw\6.2.0\win64.o\nt\bin;D:/Vivado/2023.2\tps\mingw\6.2.0\win64.o\nt\libexec\gcc\x86_64-w64-mingw32\6.2.0;D:/Vivado/2023.2\tps\win64\python-3.8.3;D:/Vivado/2023.2\tps\win64\python-3.8.3\bin;D:/Vivado/2023.2\tps\win64\python-3.8.3\lib;D:/Vivado/2023.2\tps\win64\python-3.8.3\lib\site-packages
USERNAME=debab
OS=Windows_NT
PROCESSOR_IDENTIFIER=Intel64 Family 6 Model 165 Stepping 2, GenuineIntel
TMP=C:\Users\debab\AppData\Local\Temp
TEMP=C:\Users\debab\AppData\Local\Temp



---------------  S Y S T E M  ---------------

OS:
 Windows 11 , 64 bit Build 26100 (10.0.26100.3037)
OS uptime: 0 days 16:27 hours
Hyper-V role detected

CPU: total 8 (initial active 8) (4 cores per cpu, 2 threads per core) family 6 model 165 stepping 2 microcode 0xe2, cx8, cmov, fxsr, ht, mmx, 3dnowpref, sse, sse2, sse3, ssse3, sse4.1, sse4.2, popcnt, lzcnt, tsc, tscinvbit, avx, avx2, aes, erms, clmul, bmi1, bmi2, adx, fma, vzeroupper, clflush, clflushopt, hv

Memory: 4k page, system-wide physical 8023M (1331M free)
TotalPageFile size 21335M (AvailPageFile size 5272M)
current process WorkingSet (physical memory assigned to process): 1951M, peak: 3768M
current process commit charge ("private bytes"): 4177M, peak: 10529M

vm_info: OpenJDK 64-Bit Server VM (17.0.7+7) for windows-amd64 JRE (17.0.7+7), built on Apr 18 2023 22:10:42 by "temurin" with MS VC++ 16.7 (VS2019)

END.
