#
# A fatal error has been detected by the Java Runtime Environment:
#
#  EXCEPTION_ACCESS_VIOLATION (0xc0000005) at pc=0x00007ffa00c1d61f, pid=15084, tid=2840
#
# JRE version: OpenJDK Runtime Environment Temurin-17.0.7+7 (17.0.7+7) (build 17.0.7+7)
# Java VM: OpenJDK 64-Bit Server VM Temurin-17.0.7+7 (17.0.7+7, mixed mode, sharing, tiered, compressed oops, compressed class ptrs, g1 gc, windows-amd64)
# Problematic frame:
# C  0x00007ffa00c1d61f
#
# No core dump will be written. Minidumps are not enabled by default on client versions of Windows
#
# If you would like to submit a bug report, please visit:
#   https://github.com/adoptium/adoptium-support/issues
# The crash happened outside the Java Virtual Machine in native code.
# See problematic frame for where to report the bug.
#

---------------  S U M M A R Y ------------

Command Line: -Dsun.java2d.pmoffscreen=false -Dhttps.protocols=TLSv1,TLSv1.1,TLSv1.2 -Dsun.java2d.xrender=false -Dsun.java2d.d3d=false -Dsun.awt.nopixfmt=true -Dsun.java2d.dpiaware=true -Dsun.java2d.uiScale.enabled=false -Dswing.aatext=true -XX:-UsePerfData -Djdk.map.althashing.threshold=512 -XX:StringTableSize=4072 -XX:+UseStringDeduplication -XX:MaxGCPauseMillis=200 -XX:+ParallelRefProcEnabled --add-opens=java.desktop/javax.swing.plaf.synth=ALL-UNNAMED --add-opens=java.base/java.nio=ALL-UNNAMED --add-opens=java.desktop/sun.swing=ALL-UNNAMED --add-opens=java.desktop/javax.swing=ALL-UNNAMED --add-opens=java.desktop/javax.swing.tree=ALL-UNNAMED --add-opens=java.desktop/javax.swing.plaf.basic=ALL-UNNAMED --add-opens=java.desktop/javax.swing.plaf.synth=ALL-UNNAMED --add-opens=java.desktop/javax.swing.plaf.basic=ALL-UNNAMED --add-opens=java.desktop/javax.swing=ALL-UNNAMED --add-opens=java.desktop/javax.swing.tree=ALL-UNNAMED --add-opens=java.desktop/java.awt.event=ALL-UNNAMED --add-exports=java.desktop/javax.swing.plaf.synth=ALL-UNNAMED --add-exports=java.base/java.nio=ALL-UNNAMED --add-exports=java.desktop/sun.swing=ALL-UNNAMED --add-exports=java.desktop/javax.swing=ALL-UNNAMED --add-exports=java.desktop/javax.swing.tree=ALL-UNNAMED --add-exports=java.desktop/javax.swing.plaf.basic=ALL-UNNAMED --add-exports=java.desktop/sun.swing=ALL-UNNAMED --add-exports=java.desktop/sun.swing.table=ALL-UNNAMED --add-exports=java.desktop/sun.swing.plaf.synth=ALL-UNNAMED --add-exports=java.desktop/sun.awt.shell=ALL-UNNAMED --add-exports=java.base/sun.security.action=ALL-UNNAMED --add-exports=java.desktop/sun.font=ALL-UNNAMED -XX:NewSize=80m -XX:MaxNewSize=80m -Xms512m -Xmx4072m -Xss10m 

Host: Intel(R) Core(TM) i5-10300H CPU @ 2.50GHz, 8 cores, 7G,  Windows 11 , 64 bit Build 26100 (10.0.26100.3775)
Time: Sat Apr 12 13:04:02 2025 India Standard Time elapsed time: 10891.519769 seconds (0d 3h 1m 31s)

---------------  T H R E A D  ---------------

Current thread (0x000001499f0dcb60):  JavaThread "AWT-EventQueue-0" [_thread_in_native, id=2840, stack(0x0000002972b00000,0x0000002973500000)]

Stack: [0x0000002972b00000,0x0000002973500000],  sp=0x00000029734fb768,  free space=10221k
Native frames: (J=compiled Java code, j=interpreted, Vv=VM code, C=native code)
C  0x00007ffa00c1d61f

Java frames: (J=compiled Java code, j=interpreted, Vv=VM code)
J 23224  ui.views.waveform.waveformi.WVExecutive_getValueDataSize(J)J (0 bytes) @ 0x00000149891aeb69 [0x00000149891aeb20+0x0000000000000049]
J 23223 c1 ui.views.waveform.executive.a.kYC()Lui/views/waveform/executive/protobuf/WVNameValue$WVValueTreeMessage; (70 bytes) @ 0x000001498090fe7c [0x000001498090fe00+0x000000000000007c]
J 23222 c1 ui.views.waveform.g.D.laE()[Ljava/lang/String; (53 bytes) @ 0x000001498148f794 [0x000001498148f700+0x0000000000000094]
J 21810 c1 ui.views.waveform.g.D.Kp(Z)V (64 bytes) @ 0x00000149818ec3e4 [0x00000149818ec0c0+0x0000000000000324]
J 21809 c1 ui.views.waveform.g.u.Kp(Z)V (36 bytes) @ 0x0000014980d85b54 [0x0000014980d85900+0x0000000000000254]
J 22275 c1 ui.views.waveform.u.aS(ZZ)V (53 bytes) @ 0x000001498209de6c [0x000001498209d8c0+0x00000000000005ac]
J 15766 c1 ui.views.waveform.d.b.j(Lui/frmwork/a/k;)V (605 bytes) @ 0x0000014981a019fc [0x00000149819fb520+0x00000000000064dc]
J 15765 c1 ui.views.waveform.u.handleTclEvent(Lui/frmwork/a/k;)V (17 bytes) @ 0x00000149819fa41c [0x00000149819fa340+0x00000000000000dc]
J 18630 c2 ui.frmwork.a.m.c(Lui/frmwork/a/k;)V (61 bytes) @ 0x0000014988a46440 [0x0000014988a45ee0+0x0000000000000560]
J 18634 c2 ui.frmwork.F.i(JZ)V (471 bytes) @ 0x0000014988a49c88 [0x0000014988a49160+0x0000000000000b28]
J 21987 c2 ui.frmwork.F.fireTclEvent(J)I (113 bytes) @ 0x0000014989041928 [0x0000014989040400+0x0000000000001528]
v  ~StubRoutines::call_stub
J 19152  ui.views.waveform.waveformi.WVExecutive_processModelEvent(JJ)V (0 bytes) @ 0x0000014987ca9cec [0x0000014987ca9ca0+0x000000000000004c]
J 19154 c1 ui.views.waveform.d.b.fS(J)V (109 bytes) @ 0x000001498127efcc [0x000001498127ef00+0x00000000000000cc]
J 15766 c1 ui.views.waveform.d.b.j(Lui/frmwork/a/k;)V (605 bytes) @ 0x0000014981a02704 [0x00000149819fb520+0x00000000000071e4]
J 15765 c1 ui.views.waveform.u.handleTclEvent(Lui/frmwork/a/k;)V (17 bytes) @ 0x00000149819fa41c [0x00000149819fa340+0x00000000000000dc]
J 18630 c2 ui.frmwork.a.m.c(Lui/frmwork/a/k;)V (61 bytes) @ 0x0000014988a46440 [0x0000014988a45ee0+0x0000000000000560]
J 18634 c2 ui.frmwork.F.i(JZ)V (471 bytes) @ 0x0000014988a49c88 [0x0000014988a49160+0x0000000000000b28]
J 15995 c1 ui.frmwork.F.dv(J)V (15 bytes) @ 0x0000014981a8f6ec [0x0000014981a8f660+0x000000000000008c]
J 15994 c1 ui.frmwork.F$$Lambda$220+0x0000000801726de8.run()V (12 bytes) @ 0x0000014981a8f2c4 [0x0000014981a8f240+0x0000000000000084]
J 13796 c2 java.awt.EventQueue.dispatchEvent(Ljava/awt/AWTEvent;)V java.desktop@17.0.7 (80 bytes) @ 0x00000149884c83f4 [0x00000149884c77e0+0x0000000000000c14]
J 17190 c2 ui.frmwork.a.d.dispatchEvent(Ljava/awt/AWTEvent;)V (42 bytes) @ 0x00000149888dcf28 [0x00000149888dc2a0+0x0000000000000c88]
J 14699 c2 java.awt.EventDispatchThread.pumpOneEventForFilters(I)V java.desktop@17.0.7 (113 bytes) @ 0x000001498854d3ec [0x000001498854cfc0+0x000000000000042c]
J 21223 c2 java.awt.EventDispatchThread.pumpEventsForFilter(ILjava/awt/Conditional;Ljava/awt/EventFilter;)V java.desktop@17.0.7 (47 bytes) @ 0x0000014988edd4e4 [0x0000014988edd300+0x00000000000001e4]
j  java.awt.EventDispatchThread.pumpEventsForFilter(Ljava/awt/Conditional;Ljava/awt/EventFilter;)V+4 java.desktop@17.0.7
j  java.awt.WaitDispatchSupport$2.run()V+59 java.desktop@17.0.7
j  java.awt.WaitDispatchSupport$4.run()Ljava/lang/Void;+4 java.desktop@17.0.7
j  java.awt.WaitDispatchSupport$4.run()Ljava/lang/Object;+1 java.desktop@17.0.7
J 10187 c2 java.security.AccessController.doPrivileged(Ljava/security/PrivilegedAction;)Ljava/lang/Object; java.base@17.0.7 (9 bytes) @ 0x0000014987e02ed0 [0x0000014987e02ea0+0x0000000000000030]
j  java.awt.WaitDispatchSupport.enter()Z+260 java.desktop@17.0.7
j  java.awt.Dialog.show()V+225 java.desktop@17.0.7
J 9587 c1 java.awt.Component.setVisible(Z)V java.desktop@17.0.7 (6 bytes) @ 0x000001498114295c [0x0000014981142760+0x00000000000001fc]
j  java.awt.Window.setVisible(Z)V+2 java.desktop@17.0.7
j  java.awt.Dialog.setVisible(Z)V+2 java.desktop@17.0.7
j  ui.dlg.c.e.setVisible(Z)V+2
j  ui.dlg.c.bq.bCa()V+65
j  ui.dlg.c.bq$c.actionPerformed(Ljava/awt/event/ActionEvent;)V+8
j  ui.dlg.c.bq.eTh()V+422
j  ui.views.c.w.b.f.run()V+4
j  ui.views.S.W.a(Ljava/lang/String;ZLjava/lang/Runnable;Ljava/lang/Runnable;)Z+275
j  ui.views.S.W.a(Ljava/lang/String;Ljava/lang/Runnable;Ljava/lang/Runnable;)Z+5
j  ui.views.S.W.c(Ljava/lang/String;Ljava/lang/Runnable;)Z+4
j  ui.views.c.w.b.d.b(Lui/data/design/B;Ljava/lang/String;Ljava/lang/String;)V+472
j  ui.views.c.w.b.d.E(Lui/data/design/B;)V+6
j  ui.views.c.w.b.d.F(Lui/data/design/B;)V+134
j  ui.views.c.w.b.d.run()V+249
j  ui.frmwork.cmd.a.hnk()Z+96
j  ui.utils.ad.actionPerformed(Ljava/awt/event/ActionEvent;)V+4
j  javax.swing.AbstractButton.fireActionPerformed(Ljava/awt/event/ActionEvent;)V+84 java.desktop@17.0.7
j  javax.swing.AbstractButton$Handler.actionPerformed(Ljava/awt/event/ActionEvent;)V+5 java.desktop@17.0.7
j  javax.swing.DefaultButtonModel.fireActionPerformed(Ljava/awt/event/ActionEvent;)V+34 java.desktop@17.0.7
j  javax.swing.DefaultButtonModel.setPressed(Z)V+117 java.desktop@17.0.7
j  javax.swing.AbstractButton.doClick(I)V+60 java.desktop@17.0.7
j  javax.swing.plaf.basic.BasicMenuItemUI.doClick(Ljavax/swing/MenuSelectionManager;)V+47 java.desktop@17.0.7
j  javax.swing.plaf.basic.BasicMenuItemUI$Handler.mouseReleased(Ljava/awt/event/MouseEvent;)V+76 java.desktop@17.0.7
J 22534 c1 java.awt.AWTEventMulticaster.mouseReleased(Ljava/awt/event/MouseEvent;)V java.desktop@17.0.7 (27 bytes) @ 0x0000014982275d84 [0x0000014982275b60+0x0000000000000224]
J 22534 c1 java.awt.AWTEventMulticaster.mouseReleased(Ljava/awt/event/MouseEvent;)V java.desktop@17.0.7 (27 bytes) @ 0x0000014982275d84 [0x0000014982275b60+0x0000000000000224]
J 19740 c1 java.awt.Component.processMouseEvent(Ljava/awt/event/MouseEvent;)V java.desktop@17.0.7 (100 bytes) @ 0x000001498142d31c [0x000001498142cea0+0x000000000000047c]
J 19741 c1 javax.swing.JComponent.processMouseEvent(Ljava/awt/event/MouseEvent;)V java.desktop@17.0.7 (27 bytes) @ 0x00000149806d76f4 [0x00000149806d74e0+0x0000000000000214]
J 24524 c2 java.awt.Container.processEvent(Ljava/awt/AWTEvent;)V java.desktop@17.0.7 (22 bytes) @ 0x0000014988825fc0 [0x0000014988825e00+0x00000000000001c0]
J 24450 c2 java.awt.Component.dispatchEventImpl(Ljava/awt/AWTEvent;)V java.desktop@17.0.7 (777 bytes) @ 0x00000149890813e4 [0x0000014989080480+0x0000000000000f64]
J 24986 c2 java.awt.Container.dispatchEventImpl(Ljava/awt/AWTEvent;)V java.desktop@17.0.7 (129 bytes) @ 0x0000014988762e14 [0x0000014988762cc0+0x0000000000000154]
J 16972 c2 java.awt.LightweightDispatcher.retargetMouseEvent(Ljava/awt/Component;ILjava/awt/event/MouseEvent;)V java.desktop@17.0.7 (372 bytes) @ 0x00000149888a56cc [0x00000149888a5260+0x000000000000046c]
J 21489 c2 java.awt.LightweightDispatcher.processMouseEvent(Ljava/awt/event/MouseEvent;)Z java.desktop@17.0.7 (265 bytes) @ 0x000001498861c028 [0x000001498861b880+0x00000000000007a8]
J 24986 c2 java.awt.Container.dispatchEventImpl(Ljava/awt/AWTEvent;)V java.desktop@17.0.7 (129 bytes) @ 0x0000014988762d70 [0x0000014988762cc0+0x00000000000000b0]
J 21469 c2 java.awt.Window.dispatchEventImpl(Ljava/awt/AWTEvent;)V java.desktop@17.0.7 (23 bytes) @ 0x0000014988f56e6c [0x0000014988f56e20+0x000000000000004c]
J 13826 c2 java.awt.EventQueue.dispatchEventImpl(Ljava/awt/AWTEvent;Ljava/lang/Object;)V java.desktop@17.0.7 (136 bytes) @ 0x00000149884c5014 [0x00000149884c4be0+0x0000000000000434]
J 16854 c2 java.awt.EventQueue$4.run()Ljava/lang/Object; java.desktop@17.0.7 (5 bytes) @ 0x00000149888342f8 [0x00000149888342a0+0x0000000000000058]
J 13796 c2 java.awt.EventQueue.dispatchEvent(Ljava/awt/AWTEvent;)V java.desktop@17.0.7 (80 bytes) @ 0x00000149884c82fc [0x00000149884c77e0+0x0000000000000b1c]
J 17190 c2 ui.frmwork.a.d.dispatchEvent(Ljava/awt/AWTEvent;)V (42 bytes) @ 0x00000149888dcf28 [0x00000149888dc2a0+0x0000000000000c88]
J 14699 c2 java.awt.EventDispatchThread.pumpOneEventForFilters(I)V java.desktop@17.0.7 (113 bytes) @ 0x000001498854d3ec [0x000001498854cfc0+0x000000000000042c]
J 21144% c2 java.awt.EventDispatchThread.pumpEventsForFilter(ILjava/awt/Conditional;Ljava/awt/EventFilter;)V java.desktop@17.0.7 (47 bytes) @ 0x0000014988ea4a34 [0x0000014988ea4900+0x0000000000000134]
j  java.awt.EventDispatchThread.pumpEventsForHierarchy(ILjava/awt/Conditional;Ljava/awt/Component;)V+11 java.desktop@17.0.7
j  java.awt.EventDispatchThread.pumpEvents(ILjava/awt/Conditional;)V+4 java.desktop@17.0.7
j  java.awt.EventDispatchThread.pumpEvents(Ljava/awt/Conditional;)V+3 java.desktop@17.0.7
j  java.awt.EventDispatchThread.run()V+9 java.desktop@17.0.7
v  ~StubRoutines::call_stub

siginfo: EXCEPTION_ACCESS_VIOLATION (0xc0000005), reading address 0x0000000000000010


Register to memory mapping:

RIP=0x00007ffa00c1d61f points into unknown readable memory: 83
RAX=0x0 is NULL
RBX=0x00000029734fb9a8 is pointing into the stack for thread: 0x000001499f0dcb60
RCX=0x0000014a108b42e0 points into unknown readable memory: 0x0000000000000000 | 00 00 00 00 00 00 00 00
RDX=0x0 is NULL
RSP=0x00000029734fb768 is pointing into the stack for thread: 0x000001499f0dcb60
RBP=0x0000014a108b42e0 points into unknown readable memory: 0x0000000000000000 | 00 00 00 00 00 00 00 00
RSI=0x00000149ea483be0 points into unknown readable memory: 0x0000000000043eef | ef 3e 04 00 00 00 00 00
RDI=0x00000029734fb990 is pointing into the stack for thread: 0x000001499f0dcb60
R8 =0x00000149ecdc48c0 points into unknown readable memory: 0x00000149ecdc0d20 | 20 0d dc ec 49 01 00 00
R9 =0x0000000000000040 is an unknown value
R10=0x00000149ecdc0000 points into unknown readable memory: 0x0000000000000000 | 00 00 00 00 00 00 00 00
R11=0x00007ffa6f8116d1 VCRUNTIME140.dll
R12=0x00000029734fb808 is pointing into the stack for thread: 0x000001499f0dcb60
R13=0x00000029734fba00 is pointing into the stack for thread: 0x000001499f0dcb60
R14=0x0000000000000001 is an unknown value
R15=0x00000149f4971b38 points into unknown readable memory: 0x0000014a497508a0 | a0 08 75 49 4a 01 00 00


Registers:
RAX=0x0000000000000000, RBX=0x00000029734fb9a8, RCX=0x0000014a108b42e0, RDX=0x0000000000000000
RSP=0x00000029734fb768, RBP=0x0000014a108b42e0, RSI=0x00000149ea483be0, RDI=0x00000029734fb990
R8 =0x00000149ecdc48c0, R9 =0x0000000000000040, R10=0x00000149ecdc0000, R11=0x00007ffa6f8116d1
R12=0x00000029734fb808, R13=0x00000029734fba00, R14=0x0000000000000001, R15=0x00000149f4971b38
RIP=0x00007ffa00c1d61f, EFLAGS=0x0000000000010246

Top of Stack: (sp=0x00000029734fb768)
0x00000029734fb768:   00007ffa00bfd981 00000029734fb9a8
0x00000029734fb778:   0000014a108b4be0 00000149ea483be0
0x00000029734fb788:   00000029734fba70 0000000000000eff
0x00000029734fb798:   00000029734fba70 00000029734fba30
0x00000029734fb7a8:   0000000000043ee8 0000000000000007
0x00000029734fb7b8:   00007ff9b866bf7a 00000029734fb820
0x00000029734fb7c8:   0000014a108b42e0 0000014a8a30f1b0
0x00000029734fb7d8:   0000000000043eeb 0000000000043eef
0x00000029734fb7e8:   0000000000000007 fffffffffffffffe
0x00000029734fb7f8:   0000000000043ee8 00002f8d00000008
0x00000029734fb808:   00000149ea483bd0 00000149ea483bf0
0x00000029734fb818:   00000149ea483bf0 00000149f4971b20
0x00000029734fb828:   00000029734fbb38 00000029734fba70
0x00000029734fb838:   00000029734fba30 0000000000002000
0x00000029734fb848:   00007ff9b866bd50 0000000080000000
0x00000029734fb858:   0000000000001100 0000000000000002 

Instructions: (pc=0x00007ffa00c1d61f)
0x00007ffa00c1d51f:   c8 e9 6b ff ff ff cc cc cc cc cc cc cc cc cc cc
0x00007ffa00c1d52f:   cc 48 89 5c 24 10 56 48 8b 99 f8 00 00 00 33 f6
0x00007ffa00c1d53f:   89 b1 f0 00 00 00 48 85 db 74 78 44 8b 43 10 8b
0x00007ffa00c1d54f:   c6 41 83 e8 01 48 89 7c 24 10 44 8b ce 40 0f b6
0x00007ffa00c1d55f:   fe 78 34 4c 8b 59 20 66 66 0f 1f 84 00 00 00 00
0x00007ffa00c1d56f:   00 43 8d 04 08 99 2b c2 d1 f8 4c 3b 5c c3 18 7e
0x00007ffa00c1d57f:   06 44 8d 48 01 eb 06 7d 0b 44 8d 40 ff 45 3b c8
0x00007ffa00c1d58f:   7e df eb 03 40 b7 01 40 84 ff 48 8b 7c 24 10 74
0x00007ffa00c1d59f:   0d 89 81 f0 00 00 00 48 8b 5c 24 18 5e c3 45 3b
0x00007ffa00c1d5af:   c8 45 0f 4c c1 45 85 c0 44 0f 48 c6 44 89 81 f0
0x00007ffa00c1d5bf:   00 00 00 48 8b 5c 24 18 5e c3 cc cc cc cc cc cc
0x00007ffa00c1d5cf:   cc 83 79 38 ff 0f 95 c0 c3 cc cc cc cc cc cc cc
0x00007ffa00c1d5df:   cc 8b 51 5c 85 d2 74 43 83 ea 01 74 3b 83 ea 01
0x00007ffa00c1d5ef:   74 2a 83 fa 01 75 34 48 8b 49 68 80 b9 49 48 00
0x00007ffa00c1d5ff:   00 00 74 06 83 79 30 00 75 1e 48 8b 81 68 48 00
0x00007ffa00c1d60f:   00 48 39 81 60 48 00 00 0f 94 c0 c3 48 8b 41 60
0x00007ffa00c1d61f:   83 78 10 00 0f 94 c0 c3 32 c0 c3 b0 01 c3 cc cc
0x00007ffa00c1d62f:   cc 40 53 48 83 ec 20 48 8b d9 e8 42 fd ff ff 48
0x00007ffa00c1d63f:   8b 43 40 48 39 43 38 74 2c 48 8b c8 48 8b 43 30
0x00007ffa00c1d64f:   48 85 c0 7e 0e 48 8b 51 d8 48 85 d2 7e 05 48 3b
0x00007ffa00c1d65f:   c2 7d 2e 8b 41 f8 3b 41 e8 74 0a 48 8b 94 c1 d8
0x00007ffa00c1d66f:   bf ff ff eb 02 33 d2 48 8b 4b 08 4c 8d 43 50 41
0x00007ffa00c1d67f:   b9 20 48 00 00 48 8b 01 48 83 c4 20 5b 48 ff 60
0x00007ffa00c1d68f:   10 48 83 c4 20 5b c3 cc cc cc cc cc cc cc cc cc
0x00007ffa00c1d69f:   cc 40 57 48 83 ec 20 80 79 59 00 48 8b f9 0f 85
0x00007ffa00c1d6af:   86 01 00 00 8b 81 f0 00 00 00 ff c0 89 81 f0 00
0x00007ffa00c1d6bf:   00 00 48 8b 89 f8 00 00 00 48 85 c9 74 0d 84 d2
0x00007ffa00c1d6cf:   75 09 3b 41 10 0f 82 5f 01 00 00 48 89 5c 24 30
0x00007ffa00c1d6df:   48 89 74 24 38 48 8d b7 00 01 00 00 48 8b ce c6
0x00007ffa00c1d6ef:   47 59 01 48 c7 87 f8 00 00 00 00 00 00 00 c7 87
0x00007ffa00c1d6ff:   f0 00 00 00 00 00 00 00 e8 74 fc ff ff 48 8b 46
0x00007ffa00c1d70f:   40 48 39 46 38 74 46 48 8b c8 0f 1f 80 00 00 00 


Stack slot to memory mapping:
stack at sp + 0 slots: 0x00007ffa00bfd981 points into unknown readable memory: 84 c0 0f 84 85 00 00
stack at sp + 1 slots: 0x00000029734fb9a8 is pointing into the stack for thread: 0x000001499f0dcb60
stack at sp + 2 slots: 0x0000014a108b4be0 points into unknown readable memory: 0x0000000000000000 | 00 00 00 00 00 00 00 00
stack at sp + 3 slots: 0x00000149ea483be0 points into unknown readable memory: 0x0000000000043eef | ef 3e 04 00 00 00 00 00
stack at sp + 4 slots: 0x00000029734fba70 is pointing into the stack for thread: 0x000001499f0dcb60
stack at sp + 5 slots: 0x0000000000000eff is an unknown value
stack at sp + 6 slots: 0x00000029734fba70 is pointing into the stack for thread: 0x000001499f0dcb60
stack at sp + 7 slots: 0x00000029734fba30 is pointing into the stack for thread: 0x000001499f0dcb60


---------------  P R O C E S S  ---------------

Threads class SMR info:
_java_thread_list=0x00000149b7f08490, length=50, elements={
0x00000149f7d8e8f0, 0x00000149f803a9e0, 0x00000149f803f2b0, 0x00000149f805c4d0,
0x00000149f805cd90, 0x00000149f805de60, 0x00000149f806f370, 0x00000149f80727c0,
0x00000149f80730c0, 0x00000149f807a630, 0x000001499f0da9b0, 0x000001499f0dc690,
0x000001499f0dbcf0, 0x000001499f0db350, 0x000001499f0dd9d0, 0x000001499f0db820,
0x000001499f0dcb60, 0x000001499f0da4e0, 0x000001499f0dd030, 0x000001499f0dc1c0,
0x00000149a130bc80, 0x00000149a4de0f10, 0x00000149a4de13e0, 0x00000149a9206ef0,
0x00000149a9209a40, 0x00000149a3b5fe00, 0x00000149a130c150, 0x00000149a18c5a60,
0x00000149a18c7270, 0x00000149a18c3d80, 0x00000149a18c4bf0, 0x00000149a18c5590,
0x00000149a18c7740, 0x00000149a18c7c10, 0x00000149a18c6400, 0x00000149a18c80e0,
0x00000149a18c6da0, 0x00000149b4b5bf10, 0x00000149b4b59d60, 0x00000149b4b5d250,
0x00000149b4b59890, 0x00000149b4b5ea60, 0x00000149b4b60270, 0x00000149b4b61a80,
0x00000149b4b5b0a0, 0x00000149b4b5a700, 0x00000149b4b57bb0, 0x00000149b4b62dc0,
0x00000149b4b64100, 0x00000149a18c98f0
}

Java Threads: ( => current thread )
  0x00000149f7d8e8f0 JavaThread "main" [_thread_blocked, id=17308, stack(0x0000002969d00000,0x0000002969e00000)]
  0x00000149f803a9e0 JavaThread "Reference Handler" daemon [_thread_blocked, id=14696, stack(0x000000296a500000,0x000000296af00000)]
  0x00000149f803f2b0 JavaThread "Finalizer" daemon [_thread_blocked, id=5936, stack(0x000000296af00000,0x000000296b900000)]
  0x00000149f805c4d0 JavaThread "Signal Dispatcher" daemon [_thread_blocked, id=6032, stack(0x000000296b900000,0x000000296c300000)]
  0x00000149f805cd90 JavaThread "Attach Listener" daemon [_thread_blocked, id=820, stack(0x000000296c300000,0x000000296cd00000)]
  0x00000149f805de60 JavaThread "Service Thread" daemon [_thread_blocked, id=17032, stack(0x000000296cd00000,0x000000296d700000)]
  0x00000149f806f370 JavaThread "Monitor Deflation Thread" daemon [_thread_blocked, id=5404, stack(0x000000296d700000,0x000000296e100000)]
  0x00000149f80727c0 JavaThread "C2 CompilerThread0" daemon [_thread_blocked, id=16960, stack(0x000000296e100000,0x000000296e200000)]
  0x00000149f80730c0 JavaThread "C1 CompilerThread0" daemon [_thread_blocked, id=10108, stack(0x000000296e200000,0x000000296e300000)]
  0x00000149f807a630 JavaThread "Sweeper thread" daemon [_thread_blocked, id=11640, stack(0x000000296e300000,0x000000296ed00000)]
  0x000001499f0da9b0 JavaThread "Common-Cleaner" daemon [_thread_blocked, id=12068, stack(0x000000296ed00000,0x000000296f700000)]
  0x000001499f0dc690 JavaThread "Notification Thread" daemon [_thread_blocked, id=15928, stack(0x000000296f700000,0x0000002970100000)]
  0x000001499f0dbcf0 JavaThread "Java2D Disposer" daemon [_thread_blocked, id=17944, stack(0x0000002970200000,0x0000002970c00000)]
  0x000001499f0db350 JavaThread "AWT-Shutdown" [_thread_blocked, id=7012, stack(0x0000002970c00000,0x0000002971600000)]
  0x000001499f0dd9d0 JavaThread "AWT-Windows" daemon [_thread_in_native, id=8412, stack(0x0000002971600000,0x0000002972000000)]
  0x000001499f0db820 JavaThread "TimerQueue" daemon [_thread_blocked, id=10640, stack(0x0000002972100000,0x0000002972b00000)]
=>0x000001499f0dcb60 JavaThread "AWT-EventQueue-0" [_thread_in_native, id=2840, stack(0x0000002972b00000,0x0000002973500000)]
  0x000001499f0da4e0 JavaThread "Thread-1" [_thread_in_native, id=10396, stack(0x0000002968300000,0x0000002969700000)]
  0x000001499f0dd030 JavaThread "Process Messages Thread" [_thread_blocked, id=14740, stack(0x0000002975200000,0x0000002975c00000)]
  0x000001499f0dc1c0 JavaThread "Batik CleanerThread" daemon [_thread_blocked, id=4084, stack(0x0000002974800000,0x0000002975200000)]
  0x00000149a130bc80 JavaThread "SyntheticaCleanerThread" daemon [_thread_blocked, id=528, stack(0x0000002976700000,0x0000002977100000)]
  0x00000149a4de0f10 JavaThread "Timer-0" [_thread_blocked, id=16832, stack(0x0000002977b00000,0x0000002978500000)]
  0x00000149a4de13e0 JavaThread "Monitor File Timestamp Swing Worker Thread" [_thread_blocked, id=14836, stack(0x0000002978500000,0x0000002978f00000)]
  0x00000149a9206ef0 JavaThread "Monitor HEventQueue Thread" [_thread_blocked, id=2552, stack(0x0000002979000000,0x0000002979a00000)]
  0x00000149a9209a40 JavaThread "SyntheticaAnimation 50" daemon [_thread_blocked, id=14664, stack(0x0000002979a00000,0x000000297a400000)]
  0x00000149a3b5fe00 JavaThread "SyntheticaAnimation 25" daemon [_thread_blocked, id=10884, stack(0x000000297a400000,0x000000297ae00000)]
  0x00000149a130c150 JavaThread "SyntheticaAnimation 70" daemon [_thread_blocked, id=8252, stack(0x0000002975d00000,0x0000002976700000)]
  0x00000149a18c5a60 JavaThread "Refresh Filesets Swing Worker Thread" [_thread_blocked, id=16516, stack(0x0000002977100000,0x0000002977b00000)]
  0x00000149a18c7270 JavaThread "hw_ila_monitor" [_thread_blocked, id=16500, stack(0x000000297ae00000,0x000000297b800000)]
  0x00000149a18c3d80 JavaThread "pool-2-thread-1" [_thread_blocked, id=2460, stack(0x000000297cc00000,0x000000297d600000)]
  0x00000149a18c4bf0 JavaThread "Timer-1" [_thread_blocked, id=564, stack(0x000000297d600000,0x000000297e000000)]
  0x00000149a18c5590 JavaThread "pool-3-thread-1" [_thread_blocked, id=17364, stack(0x000000297e000000,0x000000297ea00000)]
  0x00000149a18c7740 JavaThread "Timer-2" [_thread_blocked, id=9632, stack(0x000000297ea00000,0x000000297f400000)]
  0x00000149a18c7c10 JavaThread "pool-4-thread-1" [_thread_blocked, id=6632, stack(0x000000297f400000,0x000000297fe00000)]
  0x00000149a18c6400 JavaThread "Timer-3" [_thread_blocked, id=16580, stack(0x0000002900000000,0x0000002900a00000)]
  0x00000149a18c80e0 JavaThread "Update Runs Swing Worker Thread" [_thread_blocked, id=12160, stack(0x0000002901400000,0x0000002901e00000)]
  0x00000149a18c6da0 JavaThread "SyntheticaAnimation 50" daemon [_thread_blocked, id=5752, stack(0x0000002901e00000,0x0000002902800000)]
  0x00000149b4b5bf10 JavaThread "Timer-4" [_thread_blocked, id=4808, stack(0x0000002902800000,0x0000002903200000)]
  0x00000149b4b59d60 JavaThread "Monitor File Timestamp Swing Worker Thread" [_thread_blocked, id=16868, stack(0x0000002903300000,0x0000002903d00000)]
  0x00000149b4b5d250 JavaThread "Image Animator 3" daemon [_thread_blocked, id=11756, stack(0x0000002905b00000,0x0000002906500000)]
  0x00000149b4b59890 JavaThread "Thread-613" [_thread_in_native, id=9720, stack(0x0000002900d00000,0x0000002900e00000)]
  0x00000149b4b5ea60 JavaThread "Thread-614" [_thread_in_native, id=3416, stack(0x0000002900e00000,0x0000002900f00000)]
  0x00000149b4b60270 JavaThread "Timer-11" [_thread_blocked, id=18336, stack(0x0000002904700000,0x0000002905100000)]
  0x00000149b4b61a80 JavaThread "Monitor File Timestamp Swing Worker Thread" [_thread_blocked, id=15268, stack(0x0000002905100000,0x0000002905b00000)]
  0x00000149b4b5b0a0 JavaThread "Timer-16" [_thread_blocked, id=13740, stack(0x0000002907900000,0x0000002908300000)]
  0x00000149b4b5a700 JavaThread "Monitor File Timestamp Swing Worker Thread" [_thread_blocked, id=3900, stack(0x0000002909700000,0x000000290a100000)]
  0x00000149b4b57bb0 JavaThread "Swing-Shell" daemon [_thread_blocked, id=8596, stack(0x0000002903d00000,0x0000002904700000)]
  0x00000149b4b62dc0 JavaThread "Timer-27" [_thread_blocked, id=7812, stack(0x0000002908d00000,0x0000002909700000)]
  0x00000149b4b64100 JavaThread "Monitor File Timestamp Swing Worker Thread" [_thread_blocked, id=17940, stack(0x000000290a100000,0x000000290ab00000)]
  0x00000149a18c98f0 JavaThread "Run Simulation Thread" [_thread_blocked, id=14228, stack(0x0000002906500000,0x0000002906f00000)]

Other Threads:
  0x00000149f63bb5a0 VMThread "VM Thread" [stack: 0x000000296a400000,0x000000296a500000] [id=14552]
  0x00000149f4280e70 WatcherThread [stack: 0x0000002970100000,0x0000002970200000] [id=14396]
  0x00000149f61ee7c0 GCTaskThread "GC Thread#0" [stack: 0x0000002969e00000,0x0000002969f00000] [id=7496]
  0x00000149f61f0550 GCTaskThread "GC Thread#1" [stack: 0x0000002973f00000,0x0000002974000000] [id=6600]
  0x00000149f61f2030 GCTaskThread "GC Thread#2" [stack: 0x0000002974000000,0x0000002974100000] [id=16900]
  0x00000149f61f3050 GCTaskThread "GC Thread#3" [stack: 0x0000002974100000,0x0000002974200000] [id=15592]
  0x00000149f61ef530 GCTaskThread "GC Thread#4" [stack: 0x0000002974200000,0x0000002974300000] [id=17224]
  0x00000149f61ef280 GCTaskThread "GC Thread#5" [stack: 0x0000002974300000,0x0000002974400000] [id=568]
  0x00000149f61f2840 GCTaskThread "GC Thread#6" [stack: 0x0000002974400000,0x0000002974500000] [id=12332]
  0x00000149f61f2af0 GCTaskThread "GC Thread#7" [stack: 0x0000002974500000,0x0000002974600000] [id=15796]
  0x00000149f7da4a40 ConcurrentGCThread "G1 Main Marker" [stack: 0x0000002969f00000,0x000000296a000000] [id=10644]
  0x00000149f61eb760 ConcurrentGCThread "G1 Conc#0" [stack: 0x000000296a000000,0x000000296a100000] [id=16424]
  0x00000149f61f1570 ConcurrentGCThread "G1 Conc#1" [stack: 0x0000002975c00000,0x0000002975d00000] [id=6664]
  0x00000149f7f5ec40 ConcurrentGCThread "G1 Refine#0" [stack: 0x000000296a100000,0x000000296a200000] [id=12460]
  0x00000149a041a090 ConcurrentGCThread "G1 Refine#1" [stack: 0x0000002974600000,0x0000002974700000] [id=15224]
  0x00000149b7fb2aa0 ConcurrentGCThread "G1 Refine#2" [stack: 0x0000002900b00000,0x0000002900c00000] [id=8584]
  0x00000149f7f5f520 ConcurrentGCThread "G1 Service" [stack: 0x000000296a200000,0x000000296a300000] [id=14472]
  0x00000149f61eba10 ConcurrentGCThread "StringDedupProcessor" [stack: 0x000000296a300000,0x000000296a400000] [id=1872]

Threads with active compile tasks:

VM state: not at safepoint (normal execution)

VM Mutex/Monitor currently owned by a thread: None

Heap address: 0x0000000701800000, size: 4072 MB, Compressed Oops mode: Zero based, Oop shift amount: 3

CDS archive(s) mapped at: [0x0000000800000000-0x0000000800bc0000-0x0000000800bc0000), size 12320768, SharedBaseAddress: 0x0000000800000000, ArchiveRelocationMode: 0.
Compressed class space mapped at: 0x0000000801000000-0x0000000841000000, reserved size: 1073741824
Narrow klass base: 0x0000000800000000, Narrow klass shift: 0, Narrow klass range: 0x100000000

GC Precious Log:
 CPUs: 8 total, 8 available
 Memory: 8023M
 Large Page Support: Disabled
 NUMA Support: Disabled
 Compressed Oops: Enabled (Zero based)
 Heap Region Size: 2M
 Heap Min Capacity: 512M
 Heap Initial Capacity: 512M
 Heap Max Capacity: 4072M
 Pre-touch: Disabled
 Parallel Workers: 8
 Concurrent Workers: 2
 Concurrent Refinement Workers: 8
 Periodic GC: Disabled
 String Deduplication is enabled

Heap:
 garbage-first heap   total 602112K, used 225430K [0x0000000701800000, 0x0000000800000000)
  region size 2048K, 22 young (45056K), 0 survivors (0K)
 Metaspace       used 93619K, committed 94144K, reserved 1179648K
  class space    used 13050K, committed 13312K, reserved 1048576K

Heap Regions: E=young(eden), S=young(survivor), O=old, HS=humongous(starts), HC=humongous(continues), CS=collection set, F=free, OA=open archive, CA=closed archive, TAMS=top-at-mark-start (previous, next)
|   0|0x0000000701800000, 0x0000000701a00000, 0x0000000701a00000|100%|HS|  |TAMS 0x0000000701a00000, 0x0000000701800000| Untracked 
|   1|0x0000000701a00000, 0x0000000701bffff0, 0x0000000701c00000| 99%| O|  |TAMS 0x0000000701bffff0, 0x0000000701a00000| Untracked 
|   2|0x0000000701c00000, 0x0000000701de8668, 0x0000000701e00000| 95%| O|  |TAMS 0x0000000701de8668, 0x0000000701c00000| Untracked 
|   3|0x0000000701e00000, 0x0000000701fffe78, 0x0000000702000000| 99%| O|  |TAMS 0x0000000701fffe78, 0x0000000701e00000| Untracked 
|   4|0x0000000702000000, 0x00000007021fffc8, 0x0000000702200000| 99%| O|  |TAMS 0x00000007021fffc8, 0x0000000702000000| Untracked 
|   5|0x0000000702200000, 0x00000007023ffff8, 0x0000000702400000| 99%| O|  |TAMS 0x00000007023ffff8, 0x0000000702200000| Untracked 
|   6|0x0000000702400000, 0x0000000702600000, 0x0000000702600000|100%| O|  |TAMS 0x0000000702600000, 0x0000000702400000| Untracked 
|   7|0x0000000702600000, 0x00000007027ffff0, 0x0000000702800000| 99%| O|  |TAMS 0x00000007027ffff0, 0x0000000702600000| Untracked 
|   8|0x0000000702800000, 0x0000000702a00000, 0x0000000702a00000|100%| O|  |TAMS 0x0000000702a00000, 0x0000000702800000| Untracked 
|   9|0x0000000702a00000, 0x0000000702c00000, 0x0000000702c00000|100%| O|  |TAMS 0x0000000702c00000, 0x0000000702a00000| Untracked 
|  10|0x0000000702c00000, 0x0000000702dffff0, 0x0000000702e00000| 99%| O|  |TAMS 0x0000000702dffff0, 0x0000000702c00000| Untracked 
|  11|0x0000000702e00000, 0x0000000702fffff0, 0x0000000703000000| 99%| O|  |TAMS 0x0000000702fffff0, 0x0000000702e00000| Untracked 
|  12|0x0000000703000000, 0x00000007031fffe8, 0x0000000703200000| 99%| O|  |TAMS 0x00000007031fffe8, 0x0000000703000000| Untracked 
|  13|0x0000000703200000, 0x00000007033ffed8, 0x0000000703400000| 99%| O|  |TAMS 0x00000007033ffed8, 0x0000000703200000| Untracked 
|  14|0x0000000703400000, 0x00000007035fffc8, 0x0000000703600000| 99%| O|  |TAMS 0x00000007035fffc8, 0x0000000703400000| Untracked 
|  15|0x0000000703600000, 0x00000007037fff10, 0x0000000703800000| 99%| O|  |TAMS 0x00000007037fff10, 0x0000000703600000| Untracked 
|  16|0x0000000703800000, 0x00000007039ffff8, 0x0000000703a00000| 99%| O|  |TAMS 0x00000007039ffff8, 0x0000000703800000| Untracked 
|  17|0x0000000703a00000, 0x0000000703bffff8, 0x0000000703c00000| 99%| O|  |TAMS 0x0000000703bffff8, 0x0000000703a00000| Untracked 
|  18|0x0000000703c00000, 0x0000000703dffff8, 0x0000000703e00000| 99%| O|  |TAMS 0x0000000703dffff8, 0x0000000703c00000| Untracked 
|  19|0x0000000703e00000, 0x0000000703fffff8, 0x0000000704000000| 99%| O|  |TAMS 0x0000000703fffff8, 0x0000000703e00000| Untracked 
|  20|0x0000000704000000, 0x00000007041ffe90, 0x0000000704200000| 99%| O|  |TAMS 0x00000007041ffe90, 0x0000000704000000| Untracked 
|  21|0x0000000704200000, 0x0000000704400000, 0x0000000704400000|100%| O|  |TAMS 0x0000000704400000, 0x0000000704200000| Untracked 
|  22|0x0000000704400000, 0x00000007045ffff0, 0x0000000704600000| 99%| O|  |TAMS 0x00000007045ffff0, 0x0000000704400000| Untracked 
|  23|0x0000000704600000, 0x0000000704800000, 0x0000000704800000|100%| O|  |TAMS 0x0000000704800000, 0x0000000704600000| Untracked 
|  24|0x0000000704800000, 0x00000007049fe0b0, 0x0000000704a00000| 99%| O|  |TAMS 0x00000007049fe0b0, 0x0000000704800000| Untracked 
|  25|0x0000000704a00000, 0x0000000704bfffd0, 0x0000000704c00000| 99%| O|  |TAMS 0x0000000704bfffd0, 0x0000000704a00000| Untracked 
|  26|0x0000000704c00000, 0x0000000704dffff0, 0x0000000704e00000| 99%| O|  |TAMS 0x0000000704dffff0, 0x0000000704c00000| Untracked 
|  27|0x0000000704e00000, 0x0000000705000000, 0x0000000705000000|100%| O|  |TAMS 0x0000000705000000, 0x0000000704e00000| Untracked 
|  28|0x0000000705000000, 0x00000007051fffd0, 0x0000000705200000| 99%| O|  |TAMS 0x00000007051fffd0, 0x0000000705000000| Untracked 
|  29|0x0000000705200000, 0x00000007053ffff8, 0x0000000705400000| 99%| O|  |TAMS 0x00000007053ffff8, 0x0000000705200000| Untracked 
|  30|0x0000000705400000, 0x00000007055fff38, 0x0000000705600000| 99%| O|  |TAMS 0x00000007055fff38, 0x0000000705400000| Untracked 
|  31|0x0000000705600000, 0x00000007057ffff0, 0x0000000705800000| 99%| O|  |TAMS 0x00000007057ffff0, 0x0000000705600000| Untracked 
|  32|0x0000000705800000, 0x00000007059fffe8, 0x0000000705a00000| 99%| O|  |TAMS 0x00000007059fffe8, 0x0000000705800000| Untracked 
|  33|0x0000000705a00000, 0x0000000705bfff58, 0x0000000705c00000| 99%| O|  |TAMS 0x0000000705bfff58, 0x0000000705a00000| Untracked 
|  34|0x0000000705c00000, 0x0000000705dfffb0, 0x0000000705e00000| 99%| O|  |TAMS 0x0000000705dfffb0, 0x0000000705c00000| Untracked 
|  35|0x0000000705e00000, 0x0000000705fffff8, 0x0000000706000000| 99%| O|  |TAMS 0x0000000705fffff8, 0x0000000705e00000| Untracked 
|  36|0x0000000706000000, 0x00000007061fffe0, 0x0000000706200000| 99%| O|  |TAMS 0x00000007061fffe0, 0x0000000706000000| Untracked 
|  37|0x0000000706200000, 0x00000007063ffff8, 0x0000000706400000| 99%| O|  |TAMS 0x00000007063ffff8, 0x0000000706200000| Untracked 
|  38|0x0000000706400000, 0x00000007065fffe8, 0x0000000706600000| 99%| O|  |TAMS 0x00000007065fffe8, 0x0000000706400000| Untracked 
|  39|0x0000000706600000, 0x00000007067ffff8, 0x0000000706800000| 99%| O|  |TAMS 0x00000007067ffff8, 0x0000000706600000| Untracked 
|  40|0x0000000706800000, 0x00000007069fffe8, 0x0000000706a00000| 99%| O|  |TAMS 0x0000000706800000, 0x0000000706800000| Untracked 
|  41|0x0000000706a00000, 0x0000000706bffff8, 0x0000000706c00000| 99%| O|  |TAMS 0x0000000706a00000, 0x0000000706a00000| Untracked 
|  42|0x0000000706c00000, 0x0000000706dfffe8, 0x0000000706e00000| 99%| O|  |TAMS 0x0000000706dfffe8, 0x0000000706c00000| Untracked 
|  43|0x0000000706e00000, 0x0000000706ffffe0, 0x0000000707000000| 99%| O|  |TAMS 0x0000000706ffffe0, 0x0000000706e00000| Untracked 
|  44|0x0000000707000000, 0x0000000707200000, 0x0000000707200000|100%|HS|  |TAMS 0x0000000707200000, 0x0000000707000000| Untracked 
|  45|0x0000000707200000, 0x0000000707400000, 0x0000000707400000|100%|HC|  |TAMS 0x0000000707400000, 0x0000000707200000| Untracked 
|  46|0x0000000707400000, 0x00000007075fffe8, 0x0000000707600000| 99%| O|  |TAMS 0x0000000707400000, 0x0000000707400000| Untracked 
|  47|0x0000000707600000, 0x0000000707800000, 0x0000000707800000|100%| O|  |TAMS 0x0000000707800000, 0x0000000707600000| Untracked 
|  48|0x0000000707800000, 0x00000007079ffff8, 0x0000000707a00000| 99%| O|  |TAMS 0x0000000707800000, 0x0000000707800000| Untracked 
|  49|0x0000000707a00000, 0x0000000707c00000, 0x0000000707c00000|100%| O|  |TAMS 0x0000000707a00000, 0x0000000707a00000| Untracked 
|  50|0x0000000707c00000, 0x0000000707dffff0, 0x0000000707e00000| 99%| O|  |TAMS 0x0000000707c00000, 0x0000000707c00000| Untracked 
|  51|0x0000000707e00000, 0x0000000707fffff8, 0x0000000708000000| 99%| O|  |TAMS 0x0000000707e00000, 0x0000000707e00000| Untracked 
|  52|0x0000000708000000, 0x00000007081fffe8, 0x0000000708200000| 99%| O|  |TAMS 0x0000000708000000, 0x0000000708000000| Untracked 
|  53|0x0000000708200000, 0x00000007083ffff0, 0x0000000708400000| 99%| O|  |TAMS 0x0000000708200000, 0x0000000708200000| Untracked 
|  54|0x0000000708400000, 0x00000007085ffff0, 0x0000000708600000| 99%| O|  |TAMS 0x0000000708400000, 0x0000000708400000| Untracked 
|  55|0x0000000708600000, 0x00000007087ffe40, 0x0000000708800000| 99%| O|  |TAMS 0x0000000708600000, 0x0000000708600000| Untracked 
|  56|0x0000000708800000, 0x00000007089b27e0, 0x0000000708a00000| 84%| O|  |TAMS 0x0000000708800000, 0x0000000708800000| Untracked 
|  57|0x0000000708a00000, 0x0000000708bffff0, 0x0000000708c00000| 99%| O|  |TAMS 0x0000000708a00000, 0x0000000708a00000| Untracked 
|  58|0x0000000708c00000, 0x0000000708dfffc8, 0x0000000708e00000| 99%| O|  |TAMS 0x0000000708c00000, 0x0000000708c00000| Untracked 
|  59|0x0000000708e00000, 0x0000000708f36328, 0x0000000709000000| 60%| O|  |TAMS 0x0000000708e00000, 0x0000000708e00000| Untracked 
|  60|0x0000000709000000, 0x0000000709200000, 0x0000000709200000|100%|HS|  |TAMS 0x0000000709000000, 0x0000000709000000| Complete 
|  61|0x0000000709200000, 0x00000007093ffff8, 0x0000000709400000| 99%| O|  |TAMS 0x0000000709200000, 0x0000000709200000| Untracked 
|  62|0x0000000709400000, 0x00000007094ef148, 0x0000000709600000| 46%| O|  |TAMS 0x0000000709400000, 0x0000000709400000| Untracked 
|  63|0x0000000709600000, 0x0000000709800000, 0x0000000709800000|100%|HS|  |TAMS 0x0000000709800000, 0x0000000709600000| Untracked 
|  64|0x0000000709800000, 0x0000000709a00000, 0x0000000709a00000|100%|HS|  |TAMS 0x0000000709800000, 0x0000000709800000| Complete 
|  65|0x0000000709a00000, 0x0000000709c00000, 0x0000000709c00000|100%| O|  |TAMS 0x0000000709c00000, 0x0000000709a00000| Untracked 
|  66|0x0000000709c00000, 0x0000000709d349f8, 0x0000000709e00000| 60%| O|  |TAMS 0x0000000709c00000, 0x0000000709c00000| Untracked 
|  67|0x0000000709e00000, 0x000000070a000000, 0x000000070a000000|100%|HS|  |TAMS 0x0000000709e00000, 0x0000000709e00000| Complete 
|  68|0x000000070a000000, 0x000000070a200000, 0x000000070a200000|100%|HS|  |TAMS 0x000000070a000000, 0x000000070a000000| Complete 
|  69|0x000000070a200000, 0x000000070a400000, 0x000000070a400000|100%|HS|  |TAMS 0x000000070a200000, 0x000000070a200000| Complete 
|  70|0x000000070a400000, 0x000000070a600000, 0x000000070a600000|100%|HC|  |TAMS 0x000000070a400000, 0x000000070a400000| Complete 
|  71|0x000000070a600000, 0x000000070a800000, 0x000000070a800000|100%| O|  |TAMS 0x000000070a800000, 0x000000070a600000| Untracked 
|  72|0x000000070a800000, 0x000000070aa00000, 0x000000070aa00000|100%|HS|  |TAMS 0x000000070a800000, 0x000000070a800000| Complete 
|  73|0x000000070aa00000, 0x000000070aa00000, 0x000000070ac00000|  0%| F|  |TAMS 0x000000070aa00000, 0x000000070aa00000| Untracked 
|  74|0x000000070ac00000, 0x000000070ac00000, 0x000000070ae00000|  0%| F|  |TAMS 0x000000070ac00000, 0x000000070ac00000| Untracked 
|  75|0x000000070ae00000, 0x000000070ae00000, 0x000000070b000000|  0%| F|  |TAMS 0x000000070ae00000, 0x000000070ae00000| Untracked 
|  76|0x000000070b000000, 0x000000070b03bfb0, 0x000000070b200000| 11%| O|  |TAMS 0x000000070b000000, 0x000000070b000000| Untracked 
|  77|0x000000070b200000, 0x000000070b233208, 0x000000070b400000|  9%| O|  |TAMS 0x000000070b200000, 0x000000070b200000| Untracked 
|  78|0x000000070b400000, 0x000000070b400000, 0x000000070b600000|  0%| F|  |TAMS 0x000000070b400000, 0x000000070b400000| Untracked 
|  79|0x000000070b600000, 0x000000070b600000, 0x000000070b800000|  0%| F|  |TAMS 0x000000070b600000, 0x000000070b600000| Untracked 
|  80|0x000000070b800000, 0x000000070b800000, 0x000000070ba00000|  0%| F|  |TAMS 0x000000070b800000, 0x000000070b800000| Untracked 
|  81|0x000000070ba00000, 0x000000070ba00000, 0x000000070bc00000|  0%| F|  |TAMS 0x000000070ba00000, 0x000000070ba00000| Untracked 
|  82|0x000000070bc00000, 0x000000070be00000, 0x000000070be00000|100%|HS|  |TAMS 0x000000070be00000, 0x000000070bc00000| Untracked 
|  83|0x000000070be00000, 0x000000070c000000, 0x000000070c000000|100%|HS|  |TAMS 0x000000070c000000, 0x000000070be00000| Untracked 
|  84|0x000000070c000000, 0x000000070c200000, 0x000000070c200000|100%|HC|  |TAMS 0x000000070c200000, 0x000000070c000000| Untracked 
|  85|0x000000070c200000, 0x000000070c400000, 0x000000070c400000|100%|HC|  |TAMS 0x000000070c400000, 0x000000070c200000| Untracked 
|  86|0x000000070c400000, 0x000000070c600000, 0x000000070c600000|100%|HC|  |TAMS 0x000000070c600000, 0x000000070c400000| Untracked 
|  87|0x000000070c600000, 0x000000070c600000, 0x000000070c800000|  0%| F|  |TAMS 0x000000070c600000, 0x000000070c600000| Untracked 
|  88|0x000000070c800000, 0x000000070c800000, 0x000000070ca00000|  0%| F|  |TAMS 0x000000070c800000, 0x000000070c800000| Untracked 
|  89|0x000000070ca00000, 0x000000070cb92ae8, 0x000000070cc00000| 78%| O|  |TAMS 0x000000070ca00000, 0x000000070ca00000| Untracked 
|  90|0x000000070cc00000, 0x000000070ce00000, 0x000000070ce00000|100%| O|  |TAMS 0x000000070ce00000, 0x000000070cc00000| Untracked 
|  91|0x000000070ce00000, 0x000000070d000000, 0x000000070d000000|100%| O|  |TAMS 0x000000070d000000, 0x000000070ce00000| Untracked 
|  92|0x000000070d000000, 0x000000070d000000, 0x000000070d200000|  0%| F|  |TAMS 0x000000070d000000, 0x000000070d000000| Untracked 
|  93|0x000000070d200000, 0x000000070d200000, 0x000000070d400000|  0%| F|  |TAMS 0x000000070d200000, 0x000000070d200000| Untracked 
|  94|0x000000070d400000, 0x000000070d400000, 0x000000070d600000|  0%| F|  |TAMS 0x000000070d400000, 0x000000070d400000| Untracked 
|  95|0x000000070d600000, 0x000000070d6d95e8, 0x000000070d800000| 42%| O|  |TAMS 0x000000070d600000, 0x000000070d600000| Untracked 
|  96|0x000000070d800000, 0x000000070d800000, 0x000000070da00000|  0%| F|  |TAMS 0x000000070d800000, 0x000000070d800000| Untracked 
|  97|0x000000070da00000, 0x000000070dc00000, 0x000000070dc00000|100%|HS|  |TAMS 0x000000070dc00000, 0x000000070da00000| Untracked 
|  98|0x000000070dc00000, 0x000000070dc00000, 0x000000070de00000|  0%| F|  |TAMS 0x000000070dc00000, 0x000000070dc00000| Untracked 
|  99|0x000000070de00000, 0x000000070de00000, 0x000000070e000000|  0%| F|  |TAMS 0x000000070de00000, 0x000000070de00000| Untracked 
| 100|0x000000070e000000, 0x000000070e000000, 0x000000070e200000|  0%| F|  |TAMS 0x000000070e000000, 0x000000070e000000| Untracked 
| 101|0x000000070e200000, 0x000000070e200000, 0x000000070e400000|  0%| F|  |TAMS 0x000000070e200000, 0x000000070e200000| Untracked 
| 102|0x000000070e400000, 0x000000070e400000, 0x000000070e600000|  0%| F|  |TAMS 0x000000070e400000, 0x000000070e400000| Untracked 
| 103|0x000000070e600000, 0x000000070e800000, 0x000000070e800000|100%| O|  |TAMS 0x000000070e800000, 0x000000070e600000| Untracked 
| 104|0x000000070e800000, 0x000000070e800000, 0x000000070ea00000|  0%| F|  |TAMS 0x000000070e800000, 0x000000070e800000| Untracked 
| 105|0x000000070ea00000, 0x000000070ea00000, 0x000000070ec00000|  0%| F|  |TAMS 0x000000070ea00000, 0x000000070ea00000| Untracked 
| 106|0x000000070ec00000, 0x000000070ec00000, 0x000000070ee00000|  0%| F|  |TAMS 0x000000070ec00000, 0x000000070ec00000| Untracked 
| 107|0x000000070ee00000, 0x000000070ee00000, 0x000000070f000000|  0%| F|  |TAMS 0x000000070ee00000, 0x000000070ee00000| Untracked 
| 108|0x000000070f000000, 0x000000070f000000, 0x000000070f200000|  0%| F|  |TAMS 0x000000070f000000, 0x000000070f000000| Untracked 
| 109|0x000000070f200000, 0x000000070f200000, 0x000000070f400000|  0%| F|  |TAMS 0x000000070f200000, 0x000000070f200000| Untracked 
| 110|0x000000070f400000, 0x000000070f400000, 0x000000070f600000|  0%| F|  |TAMS 0x000000070f400000, 0x000000070f400000| Untracked 
| 111|0x000000070f600000, 0x000000070f600000, 0x000000070f800000|  0%| F|  |TAMS 0x000000070f600000, 0x000000070f600000| Untracked 
| 112|0x000000070f800000, 0x000000070f800000, 0x000000070fa00000|  0%| F|  |TAMS 0x000000070f800000, 0x000000070f800000| Untracked 
| 113|0x000000070fa00000, 0x000000070fa00000, 0x000000070fc00000|  0%| F|  |TAMS 0x000000070fa00000, 0x000000070fa00000| Untracked 
| 114|0x000000070fc00000, 0x000000070fc00000, 0x000000070fe00000|  0%| F|  |TAMS 0x000000070fc00000, 0x000000070fc00000| Untracked 
| 115|0x000000070fe00000, 0x000000070fe00000, 0x0000000710000000|  0%| F|  |TAMS 0x000000070fe00000, 0x000000070fe00000| Untracked 
| 116|0x0000000710000000, 0x0000000710000000, 0x0000000710200000|  0%| F|  |TAMS 0x0000000710000000, 0x0000000710000000| Untracked 
| 117|0x0000000710200000, 0x0000000710200000, 0x0000000710400000|  0%| F|  |TAMS 0x0000000710200000, 0x0000000710200000| Untracked 
| 118|0x0000000710400000, 0x0000000710600000, 0x0000000710600000|100%|HS|  |TAMS 0x0000000710600000, 0x0000000710400000| Untracked 
| 119|0x0000000710600000, 0x0000000710800000, 0x0000000710800000|100%|HC|  |TAMS 0x0000000710800000, 0x0000000710600000| Untracked 
| 120|0x0000000710800000, 0x0000000710a00000, 0x0000000710a00000|100%|HC|  |TAMS 0x0000000710a00000, 0x0000000710800000| Untracked 
| 121|0x0000000710a00000, 0x0000000710c00000, 0x0000000710c00000|100%|HC|  |TAMS 0x0000000710c00000, 0x0000000710a00000| Untracked 
| 122|0x0000000710c00000, 0x0000000710e00000, 0x0000000710e00000|100%|HC|  |TAMS 0x0000000710e00000, 0x0000000710c00000| Untracked 
| 123|0x0000000710e00000, 0x0000000711000000, 0x0000000711000000|100%|HC|  |TAMS 0x0000000711000000, 0x0000000710e00000| Untracked 
| 124|0x0000000711000000, 0x0000000711000000, 0x0000000711200000|  0%| F|  |TAMS 0x0000000711000000, 0x0000000711000000| Untracked 
| 125|0x0000000711200000, 0x0000000711200000, 0x0000000711400000|  0%| F|  |TAMS 0x0000000711200000, 0x0000000711200000| Untracked 
| 126|0x0000000711400000, 0x0000000711400000, 0x0000000711600000|  0%| F|  |TAMS 0x0000000711400000, 0x0000000711400000| Untracked 
| 127|0x0000000711600000, 0x0000000711600000, 0x0000000711800000|  0%| F|  |TAMS 0x0000000711600000, 0x0000000711600000| Untracked 
| 128|0x0000000711800000, 0x0000000711800000, 0x0000000711a00000|  0%| F|  |TAMS 0x0000000711800000, 0x0000000711800000| Untracked 
| 129|0x0000000711a00000, 0x0000000711a00000, 0x0000000711c00000|  0%| F|  |TAMS 0x0000000711a00000, 0x0000000711a00000| Untracked 
| 130|0x0000000711c00000, 0x0000000711c00000, 0x0000000711e00000|  0%| F|  |TAMS 0x0000000711c00000, 0x0000000711c00000| Untracked 
| 131|0x0000000711e00000, 0x0000000711e00000, 0x0000000712000000|  0%| F|  |TAMS 0x0000000711e00000, 0x0000000711e00000| Untracked 
| 132|0x0000000712000000, 0x0000000712000000, 0x0000000712200000|  0%| F|  |TAMS 0x0000000712000000, 0x0000000712000000| Untracked 
| 133|0x0000000712200000, 0x0000000712200000, 0x0000000712400000|  0%| F|  |TAMS 0x0000000712200000, 0x0000000712200000| Untracked 
| 134|0x0000000712400000, 0x0000000712400000, 0x0000000712600000|  0%| F|  |TAMS 0x0000000712400000, 0x0000000712400000| Untracked 
| 135|0x0000000712600000, 0x0000000712600000, 0x0000000712800000|  0%| F|  |TAMS 0x0000000712600000, 0x0000000712600000| Untracked 
| 136|0x0000000712800000, 0x0000000712800000, 0x0000000712a00000|  0%| F|  |TAMS 0x0000000712800000, 0x0000000712800000| Untracked 
| 137|0x0000000712a00000, 0x0000000712a00000, 0x0000000712c00000|  0%| F|  |TAMS 0x0000000712a00000, 0x0000000712a00000| Untracked 
| 138|0x0000000712c00000, 0x0000000712c00000, 0x0000000712e00000|  0%| F|  |TAMS 0x0000000712c00000, 0x0000000712c00000| Untracked 
| 139|0x0000000712e00000, 0x0000000712e00000, 0x0000000713000000|  0%| F|  |TAMS 0x0000000712e00000, 0x0000000712e00000| Untracked 
| 140|0x0000000713000000, 0x0000000713000000, 0x0000000713200000|  0%| F|  |TAMS 0x0000000713000000, 0x0000000713000000| Untracked 
| 141|0x0000000713200000, 0x0000000713200000, 0x0000000713400000|  0%| F|  |TAMS 0x0000000713200000, 0x0000000713200000| Untracked 
| 142|0x0000000713400000, 0x0000000713400000, 0x0000000713600000|  0%| F|  |TAMS 0x0000000713400000, 0x0000000713400000| Untracked 
| 143|0x0000000713600000, 0x0000000713600000, 0x0000000713800000|  0%| F|  |TAMS 0x0000000713600000, 0x0000000713600000| Untracked 
| 144|0x0000000713800000, 0x0000000713800000, 0x0000000713a00000|  0%| F|  |TAMS 0x0000000713800000, 0x0000000713800000| Untracked 
| 145|0x0000000713a00000, 0x0000000713a00000, 0x0000000713c00000|  0%| F|  |TAMS 0x0000000713a00000, 0x0000000713a00000| Untracked 
| 146|0x0000000713c00000, 0x0000000713c00000, 0x0000000713e00000|  0%| F|  |TAMS 0x0000000713c00000, 0x0000000713c00000| Untracked 
| 147|0x0000000713e00000, 0x0000000713e00000, 0x0000000714000000|  0%| F|  |TAMS 0x0000000713e00000, 0x0000000713e00000| Untracked 
| 148|0x0000000714000000, 0x0000000714000000, 0x0000000714200000|  0%| F|  |TAMS 0x0000000714000000, 0x0000000714000000| Untracked 
| 149|0x0000000714200000, 0x0000000714200000, 0x0000000714400000|  0%| F|  |TAMS 0x0000000714200000, 0x0000000714200000| Untracked 
| 150|0x0000000714400000, 0x0000000714400000, 0x0000000714600000|  0%| F|  |TAMS 0x0000000714400000, 0x0000000714400000| Untracked 
| 151|0x0000000714600000, 0x0000000714600000, 0x0000000714800000|  0%| F|  |TAMS 0x0000000714600000, 0x0000000714600000| Untracked 
| 152|0x0000000714800000, 0x0000000714800000, 0x0000000714a00000|  0%| F|  |TAMS 0x0000000714800000, 0x0000000714800000| Untracked 
| 153|0x0000000714a00000, 0x0000000714a00000, 0x0000000714c00000|  0%| F|  |TAMS 0x0000000714a00000, 0x0000000714a00000| Untracked 
| 154|0x0000000714c00000, 0x0000000714c00000, 0x0000000714e00000|  0%| F|  |TAMS 0x0000000714c00000, 0x0000000714c00000| Untracked 
| 155|0x0000000714e00000, 0x0000000714e00000, 0x0000000715000000|  0%| F|  |TAMS 0x0000000714e00000, 0x0000000714e00000| Untracked 
| 156|0x0000000715000000, 0x0000000715000000, 0x0000000715200000|  0%| F|  |TAMS 0x0000000715000000, 0x0000000715000000| Untracked 
| 157|0x0000000715200000, 0x0000000715200000, 0x0000000715400000|  0%| F|  |TAMS 0x0000000715200000, 0x0000000715200000| Untracked 
| 158|0x0000000715400000, 0x0000000715400000, 0x0000000715600000|  0%| F|  |TAMS 0x0000000715400000, 0x0000000715400000| Untracked 
| 159|0x0000000715600000, 0x0000000715600000, 0x0000000715800000|  0%| F|  |TAMS 0x0000000715600000, 0x0000000715600000| Untracked 
| 160|0x0000000715800000, 0x0000000715800000, 0x0000000715a00000|  0%| F|  |TAMS 0x0000000715800000, 0x0000000715800000| Untracked 
| 161|0x0000000715a00000, 0x0000000715a00000, 0x0000000715c00000|  0%| F|  |TAMS 0x0000000715a00000, 0x0000000715a00000| Untracked 
| 162|0x0000000715c00000, 0x0000000715c00000, 0x0000000715e00000|  0%| F|  |TAMS 0x0000000715c00000, 0x0000000715c00000| Untracked 
| 163|0x0000000715e00000, 0x0000000715e00000, 0x0000000716000000|  0%| F|  |TAMS 0x0000000715e00000, 0x0000000715e00000| Untracked 
| 164|0x0000000716000000, 0x0000000716000000, 0x0000000716200000|  0%| F|  |TAMS 0x0000000716000000, 0x0000000716000000| Untracked 
| 165|0x0000000716200000, 0x0000000716200000, 0x0000000716400000|  0%| F|  |TAMS 0x0000000716200000, 0x0000000716200000| Untracked 
| 166|0x0000000716400000, 0x0000000716400000, 0x0000000716600000|  0%| F|  |TAMS 0x0000000716400000, 0x0000000716400000| Untracked 
| 167|0x0000000716600000, 0x0000000716600000, 0x0000000716800000|  0%| F|  |TAMS 0x0000000716600000, 0x0000000716600000| Untracked 
| 168|0x0000000716800000, 0x0000000716800000, 0x0000000716a00000|  0%| F|  |TAMS 0x0000000716800000, 0x0000000716800000| Untracked 
| 169|0x0000000716a00000, 0x0000000716a00000, 0x0000000716c00000|  0%| F|  |TAMS 0x0000000716a00000, 0x0000000716a00000| Untracked 
| 170|0x0000000716c00000, 0x0000000716c00000, 0x0000000716e00000|  0%| F|  |TAMS 0x0000000716c00000, 0x0000000716c00000| Untracked 
| 171|0x0000000716e00000, 0x0000000716e00000, 0x0000000717000000|  0%| F|  |TAMS 0x0000000716e00000, 0x0000000716e00000| Untracked 
| 172|0x0000000717000000, 0x0000000717000000, 0x0000000717200000|  0%| F|  |TAMS 0x0000000717000000, 0x0000000717000000| Untracked 
| 173|0x0000000717200000, 0x0000000717200000, 0x0000000717400000|  0%| F|  |TAMS 0x0000000717200000, 0x0000000717200000| Untracked 
| 174|0x0000000717400000, 0x0000000717400000, 0x0000000717600000|  0%| F|  |TAMS 0x0000000717400000, 0x0000000717400000| Untracked 
| 175|0x0000000717600000, 0x0000000717600000, 0x0000000717800000|  0%| F|  |TAMS 0x0000000717600000, 0x0000000717600000| Untracked 
| 176|0x0000000717800000, 0x0000000717800000, 0x0000000717a00000|  0%| F|  |TAMS 0x0000000717800000, 0x0000000717800000| Untracked 
| 177|0x0000000717a00000, 0x0000000717a00000, 0x0000000717c00000|  0%| F|  |TAMS 0x0000000717a00000, 0x0000000717a00000| Untracked 
| 178|0x0000000717c00000, 0x0000000717c00000, 0x0000000717e00000|  0%| F|  |TAMS 0x0000000717c00000, 0x0000000717c00000| Untracked 
| 179|0x0000000717e00000, 0x0000000717e00000, 0x0000000718000000|  0%| F|  |TAMS 0x0000000717e00000, 0x0000000717e00000| Untracked 
| 180|0x0000000718000000, 0x0000000718000000, 0x0000000718200000|  0%| F|  |TAMS 0x0000000718000000, 0x0000000718000000| Untracked 
| 181|0x0000000718200000, 0x0000000718200000, 0x0000000718400000|  0%| F|  |TAMS 0x0000000718200000, 0x0000000718200000| Untracked 
| 182|0x0000000718400000, 0x0000000718400000, 0x0000000718600000|  0%| F|  |TAMS 0x0000000718400000, 0x0000000718400000| Untracked 
| 183|0x0000000718600000, 0x0000000718600000, 0x0000000718800000|  0%| F|  |TAMS 0x0000000718600000, 0x0000000718600000| Untracked 
| 184|0x0000000718800000, 0x0000000718800000, 0x0000000718a00000|  0%| F|  |TAMS 0x0000000718800000, 0x0000000718800000| Untracked 
| 185|0x0000000718a00000, 0x0000000718a00000, 0x0000000718c00000|  0%| F|  |TAMS 0x0000000718a00000, 0x0000000718a00000| Untracked 
| 186|0x0000000718c00000, 0x0000000718c00000, 0x0000000718e00000|  0%| F|  |TAMS 0x0000000718c00000, 0x0000000718c00000| Untracked 
| 187|0x0000000718e00000, 0x0000000718e00000, 0x0000000719000000|  0%| F|  |TAMS 0x0000000718e00000, 0x0000000718e00000| Untracked 
| 188|0x0000000719000000, 0x0000000719000000, 0x0000000719200000|  0%| F|  |TAMS 0x0000000719000000, 0x0000000719000000| Untracked 
| 189|0x0000000719200000, 0x0000000719200000, 0x0000000719400000|  0%| F|  |TAMS 0x0000000719200000, 0x0000000719200000| Untracked 
| 190|0x0000000719400000, 0x0000000719400000, 0x0000000719600000|  0%| F|  |TAMS 0x0000000719400000, 0x0000000719400000| Untracked 
| 191|0x0000000719600000, 0x0000000719600000, 0x0000000719800000|  0%| F|  |TAMS 0x0000000719600000, 0x0000000719600000| Untracked 
| 192|0x0000000719800000, 0x0000000719800000, 0x0000000719a00000|  0%| F|  |TAMS 0x0000000719800000, 0x0000000719800000| Untracked 
| 193|0x0000000719a00000, 0x0000000719a00000, 0x0000000719c00000|  0%| F|  |TAMS 0x0000000719a00000, 0x0000000719a00000| Untracked 
| 194|0x0000000719c00000, 0x0000000719c00000, 0x0000000719e00000|  0%| F|  |TAMS 0x0000000719c00000, 0x0000000719c00000| Untracked 
| 195|0x0000000719e00000, 0x0000000719e00000, 0x000000071a000000|  0%| F|  |TAMS 0x0000000719e00000, 0x0000000719e00000| Untracked 
| 196|0x000000071a000000, 0x000000071a000000, 0x000000071a200000|  0%| F|  |TAMS 0x000000071a000000, 0x000000071a000000| Untracked 
| 197|0x000000071a200000, 0x000000071a200000, 0x000000071a400000|  0%| F|  |TAMS 0x000000071a200000, 0x000000071a200000| Untracked 
| 198|0x000000071a400000, 0x000000071a400000, 0x000000071a600000|  0%| F|  |TAMS 0x000000071a400000, 0x000000071a400000| Untracked 
| 199|0x000000071a600000, 0x000000071a600000, 0x000000071a800000|  0%| F|  |TAMS 0x000000071a600000, 0x000000071a600000| Untracked 
| 200|0x000000071a800000, 0x000000071a800000, 0x000000071aa00000|  0%| F|  |TAMS 0x000000071a800000, 0x000000071a800000| Untracked 
| 201|0x000000071aa00000, 0x000000071aa00000, 0x000000071ac00000|  0%| F|  |TAMS 0x000000071aa00000, 0x000000071aa00000| Untracked 
| 202|0x000000071ac00000, 0x000000071ac00000, 0x000000071ae00000|  0%| F|  |TAMS 0x000000071ac00000, 0x000000071ac00000| Untracked 
| 203|0x000000071ae00000, 0x000000071ae00000, 0x000000071b000000|  0%| F|  |TAMS 0x000000071ae00000, 0x000000071ae00000| Untracked 
| 204|0x000000071b000000, 0x000000071b000000, 0x000000071b200000|  0%| F|  |TAMS 0x000000071b000000, 0x000000071b000000| Untracked 
| 205|0x000000071b200000, 0x000000071b200000, 0x000000071b400000|  0%| F|  |TAMS 0x000000071b200000, 0x000000071b200000| Untracked 
| 206|0x000000071b400000, 0x000000071b400000, 0x000000071b600000|  0%| F|  |TAMS 0x000000071b400000, 0x000000071b400000| Untracked 
| 207|0x000000071b600000, 0x000000071b600000, 0x000000071b800000|  0%| F|  |TAMS 0x000000071b600000, 0x000000071b600000| Untracked 
| 208|0x000000071b800000, 0x000000071b800000, 0x000000071ba00000|  0%| F|  |TAMS 0x000000071b800000, 0x000000071b800000| Untracked 
| 209|0x000000071ba00000, 0x000000071ba00000, 0x000000071bc00000|  0%| F|  |TAMS 0x000000071ba00000, 0x000000071ba00000| Untracked 
| 210|0x000000071bc00000, 0x000000071bc00000, 0x000000071be00000|  0%| F|  |TAMS 0x000000071bc00000, 0x000000071bc00000| Untracked 
| 211|0x000000071be00000, 0x000000071be00000, 0x000000071c000000|  0%| F|  |TAMS 0x000000071be00000, 0x000000071be00000| Untracked 
| 212|0x000000071c000000, 0x000000071c000000, 0x000000071c200000|  0%| F|  |TAMS 0x000000071c000000, 0x000000071c000000| Untracked 
| 213|0x000000071c200000, 0x000000071c200000, 0x000000071c400000|  0%| F|  |TAMS 0x000000071c200000, 0x000000071c200000| Untracked 
| 214|0x000000071c400000, 0x000000071c400000, 0x000000071c600000|  0%| F|  |TAMS 0x000000071c400000, 0x000000071c400000| Untracked 
| 215|0x000000071c600000, 0x000000071c600000, 0x000000071c800000|  0%| F|  |TAMS 0x000000071c600000, 0x000000071c600000| Untracked 
| 216|0x000000071c800000, 0x000000071c800000, 0x000000071ca00000|  0%| F|  |TAMS 0x000000071c800000, 0x000000071c800000| Untracked 
| 217|0x000000071ca00000, 0x000000071ca00000, 0x000000071cc00000|  0%| F|  |TAMS 0x000000071ca00000, 0x000000071ca00000| Untracked 
| 218|0x000000071cc00000, 0x000000071cc00000, 0x000000071ce00000|  0%| F|  |TAMS 0x000000071cc00000, 0x000000071cc00000| Untracked 
| 219|0x000000071ce00000, 0x000000071ce00000, 0x000000071d000000|  0%| F|  |TAMS 0x000000071ce00000, 0x000000071ce00000| Untracked 
| 220|0x000000071d000000, 0x000000071d000000, 0x000000071d200000|  0%| F|  |TAMS 0x000000071d000000, 0x000000071d000000| Untracked 
| 221|0x000000071d200000, 0x000000071d200000, 0x000000071d400000|  0%| F|  |TAMS 0x000000071d200000, 0x000000071d200000| Untracked 
| 222|0x000000071d400000, 0x000000071d400000, 0x000000071d600000|  0%| F|  |TAMS 0x000000071d400000, 0x000000071d400000| Untracked 
| 223|0x000000071d600000, 0x000000071d600000, 0x000000071d800000|  0%| F|  |TAMS 0x000000071d600000, 0x000000071d600000| Untracked 
| 224|0x000000071d800000, 0x000000071d800000, 0x000000071da00000|  0%| F|  |TAMS 0x000000071d800000, 0x000000071d800000| Untracked 
| 225|0x000000071da00000, 0x000000071da00000, 0x000000071dc00000|  0%| F|  |TAMS 0x000000071da00000, 0x000000071da00000| Untracked 
| 226|0x000000071dc00000, 0x000000071dc00000, 0x000000071de00000|  0%| F|  |TAMS 0x000000071dc00000, 0x000000071dc00000| Untracked 
| 227|0x000000071de00000, 0x000000071de00000, 0x000000071e000000|  0%| F|  |TAMS 0x000000071de00000, 0x000000071de00000| Untracked 
| 228|0x000000071e000000, 0x000000071e000000, 0x000000071e200000|  0%| F|  |TAMS 0x000000071e000000, 0x000000071e000000| Untracked 
| 229|0x000000071e200000, 0x000000071e200000, 0x000000071e400000|  0%| F|  |TAMS 0x000000071e200000, 0x000000071e200000| Untracked 
| 230|0x000000071e400000, 0x000000071e400000, 0x000000071e600000|  0%| F|  |TAMS 0x000000071e400000, 0x000000071e400000| Untracked 
| 231|0x000000071e600000, 0x000000071e600000, 0x000000071e800000|  0%| F|  |TAMS 0x000000071e600000, 0x000000071e600000| Untracked 
| 232|0x000000071e800000, 0x000000071e800000, 0x000000071ea00000|  0%| F|  |TAMS 0x000000071e800000, 0x000000071e800000| Untracked 
| 233|0x000000071ea00000, 0x000000071ea00000, 0x000000071ec00000|  0%| F|  |TAMS 0x000000071ea00000, 0x000000071ea00000| Untracked 
| 234|0x000000071ec00000, 0x000000071ec00000, 0x000000071ee00000|  0%| F|  |TAMS 0x000000071ec00000, 0x000000071ec00000| Untracked 
| 235|0x000000071ee00000, 0x000000071ee00000, 0x000000071f000000|  0%| F|  |TAMS 0x000000071ee00000, 0x000000071ee00000| Untracked 
| 236|0x000000071f000000, 0x000000071f000000, 0x000000071f200000|  0%| F|  |TAMS 0x000000071f000000, 0x000000071f000000| Untracked 
| 237|0x000000071f200000, 0x000000071f200000, 0x000000071f400000|  0%| F|  |TAMS 0x000000071f200000, 0x000000071f200000| Untracked 
| 238|0x000000071f400000, 0x000000071f400000, 0x000000071f600000|  0%| F|  |TAMS 0x000000071f400000, 0x000000071f400000| Untracked 
| 239|0x000000071f600000, 0x000000071f600000, 0x000000071f800000|  0%| F|  |TAMS 0x000000071f600000, 0x000000071f600000| Untracked 
| 240|0x000000071f800000, 0x000000071f800000, 0x000000071fa00000|  0%| F|  |TAMS 0x000000071f800000, 0x000000071f800000| Untracked 
| 241|0x000000071fa00000, 0x000000071fa00000, 0x000000071fc00000|  0%| F|  |TAMS 0x000000071fa00000, 0x000000071fa00000| Untracked 
| 242|0x000000071fc00000, 0x000000071fc00000, 0x000000071fe00000|  0%| F|  |TAMS 0x000000071fc00000, 0x000000071fc00000| Untracked 
| 243|0x000000071fe00000, 0x000000071fe00000, 0x0000000720000000|  0%| F|  |TAMS 0x000000071fe00000, 0x000000071fe00000| Untracked 
| 244|0x0000000720000000, 0x0000000720000000, 0x0000000720200000|  0%| F|  |TAMS 0x0000000720000000, 0x0000000720000000| Untracked 
| 245|0x0000000720200000, 0x0000000720200000, 0x0000000720400000|  0%| F|  |TAMS 0x0000000720200000, 0x0000000720200000| Untracked 
| 246|0x0000000720400000, 0x0000000720400000, 0x0000000720600000|  0%| F|  |TAMS 0x0000000720400000, 0x0000000720400000| Untracked 
| 247|0x0000000720600000, 0x0000000720600000, 0x0000000720800000|  0%| F|  |TAMS 0x0000000720600000, 0x0000000720600000| Untracked 
| 248|0x0000000720800000, 0x0000000720800000, 0x0000000720a00000|  0%| F|  |TAMS 0x0000000720800000, 0x0000000720800000| Untracked 
| 249|0x0000000720a00000, 0x0000000720a00000, 0x0000000720c00000|  0%| F|  |TAMS 0x0000000720a00000, 0x0000000720a00000| Untracked 
| 250|0x0000000720c00000, 0x0000000720c00000, 0x0000000720e00000|  0%| F|  |TAMS 0x0000000720c00000, 0x0000000720c00000| Untracked 
| 251|0x0000000720e00000, 0x0000000720e00000, 0x0000000721000000|  0%| F|  |TAMS 0x0000000720e00000, 0x0000000720e00000| Untracked 
| 252|0x0000000721000000, 0x0000000721000000, 0x0000000721200000|  0%| F|  |TAMS 0x0000000721000000, 0x0000000721000000| Untracked 
| 253|0x0000000721200000, 0x0000000721200000, 0x0000000721400000|  0%| F|  |TAMS 0x0000000721200000, 0x0000000721200000| Untracked 
| 254|0x0000000721400000, 0x0000000721400000, 0x0000000721600000|  0%| F|  |TAMS 0x0000000721400000, 0x0000000721400000| Untracked 
| 255|0x0000000721600000, 0x0000000721600000, 0x0000000721800000|  0%| F|  |TAMS 0x0000000721600000, 0x0000000721600000| Untracked 
| 256|0x0000000721800000, 0x0000000721800000, 0x0000000721a00000|  0%| F|  |TAMS 0x0000000721800000, 0x0000000721800000| Untracked 
| 257|0x0000000721a00000, 0x0000000721a00000, 0x0000000721c00000|  0%| F|  |TAMS 0x0000000721a00000, 0x0000000721a00000| Untracked 
| 258|0x0000000721c00000, 0x0000000721c00000, 0x0000000721e00000|  0%| F|  |TAMS 0x0000000721c00000, 0x0000000721c00000| Untracked 
| 259|0x0000000721e00000, 0x0000000721e00000, 0x0000000722000000|  0%| F|  |TAMS 0x0000000721e00000, 0x0000000721e00000| Untracked 
| 260|0x0000000722000000, 0x0000000722000000, 0x0000000722200000|  0%| F|  |TAMS 0x0000000722000000, 0x0000000722000000| Untracked 
| 261|0x0000000722200000, 0x0000000722200000, 0x0000000722400000|  0%| F|  |TAMS 0x0000000722200000, 0x0000000722200000| Untracked 
| 262|0x0000000722400000, 0x0000000722400000, 0x0000000722600000|  0%| F|  |TAMS 0x0000000722400000, 0x0000000722400000| Untracked 
| 263|0x0000000722600000, 0x0000000722600000, 0x0000000722800000|  0%| F|  |TAMS 0x0000000722600000, 0x0000000722600000| Untracked 
| 264|0x0000000722800000, 0x0000000722800000, 0x0000000722a00000|  0%| F|  |TAMS 0x0000000722800000, 0x0000000722800000| Untracked 
| 265|0x0000000722a00000, 0x0000000722a00000, 0x0000000722c00000|  0%| F|  |TAMS 0x0000000722a00000, 0x0000000722a00000| Untracked 
| 266|0x0000000722c00000, 0x0000000722c00000, 0x0000000722e00000|  0%| F|  |TAMS 0x0000000722c00000, 0x0000000722c00000| Untracked 
| 267|0x0000000722e00000, 0x0000000722e00000, 0x0000000723000000|  0%| F|  |TAMS 0x0000000722e00000, 0x0000000722e00000| Untracked 
| 268|0x0000000723000000, 0x0000000723000000, 0x0000000723200000|  0%| F|  |TAMS 0x0000000723000000, 0x0000000723000000| Untracked 
| 269|0x0000000723200000, 0x000000072326d628, 0x0000000723400000| 21%| E|  |TAMS 0x0000000723200000, 0x0000000723200000| Complete 
| 270|0x0000000723400000, 0x0000000723600000, 0x0000000723600000|100%| E|CS|TAMS 0x0000000723400000, 0x0000000723400000| Complete 
| 271|0x0000000723600000, 0x0000000723800000, 0x0000000723800000|100%| E|CS|TAMS 0x0000000723600000, 0x0000000723600000| Complete 
| 272|0x0000000723800000, 0x0000000723a00000, 0x0000000723a00000|100%| E|CS|TAMS 0x0000000723800000, 0x0000000723800000| Complete 
| 273|0x0000000723a00000, 0x0000000723c00000, 0x0000000723c00000|100%| E|CS|TAMS 0x0000000723a00000, 0x0000000723a00000| Complete 
| 274|0x0000000723c00000, 0x0000000723e00000, 0x0000000723e00000|100%| E|CS|TAMS 0x0000000723c00000, 0x0000000723c00000| Complete 
| 275|0x0000000723e00000, 0x0000000724000000, 0x0000000724000000|100%| E|  |TAMS 0x0000000723e00000, 0x0000000723e00000| Complete 
| 276|0x0000000724000000, 0x0000000724200000, 0x0000000724200000|100%| E|CS|TAMS 0x0000000724000000, 0x0000000724000000| Complete 
| 277|0x0000000724200000, 0x0000000724400000, 0x0000000724400000|100%| E|CS|TAMS 0x0000000724200000, 0x0000000724200000| Complete 
| 278|0x0000000724400000, 0x0000000724600000, 0x0000000724600000|100%| E|CS|TAMS 0x0000000724400000, 0x0000000724400000| Complete 
| 279|0x0000000724600000, 0x0000000724800000, 0x0000000724800000|100%| E|CS|TAMS 0x0000000724600000, 0x0000000724600000| Complete 
| 280|0x0000000724800000, 0x0000000724a00000, 0x0000000724a00000|100%| O|  |TAMS 0x0000000724a00000, 0x0000000724800000| Untracked 
| 281|0x0000000724a00000, 0x0000000724c00000, 0x0000000724c00000|100%| E|CS|TAMS 0x0000000724a00000, 0x0000000724a00000| Complete 
| 282|0x0000000724c00000, 0x0000000724dffff8, 0x0000000724e00000| 99%| O|  |TAMS 0x0000000724c00000, 0x0000000724c00000| Untracked 
| 283|0x0000000724e00000, 0x0000000724e586f0, 0x0000000725000000| 17%| O|  |TAMS 0x0000000724e00000, 0x0000000724e00000| Untracked 
| 284|0x0000000725000000, 0x0000000725200000, 0x0000000725200000|100%| E|CS|TAMS 0x0000000725000000, 0x0000000725000000| Complete 
| 285|0x0000000725200000, 0x0000000725400000, 0x0000000725400000|100%| E|CS|TAMS 0x0000000725200000, 0x0000000725200000| Complete 
| 286|0x0000000725400000, 0x0000000725600000, 0x0000000725600000|100%| E|CS|TAMS 0x0000000725400000, 0x0000000725400000| Complete 
| 287|0x0000000725600000, 0x0000000725800000, 0x0000000725800000|100%| E|CS|TAMS 0x0000000725600000, 0x0000000725600000| Complete 
| 288|0x0000000725800000, 0x0000000725a00000, 0x0000000725a00000|100%| E|CS|TAMS 0x0000000725800000, 0x0000000725800000| Complete 
| 289|0x0000000725a00000, 0x0000000725c00000, 0x0000000725c00000|100%| E|CS|TAMS 0x0000000725a00000, 0x0000000725a00000| Complete 
| 290|0x0000000725c00000, 0x0000000725e00000, 0x0000000725e00000|100%| E|CS|TAMS 0x0000000725c00000, 0x0000000725c00000| Complete 
| 291|0x0000000725e00000, 0x0000000726000000, 0x0000000726000000|100%| E|CS|TAMS 0x0000000725e00000, 0x0000000725e00000| Complete 
| 292|0x0000000726000000, 0x0000000726200000, 0x0000000726200000|100%| E|CS|TAMS 0x0000000726000000, 0x0000000726000000| Complete 
| 293|0x0000000726200000, 0x0000000726400000, 0x0000000726400000|100%| E|CS|TAMS 0x0000000726200000, 0x0000000726200000| Complete 

Card table byte_map: [0x000001498f000000,0x000001498f800000] _byte_map_base: 0x000001498b7f4000

Marking Bits (Prev, Next): (CMBitMap*) 0x00000149f7df46d0, (CMBitMap*) 0x00000149f7df4690
 Prev Bits: [0x0000014993fa0000, 0x0000014997f40000)
 Next Bits: [0x0000014990000000, 0x0000014993fa0000)

Polling page: 0x00000149ed150000

Metaspace:

Usage:
  Non-class:     78.68 MB used.
      Class:     12.74 MB used.
       Both:     91.43 MB used.

Virtual space:
  Non-class space:      128.00 MB reserved,      78.94 MB ( 62%) committed,  2 nodes.
      Class space:        1.00 GB reserved,      13.00 MB (  1%) committed,  1 nodes.
             Both:        1.12 GB reserved,      91.94 MB (  8%) committed. 

Chunk freelists:
   Non-Class:  320.00 KB
       Class:  2.99 MB
        Both:  3.30 MB

MaxMetaspaceSize: unlimited
CompressedClassSpaceSize: 1.00 GB
Initial GC threshold: 21.00 MB
Current GC threshold: 153.25 MB
CDS: on
MetaspaceReclaimPolicy: balanced
 - commit_granule_bytes: 65536.
 - commit_granule_words: 8192.
 - virtual_space_node_default_size: 8388608.
 - enlarge_chunks_in_place: 1.
 - new_chunks_are_fully_committed: 0.
 - uncommit_free_chunks: 1.
 - use_allocation_guard: 0.
 - handle_deallocations: 1.


Internal statistics:

num_allocs_failed_limit: 6.
num_arena_births: 1536.
num_arena_deaths: 798.
num_vsnodes_births: 3.
num_vsnodes_deaths: 0.
num_space_committed: 1465.
num_space_uncommitted: 0.
num_chunks_returned_to_freelist: 928.
num_chunks_taken_from_freelist: 4341.
num_chunk_merges: 360.
num_chunk_splits: 2980.
num_chunks_enlarged: 2206.
num_inconsistent_stats: 0.

CodeHeap 'non-profiled nmethods': size=120000Kb used=27916Kb max_used=27916Kb free=92084Kb
 bounds [0x0000014987ad0000, 0x0000014989620000, 0x000001498f000000]
CodeHeap 'profiled nmethods': size=120000Kb used=40664Kb max_used=40664Kb free=79335Kb
 bounds [0x0000014980000000, 0x00000149827c0000, 0x0000014987530000]
CodeHeap 'non-nmethods': size=5760Kb used=1699Kb max_used=1824Kb free=4060Kb
 bounds [0x0000014987530000, 0x00000149877a0000, 0x0000014987ad0000]
 total_blobs=21069 nmethods=19937 adapters=1038
 compilation: enabled
              stopped_count=0, restarted_count=0
 full_count=0

Compilation events (20 events):
Event: 10882.411 Thread 0x00000149f80730c0 nmethod 26857 0x00000149827b7c90 code [0x00000149827b7e80, 0x00000149827b8468]
Event: 10882.411 Thread 0x00000149f80730c0 26858       3       ui.views.P.i.c$$Lambda$273/0x0000000801adf7d0::run (8 bytes)
Event: 10882.411 Thread 0x00000149f80730c0 nmethod 26858 0x00000149827b8610 code [0x00000149827b8860, 0x00000149827b9548]
Event: 10882.411 Thread 0x00000149f80730c0 26859       3       ui.views.P.i.c::krv (31 bytes)
Event: 10882.412 Thread 0x00000149f80730c0 nmethod 26859 0x00000149827b9910 code [0x00000149827b9b60, 0x00000149827ba808]
Event: 10882.439 Thread 0x00000149f80727c0 nmethod 26850 0x0000014989608190 code [0x0000014989608460, 0x000001498960b210]
Event: 10882.441 Thread 0x00000149f80730c0 26860       3       ui.utils.swing.K::iKl (23 bytes)
Event: 10882.441 Thread 0x00000149f80730c0 nmethod 26860 0x00000149827bab90 code [0x00000149827bada0, 0x00000149827bb1c8]
Event: 10882.466 Thread 0x00000149f80727c0 26861       4       java.util.Collections$EmptyList::toArray (5 bytes)
Event: 10882.467 Thread 0x00000149f80727c0 nmethod 26861 0x000001498960c410 code [0x000001498960c5a0, 0x000001498960c698]
Event: 10882.482 Thread 0x00000149f80727c0 26862       4       com.jidesoft.jdk.JdkSpecificClass::isSynthIcon (152 bytes)
Event: 10882.668 Thread 0x00000149f80727c0 nmethod 26862 0x000001498960c790 code [0x000001498960c980, 0x000001498960dea8]
Event: 10883.131 Thread 0x00000149f80730c0 26863       1       com.jidesoft.plaf.basic.BasicJideButtonUI::shouldWrapText (2 bytes)
Event: 10883.131 Thread 0x00000149f80730c0 nmethod 26863 0x000001498960e710 code [0x000001498960e8a0, 0x000001498960e958]
Event: 10883.134 Thread 0x00000149f80727c0 26864       4       de.javasoft.plaf.synthetica.styles.MenuItemStyle::menuItemHtmlColorCorrection (409 bytes)
Event: 10883.140 Thread 0x00000149f80727c0 nmethod 26864 0x000001498960ea10 code [0x000001498960ebc0, 0x000001498960f348]
Event: 10883.212 Thread 0x00000149f80730c0 26865       3       javax.swing.tree.DefaultTreeModel::nodeStructureChanged (17 bytes)
Event: 10883.213 Thread 0x00000149f80730c0 nmethod 26865 0x00000149827bb390 code [0x00000149827bb540, 0x00000149827bb8f8]
Event: 10891.389 Thread 0x00000149f80727c0 26866       4       javax.swing.plaf.basic.BasicScrollBarUI::layoutHScrollbar (650 bytes)
Event: 10891.422 Thread 0x00000149f80727c0 nmethod 26866 0x000001498960f790 code [0x000001498960fae0, 0x0000014989611578]

GC Heap History (20 events):
Event: 10800.530 GC heap before
{Heap before GC invocations=3000 (full 266):
 garbage-first heap   total 2459648K, used 421521K [0x0000000701800000, 0x0000000800000000)
  region size 2048K, 40 young (81920K), 1 survivors (2048K)
 Metaspace       used 93499K, committed 94016K, reserved 1179648K
  class space    used 13050K, committed 13312K, reserved 1048576K
}
Event: 10800.538 GC heap after
{Heap after GC invocations=3001 (full 266):
 garbage-first heap   total 2459648K, used 341367K [0x0000000701800000, 0x0000000800000000)
  region size 2048K, 1 young (2048K), 1 survivors (2048K)
 Metaspace       used 93499K, committed 94016K, reserved 1179648K
  class space    used 13050K, committed 13312K, reserved 1048576K
}
Event: 10806.315 GC heap before
{Heap before GC invocations=3001 (full 266):
 garbage-first heap   total 2459648K, used 423287K [0x0000000701800000, 0x0000000800000000)
  region size 2048K, 40 young (81920K), 1 survivors (2048K)
 Metaspace       used 93541K, committed 94080K, reserved 1179648K
  class space    used 13050K, committed 13312K, reserved 1048576K
}
Event: 10806.323 GC heap after
{Heap after GC invocations=3002 (full 266):
 garbage-first heap   total 2459648K, used 348112K [0x0000000701800000, 0x0000000800000000)
  region size 2048K, 4 young (8192K), 4 survivors (8192K)
 Metaspace       used 93541K, committed 94080K, reserved 1179648K
  class space    used 13050K, committed 13312K, reserved 1048576K
}
Event: 10823.689 GC heap before
{Heap before GC invocations=3002 (full 266):
 garbage-first heap   total 2459648K, used 421840K [0x0000000701800000, 0x0000000800000000)
  region size 2048K, 40 young (81920K), 4 survivors (8192K)
 Metaspace       used 93544K, committed 94080K, reserved 1179648K
  class space    used 13050K, committed 13312K, reserved 1048576K
}
Event: 10823.698 GC heap after
{Heap after GC invocations=3003 (full 266):
 garbage-first heap   total 2459648K, used 355077K [0x0000000701800000, 0x0000000800000000)
  region size 2048K, 5 young (10240K), 5 survivors (10240K)
 Metaspace       used 93544K, committed 94080K, reserved 1179648K
  class space    used 13050K, committed 13312K, reserved 1048576K
}
Event: 10833.871 GC heap before
{Heap before GC invocations=3003 (full 266):
 garbage-first heap   total 2459648K, used 426757K [0x0000000701800000, 0x0000000800000000)
  region size 2048K, 40 young (81920K), 5 survivors (10240K)
 Metaspace       used 93545K, committed 94080K, reserved 1179648K
  class space    used 13050K, committed 13312K, reserved 1048576K
}
Event: 10833.880 GC heap after
{Heap after GC invocations=3004 (full 266):
 garbage-first heap   total 2459648K, used 356929K [0x0000000701800000, 0x0000000800000000)
  region size 2048K, 1 young (2048K), 1 survivors (2048K)
 Metaspace       used 93545K, committed 94080K, reserved 1179648K
  class space    used 13050K, committed 13312K, reserved 1048576K
}
Event: 10835.940 GC heap before
{Heap before GC invocations=3004 (full 266):
 garbage-first heap   total 2459648K, used 436801K [0x0000000701800000, 0x0000000800000000)
  region size 2048K, 40 young (81920K), 1 survivors (2048K)
 Metaspace       used 93558K, committed 94144K, reserved 1179648K
  class space    used 13050K, committed 13312K, reserved 1048576K
}
Event: 10835.946 GC heap after
{Heap after GC invocations=3005 (full 266):
 garbage-first heap   total 2459648K, used 356652K [0x0000000701800000, 0x0000000800000000)
  region size 2048K, 1 young (2048K), 1 survivors (2048K)
 Metaspace       used 93558K, committed 94144K, reserved 1179648K
  class space    used 13050K, committed 13312K, reserved 1048576K
}
Event: 10852.345 GC heap before
{Heap before GC invocations=3005 (full 266):
 garbage-first heap   total 2459648K, used 436524K [0x0000000701800000, 0x0000000800000000)
  region size 2048K, 40 young (81920K), 1 survivors (2048K)
 Metaspace       used 93582K, committed 94144K, reserved 1179648K
  class space    used 13050K, committed 13312K, reserved 1048576K
}
Event: 10852.350 GC heap after
{Heap after GC invocations=3006 (full 266):
 garbage-first heap   total 2459648K, used 358700K [0x0000000701800000, 0x0000000800000000)
  region size 2048K, 2 young (4096K), 2 survivors (4096K)
 Metaspace       used 93582K, committed 94144K, reserved 1179648K
  class space    used 13050K, committed 13312K, reserved 1048576K
}
Event: 10865.920 GC heap before
{Heap before GC invocations=3006 (full 266):
 garbage-first heap   total 2459648K, used 375084K [0x0000000701800000, 0x0000000800000000)
  region size 2048K, 11 young (22528K), 2 survivors (4096K)
 Metaspace       used 93582K, committed 94144K, reserved 1179648K
  class space    used 13050K, committed 13312K, reserved 1048576K
}
Event: 10866.093 GC heap after
{Heap after GC invocations=3007 (full 267):
 garbage-first heap   total 655360K, used 189634K [0x0000000701800000, 0x0000000800000000)
  region size 2048K, 0 young (0K), 0 survivors (0K)
 Metaspace       used 93582K, committed 94144K, reserved 1179648K
  class space    used 13050K, committed 13312K, reserved 1048576K
}
Event: 10881.617 GC heap before
{Heap before GC invocations=3007 (full 267):
 garbage-first heap   total 655360K, used 273602K [0x0000000701800000, 0x0000000800000000)
  region size 2048K, 40 young (81920K), 0 survivors (0K)
 Metaspace       used 93593K, committed 94144K, reserved 1179648K
  class space    used 13050K, committed 13312K, reserved 1048576K
}
Event: 10881.626 GC heap after
{Heap after GC invocations=3008 (full 267):
 garbage-first heap   total 655360K, used 196479K [0x0000000701800000, 0x0000000800000000)
  region size 2048K, 3 young (6144K), 3 survivors (6144K)
 Metaspace       used 93593K, committed 94144K, reserved 1179648K
  class space    used 13050K, committed 13312K, reserved 1048576K
}
Event: 10882.164 GC heap before
{Heap before GC invocations=3008 (full 267):
 garbage-first heap   total 655360K, used 272255K [0x0000000701800000, 0x0000000800000000)
  region size 2048K, 40 young (81920K), 3 survivors (6144K)
 Metaspace       used 93600K, committed 94144K, reserved 1179648K
  class space    used 13050K, committed 13312K, reserved 1048576K
}
Event: 10882.171 GC heap after
{Heap after GC invocations=3009 (full 267):
 garbage-first heap   total 655360K, used 198733K [0x0000000701800000, 0x0000000800000000)
  region size 2048K, 4 young (8192K), 4 survivors (8192K)
 Metaspace       used 93600K, committed 94144K, reserved 1179648K
  class space    used 13050K, committed 13312K, reserved 1048576K
}
Event: 10882.501 GC heap before
{Heap before GC invocations=3009 (full 267):
 garbage-first heap   total 655360K, used 227405K [0x0000000701800000, 0x0000000800000000)
  region size 2048K, 19 young (38912K), 4 survivors (8192K)
 Metaspace       used 93619K, committed 94144K, reserved 1179648K
  class space    used 13050K, committed 13312K, reserved 1048576K
}
Event: 10882.624 GC heap after
{Heap after GC invocations=3010 (full 268):
 garbage-first heap   total 602112K, used 170134K [0x0000000701800000, 0x0000000800000000)
  region size 2048K, 0 young (0K), 0 survivors (0K)
 Metaspace       used 93619K, committed 94144K, reserved 1179648K
  class space    used 13050K, committed 13312K, reserved 1048576K
}

Dll operation events (20 events):
Event: 1.563 Loaded shared library D:\Vivado\2023.2\lib\win64.o\librdi_ipservicestasks.dll
Event: 1.566 Loaded shared library D:\Vivado\2023.2\lib\win64.o\librdi_vivadotasks.dll
Event: 1.567 Loaded shared library D:\Vivado\2023.2\lib\win64.o\librdi_board.dll
Event: 1.568 Loaded shared library D:\Vivado\2023.2\lib\win64.o\librdi_boarddep.dll
Event: 1.569 Loaded shared library D:\Vivado\2023.2\lib\win64.o\librdi_boardcommontasks.dll
Event: 1.569 Loaded shared library D:\Vivado\2023.2\lib\win64.o\librdi_ptgen.dll
Event: 1.570 Loaded shared library D:\Vivado\2023.2\lib\win64.o\librdi_ip.dll
Event: 1.572 Loaded shared library D:\Vivado\2023.2\lib\win64.o\librdi_mig.dll
Event: 1.574 Loaded shared library D:\Vivado\2023.2\lib\win64.o\librdi_implflow.dll
Event: 1.574 Loaded shared library D:\Vivado\2023.2\lib\win64.o\librdi_xhubtasks.dll
Event: 1.595 Loaded shared library D:\Vivado\2023.2\lib\win64.o\librdi_iptasks.dll
Event: 1.598 Loaded shared library D:\Vivado\2023.2\lib\win64.o\librdi_synth.dll
Event: 2.772 Loaded shared library D:\Vivado\2023.2\tps\win64\jre17.0.7_7\bin\verify.dll
Event: 3.072 Loaded shared library D:\Vivado\2023.2\tps\win64\jre17.0.7_7\bin\javajpeg.dll
Event: 3.084 Loaded shared library D:\Vivado\2023.2\tps\win64\jre17.0.7_7\bin\lcms.dll
Event: 3.477 Loaded shared library D:\Vivado\2023.2\tps\win64\jre17.0.7_7\bin\freetype.dll
Event: 3.480 Loaded shared library D:\Vivado\2023.2\tps\win64\jre17.0.7_7\bin\fontmanager.dll
Event: 7.894 Loaded shared library D:\Vivado\2023.2\lib\win64.o\librdi_xhub.dll
Event: 13.725 Loaded shared library D:\Vivado\2023.2\tps\win64\jre17.0.7_7\bin\management.dll
Event: 13.731 Loaded shared library D:\Vivado\2023.2\tps\win64\jre17.0.7_7\bin\management_ext.dll

Deoptimization events (20 events):
Event: 10350.526 Thread 0x000001499f0dcb60 Uncommon trap: trap_request=0xffffff45 fr.pc=0x00000149890f8960 relative=0x0000000000000600
Event: 10350.527 Thread 0x000001499f0dcb60 Uncommon trap: reason=unstable_if action=reinterpret pc=0x00000149890f8960 method=ui.data.common.J.beP()V @ 106 c2
Event: 10350.527 Thread 0x000001499f0dcb60 DEOPT PACKING pc=0x00000149890f8960 sp=0x00000029734fd970
Event: 10350.527 Thread 0x000001499f0dcb60 DEOPT UNPACKING pc=0x00000149875869a3 sp=0x00000029734fd8b0 mode 2
Event: 10358.096 Thread 0x00000149a18c9dc0 DEOPT PACKING pc=0x0000014982540adc sp=0x0000002908cfeff0
Event: 10358.096 Thread 0x00000149a18c9dc0 DEOPT UNPACKING pc=0x0000014987587143 sp=0x0000002908cfe4b0 mode 0
Event: 10382.403 Thread 0x000001499f0dcb60 Uncommon trap: trap_request=0xffffff45 fr.pc=0x0000014988776860 relative=0x00000000000004a0
Event: 10382.403 Thread 0x000001499f0dcb60 Uncommon trap: reason=unstable_if action=reinterpret pc=0x0000014988776860 method=ui.data.common.J.beP()V @ 106 c2
Event: 10382.403 Thread 0x000001499f0dcb60 DEOPT PACKING pc=0x0000014988776860 sp=0x00000029734fd900
Event: 10382.403 Thread 0x000001499f0dcb60 DEOPT UNPACKING pc=0x00000149875869a3 sp=0x00000029734fd8a0 mode 2
Event: 10770.945 Thread 0x000001499f0dcb60 DEOPT PACKING pc=0x00000149801e82c4 sp=0x00000029734fe650
Event: 10770.945 Thread 0x000001499f0dcb60 DEOPT UNPACKING pc=0x0000014987587143 sp=0x00000029734fdaf0 mode 0
Event: 10881.587 Thread 0x00000149b4b5ef30 Uncommon trap: trap_request=0xffffffbe fr.pc=0x00000149894e5d28 relative=0x0000000000004d48
Event: 10881.587 Thread 0x00000149b4b5ef30 Uncommon trap: reason=profile_predicate action=maybe_recompile pc=0x00000149894e5d28 method=sun.awt.image.PNGImageDecoder.produceImage()V @ 966 c2
Event: 10881.587 Thread 0x00000149b4b5ef30 DEOPT PACKING pc=0x00000149894e5d28 sp=0x000000290b4ff0f0
Event: 10881.587 Thread 0x00000149b4b5ef30 DEOPT UNPACKING pc=0x00000149875869a3 sp=0x000000290b4ff048 mode 2
Event: 10881.588 Thread 0x00000149b4b5ef30 Uncommon trap: trap_request=0xffffffbe fr.pc=0x00000149894e5d28 relative=0x0000000000004d48
Event: 10881.588 Thread 0x00000149b4b5ef30 Uncommon trap: reason=profile_predicate action=maybe_recompile pc=0x00000149894e5d28 method=sun.awt.image.PNGImageDecoder.produceImage()V @ 966 c2
Event: 10881.588 Thread 0x00000149b4b5ef30 DEOPT PACKING pc=0x00000149894e5d28 sp=0x000000290b4ff0f0
Event: 10881.589 Thread 0x00000149b4b5ef30 DEOPT UNPACKING pc=0x00000149875869a3 sp=0x000000290b4ff048 mode 2

Classes unloaded (20 events):
Event: 8285.912 Thread 0x00000149f63bb5a0 Unloading class 0x0000000801b46c00 'java/lang/invoke/LambdaForm$MH+0x0000000801b46c00'
Event: 8285.912 Thread 0x00000149f63bb5a0 Unloading class 0x0000000801b4e000 'java/lang/invoke/LambdaForm$MH+0x0000000801b4e000'
Event: 8285.912 Thread 0x00000149f63bb5a0 Unloading class 0x0000000801b50c00 'java/lang/invoke/LambdaForm$MH+0x0000000801b50c00'
Event: 8285.912 Thread 0x00000149f63bb5a0 Unloading class 0x0000000801b53800 'java/lang/invoke/LambdaForm$MH+0x0000000801b53800'
Event: 8285.912 Thread 0x00000149f63bb5a0 Unloading class 0x0000000801b58400 'java/lang/invoke/LambdaForm$MH+0x0000000801b58400'
Event: 8285.912 Thread 0x00000149f63bb5a0 Unloading class 0x0000000801b59000 'java/lang/invoke/LambdaForm$MH+0x0000000801b59000'
Event: 8285.912 Thread 0x00000149f63bb5a0 Unloading class 0x0000000801b5dc00 'java/lang/invoke/LambdaForm$MH+0x0000000801b5dc00'
Event: 8285.912 Thread 0x00000149f63bb5a0 Unloading class 0x0000000801b8e800 'java/lang/invoke/LambdaForm$MH+0x0000000801b8e800'
Event: 8285.912 Thread 0x00000149f63bb5a0 Unloading class 0x0000000801b8f400 'java/lang/invoke/LambdaForm$MH+0x0000000801b8f400'
Event: 8285.912 Thread 0x00000149f63bb5a0 Unloading class 0x0000000801b8f800 'java/lang/invoke/LambdaForm$MH+0x0000000801b8f800'
Event: 8293.943 Thread 0x00000149f63bb5a0 Unloading class 0x00000008010cc000 'java/lang/invoke/LambdaForm$MH+0x00000008010cc000'
Event: 8293.943 Thread 0x00000149f63bb5a0 Unloading class 0x0000000801012400 'java/lang/invoke/LambdaForm$MH+0x0000000801012400'
Event: 8293.943 Thread 0x00000149f63bb5a0 Unloading class 0x0000000801012000 'java/lang/invoke/LambdaForm$MH+0x0000000801012000'
Event: 8293.943 Thread 0x00000149f63bb5a0 Unloading class 0x0000000801011c00 'java/lang/invoke/LambdaForm$MH+0x0000000801011c00'
Event: 8293.943 Thread 0x00000149f63bb5a0 Unloading class 0x0000000801011800 'java/lang/invoke/LambdaForm$MH+0x0000000801011800'
Event: 8293.943 Thread 0x00000149f63bb5a0 Unloading class 0x0000000801011400 'java/lang/invoke/LambdaForm$MH+0x0000000801011400'
Event: 8293.943 Thread 0x00000149f63bb5a0 Unloading class 0x0000000801011000 'java/lang/invoke/LambdaForm$MH+0x0000000801011000'
Event: 8293.943 Thread 0x00000149f63bb5a0 Unloading class 0x0000000801010c00 'java/lang/invoke/LambdaForm$MH+0x0000000801010c00'
Event: 8293.943 Thread 0x00000149f63bb5a0 Unloading class 0x0000000801010800 'java/lang/invoke/LambdaForm$MH+0x0000000801010800'
Event: 8293.943 Thread 0x00000149f63bb5a0 Unloading class 0x000000080100e000 'java/lang/invoke/LambdaForm$MH+0x000000080100e000'

Classes redefined (0 events):
No events

Internal exceptions (20 events):
Event: 10801.336 Thread 0x000001499f0dcb60 Exception <a 'java/io/FileNotFoundException'{0x0000000796e7cf60}> (0x0000000796e7cf60) 
thrown [s\src\hotspot\share\prims\jni.cpp, line 516]
Event: 10806.352 Thread 0x000001499f0dcb60 Exception <a 'java/io/FileNotFoundException'{0x00000007973664a0}> (0x00000007973664a0) 
thrown [s\src\hotspot\share\prims\jni.cpp, line 516]
Event: 10811.338 Thread 0x000001499f0dcb60 Exception <a 'java/io/FileNotFoundException'{0x00000007958b5948}> (0x00000007958b5948) 
thrown [s\src\hotspot\share\prims\jni.cpp, line 516]
Event: 10816.346 Thread 0x000001499f0dcb60 Exception <a 'java/io/FileNotFoundException'{0x0000000794b886e8}> (0x0000000794b886e8) 
thrown [s\src\hotspot\share\prims\jni.cpp, line 516]
Event: 10821.340 Thread 0x000001499f0dcb60 Exception <a 'java/io/FileNotFoundException'{0x0000000793a5ea50}> (0x0000000793a5ea50) 
thrown [s\src\hotspot\share\prims\jni.cpp, line 516]
Event: 10826.341 Thread 0x000001499f0dcb60 Exception <a 'java/io/FileNotFoundException'{0x00000007978faa08}> (0x00000007978faa08) 
thrown [s\src\hotspot\share\prims\jni.cpp, line 516]
Event: 10831.342 Thread 0x000001499f0dcb60 Exception <a 'java/io/FileNotFoundException'{0x0000000796d147d8}> (0x0000000796d147d8) 
thrown [s\src\hotspot\share\prims\jni.cpp, line 516]
Event: 10833.027 Thread 0x00000149a18ca290 Exception <a 'java/lang/InterruptedException'{0x00000007964357e0}: sleep interrupted> (0x00000007964357e0) 
thrown [s\src\hotspot\share\prims\jvm.cpp, line 3070]
Event: 10836.496 Thread 0x000001499f0dcb60 Exception <a 'java/io/FileNotFoundException'{0x000000079425e110}> (0x000000079425e110) 
thrown [s\src\hotspot\share\prims\jni.cpp, line 516]
Event: 10841.343 Thread 0x000001499f0dcb60 Exception <a 'java/io/FileNotFoundException'{0x0000000793d1c318}> (0x0000000793d1c318) 
thrown [s\src\hotspot\share\prims\jni.cpp, line 516]
Event: 10846.345 Thread 0x000001499f0dcb60 Exception <a 'java/io/FileNotFoundException'{0x0000000793555828}> (0x0000000793555828) 
thrown [s\src\hotspot\share\prims\jni.cpp, line 516]
Event: 10851.345 Thread 0x000001499f0dcb60 Exception <a 'java/io/FileNotFoundException'{0x0000000792f7cad0}> (0x0000000792f7cad0) 
thrown [s\src\hotspot\share\prims\jni.cpp, line 516]
Event: 10856.348 Thread 0x000001499f0dcb60 Exception <a 'java/io/FileNotFoundException'{0x00000007974cefc0}> (0x00000007974cefc0) 
thrown [s\src\hotspot\share\prims\jni.cpp, line 516]
Event: 10861.348 Thread 0x000001499f0dcb60 Exception <a 'java/io/FileNotFoundException'{0x00000007971ee748}> (0x00000007971ee748) 
thrown [s\src\hotspot\share\prims\jni.cpp, line 516]
Event: 10866.349 Thread 0x000001499f0dcb60 Exception <a 'java/io/FileNotFoundException'{0x0000000729474ed8}> (0x0000000729474ed8) 
thrown [s\src\hotspot\share\prims\jni.cpp, line 516]
Event: 10871.350 Thread 0x000001499f0dcb60 Exception <a 'java/io/FileNotFoundException'{0x0000000728b641c0}> (0x0000000728b641c0) 
thrown [s\src\hotspot\share\prims\jni.cpp, line 516]
Event: 10876.351 Thread 0x000001499f0dcb60 Exception <a 'java/io/FileNotFoundException'{0x000000072781e320}> (0x000000072781e320) 
thrown [s\src\hotspot\share\prims\jni.cpp, line 516]
Event: 10881.353 Thread 0x000001499f0dcb60 Exception <a 'java/io/FileNotFoundException'{0x0000000724c06f38}> (0x0000000724c06f38) 
thrown [s\src\hotspot\share\prims\jni.cpp, line 516]
Event: 10881.735 Thread 0x00000149a18ca290 Exception <a 'java/lang/InterruptedException'{0x0000000729355ac8}: sleep interrupted> (0x0000000729355ac8) 
thrown [s\src\hotspot\share\prims\jvm.cpp, line 3044]
Event: 10886.353 Thread 0x000001499f0dcb60 Exception <a 'java/io/FileNotFoundException'{0x0000000725167198}> (0x0000000725167198) 
thrown [s\src\hotspot\share\prims\jni.cpp, line 516]

VM Operations (20 events):
Event: 10852.345 Executing VM operation: G1CollectForAllocation
Event: 10852.350 Executing VM operation: G1CollectForAllocation done
Event: 10865.917 Executing VM operation: G1CollectFull
Event: 10866.113 Executing VM operation: G1CollectFull done
Event: 10870.113 Executing VM operation: Cleanup
Event: 10870.114 Executing VM operation: Cleanup done
Event: 10881.118 Executing VM operation: Cleanup
Event: 10881.118 Executing VM operation: Cleanup done
Event: 10881.617 Executing VM operation: G1CollectForAllocation
Event: 10881.626 Executing VM operation: G1CollectForAllocation done
Event: 10882.059 Executing VM operation: HandshakeAllThreads
Event: 10882.059 Executing VM operation: HandshakeAllThreads done
Event: 10882.164 Executing VM operation: G1CollectForAllocation
Event: 10882.171 Executing VM operation: G1CollectForAllocation done
Event: 10882.500 Executing VM operation: G1CollectFull
Event: 10882.624 Executing VM operation: G1CollectFull done
Event: 10888.628 Executing VM operation: Cleanup
Event: 10888.628 Executing VM operation: Cleanup done
Event: 10890.629 Executing VM operation: Cleanup
Event: 10890.629 Executing VM operation: Cleanup done

Events (20 events):
Event: 10883.293 Thread 0x0000014ad59b4570 Thread added: 0x0000014ad59b4570
Event: 10883.297 Thread 0x0000014ad59b4570 Thread exited: 0x0000014ad59b4570
Event: 10884.287 Thread 0x00000149ea0256c0 Thread added: 0x00000149ea0256c0
Event: 10884.292 Thread 0x00000149ea0256c0 Thread exited: 0x00000149ea0256c0
Event: 10884.352 Thread 0x00000149b8b03dd0 Thread added: 0x00000149b8b03dd0
Event: 10884.357 Thread 0x00000149b8b03dd0 Thread exited: 0x00000149b8b03dd0
Event: 10885.287 Thread 0x0000014a11b7d080 Thread added: 0x0000014a11b7d080
Event: 10885.291 Thread 0x0000014a11b7d080 Thread exited: 0x0000014a11b7d080
Event: 10886.288 Thread 0x0000014a0b0617b0 Thread added: 0x0000014a0b0617b0
Event: 10886.292 Thread 0x0000014a0b0617b0 Thread exited: 0x0000014a0b0617b0
Event: 10886.685 Thread 0x00000149b4b5ef30 Thread exited: 0x00000149b4b5ef30
Event: 10886.736 Thread 0x00000149a18ca290 Thread exited: 0x00000149a18ca290
Event: 10887.288 Thread 0x00000149b4b5ef30 Thread added: 0x00000149b4b5ef30
Event: 10887.293 Thread 0x00000149b4b5ef30 Thread exited: 0x00000149b4b5ef30
Event: 10888.375 Thread 0x00000149a18ca290 Thread added: 0x00000149a18ca290
Event: 10888.380 Thread 0x00000149a18ca290 Thread exited: 0x00000149a18ca290
Event: 10889.290 Thread 0x00000149a18ca290 Thread added: 0x00000149a18ca290
Event: 10889.294 Thread 0x00000149a18ca290 Thread exited: 0x00000149a18ca290
Event: 10890.291 Thread 0x00000149b4b5ef30 Thread added: 0x00000149b4b5ef30
Event: 10890.295 Thread 0x00000149b4b5ef30 Thread exited: 0x00000149b4b5ef30


Dynamic libraries:
0x00007ff64eaf0000 - 0x00007ff64eb21000 	D:\Vivado\2023.2\bin\unwrapped\win64.o\vivado.exe
0x00007ffa87a60000 - 0x00007ffa87cc0000 	C:\WINDOWS\SYSTEM32\ntdll.dll
0x00007ffa861b0000 - 0x00007ffa86277000 	C:\WINDOWS\System32\KERNEL32.DLL
0x00007ffa84c40000 - 0x00007ffa8500a000 	C:\WINDOWS\System32\KERNELBASE.dll
0x00007ffa85010000 - 0x00007ffa8515b000 	C:\WINDOWS\System32\ucrtbase.dll
0x00007ffa6f800000 - 0x00007ffa6f81e000 	C:\WINDOWS\SYSTEM32\VCRUNTIME140.dll
0x00007ffa6c890000 - 0x00007ffa6c91d000 	C:\WINDOWS\SYSTEM32\MSVCP140.dll
0x00007ffa6f7f0000 - 0x00007ffa6f7fc000 	C:\WINDOWS\SYSTEM32\VCRUNTIME140_1.dll
0x00007ffa00c70000 - 0x00007ffa0231a000 	D:\Vivado\2023.2\lib\win64.o\librdi_common.dll
0x00007ffa7df60000 - 0x00007ffa7df7c000 	D:\Vivado\2023.2\lib\win64.o\librdi_commonmain.dll
0x00007ffa85f00000 - 0x00007ffa860cc000 	C:\WINDOWS\System32\USER32.dll
0x00007ffa854e0000 - 0x00007ffa85507000 	C:\WINDOWS\System32\win32u.dll
0x00007ffa86f80000 - 0x00007ffa86faa000 	C:\WINDOWS\System32\GDI32.dll
0x00007ffa85510000 - 0x00007ffa85641000 	C:\WINDOWS\System32\gdi32full.dll
0x00007ffa17310000 - 0x00007ffa17740000 	D:\Vivado\2023.2\lib\win64.o\python38.dll
0x00007ffa85160000 - 0x00007ffa85203000 	C:\WINDOWS\System32\msvcp_win.dll
0x00007ffa86340000 - 0x00007ffa863f2000 	C:\WINDOWS\System32\ADVAPI32.dll
0x00007ffa85e50000 - 0x00007ffa85ef9000 	C:\WINDOWS\System32\msvcrt.dll
0x00007ffa87240000 - 0x00007ffa872e6000 	C:\WINDOWS\System32\sechost.dll
0x00007ffa18be0000 - 0x00007ffa18f4e000 	D:\Vivado\2023.2\lib\win64.o\libCOIN-all.dll
0x00007ffa86c10000 - 0x00007ffa86d26000 	C:\WINDOWS\System32\RPCRT4.dll
0x00007ffa86b40000 - 0x00007ffa86ba4000 	C:\WINDOWS\System32\SHLWAPI.dll
0x00007ffa872f0000 - 0x00007ffa87a19000 	C:\WINDOWS\System32\SHELL32.dll
0x00007ffa870b0000 - 0x00007ffa87124000 	C:\WINDOWS\System32\WS2_32.dll
0x00007ffa69b00000 - 0x00007ffa69b21000 	D:\Vivado\2023.2\lib\win64.o\libboost_filesystem.dll
0x00007ffa85210000 - 0x00007ffa85378000 	C:\WINDOWS\System32\wintypes.dll
0x00007ffa85860000 - 0x00007ffa85be2000 	C:\WINDOWS\System32\combase.dll
0x00007ffa85650000 - 0x00007ffa856cf000 	C:\WINDOWS\System32\WINTRUST.dll
0x00007ffa7f880000 - 0x00007ffa7f889000 	D:\Vivado\2023.2\lib\win64.o\librdi_commonversion.dll
0x00007ffa70d60000 - 0x00007ffa70d71000 	D:\Vivado\2023.2\lib\win64.o\libboost_date_time.dll
0x00007ffa54680000 - 0x00007ffa54836000 	D:\Vivado\2023.2\lib\win64.o\librdi_commonxillic.dll
0x00007ffa59b00000 - 0x00007ffa59b79000 	D:\Vivado\2023.2\lib\win64.o\libboost_program_options.dll
0x0000000050ef0000 - 0x000000005101c000 	D:\Vivado\2023.2\lib\win64.o\tcl85t.dll
0x00007ffa1fd50000 - 0x00007ffa1fe64000 	D:\Vivado\2023.2\lib\win64.o\libboost_regex.dll
0x00007ffa70cc0000 - 0x00007ffa70cdc000 	D:\Vivado\2023.2\lib\win64.o\libboost_thread.dll
0x00007ffa72770000 - 0x00007ffa7277c000 	D:\Vivado\2023.2\lib\win64.o\libboost_xilinx.dll
0x00007ffa549a0000 - 0x00007ffa54a22000 	D:\Vivado\2023.2\lib\win64.o\libhdlpsolve.dll
0x00007ffa2a490000 - 0x00007ffa2a535000 	D:\Vivado\2023.2\lib\win64.o\libhdxml.dll
0x00007ffa134f0000 - 0x00007ffa14514600 	D:\Vivado\2023.2\lib\win64.o\libisl_iostreams.dll
0x00007ffa5f010000 - 0x00007ffa5f03a000 	D:\Vivado\2023.2\lib\win64.o\libisl_sysinfo.dll
0x00007ffa5c970000 - 0x00007ffa5c9d5000 	D:\Vivado\2023.2\lib\win64.o\liblmx6.0.dll
0x00007ffa6e9f0000 - 0x00007ffa6ea0a000 	D:\Vivado\2023.2\lib\win64.o\pthreadVC2.dll
0x00007ffa6c020000 - 0x00007ffa6c03c000 	D:\Vivado\2023.2\lib\win64.o\librdiconfig.dll
0x00007ffa5be80000 - 0x00007ffa5bea1000 	D:\Vivado\2023.2\lib\win64.o\librdizlib.dll
0x00007ffa7db90000 - 0x00007ffa7db9b000 	C:\WINDOWS\SYSTEM32\VERSION.dll
0x00007ffa1d180000 - 0x00007ffa1d441000 	D:\Vivado\2023.2\lib\win64.o\xerces-c_3_2.dll
0x00007ffa705e0000 - 0x00007ffa705fa000 	C:\WINDOWS\SYSTEM32\NETAPI32.dll
0x00007ffa6e1e0000 - 0x00007ffa6e463000 	C:\WINDOWS\SYSTEM32\WININET.dll
0x00007ffa7c820000 - 0x00007ffa7c93d000 	C:\WINDOWS\SYSTEM32\WINHTTP.dll
0x00007ffa716c0000 - 0x00007ffa7189c000 	C:\WINDOWS\SYSTEM32\urlmon.dll
0x00007ffa68630000 - 0x00007ffa6863a000 	C:\WINDOWS\SYSTEM32\WSOCK32.dll
0x00007ffa5be50000 - 0x00007ffa5be80000 	C:\WINDOWS\SYSTEM32\VCOMP140.DLL
0x00007ffa84b20000 - 0x00007ffa84b46000 	C:\WINDOWS\SYSTEM32\bcrypt.dll
0x00007ff9fe9b0000 - 0x00007ffa008c7000 	D:\Vivado\2023.2\lib\win64.o\gurobi90.dll
0x00007ffa856e0000 - 0x00007ffa85857000 	C:\WINDOWS\System32\CRYPT32.dll
0x00007ffa85dd0000 - 0x00007ffa85e44000 	C:\WINDOWS\System32\WLDAP32.dll
0x00007ffa86280000 - 0x00007ffa86288000 	C:\WINDOWS\System32\Normaliz.dll
0x00007ffa16fe0000 - 0x00007ffa1730d000 	D:\Vivado\2023.2\lib\win64.o\libXil_lmgr11.dll
0x00007ffa87130000 - 0x00007ffa87224000 	C:\WINDOWS\System32\COMDLG32.dll
0x00007ffa86460000 - 0x00007ffa8654d000 	C:\WINDOWS\System32\shcore.dll
0x00007ffa59ad0000 - 0x00007ffa59af4000 	D:\Vivado\2023.2\lib\win64.o\libisl_iosutils.dll
0x00007ffa860d0000 - 0x00007ffa861a6000 	C:\WINDOWS\System32\OLEAUT32.dll
0x00007ffa69b60000 - 0x00007ffa69b78000 	D:\Vivado\2023.2\lib\win64.o\libboost_iostreams.dll
0x00007ffa86db0000 - 0x00007ffa86f46000 	C:\WINDOWS\System32\ole32.dll
0x00007ffa828c0000 - 0x00007ffa83112000 	C:\WINDOWS\SYSTEM32\windows.storage.dll
0x00007ffa71320000 - 0x00007ffa715eb000 	C:\WINDOWS\SYSTEM32\iertutil.dll
0x00007ffa57150000 - 0x00007ffa57204000 	C:\WINDOWS\WinSxS\amd64_microsoft.windows.common-controls_6595b64144ccf1df_5.82.26100.1882_none_87f34cef7a28f535\COMCTL32.dll
0x00007ffa7a9d0000 - 0x00007ffa7a9f5000 	C:\WINDOWS\SYSTEM32\dhcpcsvc.DLL
0x00007ffa84010000 - 0x00007ffa8403b000 	C:\WINDOWS\SYSTEM32\USERENV.dll
0x00007ffa712a0000 - 0x00007ffa712c9000 	C:\WINDOWS\SYSTEM32\srvcli.dll
0x00007ffa83410000 - 0x00007ffa8341d000 	C:\WINDOWS\SYSTEM32\netutils.dll
0x00007ffa83f50000 - 0x00007ffa83fba000 	C:\WINDOWS\SYSTEM32\MSWSOCK.DLL
0x00007ffa87040000 - 0x00007ffa8706f000 	C:\WINDOWS\System32\IMM32.DLL
0x00007ffa843a0000 - 0x00007ffa843b3000 	C:\WINDOWS\SYSTEM32\MSASN1.dll
0x00007ffa83a20000 - 0x00007ffa83a3a000 	C:\WINDOWS\SYSTEM32\kernel.appcore.dll
0x00007ffa84210000 - 0x00007ffa8422c000 	C:\WINDOWS\SYSTEM32\CRYPTSP.dll
0x00007ffa83980000 - 0x00007ffa839ba000 	C:\WINDOWS\system32\rsaenh.dll
0x00007ffa84230000 - 0x00007ffa8423c000 	C:\WINDOWS\SYSTEM32\CRYPTBASE.dll
0x00007ffa85440000 - 0x00007ffa854d9000 	C:\WINDOWS\System32\bcryptPrimitives.dll
0x00007ffa87080000 - 0x00007ffa870a0000 	C:\WINDOWS\System32\imagehlp.dll
0x00007ffa16a90000 - 0x00007ffa16fdd000 	D:\Vivado\2023.2\lib\win64.o\librdi_commontasks.dll
0x00007ffa035b0000 - 0x00007ffa041f8000 	D:\Vivado\2023.2\tps\win64\jre17.0.7_7\bin\server\jvm.dll
0x00007ffa16760000 - 0x00007ffa16a8b800 	D:\Vivado\2023.2\lib\win64.o\librdi_sio.dll
0x00007ffa721d0000 - 0x00007ffa72206000 	C:\WINDOWS\SYSTEM32\WINMM.dll
0x00007ffa83420000 - 0x00007ffa83453000 	C:\WINDOWS\SYSTEM32\IPHLPAPI.DLL
0x00007ffa83fc0000 - 0x00007ffa83fe7000 	C:\WINDOWS\SYSTEM32\gpapi.dll
0x00007ffa7a4c0000 - 0x00007ffa7a4fb000 	C:\Windows\System32\cryptnet.dll
0x00007ffa84b50000 - 0x00007ffa84b7f000 	C:\WINDOWS\SYSTEM32\profapi.dll
0x00007ffa81b50000 - 0x00007ffa81b5f000 	C:\WINDOWS\SYSTEM32\WINNSI.DLL
0x00007ffa86c00000 - 0x00007ffa86c0a000 	C:\WINDOWS\System32\NSI.dll
0x00007ffa83cc0000 - 0x00007ffa83d08000 	C:\WINDOWS\SYSTEM32\SspiCli.dll
0x00007ffa6c2c0000 - 0x00007ffa6c2d8000 	C:\WINDOWS\system32\napinsp.dll
0x00007ffa83510000 - 0x00007ffa83635000 	C:\WINDOWS\SYSTEM32\DNSAPI.dll
0x00007ffa6c270000 - 0x00007ffa6c282000 	C:\WINDOWS\System32\winrnr.dll
0x00007ffa6b9d0000 - 0x00007ffa6ba00000 	C:\WINDOWS\system32\nlansp_c.dll
0x00007ffa7cdf0000 - 0x00007ffa7ce06000 	C:\WINDOWS\system32\wshbth.dll
0x00007ff9da4f0000 - 0x00007ff9dd2b6000 	D:\Vivado\2023.2\lib\win64.o\librdi_tcltasks.dll
0x00007ffa112b0000 - 0x00007ffa11791000 	D:\Vivado\2023.2\lib\win64.o\librdi_bitstream.dll
0x00007ffa1bab0000 - 0x00007ffa1bcb0000 	D:\Vivado\2023.2\lib\win64.o\librdi_board.dll
0x00007ffa2bbd0000 - 0x00007ffa2bc53000 	D:\Vivado\2023.2\lib\win64.o\librdi_boarddep.dll
0x00007ffa1ddd0000 - 0x00007ffa1defa000 	D:\Vivado\2023.2\lib\win64.o\librdi_chipscope.dll
0x00007ffa1b2e0000 - 0x00007ffa1b4e7000 	D:\Vivado\2023.2\lib\win64.o\librdi_chipscopeimpl.dll
0x00007ff9f9d90000 - 0x00007ff9fc485000 	D:\Vivado\2023.2\lib\win64.o\librdi_constraints.dll
0x00007ffa1d630000 - 0x00007ffa1d79e000 	D:\Vivado\2023.2\lib\win64.o\librdi_containers.dll
0x00007ff9d6300000 - 0x00007ff9d8a36000 	D:\Vivado\2023.2\lib\win64.o\librdi_coregen.dll
0x00007ff9fcba0000 - 0x00007ff9fe9a7000 	D:\Vivado\2023.2\lib\win64.o\librdi_designutils.dll
0x00007ff9d8ee0000 - 0x00007ff9da4e3000 	D:\Vivado\2023.2\lib\win64.o\librdi_device.dll
0x00007ffa12a20000 - 0x00007ffa12dbf000 	D:\Vivado\2023.2\lib\win64.o\librdi_dlyest.dll
0x00007ff9d5bc0000 - 0x00007ff9d62f6000 	D:\Vivado\2023.2\lib\win64.o\librdi_drc.dll
0x00007ffa1fa80000 - 0x00007ffa1fb34000 	D:\Vivado\2023.2\lib\win64.o\librdi_dsp.dll
0x00007ff9d3390000 - 0x00007ff9d5bb4000 	D:\Vivado\2023.2\lib\win64.o\librdi_cdoutil.dll
0x00007ff9c8630000 - 0x00007ff9c8def000 	D:\Vivado\2023.2\lib\win64.o\librdi_filemgmt.dll
0x00007ffa2a330000 - 0x00007ffa2a39b000 	D:\Vivado\2023.2\lib\win64.o\librdi_hdf.dll
0x00007ffa10fc0000 - 0x00007ffa112a4000 	D:\Vivado\2023.2\lib\win64.o\librdi_hip_devdesign.dll
0x00007ffa1b850000 - 0x00007ffa1b998000 	D:\Vivado\2023.2\lib\win64.o\librdi_hip_perf_analysis.dll
0x00007ff9c7780000 - 0x00007ff9c8630000 	D:\Vivado\2023.2\lib\win64.o\librdi_ippcw.dll
0x00007ff9c6850000 - 0x00007ff9c70ea000 	D:\Vivado\2023.2\lib\win64.o\librdi_lopt.dll
0x00007ff9c5250000 - 0x00007ff9c6393000 	D:\Vivado\2023.2\lib\win64.o\librdi_implflow.dll
0x00007ffa02f50000 - 0x00007ffa035a6000 	D:\Vivado\2023.2\lib\win64.o\librdi_memdata.dll
0x00007ffa2a1b0000 - 0x00007ffa2a22d000 	D:\Vivado\2023.2\lib\win64.o\librdi_memoryarray.dll
0x00007ff9c0210000 - 0x00007ff9c2c51000 	D:\Vivado\2023.2\lib\win64.o\librdi_mig.dll
0x00007ff9c4a40000 - 0x00007ff9c5244000 	D:\Vivado\2023.2\lib\win64.o\librdi_netlist.dll
0x00007ffa23530000 - 0x00007ffa235a2000 	D:\Vivado\2023.2\lib\win64.o\librdi_noc_frameworks.dll
0x00007ffa1eda0000 - 0x00007ffa1edfc000 	D:\Vivado\2023.2\lib\win64.o\librdi_pfi.dll
0x00007ff9bd350000 - 0x00007ff9c020c000 	D:\Vivado\2023.2\lib\win64.o\librdi_place.dll
0x00007ff9d2f10000 - 0x00007ff9d338e000 	D:\Vivado\2023.2\lib\win64.o\librdi_platform.dll
0x00007ff9bcac0000 - 0x00007ff9bd34b000 	D:\Vivado\2023.2\lib\win64.o\librdi_project.dll
0x00007ff9c4140000 - 0x00007ff9c4a32000 	D:\Vivado\2023.2\lib\win64.o\librdi_power.dll

dbghelp: loaded successfully - version: 4.0.5 - missing functions: none
symbol engine: initialized successfully - sym options: 0x614 - pdb path: .;D:\Vivado\2023.2\bin\unwrapped\win64.o;C:\WINDOWS\SYSTEM32;D:\Vivado\2023.2\lib\win64.o;C:\WINDOWS\WinSxS\amd64_microsoft.windows.common-controls_6595b64144ccf1df_5.82.26100.1882_none_87f34cef7a28f535;D:\Vivado\2023.2\tps\win64\jre17.0.7_7\bin\server;D:\Vivado\2023.2\tps\win64\jre17.0.7_7\bin;C:\WINDOWS\WinSxS\amd64_microsoft.windows.common-controls_6595b64144ccf1df_6.0.26100.3624_none_3e086962e3345f24

VM Arguments:
jvm_args: -Dsun.java2d.pmoffscreen=false -Dhttps.protocols=TLSv1,TLSv1.1,TLSv1.2 -Dsun.java2d.xrender=false -Dsun.java2d.d3d=false -Dsun.awt.nopixfmt=true -Dsun.java2d.dpiaware=true -Dsun.java2d.uiScale.enabled=false -Dswing.aatext=true -XX:-UsePerfData -Djdk.map.althashing.threshold=512 -XX:StringTableSize=4072 -XX:+UseStringDeduplication -XX:MaxGCPauseMillis=200 -XX:+ParallelRefProcEnabled --add-opens=java.desktop/javax.swing.plaf.synth=ALL-UNNAMED --add-opens=java.base/java.nio=ALL-UNNAMED --add-opens=java.desktop/sun.swing=ALL-UNNAMED --add-opens=java.desktop/javax.swing=ALL-UNNAMED --add-opens=java.desktop/javax.swing.tree=ALL-UNNAMED --add-opens=java.desktop/javax.swing.plaf.basic=ALL-UNNAMED --add-opens=java.desktop/javax.swing.plaf.synth=ALL-UNNAMED --add-opens=java.desktop/javax.swing.plaf.basic=ALL-UNNAMED --add-opens=java.desktop/javax.swing=ALL-UNNAMED --add-opens=java.desktop/javax.swing.tree=ALL-UNNAMED --add-opens=java.desktop/java.awt.event=ALL-UNNAMED --add-exports=java.desktop/javax.swing.plaf.synth=ALL-UNNAMED --add-exports=java.base/java.nio=ALL-UNNAMED --add-exports=java.desktop/sun.swing=ALL-UNNAMED --add-exports=java.desktop/javax.swing=ALL-UNNAMED --add-exports=java.desktop/javax.swing.tree=ALL-UNNAMED --add-exports=java.desktop/javax.swing.plaf.basic=ALL-UNNAMED --add-exports=java.desktop/sun.swing=ALL-UNNAMED --add-exports=java.desktop/sun.swing.table=ALL-UNNAMED --add-exports=java.desktop/sun.swing.plaf.synth=ALL-UNNAMED --add-exports=java.desktop/sun.awt.shell=ALL-UNNAMED --add-exports=java.base/sun.security.action=ALL-UNNAMED --add-exports=java.desktop/sun.font=ALL-UNNAMED -XX:NewSize=80m -XX:MaxNewSize=80m -Xms512m -Xmx4072m -Xss10m 
java_command: <unknown>
java_class_path (initial): D:/Vivado/2023.2\lib\classes\alloy.jar;D:/Vivado/2023.2\lib\classes\asm-9.3.jar;D:/Vivado/2023.2\lib\classes\asm-analysis-9.3.jar;D:/Vivado/2023.2\lib\classes\asm-commons-9.3.jar;D:/Vivado/2023.2\lib\classes\asm-tree-9.3.jar;D:/Vivado/2023.2\lib\classes\autoesl-models.jar;D:/Vivado/2023.2\lib\classes\batik-anim.jar;D:/Vivado/2023.2\lib\classes\batik-awt-util.jar;D:/Vivado/2023.2\lib\classes\batik-bridge.jar;D:/Vivado/2023.2\lib\classes\batik-codec.jar;D:/Vivado/2023.2\lib\classes\batik-constants.jar;D:/Vivado/2023.2\lib\classes\batik-css.jar;D:/Vivado/2023.2\lib\classes\batik-dom.jar;D:/Vivado/2023.2\lib\classes\batik-ext.jar;D:/Vivado/2023.2\lib\classes\batik-gui-util.jar;D:/Vivado/2023.2\lib\classes\batik-gvt.jar;D:/Vivado/2023.2\lib\classes\batik-i18n.jar;D:/Vivado/2023.2\lib\classes\batik-parser.jar;D:/Vivado/2023.2\lib\classes\batik-script.jar;D:/Vivado/2023.2\lib\classes\batik-svg-dom.jar;D:/Vivado/2023.2\lib\classes\batik-svggen.jar;D:/Vivado/2023.2\lib\classes\batik-swing.jar;D:/Vivado/2023.2\lib\classes\batik-transcoder.jar;D:/Vivado/2023.2\lib\classes\batik-util.jar;D:/Vivado/2023.2\lib\classes\batik-xml.jar;D:/Vivado/2023.2\lib\classes\com.fasterxml.jackson.core.jackson-annotations_2.12.1.v20210128-1726.jar;D:/Vivado/2023.2\lib\classes\com.fasterxml.jackson.core.jackson-core_2.12.1.v20210128-1726.jar;D:/Vivado/2023.2\lib\classes\com.fasterxml.jackson.core.jackson-databind_2.12.1.v20210128-1726.jar;D:/Vivado/2023.2\lib\classes\com.google.gson_2.8.9.v20220111-1409.jar;D:/Vivado/2023.2\lib\classes\com.google.guava_30.1.0.v20210127-2300.jar;D:/Vivado/2023.2\lib\classes\com.sigasi.hdt.connection_4.17.2.202304211001.jar;D:/Vivado/2023.2\lib\classes\com.sigasi.hdt.epl_4.17.2.202304211001.jar;D:/Vivado/2023.2\lib\classes\com.sigasi.hdt.project_4.17.2.202304211001.jar;D:/Vivado/2023.2\lib\classes\com.sigasi.hdt.readonlyfilesystem_4.17.2.202304211001.jar;D:/Vivado/2023.2\lib\classes\com.sigasi.hdt.shared_4.17.2.202304211001.jar;D:/Vivad
Launcher Type: generic

[Global flags]
     intx CICompilerCount                          = 4                                         {product} {ergonomic}
     uint ConcGCThreads                            = 2                                         {product} {ergonomic}
     uint G1ConcRefinementThreads                  = 8                                         {product} {ergonomic}
   size_t G1HeapRegionSize                         = 2097152                                   {product} {ergonomic}
    uintx GCDrainStackTargetSize                   = 64                                        {product} {ergonomic}
   size_t InitialHeapSize                          = 536870912                                 {product} {command line}
   size_t MarkStackSize                            = 4194304                                   {product} {ergonomic}
    uintx MaxGCPauseMillis                         = 200                                       {product} {command line}
   size_t MaxHeapSize                              = 4269801472                                {product} {command line}
   size_t MaxNewSize                               = 83886080                                  {product} {command line}
   size_t MinHeapDeltaBytes                        = 2097152                                   {product} {ergonomic}
   size_t MinHeapSize                              = 536870912                                 {product} {command line}
   size_t NewSize                                  = 83886080                                  {product} {command line}
    uintx NonNMethodCodeHeapSize                   = 5839372                                {pd product} {ergonomic}
    uintx NonProfiledCodeHeapSize                  = 122909434                              {pd product} {ergonomic}
     bool ParallelRefProcEnabled                   = true                                      {product} {command line}
    uintx ProfiledCodeHeapSize                     = 122909434                              {pd product} {ergonomic}
    uintx ReservedCodeCacheSize                    = 251658240                              {pd product} {ergonomic}
     bool SegmentedCodeCache                       = true                                      {product} {ergonomic}
   size_t SoftMaxHeapSize                          = 4269801472                             {manageable} {ergonomic}
    uintx StringTableSize                          = 4072                                      {product} {command line}
     intx ThreadStackSize                          = 10240                                  {pd product} {command line}
     bool UseCompressedClassPointers               = true                           {product lp64_product} {ergonomic}
     bool UseCompressedOops                        = true                           {product lp64_product} {ergonomic}
     bool UseG1GC                                  = true                                      {product} {ergonomic}
     bool UseLargePagesIndividualAllocation        = false                                  {pd product} {ergonomic}
     bool UsePerfData                              = false                                     {product} {command line}
     bool UseStringDeduplication                   = true                                      {product} {command line}

Logging:
Log output configuration:
 #0: stdout all=warning uptime,level,tags
 #1: stderr all=off uptime,level,tags

Environment Variables:
JAVA_HOME=C:\Users\debab\AppData\Local\Programs\Eclipse Adoptium\jdk-17.0.11.9-hotspot\
PATH=D:/Vivado/2023.2/bin;D:/Vivado/2023.2/tps/win64/java-cef-95.0.4638.69/bin/lib/win64;D:/Vivado/2023.2/tps/win64/javafx-sdk-17.0.1/lib;D:/Vivado/2023.2/tps/win64/javafx-sdk-17.0.1/bin;D:/Vivado/2023.2/lib/win64.o;D:/Vivado/2023.2/tps/win64/jre17.0.7_7/bin/server;D:/Vivado/2023.2/tps/win64/jre17.0.7_7/bin;D:/Vivado/2023.2/ids_lite/ISE/bin/nt64;D:/Vivado/2023.2/ids_lite/ISE/lib/nt64;D:/Vitis_HLS/2023.2/bin;C:\Program Files (x86)\Common Files\Oracle\Java\java8path;C:\Program Files (x86)\Common Files\Oracle\Java\javapath;C:\Python312\Scripts\;C:\Python312\;C:\oraclexe\app\oracle\product\11.2.0\server\bin;C:\ProgramData\Oracle\Java\javapath;C:\Windows\system32;C:\Windows;C:\Windows\System32\Wbem;C:\Windows\System32\WindowsPowerShell\v1.0\;C:\Windows\System32\OpenSSH\;C:\Program Files (x86)\NVIDIA Corporation\PhysX\Common;C:\Program Files\NVIDIA Corporation\NVIDIA NvDLISR;C:\Program Files\PuTTY\;C:\Program Files\nodejs\;C:\ProgramData\chocolatey\bin;C:\Program Files\Git\cmd;C:\Program Files\dotnet\;C:\Users\debab\AppData\Local\Programs\Eclipse Adoptium\jdk-17.0.11.9-hotspot\bin;C:\Program Files\MySQL\MySQL Shell 8.0\bin\;C:\Users\debab\AppData\Local\Microsoft\WindowsApps;C:\Users\debab\AppData\Local\Programs\Python\Python310;C:\Users\debab\AppData\Local\Programs\Python\Python310\Scripts;C:\Users\debab\AppData\Local\Programs\Microsoft VS Code\bin;C:\Users\debab\AppData\Roaming\npm;;D:/Vivado/2023.2\tps\mingw\6.2.0\win64.o\nt\bin;D:/Vivado/2023.2\tps\mingw\6.2.0\win64.o\nt\libexec\gcc\x86_64-w64-mingw32\6.2.0;D:/Vivado/2023.2\tps\win64\python-3.8.3;D:/Vivado/2023.2\tps\win64\python-3.8.3\bin;D:/Vivado/2023.2\tps\win64\python-3.8.3\lib;D:/Vivado/2023.2\tps\win64\python-3.8.3\lib\site-packages
USERNAME=debab
OS=Windows_NT
PROCESSOR_IDENTIFIER=Intel64 Family 6 Model 165 Stepping 2, GenuineIntel
TMP=C:\Users\debab\AppData\Local\Temp
TEMP=C:\Users\debab\AppData\Local\Temp



---------------  S Y S T E M  ---------------

OS:
 Windows 11 , 64 bit Build 26100 (10.0.26100.3775)
OS uptime: 0 days 16:01 hours
Hyper-V role detected

CPU: total 8 (initial active 8) (4 cores per cpu, 2 threads per core) family 6 model 165 stepping 2 microcode 0xe2, cx8, cmov, fxsr, ht, mmx, 3dnowpref, sse, sse2, sse3, ssse3, sse4.1, sse4.2, popcnt, lzcnt, tsc, tscinvbit, avx, avx2, aes, erms, clmul, bmi1, bmi2, adx, fma, vzeroupper, clflush, clflushopt, hv

Memory: 4k page, system-wide physical 8023M (2784M free)
TotalPageFile size 17619M (AvailPageFile size 7144M)
current process WorkingSet (physical memory assigned to process): 1281M, peak: 4013M
current process commit charge ("private bytes"): 2569M, peak: 8220M

vm_info: OpenJDK 64-Bit Server VM (17.0.7+7) for windows-amd64 JRE (17.0.7+7), built on Apr 18 2023 22:10:42 by "temurin" with MS VC++ 16.7 (VS2019)

END.
