#
# A fatal error has been detected by the Java Runtime Environment:
#
#  EXCEPTION_ACCESS_VIOLATION (0xc0000005) at pc=0x00007ffa8d5bd61f, pid=756, tid=18816
#
# JRE version: OpenJDK Runtime Environment Temurin-17.0.7+7 (17.0.7+7) (build 17.0.7+7)
# Java VM: OpenJDK 64-Bit Server VM Temurin-17.0.7+7 (17.0.7+7, mixed mode, sharing, tiered, compressed oops, compressed class ptrs, g1 gc, windows-amd64)
# Problematic frame:
# C  0x00007ffa8d5bd61f
#
# No core dump will be written. Minidumps are not enabled by default on client versions of Windows
#
# If you would like to submit a bug report, please visit:
#   https://github.com/adoptium/adoptium-support/issues
# The crash happened outside the Java Virtual Machine in native code.
# See problematic frame for where to report the bug.
#

---------------  S U M M A R Y ------------

Command Line: -Dsun.java2d.pmoffscreen=false -Dhttps.protocols=TLSv1,TLSv1.1,TLSv1.2 -Dsun.java2d.xrender=false -Dsun.java2d.d3d=false -Dsun.awt.nopixfmt=true -Dsun.java2d.dpiaware=true -Dsun.java2d.uiScale.enabled=false -Dswing.aatext=true -XX:-UsePerfData -Djdk.map.althashing.threshold=512 -XX:StringTableSize=4072 -XX:+UseStringDeduplication -XX:MaxGCPauseMillis=200 -XX:+ParallelRefProcEnabled --add-opens=java.desktop/javax.swing.plaf.synth=ALL-UNNAMED --add-opens=java.base/java.nio=ALL-UNNAMED --add-opens=java.desktop/sun.swing=ALL-UNNAMED --add-opens=java.desktop/javax.swing=ALL-UNNAMED --add-opens=java.desktop/javax.swing.tree=ALL-UNNAMED --add-opens=java.desktop/javax.swing.plaf.basic=ALL-UNNAMED --add-opens=java.desktop/javax.swing.plaf.synth=ALL-UNNAMED --add-opens=java.desktop/javax.swing.plaf.basic=ALL-UNNAMED --add-opens=java.desktop/javax.swing=ALL-UNNAMED --add-opens=java.desktop/javax.swing.tree=ALL-UNNAMED --add-opens=java.desktop/java.awt.event=ALL-UNNAMED --add-exports=java.desktop/javax.swing.plaf.synth=ALL-UNNAMED --add-exports=java.base/java.nio=ALL-UNNAMED --add-exports=java.desktop/sun.swing=ALL-UNNAMED --add-exports=java.desktop/javax.swing=ALL-UNNAMED --add-exports=java.desktop/javax.swing.tree=ALL-UNNAMED --add-exports=java.desktop/javax.swing.plaf.basic=ALL-UNNAMED --add-exports=java.desktop/sun.swing=ALL-UNNAMED --add-exports=java.desktop/sun.swing.table=ALL-UNNAMED --add-exports=java.desktop/sun.swing.plaf.synth=ALL-UNNAMED --add-exports=java.desktop/sun.awt.shell=ALL-UNNAMED --add-exports=java.base/sun.security.action=ALL-UNNAMED --add-exports=java.desktop/sun.font=ALL-UNNAMED -XX:NewSize=80m -XX:MaxNewSize=80m -Xms512m -Xmx4072m -Xss10m 

Host: Intel(R) Core(TM) i5-10300H CPU @ 2.50GHz, 8 cores, 7G,  Windows 11 , 64 bit Build 26100 (10.0.26100.3037)
Time: Sun Feb  2 12:46:12 2025 India Standard Time elapsed time: 61227.776221 seconds (0d 17h 0m 27s)

---------------  T H R E A D  ---------------

Current thread (0x000001b6c88cffd0):  JavaThread "AWT-EventQueue-0" [_thread_in_native, id=18816, stack(0x0000009fd9f00000,0x0000009fda900000)]

Stack: [0x0000009fd9f00000,0x0000009fda900000],  sp=0x0000009fda8fb9d8,  free space=10222k
Native frames: (J=compiled Java code, j=interpreted, Vv=VM code, C=native code)
C  0x00007ffa8d5bd61f

Java frames: (J=compiled Java code, j=interpreted, Vv=VM code)
J 21328  ui.views.waveform.waveformi.WVExecutive_getValueDataSize(J)J (0 bytes) @ 0x000001b6b012ade9 [0x000001b6b012ada0+0x0000000000000049]
J 21327 c1 ui.views.waveform.executive.a.kYC()Lui/views/waveform/executive/protobuf/WVNameValue$WVValueTreeMessage; (70 bytes) @ 0x000001b6a93c6d7c [0x000001b6a93c6d00+0x000000000000007c]
J 21326 c1 ui.views.waveform.g.D.laE()[Ljava/lang/String; (53 bytes) @ 0x000001b6a8e1ab94 [0x000001b6a8e1ab00+0x0000000000000094]
J 21047 c1 ui.views.waveform.g.D.Kp(Z)V (64 bytes) @ 0x000001b6a88f6f64 [0x000001b6a88f6c40+0x0000000000000324]
J 21046 c1 ui.views.waveform.g.u.Kp(Z)V (36 bytes) @ 0x000001b6a823b354 [0x000001b6a823b100+0x0000000000000254]
J 21055 c1 ui.views.waveform.a.Kp(Z)V (29 bytes) @ 0x000001b6a868bdd4 [0x000001b6a868bba0+0x0000000000000234]
J 26008 c2 ui.views.waveform.d.b.j(Lui/frmwork/a/k;)V (605 bytes) @ 0x000001b6b09a064c [0x000001b6b099e720+0x0000000000001f2c]
J 24940 c2 ui.views.waveform.u.handleTclEvent(Lui/frmwork/a/k;)V (17 bytes) @ 0x000001b6b0821ae4 [0x000001b6b0821aa0+0x0000000000000044]
J 20064 c2 ui.frmwork.F.i(JZ)V (471 bytes) @ 0x000001b6aff92f38 [0x000001b6aff91ee0+0x0000000000001058]
J 20600 c2 ui.frmwork.F.fireTclEvent(J)I (113 bytes) @ 0x000001b6b005d5ec [0x000001b6b005c180+0x000000000000146c]
v  ~StubRoutines::call_stub
J 20776  ui.views.waveform.waveformi.WVExecutive_processModelEvent(JJ)V (0 bytes) @ 0x000001b6b009cf6c [0x000001b6b009cf20+0x000000000000004c]
J 26008 c2 ui.views.waveform.d.b.j(Lui/frmwork/a/k;)V (605 bytes) @ 0x000001b6b099eb60 [0x000001b6b099e720+0x0000000000000440]
J 24940 c2 ui.views.waveform.u.handleTclEvent(Lui/frmwork/a/k;)V (17 bytes) @ 0x000001b6b0821ae4 [0x000001b6b0821aa0+0x0000000000000044]
J 20064 c2 ui.frmwork.F.i(JZ)V (471 bytes) @ 0x000001b6aff92f38 [0x000001b6aff91ee0+0x0000000000001058]
J 26751 c2 ui.frmwork.F$$Lambda$220+0x000000080171c610.run()V (12 bytes) @ 0x000001b6b09e2088 [0x000001b6b09e2040+0x0000000000000048]
J 14112 c2 java.awt.EventQueue.dispatchEventImpl(Ljava/awt/AWTEvent;Ljava/lang/Object;)V java.desktop@17.0.7 (136 bytes) @ 0x000001b6af990170 [0x000001b6af98fc60+0x0000000000000510]
J 24515 c2 java.awt.EventQueue.dispatchEvent(Ljava/awt/AWTEvent;)V java.desktop@17.0.7 (80 bytes) @ 0x000001b6b0777f04 [0x000001b6b0777c20+0x00000000000002e4]
J 15975 c2 ui.frmwork.a.d.dispatchEvent(Ljava/awt/AWTEvent;)V (42 bytes) @ 0x000001b6af19fde8 [0x000001b6af19f320+0x0000000000000ac8]
J 28154 c2 java.awt.EventDispatchThread.pumpOneEventForFilters(I)V java.desktop@17.0.7 (113 bytes) @ 0x000001b6af933ff0 [0x000001b6af933be0+0x0000000000000410]
J 22822 c2 java.awt.EventDispatchThread.pumpEventsForFilter(ILjava/awt/Conditional;Ljava/awt/EventFilter;)V java.desktop@17.0.7 (47 bytes) @ 0x000001b6b0416664 [0x000001b6b0416480+0x00000000000001e4]
j  java.awt.EventDispatchThread.pumpEventsForFilter(Ljava/awt/Conditional;Ljava/awt/EventFilter;)V+4 java.desktop@17.0.7
j  java.awt.WaitDispatchSupport$2.run()V+59 java.desktop@17.0.7
j  java.awt.WaitDispatchSupport$4.run()Ljava/lang/Void;+4 java.desktop@17.0.7
j  java.awt.WaitDispatchSupport$4.run()Ljava/lang/Object;+1 java.desktop@17.0.7
J 19453 c2 java.security.AccessController.doPrivileged(Ljava/security/PrivilegedAction;)Ljava/lang/Object; java.base@17.0.7 (9 bytes) @ 0x000001b6af9852d0 [0x000001b6af9852a0+0x0000000000000030]
j  java.awt.WaitDispatchSupport.enter()Z+260 java.desktop@17.0.7
j  java.awt.Dialog.show()V+225 java.desktop@17.0.7
J 10395 c1 java.awt.Component.setVisible(Z)V java.desktop@17.0.7 (6 bytes) @ 0x000001b6a7b65adc [0x000001b6a7b658e0+0x00000000000001fc]
j  java.awt.Window.setVisible(Z)V+2 java.desktop@17.0.7
j  java.awt.Dialog.setVisible(Z)V+2 java.desktop@17.0.7
j  ui.dlg.c.e.setVisible(Z)V+2
j  ui.dlg.c.bq.bCa()V+65
j  ui.dlg.c.bq$c.actionPerformed(Ljava/awt/event/ActionEvent;)V+8
j  ui.dlg.c.bq.eTh()V+422
j  ui.views.c.w.b.f.run()V+4
j  ui.views.S.W.a(Ljava/lang/String;ZLjava/lang/Runnable;Ljava/lang/Runnable;)Z+275
j  ui.views.S.W.a(Ljava/lang/String;Ljava/lang/Runnable;Ljava/lang/Runnable;)Z+5
j  ui.views.S.W.c(Ljava/lang/String;Ljava/lang/Runnable;)Z+4
j  ui.views.c.w.b.d.b(Lui/data/design/B;Ljava/lang/String;Ljava/lang/String;)V+472
j  ui.views.c.w.b.d.E(Lui/data/design/B;)V+6
j  ui.views.c.w.b.d.F(Lui/data/design/B;)V+134
j  ui.views.c.w.b.d.run()V+249
j  ui.frmwork.cmd.a.hnk()Z+96
j  ui.utils.ad.actionPerformed(Ljava/awt/event/ActionEvent;)V+4
J 28016 c1 javax.swing.AbstractButton.fireActionPerformed(Ljava/awt/event/ActionEvent;)V java.desktop@17.0.7 (96 bytes) @ 0x000001b6a7ad2efc [0x000001b6a7ad2640+0x00000000000008bc]
J 28015 c1 javax.swing.AbstractButton$Handler.actionPerformed(Ljava/awt/event/ActionEvent;)V java.desktop@17.0.7 (9 bytes) @ 0x000001b6a8040bcc [0x000001b6a8040ac0+0x000000000000010c]
J 27225 c1 javax.swing.DefaultButtonModel.fireActionPerformed(Ljava/awt/event/ActionEvent;)V java.desktop@17.0.7 (46 bytes) @ 0x000001b6a9affe2c [0x000001b6a9affb60+0x00000000000002cc]
J 26582 c1 javax.swing.DefaultButtonModel.setPressed(Z)V java.desktop@17.0.7 (125 bytes) @ 0x000001b6a7eedbac [0x000001b6a7eec8c0+0x00000000000012ec]
j  javax.swing.AbstractButton.doClick(I)V+60 java.desktop@17.0.7
j  javax.swing.plaf.basic.BasicMenuItemUI.doClick(Ljavax/swing/MenuSelectionManager;)V+47 java.desktop@17.0.7
j  javax.swing.plaf.basic.BasicMenuItemUI$Handler.mouseReleased(Ljava/awt/event/MouseEvent;)V+76 java.desktop@17.0.7
J 22553 c1 java.awt.AWTEventMulticaster.mouseReleased(Ljava/awt/event/MouseEvent;)V java.desktop@17.0.7 (27 bytes) @ 0x000001b6a8856b84 [0x000001b6a8856960+0x0000000000000224]
J 27213 c2 javax.swing.JComponent.processMouseEvent(Ljava/awt/event/MouseEvent;)V java.desktop@17.0.7 (27 bytes) @ 0x000001b6b0b9f24c [0x000001b6b0b9eea0+0x00000000000003ac]
J 23046 c2 java.awt.Container.processEvent(Ljava/awt/AWTEvent;)V java.desktop@17.0.7 (22 bytes) @ 0x000001b6b04be388 [0x000001b6b04be1a0+0x00000000000001e8]
J 24383 c2 java.awt.Component.dispatchEventImpl(Ljava/awt/AWTEvent;)V java.desktop@17.0.7 (777 bytes) @ 0x000001b6afcbfe40 [0x000001b6afcbefa0+0x0000000000000ea0]
J 24893 c2 java.awt.Container.dispatchEventImpl(Ljava/awt/AWTEvent;)V java.desktop@17.0.7 (129 bytes) @ 0x000001b6b07fa6b4 [0x000001b6b07fa100+0x00000000000005b4]
J 14178 c2 java.awt.LightweightDispatcher.retargetMouseEvent(Ljava/awt/Component;ILjava/awt/event/MouseEvent;)V java.desktop@17.0.7 (372 bytes) @ 0x000001b6af9c8610 [0x000001b6af9c81c0+0x0000000000000450]
J 24893 c2 java.awt.Container.dispatchEventImpl(Ljava/awt/AWTEvent;)V java.desktop@17.0.7 (129 bytes) @ 0x000001b6b07fb65c [0x000001b6b07fa100+0x000000000000155c]
J 21998 c2 java.awt.Window.dispatchEventImpl(Ljava/awt/AWTEvent;)V java.desktop@17.0.7 (23 bytes) @ 0x000001b6b02bc7ec [0x000001b6b02bc7a0+0x000000000000004c]
J 14112 c2 java.awt.EventQueue.dispatchEventImpl(Ljava/awt/AWTEvent;Ljava/lang/Object;)V java.desktop@17.0.7 (136 bytes) @ 0x000001b6af990074 [0x000001b6af98fc60+0x0000000000000414]
J 18374 c2 java.awt.EventQueue$4.run()Ljava/lang/Object; java.desktop@17.0.7 (5 bytes) @ 0x000001b6afbea1f8 [0x000001b6afbea1a0+0x0000000000000058]
J 24515 c2 java.awt.EventQueue.dispatchEvent(Ljava/awt/AWTEvent;)V java.desktop@17.0.7 (80 bytes) @ 0x000001b6b0778250 [0x000001b6b0777c20+0x0000000000000630]
J 15975 c2 ui.frmwork.a.d.dispatchEvent(Ljava/awt/AWTEvent;)V (42 bytes) @ 0x000001b6af19fde8 [0x000001b6af19f320+0x0000000000000ac8]
J 28154 c2 java.awt.EventDispatchThread.pumpOneEventForFilters(I)V java.desktop@17.0.7 (113 bytes) @ 0x000001b6af933ff0 [0x000001b6af933be0+0x0000000000000410]
J 22431% c2 java.awt.EventDispatchThread.pumpEventsForFilter(ILjava/awt/Conditional;Ljava/awt/EventFilter;)V java.desktop@17.0.7 (47 bytes) @ 0x000001b6b037f3f4 [0x000001b6b037f100+0x00000000000002f4]
j  java.awt.EventDispatchThread.pumpEventsForHierarchy(ILjava/awt/Conditional;Ljava/awt/Component;)V+11 java.desktop@17.0.7
j  java.awt.EventDispatchThread.pumpEvents(ILjava/awt/Conditional;)V+4 java.desktop@17.0.7
j  java.awt.EventDispatchThread.pumpEvents(Ljava/awt/Conditional;)V+3 java.desktop@17.0.7
j  java.awt.EventDispatchThread.run()V+9 java.desktop@17.0.7
v  ~StubRoutines::call_stub

siginfo: EXCEPTION_ACCESS_VIOLATION (0xc0000005), reading address 0x0000000000000010


Register to memory mapping:

RIP=0x00007ffa8d5bd61f points into unknown readable memory: 83
RAX=0x0 is NULL
RBX=0x0000009fda8fbc18 is pointing into the stack for thread: 0x000001b6c88cffd0
RCX=0x000001b728aaeef0 points into unknown readable memory: 0x0000000000000000 | 00 00 00 00 00 00 00 00
RDX=0x0 is NULL
RSP=0x0000009fda8fb9d8 is pointing into the stack for thread: 0x000001b6c88cffd0
RBP=0x000001b728aaeef0 points into unknown readable memory: 0x0000000000000000 | 00 00 00 00 00 00 00 00
RSI=0x000001b7a99dec50 points into unknown readable memory: 0x000000000001712c | 2c 71 01 00 00 00 00 00
RDI=0x0000009fda8fbc00 is pointing into the stack for thread: 0x000001b6c88cffd0
R8 =0x000001b6945d3600 points into unknown readable memory: 0x000001b6945d0d50 | 50 0d 5d 94 b6 01 00 00
R9 =0x0000000000000040 is an unknown value
R10=0x000001b6945d0000 points into unknown readable memory: 0x0000000000000000 | 00 00 00 00 00 00 00 00
R11=0x00007ffae91b16d1 VCRUNTIME140.dll
R12=0x0000009fda8fba78 is pointing into the stack for thread: 0x000001b6c88cffd0
R13=0x0000009fda8fbc00 is pointing into the stack for thread: 0x000001b6c88cffd0
R14=0x0000000000000001 is an unknown value
R15=0x000001b6e25acd78 points into unknown readable memory: 0x000001b71dd5bfe0 | e0 bf d5 1d b7 01 00 00


Registers:
RAX=0x0000000000000000, RBX=0x0000009fda8fbc18, RCX=0x000001b728aaeef0, RDX=0x0000000000000000
RSP=0x0000009fda8fb9d8, RBP=0x000001b728aaeef0, RSI=0x000001b7a99dec50, RDI=0x0000009fda8fbc00
R8 =0x000001b6945d3600, R9 =0x0000000000000040, R10=0x000001b6945d0000, R11=0x00007ffae91b16d1
R12=0x0000009fda8fba78, R13=0x0000009fda8fbc00, R14=0x0000000000000001, R15=0x000001b6e25acd78
RIP=0x00007ffa8d5bd61f, EFLAGS=0x0000000000010246

Top of Stack: (sp=0x0000009fda8fb9d8)
0x0000009fda8fb9d8:   00007ffa8d59d981 0000009fda8fbc18
0x0000009fda8fb9e8:   000001b728aadcf0 000001b7a99dec50
0x0000009fda8fb9f8:   0000009fda8fbce0 0000000000000627
0x0000009fda8fba08:   0000009fda8fbce0 0000009fda8fbca0
0x0000009fda8fba18:   0000000000017128 0000000000000007
0x0000009fda8fba28:   00007ffa3713bf7a 0000009fda8fba90
0x0000009fda8fba38:   000001b728aaeef0 000001b847455300
0x0000009fda8fba48:   0000000000017128 000000000001712c
0x0000009fda8fba58:   0000000000000007 fffffffffffffffe
0x0000009fda8fba68:   0000000000017128 0000f55300000008
0x0000009fda8fba78:   000001b7a99dec40 000001b7a99dec60
0x0000009fda8fba88:   000001b7a99dec60 000001b6e25acd60
0x0000009fda8fba98:   0000009fda8fbda8 0000009fda8fbce0
0x0000009fda8fbaa8:   0000009fda8fbca0 0000000000002000
0x0000009fda8fbab8:   00007ffa3713bd50 000001b600000080
0x0000009fda8fbac8:   00000000000019d8 0000000000000002 

Instructions: (pc=0x00007ffa8d5bd61f)
0x00007ffa8d5bd51f:   c8 e9 6b ff ff ff cc cc cc cc cc cc cc cc cc cc
0x00007ffa8d5bd52f:   cc 48 89 5c 24 10 56 48 8b 99 f8 00 00 00 33 f6
0x00007ffa8d5bd53f:   89 b1 f0 00 00 00 48 85 db 74 78 44 8b 43 10 8b
0x00007ffa8d5bd54f:   c6 41 83 e8 01 48 89 7c 24 10 44 8b ce 40 0f b6
0x00007ffa8d5bd55f:   fe 78 34 4c 8b 59 20 66 66 0f 1f 84 00 00 00 00
0x00007ffa8d5bd56f:   00 43 8d 04 08 99 2b c2 d1 f8 4c 3b 5c c3 18 7e
0x00007ffa8d5bd57f:   06 44 8d 48 01 eb 06 7d 0b 44 8d 40 ff 45 3b c8
0x00007ffa8d5bd58f:   7e df eb 03 40 b7 01 40 84 ff 48 8b 7c 24 10 74
0x00007ffa8d5bd59f:   0d 89 81 f0 00 00 00 48 8b 5c 24 18 5e c3 45 3b
0x00007ffa8d5bd5af:   c8 45 0f 4c c1 45 85 c0 44 0f 48 c6 44 89 81 f0
0x00007ffa8d5bd5bf:   00 00 00 48 8b 5c 24 18 5e c3 cc cc cc cc cc cc
0x00007ffa8d5bd5cf:   cc 83 79 38 ff 0f 95 c0 c3 cc cc cc cc cc cc cc
0x00007ffa8d5bd5df:   cc 8b 51 5c 85 d2 74 43 83 ea 01 74 3b 83 ea 01
0x00007ffa8d5bd5ef:   74 2a 83 fa 01 75 34 48 8b 49 68 80 b9 49 48 00
0x00007ffa8d5bd5ff:   00 00 74 06 83 79 30 00 75 1e 48 8b 81 68 48 00
0x00007ffa8d5bd60f:   00 48 39 81 60 48 00 00 0f 94 c0 c3 48 8b 41 60
0x00007ffa8d5bd61f:   83 78 10 00 0f 94 c0 c3 32 c0 c3 b0 01 c3 cc cc
0x00007ffa8d5bd62f:   cc 40 53 48 83 ec 20 48 8b d9 e8 42 fd ff ff 48
0x00007ffa8d5bd63f:   8b 43 40 48 39 43 38 74 2c 48 8b c8 48 8b 43 30
0x00007ffa8d5bd64f:   48 85 c0 7e 0e 48 8b 51 d8 48 85 d2 7e 05 48 3b
0x00007ffa8d5bd65f:   c2 7d 2e 8b 41 f8 3b 41 e8 74 0a 48 8b 94 c1 d8
0x00007ffa8d5bd66f:   bf ff ff eb 02 33 d2 48 8b 4b 08 4c 8d 43 50 41
0x00007ffa8d5bd67f:   b9 20 48 00 00 48 8b 01 48 83 c4 20 5b 48 ff 60
0x00007ffa8d5bd68f:   10 48 83 c4 20 5b c3 cc cc cc cc cc cc cc cc cc
0x00007ffa8d5bd69f:   cc 40 57 48 83 ec 20 80 79 59 00 48 8b f9 0f 85
0x00007ffa8d5bd6af:   86 01 00 00 8b 81 f0 00 00 00 ff c0 89 81 f0 00
0x00007ffa8d5bd6bf:   00 00 48 8b 89 f8 00 00 00 48 85 c9 74 0d 84 d2
0x00007ffa8d5bd6cf:   75 09 3b 41 10 0f 82 5f 01 00 00 48 89 5c 24 30
0x00007ffa8d5bd6df:   48 89 74 24 38 48 8d b7 00 01 00 00 48 8b ce c6
0x00007ffa8d5bd6ef:   47 59 01 48 c7 87 f8 00 00 00 00 00 00 00 c7 87
0x00007ffa8d5bd6ff:   f0 00 00 00 00 00 00 00 e8 74 fc ff ff 48 8b 46
0x00007ffa8d5bd70f:   40 48 39 46 38 74 46 48 8b c8 0f 1f 80 00 00 00 


Stack slot to memory mapping:
stack at sp + 0 slots: 0x00007ffa8d59d981 points into unknown readable memory: 84 c0 0f 84 85 00 00
stack at sp + 1 slots: 0x0000009fda8fbc18 is pointing into the stack for thread: 0x000001b6c88cffd0
stack at sp + 2 slots: 0x000001b728aadcf0 points into unknown readable memory: 0x0000000000000000 | 00 00 00 00 00 00 00 00
stack at sp + 3 slots: 0x000001b7a99dec50 points into unknown readable memory: 0x000000000001712c | 2c 71 01 00 00 00 00 00
stack at sp + 4 slots: 0x0000009fda8fbce0 is pointing into the stack for thread: 0x000001b6c88cffd0
stack at sp + 5 slots: 0x0000000000000627 is an unknown value
stack at sp + 6 slots: 0x0000009fda8fbce0 is pointing into the stack for thread: 0x000001b6c88cffd0
stack at sp + 7 slots: 0x0000009fda8fbca0 is pointing into the stack for thread: 0x000001b6c88cffd0


---------------  P R O C E S S  ---------------

Threads class SMR info:
_java_thread_list=0x000001b73ae7ef80, length=50, elements={
0x000001b69f16dbd0, 0x000001b69f88b7c0, 0x000001b69f88c080, 0x000001b69f8a5db0,
0x000001b69f8a6670, 0x000001b69f8a8f40, 0x000001b69f8ac870, 0x000001b69f8b1560,
0x000001b69f8b1e60, 0x000001b69f8b5790, 0x000001b6c6039e60, 0x000001b6c603fb60,
0x000001b6c69cf340, 0x000001b6c67d7230, 0x000001b6c83707c0, 0x000001b6c838a9c0,
0x000001b6c88cffd0, 0x000001b6c95d7750, 0x000001b6c95d6db0, 0x000001b6c95d5f40,
0x000001b6c95d8a90, 0x000001b6d1545820, 0x000001b6d15461c0, 0x000001b6cbc3bbd0,
0x000001b6cbc3cf10, 0x000001b6ced92f10, 0x000001b6d4847150, 0x000001b6e4f41340,
0x000001b6e4f40000, 0x000001b6e4f434f0, 0x000001b6e4f439c0, 0x000001b6e4f24ee0,
0x000001b6e4f266f0, 0x000001b6e4f25d50, 0x000001b6e4f25880, 0x000001b6e4f24540,
0x000001b6e4f27a30, 0x000001b6e4f26bc0, 0x000001b6e4f24070, 0x000001b6e4f31430,
0x000001b6e4f30f60, 0x000001b6e4f33ab0, 0x000001b6e4f2f750, 0x000001b6e4f2c260,
0x000001b78249d080, 0x000001b78249da20, 0x000001b78249fbd0, 0x000001b7824a2250,
0x000001b7824a2720, 0x000001b7824a3f30
}

Java Threads: ( => current thread )
  0x000001b69f16dbd0 JavaThread "main" [_thread_blocked, id=5888, stack(0x0000009fd1200000,0x0000009fd1300000)]
  0x000001b69f88b7c0 JavaThread "Reference Handler" daemon [_thread_blocked, id=18960, stack(0x0000009fd1a00000,0x0000009fd2400000)]
  0x000001b69f88c080 JavaThread "Finalizer" daemon [_thread_blocked, id=9088, stack(0x0000009fd2400000,0x0000009fd2e00000)]
  0x000001b69f8a5db0 JavaThread "Signal Dispatcher" daemon [_thread_blocked, id=22236, stack(0x0000009fd2e00000,0x0000009fd3800000)]
  0x000001b69f8a6670 JavaThread "Attach Listener" daemon [_thread_blocked, id=22260, stack(0x0000009fd3800000,0x0000009fd4200000)]
  0x000001b69f8a8f40 JavaThread "Service Thread" daemon [_thread_blocked, id=492, stack(0x0000009fd4200000,0x0000009fd4c00000)]
  0x000001b69f8ac870 JavaThread "Monitor Deflation Thread" daemon [_thread_blocked, id=16328, stack(0x0000009fd4c00000,0x0000009fd5600000)]
  0x000001b69f8b1560 JavaThread "C2 CompilerThread0" daemon [_thread_blocked, id=3236, stack(0x0000009fd5600000,0x0000009fd5700000)]
  0x000001b69f8b1e60 JavaThread "C1 CompilerThread0" daemon [_thread_blocked, id=5456, stack(0x0000009fd5700000,0x0000009fd5800000)]
  0x000001b69f8b5790 JavaThread "Sweeper thread" daemon [_thread_blocked, id=4716, stack(0x0000009fd5800000,0x0000009fd6200000)]
  0x000001b6c6039e60 JavaThread "Common-Cleaner" daemon [_thread_blocked, id=22516, stack(0x0000009fd6200000,0x0000009fd6c00000)]
  0x000001b6c603fb60 JavaThread "Notification Thread" daemon [_thread_blocked, id=23144, stack(0x0000009fd6c00000,0x0000009fd7600000)]
  0x000001b6c69cf340 JavaThread "Java2D Disposer" daemon [_thread_blocked, id=13156, stack(0x0000009fd7700000,0x0000009fd8100000)]
  0x000001b6c67d7230 JavaThread "AWT-Windows" daemon [_thread_in_native, id=19156, stack(0x0000009fd8b00000,0x0000009fd9500000)]
  0x000001b6c83707c0 JavaThread "TimerQueue" daemon [_thread_blocked, id=12164, stack(0x0000009fd9500000,0x0000009fd9f00000)]
  0x000001b6c838a9c0 JavaThread "AWT-Shutdown" [_thread_blocked, id=10888, stack(0x0000009fd8100000,0x0000009fd8b00000)]
=>0x000001b6c88cffd0 JavaThread "AWT-EventQueue-0" [_thread_in_native, id=18816, stack(0x0000009fd9f00000,0x0000009fda900000)]
  0x000001b6c95d7750 JavaThread "Thread-1" [_thread_in_native, id=18168, stack(0x0000009fcf800000,0x0000009fd0c00000)]
  0x000001b6c95d6db0 JavaThread "Process Messages Thread" [_thread_blocked, id=9268, stack(0x0000009fdc700000,0x0000009fdd100000)]
  0x000001b6c95d5f40 JavaThread "Batik CleanerThread" daemon [_thread_blocked, id=23544, stack(0x0000009fdbc00000,0x0000009fdc600000)]
  0x000001b6c95d8a90 JavaThread "SyntheticaCleanerThread" daemon [_thread_blocked, id=10212, stack(0x0000009fddc00000,0x0000009fde600000)]
  0x000001b6d1545820 JavaThread "Timer-0" [_thread_blocked, id=21764, stack(0x0000009fdf000000,0x0000009fdfa00000)]
  0x000001b6d15461c0 JavaThread "Monitor File Timestamp Swing Worker Thread" [_thread_blocked, id=7540, stack(0x0000009fe0400000,0x0000009fe0e00000)]
  0x000001b6cbc3bbd0 JavaThread "Monitor HEventQueue Thread" [_thread_blocked, id=14592, stack(0x0000009fe0f00000,0x0000009fe1900000)]
  0x000001b6cbc3cf10 JavaThread "SyntheticaAnimation 50" daemon [_thread_blocked, id=13076, stack(0x0000009fe1900000,0x0000009fe2300000)]
  0x000001b6ced92f10 JavaThread "SyntheticaAnimation 25" daemon [_thread_blocked, id=16672, stack(0x0000009fe2300000,0x0000009fe2d00000)]
  0x000001b6d4847150 JavaThread "SyntheticaAnimation 70" daemon [_thread_blocked, id=14748, stack(0x0000009fdfa00000,0x0000009fe0400000)]
  0x000001b6e4f41340 JavaThread "Refresh Filesets Swing Worker Thread" [_thread_blocked, id=22876, stack(0x0000009fda900000,0x0000009fdb300000)]
  0x000001b6e4f40000 JavaThread "hw_ila_monitor" [_thread_blocked, id=22736, stack(0x0000009fde600000,0x0000009fdf000000)]
  0x000001b6e4f434f0 JavaThread "pool-1-thread-1" [_thread_blocked, id=5464, stack(0x0000009fe4100000,0x0000009fe4b00000)]
  0x000001b6e4f439c0 JavaThread "Timer-1" [_thread_blocked, id=19960, stack(0x0000009fe4b00000,0x0000009fe5500000)]
  0x000001b6e4f24ee0 JavaThread "pool-2-thread-1" [_thread_blocked, id=22436, stack(0x0000009fe5500000,0x0000009fe5f00000)]
  0x000001b6e4f266f0 JavaThread "Timer-2" [_thread_blocked, id=21420, stack(0x0000009fe5f00000,0x0000009fe6900000)]
  0x000001b6e4f25d50 JavaThread "pool-3-thread-1" [_thread_blocked, id=10260, stack(0x0000009fe6900000,0x0000009fe7300000)]
  0x000001b6e4f25880 JavaThread "Timer-3" [_thread_blocked, id=21676, stack(0x0000009fe7300000,0x0000009fe7d00000)]
  0x000001b6e4f24540 JavaThread "Update Runs Swing Worker Thread" [_thread_blocked, id=8452, stack(0x0000009fe7d00000,0x0000009fe8700000)]
  0x000001b6e4f27a30 JavaThread "SyntheticaAnimation 50" daemon [_thread_blocked, id=22708, stack(0x0000009fe2d00000,0x0000009fe3700000)]
  0x000001b6e4f26bc0 JavaThread "Image Animator 3" daemon [_thread_blocked, id=18268, stack(0x0000009fe3700000,0x0000009fe4100000)]
  0x000001b6e4f24070 JavaThread "Timer-4" [_thread_blocked, id=8224, stack(0x0000009fe8800000,0x0000009fe9200000)]
  0x000001b6e4f31430 JavaThread "Swing-Shell" daemon [_thread_blocked, id=6060, stack(0x0000009feba00000,0x0000009fec400000)]
  0x000001b6e4f30f60 JavaThread "Thread-435" [_thread_in_native, id=22440, stack(0x0000009fcf600000,0x0000009fcf700000)]
  0x000001b6e4f33ab0 JavaThread "Thread-436" [_thread_in_native, id=4920, stack(0x0000009fd0d00000,0x0000009fd0e00000)]
  0x000001b6e4f2f750 JavaThread "Timer-12" [_thread_blocked, id=23472, stack(0x0000009fdd100000,0x0000009fddb00000)]
  0x000001b6e4f2c260 JavaThread "Monitor File Timestamp Swing Worker Thread" [_thread_blocked, id=10560, stack(0x0000009fea600000,0x0000009feb000000)]
  0x000001b78249d080 JavaThread "Timer-27" [_thread_blocked, id=20240, stack(0x0000009fec400000,0x0000009fece00000)]
  0x000001b78249da20 JavaThread "Monitor File Timestamp Swing Worker Thread" [_thread_blocked, id=22380, stack(0x0000009feec00000,0x0000009fef600000)]
  0x000001b78249fbd0 JavaThread "SwingWorker-pool-7-thread-1" daemon [_thread_blocked, id=8436, stack(0x0000009fed800000,0x0000009fee200000)]
  0x000001b7824a2250 JavaThread "Timer-28" [_thread_blocked, id=11112, stack(0x0000009fee200000,0x0000009feec00000)]
  0x000001b7824a2720 JavaThread "Monitor File Timestamp Swing Worker Thread" [_thread_blocked, id=3672, stack(0x0000009fef600000,0x0000009ff0000000)]
  0x000001b7824a3f30 JavaThread "Run Simulation Thread" [_thread_blocked, id=17560, stack(0x0000009feb000000,0x0000009feba00000)]

Other Threads:
  0x000001b696efb7d0 VMThread "VM Thread" [stack: 0x0000009fd1900000,0x0000009fd1a00000] [id=18672]
  0x000001b696736f10 WatcherThread [stack: 0x0000009fd7600000,0x0000009fd7700000] [id=10728]
  0x000001b69da10830 GCTaskThread "GC Thread#0" [stack: 0x0000009fd1300000,0x0000009fd1400000] [id=19860]
  0x000001b69da0eaa0 GCTaskThread "GC Thread#1" [stack: 0x0000009fdb300000,0x0000009fdb400000] [id=19112]
  0x000001b69da10580 GCTaskThread "GC Thread#2" [stack: 0x0000009fdb400000,0x0000009fdb500000] [id=15504]
  0x000001b69da0e290 GCTaskThread "GC Thread#3" [stack: 0x0000009fdb500000,0x0000009fdb600000] [id=17620]
  0x000001b69da10ae0 GCTaskThread "GC Thread#4" [stack: 0x0000009fdb600000,0x0000009fdb700000] [id=23484]
  0x000001b69da115a0 GCTaskThread "GC Thread#5" [stack: 0x0000009fdb700000,0x0000009fdb800000] [id=14928]
  0x000001b69da0f000 GCTaskThread "GC Thread#6" [stack: 0x0000009fdb800000,0x0000009fdb900000] [id=5736]
  0x000001b69da11850 GCTaskThread "GC Thread#7" [stack: 0x0000009fdb900000,0x0000009fdba00000] [id=20336]
  0x000001b69ed75430 ConcurrentGCThread "G1 Main Marker" [stack: 0x0000009fd1400000,0x0000009fd1500000] [id=21800]
  0x000001b69da0dd30 ConcurrentGCThread "G1 Conc#0" [stack: 0x0000009fd1500000,0x0000009fd1600000] [id=19068]
  0x000001b69da12060 ConcurrentGCThread "G1 Conc#1" [stack: 0x0000009fdc600000,0x0000009fdc700000] [id=12272]
  0x000001b69de5fc60 ConcurrentGCThread "G1 Refine#0" [stack: 0x0000009fd1600000,0x0000009fd1700000] [id=23196]
  0x000001b6c88329b0 ConcurrentGCThread "G1 Refine#1" [stack: 0x0000009fdba00000,0x0000009fdbb00000] [id=13596]
  0x000001b6cfbfbc10 ConcurrentGCThread "G1 Refine#2" [stack: 0x0000009fcf600000,0x0000009fcf700000] [id=20804]
  0x000001b6cfbfde90 ConcurrentGCThread "G1 Refine#3" [stack: 0x0000009fd0d00000,0x0000009fd0e00000] [id=22060]
  0x000001b6cfbfdbb0 ConcurrentGCThread "G1 Refine#4" [stack: 0x0000009fd0e00000,0x0000009fd0f00000] [id=11312]
  0x000001b6cfbfe170 ConcurrentGCThread "G1 Refine#5" [stack: 0x0000009fd0f00000,0x0000009fd1000000] [id=9240]
  0x000001b6cfbfe450 ConcurrentGCThread "G1 Refine#6" [stack: 0x0000009fe9200000,0x0000009fe9300000] [id=20176]
  0x000001b6cfbfb930 ConcurrentGCThread "G1 Refine#7" [stack: 0x0000009fe9300000,0x0000009fe9400000] [id=11564]
  0x000001b69a4a15e0 ConcurrentGCThread "G1 Service" [stack: 0x0000009fd1700000,0x0000009fd1800000] [id=19328]
  0x000001b69da10d90 ConcurrentGCThread "StringDedupProcessor" [stack: 0x0000009fd1800000,0x0000009fd1900000] [id=20888]

Threads with active compile tasks:

VM state: not at safepoint (normal execution)

VM Mutex/Monitor currently owned by a thread: None

Heap address: 0x0000000701800000, size: 4072 MB, Compressed Oops mode: Zero based, Oop shift amount: 3

CDS archive(s) mapped at: [0x0000000800000000-0x0000000800bc0000-0x0000000800bc0000), size 12320768, SharedBaseAddress: 0x0000000800000000, ArchiveRelocationMode: 0.
Compressed class space mapped at: 0x0000000801000000-0x0000000841000000, reserved size: 1073741824
Narrow klass base: 0x0000000800000000, Narrow klass shift: 0, Narrow klass range: 0x100000000

GC Precious Log:
 CPUs: 8 total, 8 available
 Memory: 8023M
 Large Page Support: Disabled
 NUMA Support: Disabled
 Compressed Oops: Enabled (Zero based)
 Heap Region Size: 2M
 Heap Min Capacity: 512M
 Heap Initial Capacity: 512M
 Heap Max Capacity: 4072M
 Pre-touch: Disabled
 Parallel Workers: 8
 Concurrent Workers: 2
 Concurrent Refinement Workers: 8
 Periodic GC: Disabled
 String Deduplication is enabled

Heap:
 garbage-first heap   total 524288K, used 163697K [0x0000000701800000, 0x0000000800000000)
  region size 2048K, 13 young (26624K), 0 survivors (0K)
 Metaspace       used 93121K, committed 93824K, reserved 1179648K
  class space    used 12964K, committed 13376K, reserved 1048576K

Heap Regions: E=young(eden), S=young(survivor), O=old, HS=humongous(starts), HC=humongous(continues), CS=collection set, F=free, OA=open archive, CA=closed archive, TAMS=top-at-mark-start (previous, next)
|   0|0x0000000701800000, 0x0000000701a00000, 0x0000000701a00000|100%|HS|  |TAMS 0x0000000701a00000, 0x0000000701800000| Untracked 
|   1|0x0000000701a00000, 0x0000000701bffff0, 0x0000000701c00000| 99%| O|  |TAMS 0x0000000701bffff0, 0x0000000701a00000| Untracked 
|   2|0x0000000701c00000, 0x0000000701dfffe8, 0x0000000701e00000| 99%| O|  |TAMS 0x0000000701dfffe8, 0x0000000701c00000| Untracked 
|   3|0x0000000701e00000, 0x0000000701fffff8, 0x0000000702000000| 99%| O|  |TAMS 0x0000000701fffff8, 0x0000000701e00000| Untracked 
|   4|0x0000000702000000, 0x0000000702200000, 0x0000000702200000|100%| O|  |TAMS 0x0000000702200000, 0x0000000702000000| Untracked 
|   5|0x0000000702200000, 0x00000007023fffa8, 0x0000000702400000| 99%| O|  |TAMS 0x00000007023fffa8, 0x0000000702200000| Untracked 
|   6|0x0000000702400000, 0x0000000702600000, 0x0000000702600000|100%| O|  |TAMS 0x0000000702600000, 0x0000000702400000| Untracked 
|   7|0x0000000702600000, 0x0000000702800000, 0x0000000702800000|100%| O|  |TAMS 0x0000000702800000, 0x0000000702600000| Untracked 
|   8|0x0000000702800000, 0x00000007029ffff0, 0x0000000702a00000| 99%| O|  |TAMS 0x00000007029ffff0, 0x0000000702800000| Untracked 
|   9|0x0000000702a00000, 0x0000000702bffff8, 0x0000000702c00000| 99%| O|  |TAMS 0x0000000702bffff8, 0x0000000702a00000| Untracked 
|  10|0x0000000702c00000, 0x0000000702dffff8, 0x0000000702e00000| 99%| O|  |TAMS 0x0000000702dffff8, 0x0000000702c00000| Untracked 
|  11|0x0000000702e00000, 0x0000000702ffffe0, 0x0000000703000000| 99%| O|  |TAMS 0x0000000702ffffe0, 0x0000000702e00000| Untracked 
|  12|0x0000000703000000, 0x00000007031ffff8, 0x0000000703200000| 99%| O|  |TAMS 0x00000007031ffff8, 0x0000000703000000| Untracked 
|  13|0x0000000703200000, 0x00000007033fff30, 0x0000000703400000| 99%| O|  |TAMS 0x00000007033fff30, 0x0000000703200000| Untracked 
|  14|0x0000000703400000, 0x00000007035fe180, 0x0000000703600000| 99%| O|  |TAMS 0x00000007035fe180, 0x0000000703400000| Untracked 
|  15|0x0000000703600000, 0x0000000703800000, 0x0000000703800000|100%| O|  |TAMS 0x0000000703800000, 0x0000000703600000| Untracked 
|  16|0x0000000703800000, 0x00000007039fffd8, 0x0000000703a00000| 99%| O|  |TAMS 0x00000007039fffd8, 0x0000000703800000| Untracked 
|  17|0x0000000703a00000, 0x0000000703bfff50, 0x0000000703c00000| 99%| O|  |TAMS 0x0000000703bfff50, 0x0000000703a00000| Untracked 
|  18|0x0000000703c00000, 0x0000000703e00000, 0x0000000703e00000|100%| O|  |TAMS 0x0000000703e00000, 0x0000000703c00000| Untracked 
|  19|0x0000000703e00000, 0x0000000703ffff98, 0x0000000704000000| 99%| O|  |TAMS 0x0000000703ffff98, 0x0000000703e00000| Untracked 
|  20|0x0000000704000000, 0x00000007041fffe8, 0x0000000704200000| 99%| O|  |TAMS 0x00000007041fffe8, 0x0000000704000000| Untracked 
|  21|0x0000000704200000, 0x00000007043fffe0, 0x0000000704400000| 99%| O|  |TAMS 0x00000007043fffe0, 0x0000000704200000| Untracked 
|  22|0x0000000704400000, 0x00000007045ffff0, 0x0000000704600000| 99%| O|  |TAMS 0x00000007045ffff0, 0x0000000704400000| Untracked 
|  23|0x0000000704600000, 0x00000007047ffff8, 0x0000000704800000| 99%| O|  |TAMS 0x00000007047ffff8, 0x0000000704600000| Untracked 
|  24|0x0000000704800000, 0x00000007049fffb0, 0x0000000704a00000| 99%| O|  |TAMS 0x00000007049fffb0, 0x0000000704800000| Untracked 
|  25|0x0000000704a00000, 0x0000000704bfffe8, 0x0000000704c00000| 99%| O|  |TAMS 0x0000000704bfffe8, 0x0000000704a00000| Untracked 
|  26|0x0000000704c00000, 0x0000000704e00000, 0x0000000704e00000|100%| O|  |TAMS 0x0000000704e00000, 0x0000000704c00000| Untracked 
|  27|0x0000000704e00000, 0x0000000705000000, 0x0000000705000000|100%| O|  |TAMS 0x0000000705000000, 0x0000000704e00000| Untracked 
|  28|0x0000000705000000, 0x00000007051ffec0, 0x0000000705200000| 99%| O|  |TAMS 0x00000007051ffec0, 0x0000000705000000| Untracked 
|  29|0x0000000705200000, 0x00000007053ffff8, 0x0000000705400000| 99%| O|  |TAMS 0x00000007053ffff8, 0x0000000705200000| Untracked 
|  30|0x0000000705400000, 0x0000000705600000, 0x0000000705600000|100%| O|  |TAMS 0x0000000705600000, 0x0000000705400000| Untracked 
|  31|0x0000000705600000, 0x0000000705800000, 0x0000000705800000|100%| O|  |TAMS 0x0000000705800000, 0x0000000705600000| Untracked 
|  32|0x0000000705800000, 0x0000000705a00000, 0x0000000705a00000|100%| O|  |TAMS 0x0000000705a00000, 0x0000000705800000| Untracked 
|  33|0x0000000705a00000, 0x0000000705bffff0, 0x0000000705c00000| 99%| O|  |TAMS 0x0000000705bffff0, 0x0000000705a00000| Untracked 
|  34|0x0000000705c00000, 0x0000000705dffff8, 0x0000000705e00000| 99%| O|  |TAMS 0x0000000705dffff8, 0x0000000705c00000| Untracked 
|  35|0x0000000705e00000, 0x0000000705fffff8, 0x0000000706000000| 99%| O|  |TAMS 0x0000000705fffff8, 0x0000000705e00000| Untracked 
|  36|0x0000000706000000, 0x00000007061fffd8, 0x0000000706200000| 99%| O|  |TAMS 0x00000007061fffd8, 0x0000000706000000| Untracked 
|  37|0x0000000706200000, 0x0000000706400000, 0x0000000706400000|100%| O|  |TAMS 0x0000000706400000, 0x0000000706200000| Untracked 
|  38|0x0000000706400000, 0x00000007065ffff8, 0x0000000706600000| 99%| O|  |TAMS 0x00000007065ffff8, 0x0000000706400000| Untracked 
|  39|0x0000000706600000, 0x0000000706800000, 0x0000000706800000|100%| O|  |TAMS 0x0000000706800000, 0x0000000706600000| Untracked 
|  40|0x0000000706800000, 0x0000000706a00000, 0x0000000706a00000|100%| O|  |TAMS 0x0000000706a00000, 0x0000000706800000| Untracked 
|  41|0x0000000706a00000, 0x0000000706bff3c8, 0x0000000706c00000| 99%| O|  |TAMS 0x0000000706a00000, 0x0000000706a00000| Untracked 
|  42|0x0000000706c00000, 0x0000000706dffee0, 0x0000000706e00000| 99%| O|  |TAMS 0x0000000706dffee0, 0x0000000706c00000| Untracked 
|  43|0x0000000706e00000, 0x0000000706fffff8, 0x0000000707000000| 99%| O|  |TAMS 0x0000000706fffff8, 0x0000000706e00000| Untracked 
|  44|0x0000000707000000, 0x00000007071ffff8, 0x0000000707200000| 99%| O|  |TAMS 0x00000007071ffff8, 0x0000000707000000| Untracked 
|  45|0x0000000707200000, 0x00000007073a76d0, 0x0000000707400000| 82%| O|  |TAMS 0x0000000707200000, 0x0000000707200000| Untracked 
|  46|0x0000000707400000, 0x00000007075bfe00, 0x0000000707600000| 87%| O|  |TAMS 0x0000000707400000, 0x0000000707400000| Untracked 
|  47|0x0000000707600000, 0x00000007077f2ae0, 0x0000000707800000| 97%| O|  |TAMS 0x0000000707600000, 0x0000000707600000| Untracked 
|  48|0x0000000707800000, 0x00000007079ffff0, 0x0000000707a00000| 99%| O|  |TAMS 0x00000007079ffff0, 0x0000000707800000| Untracked 
|  49|0x0000000707a00000, 0x0000000707b8a8c0, 0x0000000707c00000| 77%| O|  |TAMS 0x0000000707a00000, 0x0000000707a00000| Untracked 
|  50|0x0000000707c00000, 0x0000000707dffff8, 0x0000000707e00000| 99%| O|  |TAMS 0x0000000707c00000, 0x0000000707c00000| Untracked 
|  51|0x0000000707e00000, 0x0000000707f2baa8, 0x0000000708000000| 58%| O|  |TAMS 0x0000000707e00000, 0x0000000707e00000| Untracked 
|  52|0x0000000708000000, 0x0000000708000000, 0x0000000708200000|  0%| F|  |TAMS 0x0000000708000000, 0x0000000708000000| Untracked 
|  53|0x0000000708200000, 0x00000007083fffe8, 0x0000000708400000| 99%| O|  |TAMS 0x0000000708200000, 0x0000000708200000| Untracked 
|  54|0x0000000708400000, 0x0000000708400000, 0x0000000708600000|  0%| F|  |TAMS 0x0000000708400000, 0x0000000708400000| Untracked 
|  55|0x0000000708600000, 0x0000000708600000, 0x0000000708800000|  0%| F|  |TAMS 0x0000000708600000, 0x0000000708600000| Untracked 
|  56|0x0000000708800000, 0x0000000708a00000, 0x0000000708a00000|100%| O|  |TAMS 0x0000000708a00000, 0x0000000708800000| Untracked 
|  57|0x0000000708a00000, 0x0000000708a00000, 0x0000000708c00000|  0%| F|  |TAMS 0x0000000708a00000, 0x0000000708a00000| Untracked 
|  58|0x0000000708c00000, 0x0000000708e00000, 0x0000000708e00000|100%| O|  |TAMS 0x0000000708e00000, 0x0000000708c00000| Untracked 
|  59|0x0000000708e00000, 0x0000000708e00000, 0x0000000709000000|  0%| F|  |TAMS 0x0000000708e00000, 0x0000000708e00000| Untracked 
|  60|0x0000000709000000, 0x0000000709000000, 0x0000000709200000|  0%| F|  |TAMS 0x0000000709000000, 0x0000000709000000| Untracked 
|  61|0x0000000709200000, 0x00000007092dbd68, 0x0000000709400000| 42%| O|  |TAMS 0x0000000709200000, 0x0000000709200000| Untracked 
|  62|0x0000000709400000, 0x0000000709400000, 0x0000000709600000|  0%| F|  |TAMS 0x0000000709400000, 0x0000000709400000| Untracked 
|  63|0x0000000709600000, 0x0000000709600000, 0x0000000709800000|  0%| F|  |TAMS 0x0000000709600000, 0x0000000709600000| Untracked 
|  64|0x0000000709800000, 0x0000000709800000, 0x0000000709a00000|  0%| F|  |TAMS 0x0000000709800000, 0x0000000709800000| Untracked 
|  65|0x0000000709a00000, 0x0000000709a00000, 0x0000000709c00000|  0%| F|  |TAMS 0x0000000709a00000, 0x0000000709a00000| Untracked 
|  66|0x0000000709c00000, 0x0000000709c00000, 0x0000000709e00000|  0%| F|  |TAMS 0x0000000709c00000, 0x0000000709c00000| Untracked 
|  67|0x0000000709e00000, 0x0000000709e00000, 0x000000070a000000|  0%| F|  |TAMS 0x0000000709e00000, 0x0000000709e00000| Untracked 
|  68|0x000000070a000000, 0x000000070a000000, 0x000000070a200000|  0%| F|  |TAMS 0x000000070a000000, 0x000000070a000000| Untracked 
|  69|0x000000070a200000, 0x000000070a200000, 0x000000070a400000|  0%| F|  |TAMS 0x000000070a200000, 0x000000070a200000| Untracked 
|  70|0x000000070a400000, 0x000000070a400000, 0x000000070a600000|  0%| F|  |TAMS 0x000000070a400000, 0x000000070a400000| Untracked 
|  71|0x000000070a600000, 0x000000070a600000, 0x000000070a800000|  0%| F|  |TAMS 0x000000070a600000, 0x000000070a600000| Untracked 
|  72|0x000000070a800000, 0x000000070a800000, 0x000000070aa00000|  0%| F|  |TAMS 0x000000070a800000, 0x000000070a800000| Untracked 
|  73|0x000000070aa00000, 0x000000070aa00000, 0x000000070ac00000|  0%| F|  |TAMS 0x000000070aa00000, 0x000000070aa00000| Untracked 
|  74|0x000000070ac00000, 0x000000070ac00000, 0x000000070ae00000|  0%| F|  |TAMS 0x000000070ac00000, 0x000000070ac00000| Untracked 
|  75|0x000000070ae00000, 0x000000070ae00000, 0x000000070b000000|  0%| F|  |TAMS 0x000000070ae00000, 0x000000070ae00000| Untracked 
|  76|0x000000070b000000, 0x000000070b000000, 0x000000070b200000|  0%| F|  |TAMS 0x000000070b000000, 0x000000070b000000| Untracked 
|  77|0x000000070b200000, 0x000000070b400000, 0x000000070b400000|100%|HS|  |TAMS 0x000000070b400000, 0x000000070b200000| Untracked 
|  78|0x000000070b400000, 0x000000070b600000, 0x000000070b600000|100%|HC|  |TAMS 0x000000070b600000, 0x000000070b400000| Untracked 
|  79|0x000000070b600000, 0x000000070b800000, 0x000000070b800000|100%|HC|  |TAMS 0x000000070b800000, 0x000000070b600000| Untracked 
|  80|0x000000070b800000, 0x000000070ba00000, 0x000000070ba00000|100%|HC|  |TAMS 0x000000070ba00000, 0x000000070b800000| Untracked 
|  81|0x000000070ba00000, 0x000000070bb15aa0, 0x000000070bc00000| 54%| O|  |TAMS 0x000000070ba00000, 0x000000070ba00000| Untracked 
|  82|0x000000070bc00000, 0x000000070bc00000, 0x000000070be00000|  0%| F|  |TAMS 0x000000070bc00000, 0x000000070bc00000| Untracked 
|  83|0x000000070be00000, 0x000000070be00000, 0x000000070c000000|  0%| F|  |TAMS 0x000000070be00000, 0x000000070be00000| Untracked 
|  84|0x000000070c000000, 0x000000070c000000, 0x000000070c200000|  0%| F|  |TAMS 0x000000070c000000, 0x000000070c000000| Untracked 
|  85|0x000000070c200000, 0x000000070c200000, 0x000000070c400000|  0%| F|  |TAMS 0x000000070c200000, 0x000000070c200000| Untracked 
|  86|0x000000070c400000, 0x000000070c400000, 0x000000070c600000|  0%| F|  |TAMS 0x000000070c400000, 0x000000070c400000| Untracked 
|  87|0x000000070c600000, 0x000000070c600000, 0x000000070c800000|  0%| F|  |TAMS 0x000000070c600000, 0x000000070c600000| Untracked 
|  88|0x000000070c800000, 0x000000070c800000, 0x000000070ca00000|  0%| F|  |TAMS 0x000000070c800000, 0x000000070c800000| Untracked 
|  89|0x000000070ca00000, 0x000000070ca00000, 0x000000070cc00000|  0%| F|  |TAMS 0x000000070ca00000, 0x000000070ca00000| Untracked 
|  90|0x000000070cc00000, 0x000000070cc00000, 0x000000070ce00000|  0%| F|  |TAMS 0x000000070cc00000, 0x000000070cc00000| Untracked 
|  91|0x000000070ce00000, 0x000000070ce00000, 0x000000070d000000|  0%| F|  |TAMS 0x000000070ce00000, 0x000000070ce00000| Untracked 
|  92|0x000000070d000000, 0x000000070d000000, 0x000000070d200000|  0%| F|  |TAMS 0x000000070d000000, 0x000000070d000000| Untracked 
|  93|0x000000070d200000, 0x000000070d200000, 0x000000070d400000|  0%| F|  |TAMS 0x000000070d200000, 0x000000070d200000| Untracked 
|  94|0x000000070d400000, 0x000000070d400000, 0x000000070d600000|  0%| F|  |TAMS 0x000000070d400000, 0x000000070d400000| Untracked 
|  95|0x000000070d600000, 0x000000070d600000, 0x000000070d800000|  0%| F|  |TAMS 0x000000070d600000, 0x000000070d600000| Untracked 
|  96|0x000000070d800000, 0x000000070d800000, 0x000000070da00000|  0%| F|  |TAMS 0x000000070d800000, 0x000000070d800000| Untracked 
|  97|0x000000070da00000, 0x000000070da00000, 0x000000070dc00000|  0%| F|  |TAMS 0x000000070da00000, 0x000000070da00000| Untracked 
|  98|0x000000070dc00000, 0x000000070dc00000, 0x000000070de00000|  0%| F|  |TAMS 0x000000070dc00000, 0x000000070dc00000| Untracked 
|  99|0x000000070de00000, 0x000000070de00000, 0x000000070e000000|  0%| F|  |TAMS 0x000000070de00000, 0x000000070de00000| Untracked 
| 100|0x000000070e000000, 0x000000070e000000, 0x000000070e200000|  0%| F|  |TAMS 0x000000070e000000, 0x000000070e000000| Untracked 
| 101|0x000000070e200000, 0x000000070e400000, 0x000000070e400000|100%|HS|  |TAMS 0x000000070e400000, 0x000000070e200000| Untracked 
| 102|0x000000070e400000, 0x000000070e400000, 0x000000070e600000|  0%| F|  |TAMS 0x000000070e400000, 0x000000070e400000| Untracked 
| 103|0x000000070e600000, 0x000000070e7ddca0, 0x000000070e800000| 93%| O|  |TAMS 0x000000070e600000, 0x000000070e600000| Untracked 
| 104|0x000000070e800000, 0x000000070e800000, 0x000000070ea00000|  0%| F|  |TAMS 0x000000070e800000, 0x000000070e800000| Untracked 
| 105|0x000000070ea00000, 0x000000070ea00000, 0x000000070ec00000|  0%| F|  |TAMS 0x000000070ea00000, 0x000000070ea00000| Untracked 
| 106|0x000000070ec00000, 0x000000070ec00000, 0x000000070ee00000|  0%| F|  |TAMS 0x000000070ec00000, 0x000000070ec00000| Untracked 
| 107|0x000000070ee00000, 0x000000070ee00000, 0x000000070f000000|  0%| F|  |TAMS 0x000000070ee00000, 0x000000070ee00000| Untracked 
| 108|0x000000070f000000, 0x000000070f000000, 0x000000070f200000|  0%| F|  |TAMS 0x000000070f000000, 0x000000070f000000| Untracked 
| 109|0x000000070f200000, 0x000000070f200000, 0x000000070f400000|  0%| F|  |TAMS 0x000000070f200000, 0x000000070f200000| Untracked 
| 110|0x000000070f400000, 0x000000070f400000, 0x000000070f600000|  0%| F|  |TAMS 0x000000070f400000, 0x000000070f400000| Untracked 
| 111|0x000000070f600000, 0x000000070f600000, 0x000000070f800000|  0%| F|  |TAMS 0x000000070f600000, 0x000000070f600000| Untracked 
| 112|0x000000070f800000, 0x000000070f800000, 0x000000070fa00000|  0%| F|  |TAMS 0x000000070f800000, 0x000000070f800000| Untracked 
| 113|0x000000070fa00000, 0x000000070fa00000, 0x000000070fc00000|  0%| F|  |TAMS 0x000000070fa00000, 0x000000070fa00000| Untracked 
| 114|0x000000070fc00000, 0x000000070fc00000, 0x000000070fe00000|  0%| F|  |TAMS 0x000000070fc00000, 0x000000070fc00000| Untracked 
| 115|0x000000070fe00000, 0x000000070fe00000, 0x0000000710000000|  0%| F|  |TAMS 0x000000070fe00000, 0x000000070fe00000| Untracked 
| 116|0x0000000710000000, 0x0000000710000000, 0x0000000710200000|  0%| F|  |TAMS 0x0000000710000000, 0x0000000710000000| Untracked 
| 117|0x0000000710200000, 0x0000000710200000, 0x0000000710400000|  0%| F|  |TAMS 0x0000000710200000, 0x0000000710200000| Untracked 
| 118|0x0000000710400000, 0x0000000710400000, 0x0000000710600000|  0%| F|  |TAMS 0x0000000710400000, 0x0000000710400000| Untracked 
| 119|0x0000000710600000, 0x0000000710600000, 0x0000000710800000|  0%| F|  |TAMS 0x0000000710600000, 0x0000000710600000| Untracked 
| 120|0x0000000710800000, 0x0000000710800000, 0x0000000710a00000|  0%| F|  |TAMS 0x0000000710800000, 0x0000000710800000| Untracked 
| 121|0x0000000710a00000, 0x0000000710a00000, 0x0000000710c00000|  0%| F|  |TAMS 0x0000000710a00000, 0x0000000710a00000| Untracked 
| 122|0x0000000710c00000, 0x0000000710c00000, 0x0000000710e00000|  0%| F|  |TAMS 0x0000000710c00000, 0x0000000710c00000| Untracked 
| 123|0x0000000710e00000, 0x0000000710e00000, 0x0000000711000000|  0%| F|  |TAMS 0x0000000710e00000, 0x0000000710e00000| Untracked 
| 124|0x0000000711000000, 0x0000000711000000, 0x0000000711200000|  0%| F|  |TAMS 0x0000000711000000, 0x0000000711000000| Untracked 
| 125|0x0000000711200000, 0x0000000711400000, 0x0000000711400000|100%|HS|  |TAMS 0x0000000711400000, 0x0000000711200000| Untracked 
| 126|0x0000000711400000, 0x0000000711600000, 0x0000000711600000|100%|HC|  |TAMS 0x0000000711600000, 0x0000000711400000| Untracked 
| 127|0x0000000711600000, 0x0000000711800000, 0x0000000711800000|100%|HC|  |TAMS 0x0000000711800000, 0x0000000711600000| Untracked 
| 128|0x0000000711800000, 0x0000000711a00000, 0x0000000711a00000|100%|HC|  |TAMS 0x0000000711a00000, 0x0000000711800000| Untracked 
| 129|0x0000000711a00000, 0x0000000711c00000, 0x0000000711c00000|100%|HC|  |TAMS 0x0000000711c00000, 0x0000000711a00000| Untracked 
| 130|0x0000000711c00000, 0x0000000711e00000, 0x0000000711e00000|100%|HC|  |TAMS 0x0000000711e00000, 0x0000000711c00000| Untracked 
| 131|0x0000000711e00000, 0x0000000711e00000, 0x0000000712000000|  0%| F|  |TAMS 0x0000000711e00000, 0x0000000711e00000| Untracked 
| 132|0x0000000712000000, 0x0000000712000000, 0x0000000712200000|  0%| F|  |TAMS 0x0000000712000000, 0x0000000712000000| Untracked 
| 133|0x0000000712200000, 0x0000000712200000, 0x0000000712400000|  0%| F|  |TAMS 0x0000000712200000, 0x0000000712200000| Untracked 
| 134|0x0000000712400000, 0x0000000712400000, 0x0000000712600000|  0%| F|  |TAMS 0x0000000712400000, 0x0000000712400000| Untracked 
| 135|0x0000000712600000, 0x0000000712600000, 0x0000000712800000|  0%| F|  |TAMS 0x0000000712600000, 0x0000000712600000| Untracked 
| 136|0x0000000712800000, 0x0000000712800000, 0x0000000712a00000|  0%| F|  |TAMS 0x0000000712800000, 0x0000000712800000| Untracked 
| 137|0x0000000712a00000, 0x0000000712a00000, 0x0000000712c00000|  0%| F|  |TAMS 0x0000000712a00000, 0x0000000712a00000| Untracked 
| 138|0x0000000712c00000, 0x0000000712c00000, 0x0000000712e00000|  0%| F|  |TAMS 0x0000000712c00000, 0x0000000712c00000| Untracked 
| 139|0x0000000712e00000, 0x0000000712e00000, 0x0000000713000000|  0%| F|  |TAMS 0x0000000712e00000, 0x0000000712e00000| Untracked 
| 140|0x0000000713000000, 0x0000000713000000, 0x0000000713200000|  0%| F|  |TAMS 0x0000000713000000, 0x0000000713000000| Untracked 
| 141|0x0000000713200000, 0x0000000713200000, 0x0000000713400000|  0%| F|  |TAMS 0x0000000713200000, 0x0000000713200000| Untracked 
| 142|0x0000000713400000, 0x0000000713400000, 0x0000000713600000|  0%| F|  |TAMS 0x0000000713400000, 0x0000000713400000| Untracked 
| 143|0x0000000713600000, 0x0000000713600000, 0x0000000713800000|  0%| F|  |TAMS 0x0000000713600000, 0x0000000713600000| Untracked 
| 144|0x0000000713800000, 0x0000000713800000, 0x0000000713a00000|  0%| F|  |TAMS 0x0000000713800000, 0x0000000713800000| Untracked 
| 145|0x0000000713a00000, 0x0000000713a00000, 0x0000000713c00000|  0%| F|  |TAMS 0x0000000713a00000, 0x0000000713a00000| Untracked 
| 146|0x0000000713c00000, 0x0000000713c00000, 0x0000000713e00000|  0%| F|  |TAMS 0x0000000713c00000, 0x0000000713c00000| Untracked 
| 147|0x0000000713e00000, 0x0000000713e00000, 0x0000000714000000|  0%| F|  |TAMS 0x0000000713e00000, 0x0000000713e00000| Untracked 
| 148|0x0000000714000000, 0x0000000714000000, 0x0000000714200000|  0%| F|  |TAMS 0x0000000714000000, 0x0000000714000000| Untracked 
| 149|0x0000000714200000, 0x0000000714200000, 0x0000000714400000|  0%| F|  |TAMS 0x0000000714200000, 0x0000000714200000| Untracked 
| 150|0x0000000714400000, 0x0000000714400000, 0x0000000714600000|  0%| F|  |TAMS 0x0000000714400000, 0x0000000714400000| Untracked 
| 151|0x0000000714600000, 0x0000000714600000, 0x0000000714800000|  0%| F|  |TAMS 0x0000000714600000, 0x0000000714600000| Untracked 
| 152|0x0000000714800000, 0x0000000714800000, 0x0000000714a00000|  0%| F|  |TAMS 0x0000000714800000, 0x0000000714800000| Untracked 
| 153|0x0000000714a00000, 0x0000000714a00000, 0x0000000714c00000|  0%| F|  |TAMS 0x0000000714a00000, 0x0000000714a00000| Untracked 
| 154|0x0000000714c00000, 0x0000000714c00000, 0x0000000714e00000|  0%| F|  |TAMS 0x0000000714c00000, 0x0000000714c00000| Untracked 
| 155|0x0000000714e00000, 0x0000000714e00000, 0x0000000715000000|  0%| F|  |TAMS 0x0000000714e00000, 0x0000000714e00000| Untracked 
| 156|0x0000000715000000, 0x0000000715000000, 0x0000000715200000|  0%| F|  |TAMS 0x0000000715000000, 0x0000000715000000| Untracked 
| 157|0x0000000715200000, 0x0000000715200000, 0x0000000715400000|  0%| F|  |TAMS 0x0000000715200000, 0x0000000715200000| Untracked 
| 158|0x0000000715400000, 0x0000000715400000, 0x0000000715600000|  0%| F|  |TAMS 0x0000000715400000, 0x0000000715400000| Untracked 
| 159|0x0000000715600000, 0x0000000715600000, 0x0000000715800000|  0%| F|  |TAMS 0x0000000715600000, 0x0000000715600000| Untracked 
| 160|0x0000000715800000, 0x0000000715800000, 0x0000000715a00000|  0%| F|  |TAMS 0x0000000715800000, 0x0000000715800000| Untracked 
| 161|0x0000000715a00000, 0x0000000715a00000, 0x0000000715c00000|  0%| F|  |TAMS 0x0000000715a00000, 0x0000000715a00000| Untracked 
| 162|0x0000000715c00000, 0x0000000715c00000, 0x0000000715e00000|  0%| F|  |TAMS 0x0000000715c00000, 0x0000000715c00000| Untracked 
| 163|0x0000000715e00000, 0x0000000715e00000, 0x0000000716000000|  0%| F|  |TAMS 0x0000000715e00000, 0x0000000715e00000| Untracked 
| 164|0x0000000716000000, 0x0000000716000000, 0x0000000716200000|  0%| F|  |TAMS 0x0000000716000000, 0x0000000716000000| Untracked 
| 165|0x0000000716200000, 0x0000000716200000, 0x0000000716400000|  0%| F|  |TAMS 0x0000000716200000, 0x0000000716200000| Untracked 
| 166|0x0000000716400000, 0x0000000716400000, 0x0000000716600000|  0%| F|  |TAMS 0x0000000716400000, 0x0000000716400000| Untracked 
| 167|0x0000000716600000, 0x0000000716600000, 0x0000000716800000|  0%| F|  |TAMS 0x0000000716600000, 0x0000000716600000| Untracked 
| 168|0x0000000716800000, 0x0000000716800000, 0x0000000716a00000|  0%| F|  |TAMS 0x0000000716800000, 0x0000000716800000| Untracked 
| 169|0x0000000716a00000, 0x0000000716a00000, 0x0000000716c00000|  0%| F|  |TAMS 0x0000000716a00000, 0x0000000716a00000| Untracked 
| 170|0x0000000716c00000, 0x0000000716c00000, 0x0000000716e00000|  0%| F|  |TAMS 0x0000000716c00000, 0x0000000716c00000| Untracked 
| 171|0x0000000716e00000, 0x0000000716e00000, 0x0000000717000000|  0%| F|  |TAMS 0x0000000716e00000, 0x0000000716e00000| Untracked 
| 172|0x0000000717000000, 0x0000000717000000, 0x0000000717200000|  0%| F|  |TAMS 0x0000000717000000, 0x0000000717000000| Untracked 
| 173|0x0000000717200000, 0x0000000717200000, 0x0000000717400000|  0%| F|  |TAMS 0x0000000717200000, 0x0000000717200000| Untracked 
| 174|0x0000000717400000, 0x0000000717400000, 0x0000000717600000|  0%| F|  |TAMS 0x0000000717400000, 0x0000000717400000| Untracked 
| 175|0x0000000717600000, 0x0000000717600000, 0x0000000717800000|  0%| F|  |TAMS 0x0000000717600000, 0x0000000717600000| Untracked 
| 176|0x0000000717800000, 0x0000000717800000, 0x0000000717a00000|  0%| F|  |TAMS 0x0000000717800000, 0x0000000717800000| Untracked 
| 177|0x0000000717a00000, 0x0000000717a00000, 0x0000000717c00000|  0%| F|  |TAMS 0x0000000717a00000, 0x0000000717a00000| Untracked 
| 178|0x0000000717c00000, 0x0000000717c00000, 0x0000000717e00000|  0%| F|  |TAMS 0x0000000717c00000, 0x0000000717c00000| Untracked 
| 179|0x0000000717e00000, 0x0000000717e00000, 0x0000000718000000|  0%| F|  |TAMS 0x0000000717e00000, 0x0000000717e00000| Untracked 
| 180|0x0000000718000000, 0x0000000718000000, 0x0000000718200000|  0%| F|  |TAMS 0x0000000718000000, 0x0000000718000000| Untracked 
| 181|0x0000000718200000, 0x0000000718200000, 0x0000000718400000|  0%| F|  |TAMS 0x0000000718200000, 0x0000000718200000| Untracked 
| 182|0x0000000718400000, 0x0000000718400000, 0x0000000718600000|  0%| F|  |TAMS 0x0000000718400000, 0x0000000718400000| Untracked 
| 183|0x0000000718600000, 0x0000000718600000, 0x0000000718800000|  0%| F|  |TAMS 0x0000000718600000, 0x0000000718600000| Untracked 
| 184|0x0000000718800000, 0x0000000718800000, 0x0000000718a00000|  0%| F|  |TAMS 0x0000000718800000, 0x0000000718800000| Untracked 
| 185|0x0000000718a00000, 0x0000000718a00000, 0x0000000718c00000|  0%| F|  |TAMS 0x0000000718a00000, 0x0000000718a00000| Untracked 
| 186|0x0000000718c00000, 0x0000000718c00000, 0x0000000718e00000|  0%| F|  |TAMS 0x0000000718c00000, 0x0000000718c00000| Untracked 
| 187|0x0000000718e00000, 0x0000000718e00000, 0x0000000719000000|  0%| F|  |TAMS 0x0000000718e00000, 0x0000000718e00000| Untracked 
| 188|0x0000000719000000, 0x0000000719000000, 0x0000000719200000|  0%| F|  |TAMS 0x0000000719000000, 0x0000000719000000| Untracked 
| 189|0x0000000719200000, 0x0000000719200000, 0x0000000719400000|  0%| F|  |TAMS 0x0000000719200000, 0x0000000719200000| Untracked 
| 190|0x0000000719400000, 0x0000000719400000, 0x0000000719600000|  0%| F|  |TAMS 0x0000000719400000, 0x0000000719400000| Untracked 
| 191|0x0000000719600000, 0x0000000719600000, 0x0000000719800000|  0%| F|  |TAMS 0x0000000719600000, 0x0000000719600000| Untracked 
| 192|0x0000000719800000, 0x0000000719800000, 0x0000000719a00000|  0%| F|  |TAMS 0x0000000719800000, 0x0000000719800000| Untracked 
| 193|0x0000000719a00000, 0x0000000719a00000, 0x0000000719c00000|  0%| F|  |TAMS 0x0000000719a00000, 0x0000000719a00000| Untracked 
| 194|0x0000000719c00000, 0x0000000719c00000, 0x0000000719e00000|  0%| F|  |TAMS 0x0000000719c00000, 0x0000000719c00000| Untracked 
| 195|0x0000000719e00000, 0x0000000719e00000, 0x000000071a000000|  0%| F|  |TAMS 0x0000000719e00000, 0x0000000719e00000| Untracked 
| 196|0x000000071a000000, 0x000000071a000000, 0x000000071a200000|  0%| F|  |TAMS 0x000000071a000000, 0x000000071a000000| Untracked 
| 197|0x000000071a200000, 0x000000071a200000, 0x000000071a400000|  0%| F|  |TAMS 0x000000071a200000, 0x000000071a200000| Untracked 
| 198|0x000000071a400000, 0x000000071a400000, 0x000000071a600000|  0%| F|  |TAMS 0x000000071a400000, 0x000000071a400000| Untracked 
| 199|0x000000071a600000, 0x000000071a600000, 0x000000071a800000|  0%| F|  |TAMS 0x000000071a600000, 0x000000071a600000| Untracked 
| 200|0x000000071a800000, 0x000000071a800000, 0x000000071aa00000|  0%| F|  |TAMS 0x000000071a800000, 0x000000071a800000| Untracked 
| 201|0x000000071aa00000, 0x000000071aa00000, 0x000000071ac00000|  0%| F|  |TAMS 0x000000071aa00000, 0x000000071aa00000| Untracked 
| 202|0x000000071ac00000, 0x000000071ac00000, 0x000000071ae00000|  0%| F|  |TAMS 0x000000071ac00000, 0x000000071ac00000| Untracked 
| 203|0x000000071ae00000, 0x000000071ae00000, 0x000000071b000000|  0%| F|  |TAMS 0x000000071ae00000, 0x000000071ae00000| Untracked 
| 204|0x000000071b000000, 0x000000071b000000, 0x000000071b200000|  0%| F|  |TAMS 0x000000071b000000, 0x000000071b000000| Untracked 
| 205|0x000000071b200000, 0x000000071b200000, 0x000000071b400000|  0%| F|  |TAMS 0x000000071b200000, 0x000000071b200000| Untracked 
| 206|0x000000071b400000, 0x000000071b400000, 0x000000071b600000|  0%| F|  |TAMS 0x000000071b400000, 0x000000071b400000| Untracked 
| 207|0x000000071b600000, 0x000000071b600000, 0x000000071b800000|  0%| F|  |TAMS 0x000000071b600000, 0x000000071b600000| Untracked 
| 208|0x000000071b800000, 0x000000071b800000, 0x000000071ba00000|  0%| F|  |TAMS 0x000000071b800000, 0x000000071b800000| Untracked 
| 209|0x000000071ba00000, 0x000000071ba00000, 0x000000071bc00000|  0%| F|  |TAMS 0x000000071ba00000, 0x000000071ba00000| Untracked 
| 210|0x000000071bc00000, 0x000000071bc00000, 0x000000071be00000|  0%| F|  |TAMS 0x000000071bc00000, 0x000000071bc00000| Untracked 
| 211|0x000000071be00000, 0x000000071be00000, 0x000000071c000000|  0%| F|  |TAMS 0x000000071be00000, 0x000000071be00000| Untracked 
| 212|0x000000071c000000, 0x000000071c000000, 0x000000071c200000|  0%| F|  |TAMS 0x000000071c000000, 0x000000071c000000| Untracked 
| 213|0x000000071c200000, 0x000000071c200000, 0x000000071c400000|  0%| F|  |TAMS 0x000000071c200000, 0x000000071c200000| Untracked 
| 214|0x000000071c400000, 0x000000071c400000, 0x000000071c600000|  0%| F|  |TAMS 0x000000071c400000, 0x000000071c400000| Untracked 
| 215|0x000000071c600000, 0x000000071c600000, 0x000000071c800000|  0%| F|  |TAMS 0x000000071c600000, 0x000000071c600000| Untracked 
| 216|0x000000071c800000, 0x000000071c800000, 0x000000071ca00000|  0%| F|  |TAMS 0x000000071c800000, 0x000000071c800000| Untracked 
| 217|0x000000071ca00000, 0x000000071ca00000, 0x000000071cc00000|  0%| F|  |TAMS 0x000000071ca00000, 0x000000071ca00000| Untracked 
| 218|0x000000071cc00000, 0x000000071cc00000, 0x000000071ce00000|  0%| F|  |TAMS 0x000000071cc00000, 0x000000071cc00000| Untracked 
| 219|0x000000071ce00000, 0x000000071ce00000, 0x000000071d000000|  0%| F|  |TAMS 0x000000071ce00000, 0x000000071ce00000| Untracked 
| 220|0x000000071d000000, 0x000000071d000000, 0x000000071d200000|  0%| F|  |TAMS 0x000000071d000000, 0x000000071d000000| Untracked 
| 221|0x000000071d200000, 0x000000071d200000, 0x000000071d400000|  0%| F|  |TAMS 0x000000071d200000, 0x000000071d200000| Untracked 
| 222|0x000000071d400000, 0x000000071d400000, 0x000000071d600000|  0%| F|  |TAMS 0x000000071d400000, 0x000000071d400000| Untracked 
| 223|0x000000071d600000, 0x000000071d600000, 0x000000071d800000|  0%| F|  |TAMS 0x000000071d600000, 0x000000071d600000| Untracked 
| 224|0x000000071d800000, 0x000000071d800000, 0x000000071da00000|  0%| F|  |TAMS 0x000000071d800000, 0x000000071d800000| Untracked 
| 225|0x000000071da00000, 0x000000071da00000, 0x000000071dc00000|  0%| F|  |TAMS 0x000000071da00000, 0x000000071da00000| Untracked 
| 226|0x000000071dc00000, 0x000000071dc00000, 0x000000071de00000|  0%| F|  |TAMS 0x000000071dc00000, 0x000000071dc00000| Untracked 
| 227|0x000000071de00000, 0x000000071de00000, 0x000000071e000000|  0%| F|  |TAMS 0x000000071de00000, 0x000000071de00000| Untracked 
| 228|0x000000071e000000, 0x000000071e000000, 0x000000071e200000|  0%| F|  |TAMS 0x000000071e000000, 0x000000071e000000| Untracked 
| 229|0x000000071e200000, 0x000000071e200000, 0x000000071e400000|  0%| F|  |TAMS 0x000000071e200000, 0x000000071e200000| Untracked 
| 230|0x000000071e400000, 0x000000071e400000, 0x000000071e600000|  0%| F|  |TAMS 0x000000071e400000, 0x000000071e400000| Untracked 
| 231|0x000000071e600000, 0x000000071e600000, 0x000000071e800000|  0%| F|  |TAMS 0x000000071e600000, 0x000000071e600000| Untracked 
| 232|0x000000071e800000, 0x000000071e800000, 0x000000071ea00000|  0%| F|  |TAMS 0x000000071e800000, 0x000000071e800000| Untracked 
| 233|0x000000071ea00000, 0x000000071ea00000, 0x000000071ec00000|  0%| F|  |TAMS 0x000000071ea00000, 0x000000071ea00000| Untracked 
| 234|0x000000071ec00000, 0x000000071ec00000, 0x000000071ee00000|  0%| F|  |TAMS 0x000000071ec00000, 0x000000071ec00000| Untracked 
| 235|0x000000071ee00000, 0x000000071ee00000, 0x000000071f000000|  0%| F|  |TAMS 0x000000071ee00000, 0x000000071ee00000| Untracked 
| 236|0x000000071f000000, 0x000000071f000000, 0x000000071f200000|  0%| F|  |TAMS 0x000000071f000000, 0x000000071f000000| Untracked 
| 237|0x000000071f200000, 0x000000071f200000, 0x000000071f400000|  0%| F|  |TAMS 0x000000071f200000, 0x000000071f200000| Untracked 
| 238|0x000000071f400000, 0x000000071f400000, 0x000000071f600000|  0%| F|  |TAMS 0x000000071f400000, 0x000000071f400000| Untracked 
| 239|0x000000071f600000, 0x000000071f600000, 0x000000071f800000|  0%| F|  |TAMS 0x000000071f600000, 0x000000071f600000| Untracked 
| 240|0x000000071f800000, 0x000000071f800000, 0x000000071fa00000|  0%| F|  |TAMS 0x000000071f800000, 0x000000071f800000| Untracked 
| 241|0x000000071fa00000, 0x000000071fa00000, 0x000000071fc00000|  0%| F|  |TAMS 0x000000071fa00000, 0x000000071fa00000| Untracked 
| 242|0x000000071fc00000, 0x000000071fc28540, 0x000000071fe00000|  7%| E|  |TAMS 0x000000071fc00000, 0x000000071fc00000| Complete 
| 243|0x000000071fe00000, 0x0000000720000000, 0x0000000720000000|100%| E|CS|TAMS 0x000000071fe00000, 0x000000071fe00000| Complete 
| 244|0x0000000720000000, 0x0000000720200000, 0x0000000720200000|100%| E|CS|TAMS 0x0000000720000000, 0x0000000720000000| Complete 
| 245|0x0000000720200000, 0x0000000720400000, 0x0000000720400000|100%| E|CS|TAMS 0x0000000720200000, 0x0000000720200000| Complete 
| 246|0x0000000720400000, 0x0000000720600000, 0x0000000720600000|100%| E|CS|TAMS 0x0000000720400000, 0x0000000720400000| Complete 
| 247|0x0000000720600000, 0x0000000720800000, 0x0000000720800000|100%| E|CS|TAMS 0x0000000720600000, 0x0000000720600000| Complete 
| 248|0x0000000720800000, 0x0000000720a00000, 0x0000000720a00000|100%| E|CS|TAMS 0x0000000720800000, 0x0000000720800000| Complete 
| 249|0x0000000720a00000, 0x0000000720c00000, 0x0000000720c00000|100%| E|CS|TAMS 0x0000000720a00000, 0x0000000720a00000| Complete 
| 250|0x0000000720c00000, 0x0000000720e00000, 0x0000000720e00000|100%| E|CS|TAMS 0x0000000720c00000, 0x0000000720c00000| Complete 
| 251|0x0000000720e00000, 0x0000000721000000, 0x0000000721000000|100%| E|CS|TAMS 0x0000000720e00000, 0x0000000720e00000| Complete 
| 252|0x0000000721000000, 0x0000000721200000, 0x0000000721200000|100%| E|CS|TAMS 0x0000000721000000, 0x0000000721000000| Complete 
| 253|0x0000000721200000, 0x0000000721400000, 0x0000000721400000|100%| E|CS|TAMS 0x0000000721200000, 0x0000000721200000| Complete 
| 254|0x0000000721400000, 0x0000000721600000, 0x0000000721600000|100%| E|CS|TAMS 0x0000000721400000, 0x0000000721400000| Complete 
| 671|0x0000000755600000, 0x0000000755800000, 0x0000000755800000|100%| O|  |TAMS 0x0000000755800000, 0x0000000755600000| Untracked 

Card table byte_map: [0x000001b6b6470000,0x000001b6b6c70000] _byte_map_base: 0x000001b6b2c64000

Marking Bits (Prev, Next): (CMBitMap*) 0x000001b69ea808b0, (CMBitMap*) 0x000001b69ea808f0
 Prev Bits: [0x000001b6b7470000, 0x000001b6bb410000)
 Next Bits: [0x000001b6bb410000, 0x000001b6bf3b0000)

Polling page: 0x000001b694970000

Metaspace:

Usage:
  Non-class:     78.28 MB used.
      Class:     12.66 MB used.
       Both:     90.94 MB used.

Virtual space:
  Non-class space:      128.00 MB reserved,      78.56 MB ( 61%) committed,  2 nodes.
      Class space:        1.00 GB reserved,      13.06 MB (  1%) committed,  1 nodes.
             Both:        1.12 GB reserved,      91.62 MB (  8%) committed. 

Chunk freelists:
   Non-Class:  1.36 MB
       Class:  3.16 MB
        Both:  4.52 MB

MaxMetaspaceSize: unlimited
CompressedClassSpaceSize: 1.00 GB
Initial GC threshold: 21.00 MB
Current GC threshold: 152.75 MB
CDS: on
MetaspaceReclaimPolicy: balanced
 - commit_granule_bytes: 65536.
 - commit_granule_words: 8192.
 - virtual_space_node_default_size: 8388608.
 - enlarge_chunks_in_place: 1.
 - new_chunks_are_fully_committed: 0.
 - uncommit_free_chunks: 1.
 - use_allocation_guard: 0.
 - handle_deallocations: 1.


Internal statistics:

num_allocs_failed_limit: 6.
num_arena_births: 1698.
num_arena_deaths: 1056.
num_vsnodes_births: 3.
num_vsnodes_deaths: 0.
num_space_committed: 1460.
num_space_uncommitted: 0.
num_chunks_returned_to_freelist: 1263.
num_chunks_taken_from_freelist: 4537.
num_chunk_merges: 456.
num_chunk_splits: 3015.
num_chunks_enlarged: 2193.
num_inconsistent_stats: 0.

CodeHeap 'non-profiled nmethods': size=120000Kb used=29654Kb max_used=30047Kb free=90345Kb
 bounds [0x000001b6aef40000, 0x000001b6b0ca0000, 0x000001b6b6470000]
CodeHeap 'profiled nmethods': size=120000Kb used=39566Kb max_used=40123Kb free=80433Kb
 bounds [0x000001b6a7470000, 0x000001b6a9bb0000, 0x000001b6ae9a0000]
CodeHeap 'non-nmethods': size=5760Kb used=1692Kb max_used=1803Kb free=4067Kb
 bounds [0x000001b6ae9a0000, 0x000001b6aec10000, 0x000001b6aef40000]
 total_blobs=21375 nmethods=20246 adapters=1032
 compilation: enabled
              stopped_count=0, restarted_count=0
 full_count=0

Compilation events (20 events):
Event: 61221.286 Thread 0x000001b69f8b1e60 28236       3       com.jidesoft.grid.TreeTable::expandAll (61 bytes)
Event: 61221.287 Thread 0x000001b69f8b1e60 nmethod 28236 0x000001b6a956e690 code [0x000001b6a956e8c0, 0x000001b6a956f398]
Event: 61221.287 Thread 0x000001b69f8b1e60 28237       3       com.jidesoft.grid.TreeTableModel::expandAll (10 bytes)
Event: 61221.287 Thread 0x000001b69f8b1e60 nmethod 28237 0x000001b6a8352290 code [0x000001b6a8352440, 0x000001b6a83526d8]
Event: 61221.315 Thread 0x000001b69f8b1560 28238       4       ui.views.aa$a::setBounds (24 bytes)
Event: 61221.325 Thread 0x000001b69f8b1560 nmethod 28238 0x000001b6af71f590 code [0x000001b6af71f740, 0x000001b6af71f9d8]
Event: 61221.377 Thread 0x000001b69f8b1e60 28239       3       com.jidesoft.swing.JideSplitPane::indexOfPane (53 bytes)
Event: 61221.379 Thread 0x000001b69f8b1e60 nmethod 28239 0x000001b6a7eef910 code [0x000001b6a7eefbe0, 0x000001b6a7ef0d08]
Event: 61221.392 Thread 0x000001b69f8b1560 28240       4       javax.swing.JPopupMenu::getPopupMenuListeners (14 bytes)
Event: 61221.392 Thread 0x000001b69f8b1560 nmethod 28240 0x000001b6af414f10 code [0x000001b6af4150a0, 0x000001b6af415188]
Event: 61221.409 Thread 0x000001b69f8b1560 28241       4       javax.swing.SortingFocusTraversalPolicy::mergeSort (259 bytes)
Event: 61221.908 Thread 0x000001b69f8b1560 nmethod 28241 0x000001b6af848310 code [0x000001b6af848780, 0x000001b6af84e5c0]
Event: 61222.204 Thread 0x000001b69f8b1560 28242       4       javax.swing.text.html.HTMLDocument$HTMLReader::handleText (290 bytes)
Event: 61222.223 Thread 0x000001b69f8b1560 nmethod 28242 0x000001b6af1fb590 code [0x000001b6af1fb7a0, 0x000001b6af1fc130]
Event: 61222.228 Thread 0x000001b69f8b1560 28243       4       javax.swing.text.html.CSS$ColorValue::parseCssValue (31 bytes)
Event: 61222.229 Thread 0x000001b69f8b1560 nmethod 28243 0x000001b6af847f90 code [0x000001b6af848120, 0x000001b6af848248]
Event: 61222.231 Thread 0x000001b69f8b1560 28244       4       ui.views.ad::getDockingManager (35 bytes)
Event: 61222.232 Thread 0x000001b69f8b1560 nmethod 28244 0x000001b6afa57690 code [0x000001b6afa57800, 0x000001b6afa579b8]
Event: 61225.747 Thread 0x000001b69f8b1560 28245       4       org.jdesktop.swingx.JXPanel::getEffectiveAlpha (52 bytes)
Event: 61225.750 Thread 0x000001b69f8b1560 nmethod 28245 0x000001b6afa57310 code [0x000001b6afa57480, 0x000001b6afa575b8]

GC Heap History (20 events):
Event: 61174.885 GC heap before
{Heap before GC invocations=8432 (full 808):
 garbage-first heap   total 1458176K, used 218186K [0x0000000701800000, 0x0000000800000000)
  region size 2048K, 41 young (83968K), 2 survivors (4096K)
 Metaspace       used 93070K, committed 93760K, reserved 1179648K
  class space    used 12963K, committed 13376K, reserved 1048576K
}
Event: 61174.893 GC heap after
{Heap after GC invocations=8433 (full 808):
 garbage-first heap   total 1458176K, used 140300K [0x0000000701800000, 0x0000000800000000)
  region size 2048K, 2 young (4096K), 2 survivors (4096K)
 Metaspace       used 93070K, committed 93760K, reserved 1179648K
  class space    used 12963K, committed 13376K, reserved 1048576K
}
Event: 61180.360 GC heap before
{Heap before GC invocations=8433 (full 808):
 garbage-first heap   total 1458176K, used 216076K [0x0000000701800000, 0x0000000800000000)
  region size 2048K, 40 young (81920K), 2 survivors (4096K)
 Metaspace       used 93074K, committed 93760K, reserved 1179648K
  class space    used 12963K, committed 13376K, reserved 1048576K
}
Event: 61180.363 GC heap after
{Heap after GC invocations=8434 (full 808):
 garbage-first heap   total 1458176K, used 140524K [0x0000000701800000, 0x0000000800000000)
  region size 2048K, 2 young (4096K), 2 survivors (4096K)
 Metaspace       used 93074K, committed 93760K, reserved 1179648K
  class space    used 12963K, committed 13376K, reserved 1048576K
}
Event: 61194.295 GC heap before
{Heap before GC invocations=8434 (full 808):
 garbage-first heap   total 1458176K, used 218348K [0x0000000701800000, 0x0000000800000000)
  region size 2048K, 40 young (81920K), 2 survivors (4096K)
 Metaspace       used 93079K, committed 93760K, reserved 1179648K
  class space    used 12963K, committed 13376K, reserved 1048576K
}
Event: 61194.298 GC heap after
{Heap after GC invocations=8435 (full 808):
 garbage-first heap   total 1458176K, used 140253K [0x0000000701800000, 0x0000000800000000)
  region size 2048K, 2 young (4096K), 2 survivors (4096K)
 Metaspace       used 93079K, committed 93760K, reserved 1179648K
  class space    used 12963K, committed 13376K, reserved 1048576K
}
Event: 61195.606 GC heap before
{Heap before GC invocations=8435 (full 808):
 garbage-first heap   total 1458176K, used 218077K [0x0000000701800000, 0x0000000800000000)
  region size 2048K, 40 young (81920K), 2 survivors (4096K)
 Metaspace       used 93084K, committed 93760K, reserved 1179648K
  class space    used 12963K, committed 13376K, reserved 1048576K
}
Event: 61195.609 GC heap after
{Heap after GC invocations=8436 (full 808):
 garbage-first heap   total 1458176K, used 140274K [0x0000000701800000, 0x0000000800000000)
  region size 2048K, 2 young (4096K), 2 survivors (4096K)
 Metaspace       used 93084K, committed 93760K, reserved 1179648K
  class space    used 12963K, committed 13376K, reserved 1048576K
}
Event: 61198.277 GC heap before
{Heap before GC invocations=8436 (full 808):
 garbage-first heap   total 1458176K, used 218098K [0x0000000701800000, 0x0000000800000000)
  region size 2048K, 40 young (81920K), 2 survivors (4096K)
 Metaspace       used 93084K, committed 93760K, reserved 1179648K
  class space    used 12963K, committed 13376K, reserved 1048576K
}
Event: 61198.283 GC heap after
{Heap after GC invocations=8437 (full 808):
 garbage-first heap   total 1458176K, used 141290K [0x0000000701800000, 0x0000000800000000)
  region size 2048K, 2 young (4096K), 2 survivors (4096K)
 Metaspace       used 93084K, committed 93760K, reserved 1179648K
  class space    used 12963K, committed 13376K, reserved 1048576K
}
Event: 61200.736 GC heap before
{Heap before GC invocations=8437 (full 808):
 garbage-first heap   total 1458176K, used 219114K [0x0000000701800000, 0x0000000800000000)
  region size 2048K, 40 young (81920K), 2 survivors (4096K)
 Metaspace       used 93092K, committed 93760K, reserved 1179648K
  class space    used 12963K, committed 13376K, reserved 1048576K
}
Event: 61200.741 GC heap after
{Heap after GC invocations=8438 (full 808):
 garbage-first heap   total 1458176K, used 140752K [0x0000000701800000, 0x0000000800000000)
  region size 2048K, 1 young (2048K), 1 survivors (2048K)
 Metaspace       used 93092K, committed 93760K, reserved 1179648K
  class space    used 12963K, committed 13376K, reserved 1048576K
}
Event: 61201.447 GC heap before
{Heap before GC invocations=8438 (full 808):
 garbage-first heap   total 1458176K, used 220624K [0x0000000701800000, 0x0000000800000000)
  region size 2048K, 40 young (81920K), 1 survivors (2048K)
 Metaspace       used 93095K, committed 93760K, reserved 1179648K
  class space    used 12963K, committed 13376K, reserved 1048576K
}
Event: 61201.449 GC heap after
{Heap after GC invocations=8439 (full 808):
 garbage-first heap   total 1458176K, used 140776K [0x0000000701800000, 0x0000000800000000)
  region size 2048K, 1 young (2048K), 1 survivors (2048K)
 Metaspace       used 93095K, committed 93760K, reserved 1179648K
  class space    used 12963K, committed 13376K, reserved 1048576K
}
Event: 61213.564 GC heap before
{Heap before GC invocations=8439 (full 808):
 garbage-first heap   total 1458176K, used 220648K [0x0000000701800000, 0x0000000800000000)
  region size 2048K, 40 young (81920K), 1 survivors (2048K)
 Metaspace       used 93110K, committed 93760K, reserved 1179648K
  class space    used 12963K, committed 13376K, reserved 1048576K
}
Event: 61213.570 GC heap after
{Heap after GC invocations=8440 (full 808):
 garbage-first heap   total 1458176K, used 143089K [0x0000000701800000, 0x0000000800000000)
  region size 2048K, 2 young (4096K), 2 survivors (4096K)
 Metaspace       used 93110K, committed 93760K, reserved 1179648K
  class space    used 12963K, committed 13376K, reserved 1048576K
}
Event: 61221.100 GC heap before
{Heap before GC invocations=8440 (full 808):
 garbage-first heap   total 1458176K, used 220913K [0x0000000701800000, 0x0000000800000000)
  region size 2048K, 40 young (81920K), 2 survivors (4096K)
 Metaspace       used 93116K, committed 93824K, reserved 1179648K
  class space    used 12964K, committed 13376K, reserved 1048576K
}
Event: 61221.108 GC heap after
{Heap after GC invocations=8441 (full 808):
 garbage-first heap   total 1458176K, used 147975K [0x0000000701800000, 0x0000000800000000)
  region size 2048K, 5 young (10240K), 5 survivors (10240K)
 Metaspace       used 93116K, committed 93824K, reserved 1179648K
  class space    used 12964K, committed 13376K, reserved 1048576K
}
Event: 61221.483 GC heap before
{Heap before GC invocations=8441 (full 808):
 garbage-first heap   total 1458176K, used 172551K [0x0000000701800000, 0x0000000800000000)
  region size 2048K, 18 young (36864K), 5 survivors (10240K)
 Metaspace       used 93121K, committed 93824K, reserved 1179648K
  class space    used 12964K, committed 13376K, reserved 1048576K
}
Event: 61221.624 GC heap after
{Heap after GC invocations=8442 (full 809):
 garbage-first heap   total 524288K, used 139121K [0x0000000701800000, 0x0000000800000000)
  region size 2048K, 0 young (0K), 0 survivors (0K)
 Metaspace       used 93121K, committed 93824K, reserved 1179648K
  class space    used 12964K, committed 13376K, reserved 1048576K
}

Dll operation events (20 events):
Event: 1.535 Loaded shared library D:\Vivado\2023.2\lib\win64.o\librdi_ipservicestasks.dll
Event: 1.537 Loaded shared library D:\Vivado\2023.2\lib\win64.o\librdi_vivadotasks.dll
Event: 1.538 Loaded shared library D:\Vivado\2023.2\lib\win64.o\librdi_board.dll
Event: 1.539 Loaded shared library D:\Vivado\2023.2\lib\win64.o\librdi_boarddep.dll
Event: 1.540 Loaded shared library D:\Vivado\2023.2\lib\win64.o\librdi_boardcommontasks.dll
Event: 1.541 Loaded shared library D:\Vivado\2023.2\lib\win64.o\librdi_ptgen.dll
Event: 1.541 Loaded shared library D:\Vivado\2023.2\lib\win64.o\librdi_ip.dll
Event: 1.542 Loaded shared library D:\Vivado\2023.2\lib\win64.o\librdi_mig.dll
Event: 1.544 Loaded shared library D:\Vivado\2023.2\lib\win64.o\librdi_implflow.dll
Event: 1.545 Loaded shared library D:\Vivado\2023.2\lib\win64.o\librdi_xhubtasks.dll
Event: 1.584 Loaded shared library D:\Vivado\2023.2\lib\win64.o\librdi_iptasks.dll
Event: 1.587 Loaded shared library D:\Vivado\2023.2\lib\win64.o\librdi_synth.dll
Event: 2.984 Loaded shared library D:\Vivado\2023.2\tps\win64\jre17.0.7_7\bin\verify.dll
Event: 3.346 Loaded shared library D:\Vivado\2023.2\tps\win64\jre17.0.7_7\bin\javajpeg.dll
Event: 3.356 Loaded shared library D:\Vivado\2023.2\tps\win64\jre17.0.7_7\bin\lcms.dll
Event: 3.737 Loaded shared library D:\Vivado\2023.2\tps\win64\jre17.0.7_7\bin\freetype.dll
Event: 3.739 Loaded shared library D:\Vivado\2023.2\tps\win64\jre17.0.7_7\bin\fontmanager.dll
Event: 7.927 Loaded shared library D:\Vivado\2023.2\lib\win64.o\librdi_xhub.dll
Event: 13.862 Loaded shared library D:\Vivado\2023.2\tps\win64\jre17.0.7_7\bin\management.dll
Event: 13.868 Loaded shared library D:\Vivado\2023.2\tps\win64\jre17.0.7_7\bin\management_ext.dll

Deoptimization events (20 events):
Event: 61195.593 Thread 0x000001b6c88cffd0 DEOPT PACKING pc=0x000001b6b0727c0c sp=0x0000009fda8fe7e0
Event: 61195.593 Thread 0x000001b6c88cffd0 DEOPT UNPACKING pc=0x000001b6ae9f69a3 sp=0x0000009fda8fe7b8 mode 2
Event: 61195.614 Thread 0x000001b6c88cffd0 Uncommon trap: trap_request=0xffffffd6 fr.pc=0x000001b6b0727c0c relative=0x00000000000014ac
Event: 61195.614 Thread 0x000001b6c88cffd0 Uncommon trap: reason=array_check action=maybe_recompile pc=0x000001b6b0727c0c method=java.util.TimSort.mergeHi(IIII)V @ 101 c2
Event: 61195.614 Thread 0x000001b6c88cffd0 DEOPT PACKING pc=0x000001b6b0727c0c sp=0x0000009fda8fe7e0
Event: 61195.614 Thread 0x000001b6c88cffd0 DEOPT UNPACKING pc=0x000001b6ae9f69a3 sp=0x0000009fda8fe7b8 mode 2
Event: 61195.636 Thread 0x000001b6c88cffd0 Uncommon trap: trap_request=0xffffffd6 fr.pc=0x000001b6b0727c0c relative=0x00000000000014ac
Event: 61195.636 Thread 0x000001b6c88cffd0 Uncommon trap: reason=array_check action=maybe_recompile pc=0x000001b6b0727c0c method=java.util.TimSort.mergeHi(IIII)V @ 101 c2
Event: 61195.636 Thread 0x000001b6c88cffd0 DEOPT PACKING pc=0x000001b6b0727c0c sp=0x0000009fda8fe7e0
Event: 61195.636 Thread 0x000001b6c88cffd0 DEOPT UNPACKING pc=0x000001b6ae9f69a3 sp=0x0000009fda8fe7b8 mode 2
Event: 61202.868 Thread 0x000001b6c88cffd0 DEOPT PACKING pc=0x000001b6a8fd25cc sp=0x0000009fda8fc370
Event: 61202.868 Thread 0x000001b6c88cffd0 DEOPT UNPACKING pc=0x000001b6ae9f7143 sp=0x0000009fda8fb808 mode 0
Event: 61221.409 Thread 0x000001b6c88cffd0 Uncommon trap: trap_request=0xffffffd6 fr.pc=0x000001b6af8c8508 relative=0x0000000000004668
Event: 61221.409 Thread 0x000001b6c88cffd0 Uncommon trap: reason=array_check action=maybe_recompile pc=0x000001b6af8c8508 method=javax.swing.SortingFocusTraversalPolicy.mergeSort([Ljava/lang/Object;[Ljava/lang/Object;IIILjava/util/Comparator;)V @ 76 c2
Event: 61221.409 Thread 0x000001b6c88cffd0 DEOPT PACKING pc=0x000001b6af8c8508 sp=0x0000009fda8fcf60
Event: 61221.409 Thread 0x000001b6c88cffd0 DEOPT UNPACKING pc=0x000001b6ae9f69a3 sp=0x0000009fda8fce68 mode 2
Event: 61221.409 Thread 0x000001b6c88cffd0 Uncommon trap: trap_request=0xffffffd6 fr.pc=0x000001b6af8c84b0 relative=0x0000000000004610
Event: 61221.409 Thread 0x000001b6c88cffd0 Uncommon trap: reason=array_check action=maybe_recompile pc=0x000001b6af8c84b0 method=javax.swing.SortingFocusTraversalPolicy.mergeSort([Ljava/lang/Object;[Ljava/lang/Object;IIILjava/util/Comparator;)V @ 76 c2
Event: 61221.409 Thread 0x000001b6c88cffd0 DEOPT PACKING pc=0x000001b6af8c84b0 sp=0x0000009fda8fcf60
Event: 61221.409 Thread 0x000001b6c88cffd0 DEOPT UNPACKING pc=0x000001b6ae9f69a3 sp=0x0000009fda8fce68 mode 2

Classes unloaded (20 events):
Event: 15686.651 Thread 0x000001b696efb7d0 Unloading class 0x0000000801aba400 'java/lang/invoke/LambdaForm$MH+0x0000000801aba400'
Event: 15686.652 Thread 0x000001b696efb7d0 Unloading class 0x00000008010cc000 'java/lang/invoke/LambdaForm$MH+0x00000008010cc000'
Event: 15686.652 Thread 0x000001b696efb7d0 Unloading class 0x000000080100e000 'java/lang/invoke/LambdaForm$MH+0x000000080100e000'
Event: 58964.675 Thread 0x000001b696efb7d0 Unloading class 0x0000000801ab0800 'java/lang/invoke/LambdaForm$MH+0x0000000801ab0800'
Event: 58964.676 Thread 0x000001b696efb7d0 Unloading class 0x0000000801946000 'java/lang/invoke/LambdaForm$MH+0x0000000801946000'
Event: 58964.676 Thread 0x000001b696efb7d0 Unloading class 0x0000000801944c00 'java/lang/invoke/LambdaForm$MH+0x0000000801944c00'
Event: 58964.676 Thread 0x000001b696efb7d0 Unloading class 0x0000000801944400 'java/lang/invoke/LambdaForm$MH+0x0000000801944400'
Event: 58964.676 Thread 0x000001b696efb7d0 Unloading class 0x0000000801776000 'java/lang/invoke/LambdaForm$MH+0x0000000801776000'
Event: 58964.676 Thread 0x000001b696efb7d0 Unloading class 0x0000000801742800 'java/lang/invoke/LambdaForm$MH+0x0000000801742800'
Event: 58964.676 Thread 0x000001b696efb7d0 Unloading class 0x0000000801500000 'java/lang/invoke/LambdaForm$MH+0x0000000801500000'
Event: 58964.677 Thread 0x000001b696efb7d0 Unloading class 0x0000000801492c00 'java/lang/invoke/LambdaForm$MH+0x0000000801492c00'
Event: 58964.677 Thread 0x000001b696efb7d0 Unloading class 0x000000080148c000 'java/lang/invoke/LambdaForm$MH+0x000000080148c000'
Event: 58964.677 Thread 0x000001b696efb7d0 Unloading class 0x000000080148ac00 'java/lang/invoke/LambdaForm$MH+0x000000080148ac00'
Event: 58964.677 Thread 0x000001b696efb7d0 Unloading class 0x0000000801348c00 'java/lang/invoke/LambdaForm$MH+0x0000000801348c00'
Event: 58964.677 Thread 0x000001b696efb7d0 Unloading class 0x0000000801204c00 'java/lang/invoke/LambdaForm$MH+0x0000000801204c00'
Event: 58964.677 Thread 0x000001b696efb7d0 Unloading class 0x000000080100c000 'java/lang/invoke/LambdaForm$MH+0x000000080100c000'
Event: 58964.677 Thread 0x000001b696efb7d0 Unloading class 0x0000000801d02000 'java/lang/invoke/LambdaForm$MH+0x0000000801d02000'
Event: 58964.677 Thread 0x000001b696efb7d0 Unloading class 0x0000000801a8ec00 'java/lang/invoke/LambdaForm$MH+0x0000000801a8ec00'
Event: 58964.677 Thread 0x000001b696efb7d0 Unloading class 0x0000000801a8f000 'java/lang/invoke/LambdaForm$MH+0x0000000801a8f000'
Event: 58964.677 Thread 0x000001b696efb7d0 Unloading class 0x0000000801aa4400 'java/lang/invoke/LambdaForm$MH+0x0000000801aa4400'

Classes redefined (0 events):
No events

Internal exceptions (20 events):
Event: 61177.447 Thread 0x000001b6c88cffd0 Exception <a 'java/io/FileNotFoundException'{0x00000007579e58f0}> (0x00000007579e58f0) 
thrown [s\src\hotspot\share\prims\jni.cpp, line 516]
Event: 61182.012 Thread 0x000001b6c88cffd0 Exception <a 'java/io/FileNotFoundException'{0x0000000759b7a070}> (0x0000000759b7a070) 
thrown [s\src\hotspot\share\prims\jni.cpp, line 516]
Event: 61182.448 Thread 0x000001b6c88cffd0 Exception <a 'java/io/FileNotFoundException'{0x00000007598b4f80}> (0x00000007598b4f80) 
thrown [s\src\hotspot\share\prims\jni.cpp, line 516]
Event: 61187.012 Thread 0x000001b6c88cffd0 Exception <a 'java/io/FileNotFoundException'{0x000000075839f1b8}> (0x000000075839f1b8) 
thrown [s\src\hotspot\share\prims\jni.cpp, line 516]
Event: 61187.448 Thread 0x000001b6c88cffd0 Exception <a 'java/io/FileNotFoundException'{0x00000007583afe58}> (0x00000007583afe58) 
thrown [s\src\hotspot\share\prims\jni.cpp, line 516]
Event: 61192.012 Thread 0x000001b6c88cffd0 Exception <a 'java/io/FileNotFoundException'{0x0000000757480848}> (0x0000000757480848) 
thrown [s\src\hotspot\share\prims\jni.cpp, line 516]
Event: 61192.449 Thread 0x000001b6c88cffd0 Exception <a 'java/io/FileNotFoundException'{0x00000007574bd540}> (0x00000007574bd540) 
thrown [s\src\hotspot\share\prims\jni.cpp, line 516]
Event: 61193.183 Thread 0x000001b6e4f36fa0 Exception <a 'java/lang/InterruptedException'{0x0000000756da5938}: sleep interrupted> (0x0000000756da5938) 
thrown [s\src\hotspot\share\prims\jvm.cpp, line 3070]
Event: 61197.013 Thread 0x000001b6c88cffd0 Exception <a 'java/io/FileNotFoundException'{0x00000007571732d8}> (0x00000007571732d8) 
thrown [s\src\hotspot\share\prims\jni.cpp, line 516]
Event: 61197.449 Thread 0x000001b6c88cffd0 Exception <a 'java/io/FileNotFoundException'{0x0000000756f51d98}> (0x0000000756f51d98) 
thrown [s\src\hotspot\share\prims\jni.cpp, line 516]
Event: 61202.014 Thread 0x000001b6c88cffd0 Exception <a 'java/io/FileNotFoundException'{0x0000000759d1dbf8}> (0x0000000759d1dbf8) 
thrown [s\src\hotspot\share\prims\jni.cpp, line 516]
Event: 61202.450 Thread 0x000001b6c88cffd0 Exception <a 'java/io/FileNotFoundException'{0x0000000759d65d20}> (0x0000000759d65d20) 
thrown [s\src\hotspot\share\prims\jni.cpp, line 516]
Event: 61207.014 Thread 0x000001b6c88cffd0 Exception <a 'java/io/FileNotFoundException'{0x0000000756d75118}> (0x0000000756d75118) 
thrown [s\src\hotspot\share\prims\jni.cpp, line 516]
Event: 61207.451 Thread 0x000001b6c88cffd0 Exception <a 'java/io/FileNotFoundException'{0x0000000756afba18}> (0x0000000756afba18) 
thrown [s\src\hotspot\share\prims\jni.cpp, line 516]
Event: 61212.015 Thread 0x000001b6c88cffd0 Exception <a 'java/io/FileNotFoundException'{0x0000000755ce5558}> (0x0000000755ce5558) 
thrown [s\src\hotspot\share\prims\jni.cpp, line 516]
Event: 61212.452 Thread 0x000001b6c88cffd0 Exception <a 'java/io/FileNotFoundException'{0x0000000755a4cb18}> (0x0000000755a4cb18) 
thrown [s\src\hotspot\share\prims\jni.cpp, line 516]
Event: 61217.016 Thread 0x000001b6c88cffd0 Exception <a 'java/io/FileNotFoundException'{0x000000075a306780}> (0x000000075a306780) 
thrown [s\src\hotspot\share\prims\jni.cpp, line 516]
Event: 61217.453 Thread 0x000001b6c88cffd0 Exception <a 'java/io/FileNotFoundException'{0x000000075a09edc8}> (0x000000075a09edc8) 
thrown [s\src\hotspot\share\prims\jni.cpp, line 516]
Event: 61222.017 Thread 0x000001b6c88cffd0 Exception <a 'java/io/FileNotFoundException'{0x000000072129aee8}> (0x000000072129aee8) 
thrown [s\src\hotspot\share\prims\jni.cpp, line 516]
Event: 61222.453 Thread 0x000001b6c88cffd0 Exception <a 'java/io/FileNotFoundException'{0x0000000720499b90}> (0x0000000720499b90) 
thrown [s\src\hotspot\share\prims\jni.cpp, line 516]

VM Operations (20 events):
Event: 61203.449 Executing VM operation: Cleanup
Event: 61203.449 Executing VM operation: Cleanup done
Event: 61204.449 Executing VM operation: Cleanup
Event: 61204.450 Executing VM operation: Cleanup done
Event: 61209.451 Executing VM operation: Cleanup
Event: 61209.452 Executing VM operation: Cleanup done
Event: 61213.564 Executing VM operation: G1CollectForAllocation
Event: 61213.570 Executing VM operation: G1CollectForAllocation done
Event: 61219.572 Executing VM operation: Cleanup
Event: 61219.572 Executing VM operation: Cleanup done
Event: 61220.573 Executing VM operation: Cleanup
Event: 61220.573 Executing VM operation: Cleanup done
Event: 61221.100 Executing VM operation: G1CollectForAllocation
Event: 61221.100 Executing VM operation: G1CollectForAllocation done
Event: 61221.100 Executing VM operation: G1CollectForAllocation
Event: 61221.108 Executing VM operation: G1CollectForAllocation done
Event: 61221.482 Executing VM operation: G1CollectFull
Event: 61221.625 Executing VM operation: G1CollectFull done
Event: 61223.625 Executing VM operation: Cleanup
Event: 61223.625 Executing VM operation: Cleanup done

Events (20 events):
Event: 61220.499 Thread 0x000001b7824a48d0 Thread added: 0x000001b7824a48d0
Event: 61220.515 Thread 0x000001b7824a48d0 Thread exited: 0x000001b7824a48d0
Event: 61220.649 Thread 0x000001b7824a65b0 Thread added: 0x000001b7824a65b0
Event: 61220.659 Thread 0x000001b7824a65b0 Thread exited: 0x000001b7824a65b0
Event: 61220.662 Thread 0x000001b7824a5c10 Thread added: 0x000001b7824a5c10
Event: 61221.471 Thread 0x000001b7824a4da0 Thread added: 0x000001b7824a4da0
Event: 61221.476 Thread 0x000001b7824a60e0 Thread added: 0x000001b7824a60e0
Event: 61221.482 Thread 0x000001b7824a60e0 Thread exited: 0x000001b7824a60e0
Event: 61221.625 Thread 0x000001b7824a48d0 Thread added: 0x000001b7824a48d0
Event: 61221.626 Thread 0x000001b7824a4da0 Thread exited: 0x000001b7824a4da0
Event: 61221.631 Thread 0x000001b7824a48d0 Thread exited: 0x000001b7824a48d0
Event: 61222.625 Thread 0x000001b7824a60e0 Thread added: 0x000001b7824a60e0
Event: 61222.631 Thread 0x000001b7824a60e0 Thread exited: 0x000001b7824a60e0
Event: 61223.626 Thread 0x000001b7824a65b0 Thread added: 0x000001b7824a65b0
Event: 61223.631 Thread 0x000001b7824a65b0 Thread exited: 0x000001b7824a65b0
Event: 61225.735 Thread 0x000001b7824a3a60 Thread added: 0x000001b7824a3a60
Event: 61225.739 Thread 0x000001b7824a3a60 Thread exited: 0x000001b7824a3a60
Event: 61225.809 Thread 0x000001b7824a5c10 Thread exited: 0x000001b7824a5c10
Event: 61226.629 Thread 0x000001b7824a5c10 Thread added: 0x000001b7824a5c10
Event: 61226.634 Thread 0x000001b7824a5c10 Thread exited: 0x000001b7824a5c10


Dynamic libraries:
0x00007ff675150000 - 0x00007ff675181000 	D:\Vivado\2023.2\bin\unwrapped\win64.o\vivado.exe
0x00007ffafa540000 - 0x00007ffafa7a3000 	C:\WINDOWS\SYSTEM32\ntdll.dll
0x00007ffaf9870000 - 0x00007ffaf9937000 	C:\WINDOWS\System32\KERNEL32.DLL
0x00007ffaf7ce0000 - 0x00007ffaf80a7000 	C:\WINDOWS\System32\KERNELBASE.dll
0x00007ffaf7b90000 - 0x00007ffaf7cdc000 	C:\WINDOWS\System32\ucrtbase.dll
0x00007ffae91a0000 - 0x00007ffae91be000 	C:\WINDOWS\SYSTEM32\VCRUNTIME140.dll
0x00007ffae8140000 - 0x00007ffae81cd000 	C:\WINDOWS\SYSTEM32\MSVCP140.dll
0x00007ffae7f00000 - 0x00007ffae7f0c000 	C:\WINDOWS\SYSTEM32\VCRUNTIME140_1.dll
0x00007ffac68d0000 - 0x00007ffac68ec000 	D:\Vivado\2023.2\lib\win64.o\librdi_commonmain.dll
0x00007ffa82890000 - 0x00007ffa83f3a000 	D:\Vivado\2023.2\lib\win64.o\librdi_common.dll
0x00007ffaf9b80000 - 0x00007ffaf9d49000 	C:\WINDOWS\System32\USER32.dll
0x00007ffaf82b0000 - 0x00007ffaf82d7000 	C:\WINDOWS\System32\win32u.dll
0x00007ffaf8d60000 - 0x00007ffaf8d8a000 	C:\WINDOWS\System32\GDI32.dll
0x00007ffac68a0000 - 0x00007ffac68c1000 	D:\Vivado\2023.2\lib\win64.o\libboost_filesystem.dll
0x00007ffa8c680000 - 0x00007ffa8cab0000 	D:\Vivado\2023.2\lib\win64.o\python38.dll
0x00007ffaf78e0000 - 0x00007ffaf7a0b000 	C:\WINDOWS\System32\gdi32full.dll
0x00007ffaf97b0000 - 0x00007ffaf9864000 	C:\WINDOWS\System32\ADVAPI32.dll
0x00007ffaf80b0000 - 0x00007ffaf8153000 	C:\WINDOWS\System32\msvcp_win.dll
0x00007ffaf8cb0000 - 0x00007ffaf8d59000 	C:\WINDOWS\System32\msvcrt.dll
0x00007ffaf84b0000 - 0x00007ffaf8bb4000 	C:\WINDOWS\System32\SHELL32.dll
0x00007ffaf9230000 - 0x00007ffaf92d6000 	C:\WINDOWS\System32\sechost.dll
0x00007ffaf8220000 - 0x00007ffaf829f000 	C:\WINDOWS\System32\WINTRUST.dll
0x00007ffaf9080000 - 0x00007ffaf9196000 	C:\WINDOWS\System32\RPCRT4.dll
0x00007ffaf9aa0000 - 0x00007ffaf9b14000 	C:\WINDOWS\System32\WS2_32.dll
0x00007ffaf9b20000 - 0x00007ffaf9b7d000 	C:\WINDOWS\System32\SHLWAPI.dll
0x00007ffadced0000 - 0x00007ffadced9000 	D:\Vivado\2023.2\lib\win64.o\librdi_commonversion.dll
0x00007ffaa2990000 - 0x00007ffaa2b46000 	D:\Vivado\2023.2\lib\win64.o\librdi_commonxillic.dll
0x0000000071d30000 - 0x0000000071e5c000 	D:\Vivado\2023.2\lib\win64.o\tcl85t.dll
0x00007ffa8c310000 - 0x00007ffa8c67e000 	D:\Vivado\2023.2\lib\win64.o\libCOIN-all.dll
0x00007ffac6850000 - 0x00007ffac6861000 	D:\Vivado\2023.2\lib\win64.o\libboost_date_time.dll
0x00007ffab3e40000 - 0x00007ffab3eb9000 	D:\Vivado\2023.2\lib\win64.o\libboost_program_options.dll
0x00007ffaa52e0000 - 0x00007ffaa53f4000 	D:\Vivado\2023.2\lib\win64.o\libboost_regex.dll
0x00007ffabf5a0000 - 0x00007ffabf5bc000 	D:\Vivado\2023.2\lib\win64.o\libboost_thread.dll
0x00007ffaa7a10000 - 0x00007ffaa7a92000 	D:\Vivado\2023.2\lib\win64.o\libhdlpsolve.dll
0x00007ffadba20000 - 0x00007ffadba2c000 	D:\Vivado\2023.2\lib\win64.o\libboost_xilinx.dll
0x00007ffaa7200000 - 0x00007ffaa72a5000 	D:\Vivado\2023.2\lib\win64.o\libhdxml.dll
0x00007ffa8a710000 - 0x00007ffa8b734600 	D:\Vivado\2023.2\lib\win64.o\libisl_iostreams.dll
0x00007ffaaa870000 - 0x00007ffaaa8d5000 	D:\Vivado\2023.2\lib\win64.o\liblmx6.0.dll
0x00007ffabd630000 - 0x00007ffabd65a000 	D:\Vivado\2023.2\lib\win64.o\libisl_sysinfo.dll
0x00007ffabd610000 - 0x00007ffabd62a000 	D:\Vivado\2023.2\lib\win64.o\pthreadVC2.dll
0x00007ffabb3b0000 - 0x00007ffabb3cc000 	D:\Vivado\2023.2\lib\win64.o\librdiconfig.dll
0x00007ffabb2c0000 - 0x00007ffabb2e1000 	D:\Vivado\2023.2\lib\win64.o\librdizlib.dll
0x00007ffaea780000 - 0x00007ffaea79a000 	C:\WINDOWS\SYSTEM32\NETAPI32.dll
0x00007ffae6f70000 - 0x00007ffae71f3000 	C:\WINDOWS\SYSTEM32\WININET.dll
0x00007ffa8cc60000 - 0x00007ffa8cf21000 	D:\Vivado\2023.2\lib\win64.o\xerces-c_3_2.dll
0x00007ffaf0790000 - 0x00007ffaf08ae000 	C:\WINDOWS\SYSTEM32\WINHTTP.dll
0x00007ffaeb810000 - 0x00007ffaeb9ed000 	C:\WINDOWS\SYSTEM32\urlmon.dll
0x00007ffae9730000 - 0x00007ffae973a000 	C:\WINDOWS\SYSTEM32\WSOCK32.dll
0x00007ffabad00000 - 0x00007ffabad30000 	C:\WINDOWS\SYSTEM32\VCOMP140.DLL
0x00007ffaef850000 - 0x00007ffaef85b000 	C:\WINDOWS\SYSTEM32\VERSION.dll
0x00007ffa73110000 - 0x00007ffa75027000 	D:\Vivado\2023.2\lib\win64.o\gurobi90.dll
0x00007ffaf7a10000 - 0x00007ffaf7b86000 	C:\WINDOWS\System32\CRYPT32.dll
0x00007ffaf9d50000 - 0x00007ffaf9dc3000 	C:\WINDOWS\System32\WLDAP32.dll
0x00007ffaf71a0000 - 0x00007ffaf71c6000 	C:\WINDOWS\SYSTEM32\bcrypt.dll
0x00007ffaf8ea0000 - 0x00007ffaf8ea8000 	C:\WINDOWS\System32\Normaliz.dll
0x00007ffa8bfe0000 - 0x00007ffa8c30d000 	D:\Vivado\2023.2\lib\win64.o\libXil_lmgr11.dll
0x00007ffaf83b0000 - 0x00007ffaf849f000 	C:\WINDOWS\System32\COMDLG32.dll
0x00007ffafa050000 - 0x00007ffafa3ce000 	C:\WINDOWS\System32\combase.dll
0x00007ffaf8bc0000 - 0x00007ffaf8ca9000 	C:\WINDOWS\System32\shcore.dll
0x00007ffaf9f70000 - 0x00007ffafa046000 	C:\WINDOWS\System32\OLEAUT32.dll
0x00007ffabb390000 - 0x00007ffabb3a8000 	D:\Vivado\2023.2\lib\win64.o\libboost_iostreams.dll
0x00007ffaf9dd0000 - 0x00007ffaf9f65000 	C:\WINDOWS\System32\ole32.dll
0x00007ffabacd0000 - 0x00007ffabacf4000 	D:\Vivado\2023.2\lib\win64.o\libisl_iosutils.dll
0x00007ffaeb230000 - 0x00007ffaeb4f9000 	C:\WINDOWS\SYSTEM32\iertutil.dll
0x00007ffaf55c0000 - 0x00007ffaf5df7000 	C:\WINDOWS\SYSTEM32\windows.storage.dll
0x00007ffac6fc0000 - 0x00007ffac7074000 	C:\WINDOWS\WinSxS\amd64_microsoft.windows.common-controls_6595b64144ccf1df_5.82.26100.1882_none_87f34cef7a28f535\COMCTL32.dll
0x00007ffaf0570000 - 0x00007ffaf0595000 	C:\WINDOWS\SYSTEM32\dhcpcsvc.DLL
0x00007ffaf6cc0000 - 0x00007ffaf6ceb000 	C:\WINDOWS\SYSTEM32\USERENV.dll
0x00007ffaeaec0000 - 0x00007ffaeaee9000 	C:\WINDOWS\SYSTEM32\srvcli.dll
0x00007ffaf60e0000 - 0x00007ffaf60ed000 	C:\WINDOWS\SYSTEM32\netutils.dll
0x00007ffaf6c00000 - 0x00007ffaf6c68000 	C:\WINDOWS\SYSTEM32\MSWSOCK.DLL
0x00007ffaf92e0000 - 0x00007ffaf930f000 	C:\WINDOWS\System32\IMM32.DLL
0x00007ffaf7070000 - 0x00007ffaf7083000 	C:\WINDOWS\SYSTEM32\MSASN1.dll
0x00007ffaf6f30000 - 0x00007ffaf6f4c000 	C:\WINDOWS\SYSTEM32\CRYPTSP.dll
0x00007ffaf66e0000 - 0x00007ffaf66fa000 	C:\WINDOWS\SYSTEM32\kernel.appcore.dll
0x00007ffaf6640000 - 0x00007ffaf6678000 	C:\WINDOWS\system32\rsaenh.dll
0x00007ffaf6f50000 - 0x00007ffaf6f5c000 	C:\WINDOWS\SYSTEM32\CRYPTBASE.dll
0x00007ffaf82e0000 - 0x00007ffaf8379000 	C:\WINDOWS\System32\bcryptPrimitives.dll
0x00007ffaf8380000 - 0x00007ffaf83a0000 	C:\WINDOWS\System32\imagehlp.dll
0x00007ffa899e0000 - 0x00007ffa89f2d000 	D:\Vivado\2023.2\lib\win64.o\librdi_commontasks.dll
0x00007ffa8bcb0000 - 0x00007ffa8bfdb800 	D:\Vivado\2023.2\lib\win64.o\librdi_sio.dll
0x00007ffa87ea0000 - 0x00007ffa88ae8000 	D:\Vivado\2023.2\tps\win64\jre17.0.7_7\bin\server\jvm.dll
0x00007ffaf60f0000 - 0x00007ffaf6122000 	C:\WINDOWS\SYSTEM32\IPHLPAPI.DLL
0x00007ffae6650000 - 0x00007ffae6686000 	C:\WINDOWS\SYSTEM32\WINMM.dll
0x00007ffaf6c90000 - 0x00007ffaf6cb7000 	C:\WINDOWS\SYSTEM32\gpapi.dll
0x00007ffaef810000 - 0x00007ffaef84b000 	C:\Windows\System32\cryptnet.dll
0x00007ffaf77f0000 - 0x00007ffaf781e000 	C:\WINDOWS\SYSTEM32\profapi.dll
0x00007ffaf2c40000 - 0x00007ffaf2c4e000 	C:\WINDOWS\SYSTEM32\WINNSI.DLL
0x00007ffafa4f0000 - 0x00007ffafa4fa000 	C:\WINDOWS\System32\NSI.dll
0x00007ffaf6990000 - 0x00007ffaf69d8000 	C:\WINDOWS\SYSTEM32\SspiCli.dll
0x00007ffae69c0000 - 0x00007ffae69d8000 	C:\WINDOWS\system32\napinsp.dll
0x00007ffaf6180000 - 0x00007ffaf62a5000 	C:\WINDOWS\SYSTEM32\DNSAPI.dll
0x00007ffae9100000 - 0x00007ffae9112000 	C:\WINDOWS\System32\winrnr.dll
0x00007ffae64d0000 - 0x00007ffae64f2000 	C:\WINDOWS\system32\nlansp_c.dll
0x00007ffaef930000 - 0x00007ffaef946000 	C:\WINDOWS\system32\wshbth.dll
0x00007ffa5e360000 - 0x00007ffa61126000 	D:\Vivado\2023.2\lib\win64.o\librdi_tcltasks.dll
0x00007ffaa6f70000 - 0x00007ffaa6ff3000 	D:\Vivado\2023.2\lib\win64.o\librdi_boarddep.dll
0x00007ffa8a140000 - 0x00007ffa8a340000 	D:\Vivado\2023.2\lib\win64.o\librdi_board.dll
0x00007ffa879b0000 - 0x00007ffa87e91000 	D:\Vivado\2023.2\lib\win64.o\librdi_bitstream.dll
0x00007ffaa0cd0000 - 0x00007ffaa0dfa000 	D:\Vivado\2023.2\lib\win64.o\librdi_chipscope.dll
0x00007ffa897d0000 - 0x00007ffa899d7000 	D:\Vivado\2023.2\lib\win64.o\librdi_chipscopeimpl.dll
0x00007ffa8bb40000 - 0x00007ffa8bcae000 	D:\Vivado\2023.2\lib\win64.o\librdi_containers.dll
0x00007ffa5bc60000 - 0x00007ffa5e355000 	D:\Vivado\2023.2\lib\win64.o\librdi_constraints.dll
0x00007ffa3c5e0000 - 0x00007ffa3e3e7000 	D:\Vivado\2023.2\lib\win64.o\librdi_designutils.dll
0x00007ffa71690000 - 0x00007ffa72c93000 	D:\Vivado\2023.2\lib\win64.o\librdi_device.dll
0x00007ffa57c20000 - 0x00007ffa5a356000 	D:\Vivado\2023.2\lib\win64.o\librdi_coregen.dll
0x00007ffa84940000 - 0x00007ffa84cdf000 	D:\Vivado\2023.2\lib\win64.o\librdi_dlyest.dll
0x00007ffa84200000 - 0x00007ffa84936000 	D:\Vivado\2023.2\lib\win64.o\librdi_drc.dll
0x00007ffaa6560000 - 0x00007ffaa6614000 	D:\Vivado\2023.2\lib\win64.o\librdi_dsp.dll
0x00007ffaa9160000 - 0x00007ffaa91cb000 	D:\Vivado\2023.2\lib\win64.o\librdi_hdf.dll
0x00007ffa820d0000 - 0x00007ffa8288f000 	D:\Vivado\2023.2\lib\win64.o\librdi_filemgmt.dll
0x00007ffa81de0000 - 0x00007ffa820c4000 	D:\Vivado\2023.2\lib\win64.o\librdi_hip_devdesign.dll
0x00007ffa81c90000 - 0x00007ffa81dd8000 	D:\Vivado\2023.2\lib\win64.o\librdi_hip_perf_analysis.dll
0x00007ffa813f0000 - 0x00007ffa81c8a000 	D:\Vivado\2023.2\lib\win64.o\librdi_lopt.dll
0x00007ffa7a1f0000 - 0x00007ffa7b0a0000 	D:\Vivado\2023.2\lib\win64.o\librdi_ippcw.dll
0x00007ffa79b90000 - 0x00007ffa7a1e6000 	D:\Vivado\2023.2\lib\win64.o\librdi_memdata.dll
0x00007ffa7fff0000 - 0x00007ffa81133000 	D:\Vivado\2023.2\lib\win64.o\librdi_implflow.dll
0x00007ffaa57c0000 - 0x00007ffaa583d000 	D:\Vivado\2023.2\lib\win64.o\librdi_memoryarray.dll
0x00007ffaa5260000 - 0x00007ffaa52d2000 	D:\Vivado\2023.2\lib\win64.o\librdi_noc_frameworks.dll
0x00007ffa5b450000 - 0x00007ffa5bc54000 	D:\Vivado\2023.2\lib\win64.o\librdi_netlist.dll
0x00007ffaac670000 - 0x00007ffaac6cc000 	D:\Vivado\2023.2\lib\win64.o\librdi_pfi.dll
0x00007ffa39b90000 - 0x00007ffa3c5d1000 	D:\Vivado\2023.2\lib\win64.o\librdi_mig.dll
0x00007ffa22430000 - 0x00007ffa24c54000 	D:\Vivado\2023.2\lib\win64.o\librdi_cdoutil.dll
0x00007ffa5a880000 - 0x00007ffa5acfe000 	D:\Vivado\2023.2\lib\win64.o\librdi_platform.dll
0x00007ffa338f0000 - 0x00007ffa367ac000 	D:\Vivado\2023.2\lib\win64.o\librdi_place.dll
0x00007ffa56e10000 - 0x00007ffa57702000 	D:\Vivado\2023.2\lib\win64.o\librdi_power.dll
0x00007ffa442f0000 - 0x00007ffa44a67000 	D:\Vivado\2023.2\lib\win64.o\librdi_psta.dll
0x00007ffa55c90000 - 0x00007ffa5651b000 	D:\Vivado\2023.2\lib\win64.o\librdi_project.dll

dbghelp: loaded successfully - version: 4.0.5 - missing functions: none
symbol engine: initialized successfully - sym options: 0x614 - pdb path: .;D:\Vivado\2023.2\bin\unwrapped\win64.o;C:\WINDOWS\SYSTEM32;D:\Vivado\2023.2\lib\win64.o;C:\WINDOWS\WinSxS\amd64_microsoft.windows.common-controls_6595b64144ccf1df_5.82.26100.1882_none_87f34cef7a28f535;D:\Vivado\2023.2\tps\win64\jre17.0.7_7\bin\server;D:\Vivado\2023.2\tps\win64\jre17.0.7_7\bin;C:\WINDOWS\WinSxS\amd64_microsoft.windows.common-controls_6595b64144ccf1df_6.0.26100.3037_none_3e09262ce333c378

VM Arguments:
jvm_args: -Dsun.java2d.pmoffscreen=false -Dhttps.protocols=TLSv1,TLSv1.1,TLSv1.2 -Dsun.java2d.xrender=false -Dsun.java2d.d3d=false -Dsun.awt.nopixfmt=true -Dsun.java2d.dpiaware=true -Dsun.java2d.uiScale.enabled=false -Dswing.aatext=true -XX:-UsePerfData -Djdk.map.althashing.threshold=512 -XX:StringTableSize=4072 -XX:+UseStringDeduplication -XX:MaxGCPauseMillis=200 -XX:+ParallelRefProcEnabled --add-opens=java.desktop/javax.swing.plaf.synth=ALL-UNNAMED --add-opens=java.base/java.nio=ALL-UNNAMED --add-opens=java.desktop/sun.swing=ALL-UNNAMED --add-opens=java.desktop/javax.swing=ALL-UNNAMED --add-opens=java.desktop/javax.swing.tree=ALL-UNNAMED --add-opens=java.desktop/javax.swing.plaf.basic=ALL-UNNAMED --add-opens=java.desktop/javax.swing.plaf.synth=ALL-UNNAMED --add-opens=java.desktop/javax.swing.plaf.basic=ALL-UNNAMED --add-opens=java.desktop/javax.swing=ALL-UNNAMED --add-opens=java.desktop/javax.swing.tree=ALL-UNNAMED --add-opens=java.desktop/java.awt.event=ALL-UNNAMED --add-exports=java.desktop/javax.swing.plaf.synth=ALL-UNNAMED --add-exports=java.base/java.nio=ALL-UNNAMED --add-exports=java.desktop/sun.swing=ALL-UNNAMED --add-exports=java.desktop/javax.swing=ALL-UNNAMED --add-exports=java.desktop/javax.swing.tree=ALL-UNNAMED --add-exports=java.desktop/javax.swing.plaf.basic=ALL-UNNAMED --add-exports=java.desktop/sun.swing=ALL-UNNAMED --add-exports=java.desktop/sun.swing.table=ALL-UNNAMED --add-exports=java.desktop/sun.swing.plaf.synth=ALL-UNNAMED --add-exports=java.desktop/sun.awt.shell=ALL-UNNAMED --add-exports=java.base/sun.security.action=ALL-UNNAMED --add-exports=java.desktop/sun.font=ALL-UNNAMED -XX:NewSize=80m -XX:MaxNewSize=80m -Xms512m -Xmx4072m -Xss10m 
java_command: <unknown>
java_class_path (initial): D:/Vivado/2023.2\lib\classes\alloy.jar;D:/Vivado/2023.2\lib\classes\asm-9.3.jar;D:/Vivado/2023.2\lib\classes\asm-analysis-9.3.jar;D:/Vivado/2023.2\lib\classes\asm-commons-9.3.jar;D:/Vivado/2023.2\lib\classes\asm-tree-9.3.jar;D:/Vivado/2023.2\lib\classes\autoesl-models.jar;D:/Vivado/2023.2\lib\classes\batik-anim.jar;D:/Vivado/2023.2\lib\classes\batik-awt-util.jar;D:/Vivado/2023.2\lib\classes\batik-bridge.jar;D:/Vivado/2023.2\lib\classes\batik-codec.jar;D:/Vivado/2023.2\lib\classes\batik-constants.jar;D:/Vivado/2023.2\lib\classes\batik-css.jar;D:/Vivado/2023.2\lib\classes\batik-dom.jar;D:/Vivado/2023.2\lib\classes\batik-ext.jar;D:/Vivado/2023.2\lib\classes\batik-gui-util.jar;D:/Vivado/2023.2\lib\classes\batik-gvt.jar;D:/Vivado/2023.2\lib\classes\batik-i18n.jar;D:/Vivado/2023.2\lib\classes\batik-parser.jar;D:/Vivado/2023.2\lib\classes\batik-script.jar;D:/Vivado/2023.2\lib\classes\batik-svg-dom.jar;D:/Vivado/2023.2\lib\classes\batik-svggen.jar;D:/Vivado/2023.2\lib\classes\batik-swing.jar;D:/Vivado/2023.2\lib\classes\batik-transcoder.jar;D:/Vivado/2023.2\lib\classes\batik-util.jar;D:/Vivado/2023.2\lib\classes\batik-xml.jar;D:/Vivado/2023.2\lib\classes\com.fasterxml.jackson.core.jackson-annotations_2.12.1.v20210128-1726.jar;D:/Vivado/2023.2\lib\classes\com.fasterxml.jackson.core.jackson-core_2.12.1.v20210128-1726.jar;D:/Vivado/2023.2\lib\classes\com.fasterxml.jackson.core.jackson-databind_2.12.1.v20210128-1726.jar;D:/Vivado/2023.2\lib\classes\com.google.gson_2.8.9.v20220111-1409.jar;D:/Vivado/2023.2\lib\classes\com.google.guava_30.1.0.v20210127-2300.jar;D:/Vivado/2023.2\lib\classes\com.sigasi.hdt.connection_4.17.2.202304211001.jar;D:/Vivado/2023.2\lib\classes\com.sigasi.hdt.epl_4.17.2.202304211001.jar;D:/Vivado/2023.2\lib\classes\com.sigasi.hdt.project_4.17.2.202304211001.jar;D:/Vivado/2023.2\lib\classes\com.sigasi.hdt.readonlyfilesystem_4.17.2.202304211001.jar;D:/Vivado/2023.2\lib\classes\com.sigasi.hdt.shared_4.17.2.202304211001.jar;D:/Vivad
Launcher Type: generic

[Global flags]
     intx CICompilerCount                          = 4                                         {product} {ergonomic}
     uint ConcGCThreads                            = 2                                         {product} {ergonomic}
     uint G1ConcRefinementThreads                  = 8                                         {product} {ergonomic}
   size_t G1HeapRegionSize                         = 2097152                                   {product} {ergonomic}
    uintx GCDrainStackTargetSize                   = 64                                        {product} {ergonomic}
   size_t InitialHeapSize                          = 536870912                                 {product} {command line}
   size_t MarkStackSize                            = 4194304                                   {product} {ergonomic}
    uintx MaxGCPauseMillis                         = 200                                       {product} {command line}
   size_t MaxHeapSize                              = 4269801472                                {product} {command line}
   size_t MaxNewSize                               = 83886080                                  {product} {command line}
   size_t MinHeapDeltaBytes                        = 2097152                                   {product} {ergonomic}
   size_t MinHeapSize                              = 536870912                                 {product} {command line}
   size_t NewSize                                  = 83886080                                  {product} {command line}
    uintx NonNMethodCodeHeapSize                   = 5839372                                {pd product} {ergonomic}
    uintx NonProfiledCodeHeapSize                  = 122909434                              {pd product} {ergonomic}
     bool ParallelRefProcEnabled                   = true                                      {product} {command line}
    uintx ProfiledCodeHeapSize                     = 122909434                              {pd product} {ergonomic}
    uintx ReservedCodeCacheSize                    = 251658240                              {pd product} {ergonomic}
     bool SegmentedCodeCache                       = true                                      {product} {ergonomic}
   size_t SoftMaxHeapSize                          = 4269801472                             {manageable} {ergonomic}
    uintx StringTableSize                          = 4072                                      {product} {command line}
     intx ThreadStackSize                          = 10240                                  {pd product} {command line}
     bool UseCompressedClassPointers               = true                           {product lp64_product} {ergonomic}
     bool UseCompressedOops                        = true                           {product lp64_product} {ergonomic}
     bool UseG1GC                                  = true                                      {product} {ergonomic}
     bool UseLargePagesIndividualAllocation        = false                                  {pd product} {ergonomic}
     bool UsePerfData                              = false                                     {product} {command line}
     bool UseStringDeduplication                   = true                                      {product} {command line}

Logging:
Log output configuration:
 #0: stdout all=warning uptime,level,tags
 #1: stderr all=off uptime,level,tags

Environment Variables:
JAVA_HOME=C:\Users\debab\AppData\Local\Programs\Eclipse Adoptium\jdk-17.0.11.9-hotspot\
PATH=D:/Vivado/2023.2/bin;D:/Vivado/2023.2/tps/win64/java-cef-95.0.4638.69/bin/lib/win64;D:/Vivado/2023.2/tps/win64/javafx-sdk-17.0.1/lib;D:/Vivado/2023.2/tps/win64/javafx-sdk-17.0.1/bin;D:/Vivado/2023.2/lib/win64.o;D:/Vivado/2023.2/tps/win64/jre17.0.7_7/bin/server;D:/Vivado/2023.2/tps/win64/jre17.0.7_7/bin;D:/Vivado/2023.2/ids_lite/ISE/bin/nt64;D:/Vivado/2023.2/ids_lite/ISE/lib/nt64;D:/Vitis_HLS/2023.2/bin;C:\Program Files (x86)\Common Files\Oracle\Java\java8path;C:\Program Files (x86)\Common Files\Oracle\Java\javapath;C:\Python312\Scripts\;C:\Python312\;C:\oraclexe\app\oracle\product\11.2.0\server\bin;C:\ProgramData\Oracle\Java\javapath;C:\Windows\system32;C:\Windows;C:\Windows\System32\Wbem;C:\Windows\System32\WindowsPowerShell\v1.0\;C:\Windows\System32\OpenSSH\;C:\Program Files (x86)\NVIDIA Corporation\PhysX\Common;C:\Program Files\NVIDIA Corporation\NVIDIA NvDLISR;C:\Program Files\PuTTY\;C:\Program Files\nodejs\;C:\ProgramData\chocolatey\bin;C:\Program Files\Git\cmd;C:\Program Files\dotnet\;C:\Users\debab\AppData\Local\Programs\Eclipse Adoptium\jdk-17.0.11.9-hotspot\bin;C:\Program Files\MySQL\MySQL Shell 8.0\bin\;C:\Users\debab\AppData\Local\Microsoft\WindowsApps;C:\Users\debab\AppData\Local\Programs\Python\Python310;C:\Users\debab\AppData\Local\Programs\Python\Python310\Scripts;C:\Users\debab\AppData\Local\Programs\Microsoft VS Code\bin;C:\Users\debab\AppData\Roaming\npm;;D:/Vivado/2023.2\tps\mingw\6.2.0\win64.o\nt\bin;D:/Vivado/2023.2\tps\mingw\6.2.0\win64.o\nt\libexec\gcc\x86_64-w64-mingw32\6.2.0;D:/Vivado/2023.2\tps\win64\python-3.8.3;D:/Vivado/2023.2\tps\win64\python-3.8.3\bin;D:/Vivado/2023.2\tps\win64\python-3.8.3\lib;D:/Vivado/2023.2\tps\win64\python-3.8.3\lib\site-packages
USERNAME=debab
OS=Windows_NT
PROCESSOR_IDENTIFIER=Intel64 Family 6 Model 165 Stepping 2, GenuineIntel
TMP=C:\Users\debab\AppData\Local\Temp
TEMP=C:\Users\debab\AppData\Local\Temp



---------------  S Y S T E M  ---------------

OS:
 Windows 11 , 64 bit Build 26100 (10.0.26100.3037)
OS uptime: 3 days 0:13 hours
Hyper-V role detected

CPU: total 8 (initial active 8) (4 cores per cpu, 2 threads per core) family 6 model 165 stepping 2 microcode 0xe2, cx8, cmov, fxsr, ht, mmx, 3dnowpref, sse, sse2, sse3, ssse3, sse4.1, sse4.2, popcnt, lzcnt, tsc, tscinvbit, avx, avx2, aes, erms, clmul, bmi1, bmi2, adx, fma, vzeroupper, clflush, clflushopt, hv

Memory: 4k page, system-wide physical 8023M (1316M free)
TotalPageFile size 20828M (AvailPageFile size 4223M)
current process WorkingSet (physical memory assigned to process): 821M, peak: 4252M
current process commit charge ("private bytes"): 2652M, peak: 11102M

vm_info: OpenJDK 64-Bit Server VM (17.0.7+7) for windows-amd64 JRE (17.0.7+7), built on Apr 18 2023 22:10:42 by "temurin" with MS VC++ 16.7 (VS2019)

END.
