#
# A fatal error has been detected by the Java Runtime Environment:
#
#  EXCEPTION_ACCESS_VIOLATION (0xc0000005) at pc=0x00007ffa55b1d61f, pid=12128, tid=27572
#
# JRE version: OpenJDK Runtime Environment Temurin-17.0.7+7 (17.0.7+7) (build 17.0.7+7)
# Java VM: OpenJDK 64-Bit Server VM Temurin-17.0.7+7 (17.0.7+7, mixed mode, sharing, tiered, compressed oops, compressed class ptrs, g1 gc, windows-amd64)
# Problematic frame:
# C  0x00007ffa55b1d61f
#
# No core dump will be written. Minidumps are not enabled by default on client versions of Windows
#
# If you would like to submit a bug report, please visit:
#   https://github.com/adoptium/adoptium-support/issues
# The crash happened outside the Java Virtual Machine in native code.
# See problematic frame for where to report the bug.
#

---------------  S U M M A R Y ------------

Command Line: -Dsun.java2d.pmoffscreen=false -Dhttps.protocols=TLSv1,TLSv1.1,TLSv1.2 -Dsun.java2d.xrender=false -Dsun.java2d.d3d=false -Dsun.awt.nopixfmt=true -Dsun.java2d.dpiaware=true -Dsun.java2d.uiScale.enabled=false -Dswing.aatext=true -XX:-UsePerfData -Djdk.map.althashing.threshold=512 -XX:StringTableSize=4072 -XX:+UseStringDeduplication -XX:MaxGCPauseMillis=200 -XX:+ParallelRefProcEnabled --add-opens=java.desktop/javax.swing.plaf.synth=ALL-UNNAMED --add-opens=java.base/java.nio=ALL-UNNAMED --add-opens=java.desktop/sun.swing=ALL-UNNAMED --add-opens=java.desktop/javax.swing=ALL-UNNAMED --add-opens=java.desktop/javax.swing.tree=ALL-UNNAMED --add-opens=java.desktop/javax.swing.plaf.basic=ALL-UNNAMED --add-opens=java.desktop/javax.swing.plaf.synth=ALL-UNNAMED --add-opens=java.desktop/javax.swing.plaf.basic=ALL-UNNAMED --add-opens=java.desktop/javax.swing=ALL-UNNAMED --add-opens=java.desktop/javax.swing.tree=ALL-UNNAMED --add-opens=java.desktop/java.awt.event=ALL-UNNAMED --add-exports=java.desktop/javax.swing.plaf.synth=ALL-UNNAMED --add-exports=java.base/java.nio=ALL-UNNAMED --add-exports=java.desktop/sun.swing=ALL-UNNAMED --add-exports=java.desktop/javax.swing=ALL-UNNAMED --add-exports=java.desktop/javax.swing.tree=ALL-UNNAMED --add-exports=java.desktop/javax.swing.plaf.basic=ALL-UNNAMED --add-exports=java.desktop/sun.swing=ALL-UNNAMED --add-exports=java.desktop/sun.swing.table=ALL-UNNAMED --add-exports=java.desktop/sun.swing.plaf.synth=ALL-UNNAMED --add-exports=java.desktop/sun.awt.shell=ALL-UNNAMED --add-exports=java.base/sun.security.action=ALL-UNNAMED --add-exports=java.desktop/sun.font=ALL-UNNAMED -XX:NewSize=80m -XX:MaxNewSize=80m -Xms512m -Xmx4072m -Xss10m 

Host: Intel(R) Core(TM) i5-10300H CPU @ 2.50GHz, 8 cores, 7G,  Windows 11 , 64 bit Build 26100 (10.0.26100.3037)
Time: Tue Feb  4 17:14:11 2025 India Standard Time elapsed time: 17443.822315 seconds (0d 4h 50m 43s)

---------------  T H R E A D  ---------------

Current thread (0x0000027023790a00):  JavaThread "AWT-EventQueue-0" [_thread_in_native, id=27572, stack(0x000000dcaf200000,0x000000dcafc00000)]

Stack: [0x000000dcaf200000,0x000000dcafc00000],  sp=0x000000dcafbf9fa8,  free space=10215k
Native frames: (J=compiled Java code, j=interpreted, Vv=VM code, C=native code)
C  0x00007ffa55b1d61f

Java frames: (J=compiled Java code, j=interpreted, Vv=VM code)
J 24654  ui.views.waveform.waveformi.WVExecutive_getGraphicsDataSize(J)J (0 bytes) @ 0x00000270108750e9 [0x00000270108750a0+0x0000000000000049]
J 24653 c1 ui.views.waveform.executive.a.kYk()Ljava/io/ByteArrayInputStream; (118 bytes) @ 0x000002700a09a96c [0x000002700a09a880+0x00000000000000ec]
J 24652 c1 ui.views.waveform.c.a.kXF()V (144 bytes) @ 0x000002700a097a14 [0x000002700a097980+0x0000000000000094]
J 22836 c1 ui.views.waveform.u.aS(ZZ)V (53 bytes) @ 0x0000027009d7e844 [0x0000027009d7e340+0x0000000000000504]
J 19987 c1 ui.views.waveform.d.b.j(Lui/frmwork/a/k;)V (605 bytes) @ 0x0000027009a913cc [0x0000027009a8a5c0+0x0000000000006e0c]
J 19986 c1 ui.views.waveform.u.handleTclEvent(Lui/frmwork/a/k;)V (17 bytes) @ 0x0000027009a8939c [0x0000027009a892c0+0x00000000000000dc]
J 19581 c2 ui.frmwork.a.m.c(Lui/frmwork/a/k;)V (61 bytes) @ 0x000002701038543c [0x0000027010384ee0+0x000000000000055c]
J 19586 c2 ui.frmwork.F.i(JZ)V (471 bytes) @ 0x0000027010502f48 [0x0000027010502540+0x0000000000000a08]
J 23155 c2 ui.frmwork.F.fireTclEvent(J)I (113 bytes) @ 0x0000027010004af0 [0x00000270100036c0+0x0000000000001430]
v  ~StubRoutines::call_stub
J 22706  ui.views.waveform.waveformi.WVExecutive_processModelEvent(JJ)V (0 bytes) @ 0x00000270109fce6c [0x00000270109fce20+0x000000000000004c]
J 22763 c1 ui.views.waveform.d.b.fS(J)V (109 bytes) @ 0x0000027009d506cc [0x0000027009d50600+0x00000000000000cc]
J 19987 c1 ui.views.waveform.d.b.j(Lui/frmwork/a/k;)V (605 bytes) @ 0x0000027009a920d4 [0x0000027009a8a5c0+0x0000000000007b14]
J 19986 c1 ui.views.waveform.u.handleTclEvent(Lui/frmwork/a/k;)V (17 bytes) @ 0x0000027009a8939c [0x0000027009a892c0+0x00000000000000dc]
J 19581 c2 ui.frmwork.a.m.c(Lui/frmwork/a/k;)V (61 bytes) @ 0x000002701038543c [0x0000027010384ee0+0x000000000000055c]
J 19586 c2 ui.frmwork.F.i(JZ)V (471 bytes) @ 0x0000027010502f48 [0x0000027010502540+0x0000000000000a08]
J 23155 c2 ui.frmwork.F.fireTclEvent(J)I (113 bytes) @ 0x0000027010004af0 [0x00000270100036c0+0x0000000000001430]
v  ~StubRoutines::call_stub
J 22706  ui.views.waveform.waveformi.WVExecutive_processModelEvent(JJ)V (0 bytes) @ 0x00000270109fce6c [0x00000270109fce20+0x000000000000004c]
J 22763 c1 ui.views.waveform.d.b.fS(J)V (109 bytes) @ 0x0000027009d506cc [0x0000027009d50600+0x00000000000000cc]
j  ui.views.waveform.d.e.actionPerformed(Ljava/awt/event/ActionEvent;)V+8
J 18128 c2 javax.swing.Timer.fireActionPerformed(Ljava/awt/event/ActionEvent;)V java.desktop@17.0.7 (46 bytes) @ 0x00000270102da8c4 [0x00000270102da7a0+0x0000000000000124]
J 18123 c2 javax.swing.Timer$DoPostEvent.run()V java.desktop@17.0.7 (82 bytes) @ 0x00000270102d9f70 [0x00000270102d9d40+0x0000000000000230]
J 13860 c2 java.awt.EventQueue.dispatchEvent(Ljava/awt/AWTEvent;)V java.desktop@17.0.7 (80 bytes) @ 0x000002700feff6e0 [0x000002700fefed60+0x0000000000000980]
J 28010 c2 ui.frmwork.a.d.dispatchEvent(Ljava/awt/AWTEvent;)V (42 bytes) @ 0x00000270112b0adc [0x00000270112b06a0+0x000000000000043c]
J 28962 c2 java.awt.EventDispatchThread.pumpOneEventForFilters(I)V java.desktop@17.0.7 (113 bytes) @ 0x000002701139457c [0x0000027011394380+0x00000000000001fc]
J 22720 c2 java.awt.EventDispatchThread.pumpEventsForFilter(ILjava/awt/Conditional;Ljava/awt/EventFilter;)V java.desktop@17.0.7 (47 bytes) @ 0x00000270109fe664 [0x00000270109fe480+0x00000000000001e4]
j  java.awt.EventDispatchThread.pumpEventsForFilter(Ljava/awt/Conditional;Ljava/awt/EventFilter;)V+4 java.desktop@17.0.7
j  java.awt.WaitDispatchSupport$2.run()V+59 java.desktop@17.0.7
j  java.awt.WaitDispatchSupport$4.run()Ljava/lang/Void;+4 java.desktop@17.0.7
j  java.awt.WaitDispatchSupport$4.run()Ljava/lang/Object;+1 java.desktop@17.0.7
J 27135 c2 java.security.AccessController.doPrivileged(Ljava/security/PrivilegedAction;)Ljava/lang/Object; java.base@17.0.7 (9 bytes) @ 0x000002701112bdd0 [0x000002701112bda0+0x0000000000000030]
j  java.awt.WaitDispatchSupport.enter()Z+260 java.desktop@17.0.7
j  java.awt.Dialog.show()V+225 java.desktop@17.0.7
J 29433 c1 ui.dlg.c.e.setVisible(Z)V (15 bytes) @ 0x0000027008867ec4 [0x0000027008867c00+0x00000000000002c4]
j  ui.dlg.c.bq.bCa()V+65
j  ui.dlg.c.bq$c.actionPerformed(Ljava/awt/event/ActionEvent;)V+8
j  ui.dlg.c.bq.eTh()V+422
j  ui.views.c.w.b.f.run()V+4
j  ui.views.S.W.a(Ljava/lang/String;ZLjava/lang/Runnable;Ljava/lang/Runnable;)Z+275
j  ui.views.S.W.a(Ljava/lang/String;Ljava/lang/Runnable;Ljava/lang/Runnable;)Z+5
j  ui.views.S.W.c(Ljava/lang/String;Ljava/lang/Runnable;)Z+4
j  ui.views.c.w.b.d.b(Lui/data/design/B;Ljava/lang/String;Ljava/lang/String;)V+472
j  ui.views.c.w.b.d.E(Lui/data/design/B;)V+6
j  ui.views.c.w.b.d.F(Lui/data/design/B;)V+134
j  ui.views.c.w.b.d.run()V+249
j  ui.frmwork.cmd.a.hnk()Z+96
j  ui.utils.ad.actionPerformed(Ljava/awt/event/ActionEvent;)V+4
J 28970 c1 javax.swing.AbstractButton.fireActionPerformed(Ljava/awt/event/ActionEvent;)V java.desktop@17.0.7 (96 bytes) @ 0x000002700a3d1e7c [0x000002700a3d15c0+0x00000000000008bc]
J 28969 c1 javax.swing.AbstractButton$Handler.actionPerformed(Ljava/awt/event/ActionEvent;)V java.desktop@17.0.7 (9 bytes) @ 0x0000027008cfe2cc [0x0000027008cfe1c0+0x000000000000010c]
J 28634 c1 javax.swing.DefaultButtonModel.fireActionPerformed(Ljava/awt/event/ActionEvent;)V java.desktop@17.0.7 (46 bytes) @ 0x0000027008d8ccac [0x0000027008d8c9e0+0x00000000000002cc]
J 22305 c1 javax.swing.DefaultButtonModel.setPressed(Z)V java.desktop@17.0.7 (125 bytes) @ 0x00000270095c3d2c [0x00000270095c2a40+0x00000000000012ec]
j  javax.swing.AbstractButton.doClick(I)V+60 java.desktop@17.0.7
j  javax.swing.plaf.basic.BasicMenuItemUI.doClick(Ljavax/swing/MenuSelectionManager;)V+47 java.desktop@17.0.7
j  javax.swing.plaf.basic.BasicMenuItemUI$Handler.mouseReleased(Ljava/awt/event/MouseEvent;)V+76 java.desktop@17.0.7
J 20666 c1 java.awt.AWTEventMulticaster.mouseReleased(Ljava/awt/event/MouseEvent;)V java.desktop@17.0.7 (27 bytes) @ 0x00000270090e3284 [0x00000270090e3060+0x0000000000000224]
J 26199 c2 javax.swing.JComponent.processMouseEvent(Ljava/awt/event/MouseEvent;)V java.desktop@17.0.7 (27 bytes) @ 0x0000027010f10eac [0x0000027010f10b00+0x00000000000003ac]
J 22910 c2 java.awt.Container.processEvent(Ljava/awt/AWTEvent;)V java.desktop@17.0.7 (22 bytes) @ 0x0000027010a51ae8 [0x0000027010a51820+0x00000000000002c8]
J 25451 c2 java.awt.Component.dispatchEventImpl(Ljava/awt/AWTEvent;)V java.desktop@17.0.7 (777 bytes) @ 0x0000027010dfe628 [0x0000027010dfd8c0+0x0000000000000d68]
J 29353 c2 java.awt.Container.dispatchEventImpl(Ljava/awt/AWTEvent;)V java.desktop@17.0.7 (129 bytes) @ 0x0000027010ec4efc [0x0000027010ec4800+0x00000000000006fc]
J 20912 c2 java.awt.LightweightDispatcher.retargetMouseEvent(Ljava/awt/Component;ILjava/awt/event/MouseEvent;)V java.desktop@17.0.7 (372 bytes) @ 0x000002701069bb2c [0x000002701069b6c0+0x000000000000046c]
J 29353 c2 java.awt.Container.dispatchEventImpl(Ljava/awt/AWTEvent;)V java.desktop@17.0.7 (129 bytes) @ 0x0000027010ec52d8 [0x0000027010ec4800+0x0000000000000ad8]
J 18897 c2 java.awt.Window.dispatchEventImpl(Ljava/awt/AWTEvent;)V java.desktop@17.0.7 (23 bytes) @ 0x000002701045676c [0x0000027010456720+0x000000000000004c]
J 14966 c2 java.awt.EventQueue$4.run()Ljava/lang/Object; java.desktop@17.0.7 (5 bytes) @ 0x0000027010085778 [0x00000270100852e0+0x0000000000000498]
J 13860 c2 java.awt.EventQueue.dispatchEvent(Ljava/awt/AWTEvent;)V java.desktop@17.0.7 (80 bytes) @ 0x000002700feff1d0 [0x000002700fefed60+0x0000000000000470]
J 28010 c2 ui.frmwork.a.d.dispatchEvent(Ljava/awt/AWTEvent;)V (42 bytes) @ 0x00000270112b0adc [0x00000270112b06a0+0x000000000000043c]
J 28962 c2 java.awt.EventDispatchThread.pumpOneEventForFilters(I)V java.desktop@17.0.7 (113 bytes) @ 0x000002701139457c [0x0000027011394380+0x00000000000001fc]
J 21611% c2 java.awt.EventDispatchThread.pumpEventsForFilter(ILjava/awt/Conditional;Ljava/awt/EventFilter;)V java.desktop@17.0.7 (47 bytes) @ 0x000002700fdd9fc0 [0x000002700fdd9ea0+0x0000000000000120]
j  java.awt.EventDispatchThread.pumpEventsForHierarchy(ILjava/awt/Conditional;Ljava/awt/Component;)V+11 java.desktop@17.0.7
j  java.awt.EventDispatchThread.pumpEvents(ILjava/awt/Conditional;)V+4 java.desktop@17.0.7
j  java.awt.EventDispatchThread.pumpEvents(Ljava/awt/Conditional;)V+3 java.desktop@17.0.7
j  java.awt.EventDispatchThread.run()V+9 java.desktop@17.0.7
v  ~StubRoutines::call_stub

siginfo: EXCEPTION_ACCESS_VIOLATION (0xc0000005), reading address 0x0000000000000010


Register to memory mapping:

RIP=0x00007ffa55b1d61f points into unknown readable memory: 83
RAX=0x0 is NULL
RBX=0x000000dcafbfa1e8 is pointing into the stack for thread: 0x0000027023790a00
RCX=0x0000027045dd5e10 points into unknown readable memory: 0x0000000000000000 | 00 00 00 00 00 00 00 00
RDX=0x0 is NULL
RSP=0x000000dcafbf9fa8 is pointing into the stack for thread: 0x0000027023790a00
RBP=0x0000027045dd5e10 points into unknown readable memory: 0x0000000000000000 | 00 00 00 00 00 00 00 00
RSI=0x00000270fea20650 points into unknown readable memory: 0x0000000000024b79 | 79 4b 02 00 00 00 00 00
RDI=0x000000dcafbfa1d0 is pointing into the stack for thread: 0x0000027023790a00
R8 =0x000002706e7f2e80 points into unknown readable memory: 0x000002706e7f0e10 | 10 0e 7f 6e 70 02 00 00
R9 =0x0000000000000040 is an unknown value
R10=0x000002706e7f0000 points into unknown readable memory: 0x0000000000000000 | 00 00 00 00 00 00 00 00
R11=0x00007ffae91b16d1 VCRUNTIME140.dll
R12=0x000000dcafbfa048 is pointing into the stack for thread: 0x0000027023790a00
R13=0x000000dcafbfa200 is pointing into the stack for thread: 0x0000027023790a00
R14=0x0 is NULL
R15=0x0000027133e7da58 points into unknown readable memory: 0x0000027095106d80 | 80 6d 10 95 70 02 00 00


Registers:
RAX=0x0000000000000000, RBX=0x000000dcafbfa1e8, RCX=0x0000027045dd5e10, RDX=0x0000000000000000
RSP=0x000000dcafbf9fa8, RBP=0x0000027045dd5e10, RSI=0x00000270fea20650, RDI=0x000000dcafbfa1d0
R8 =0x000002706e7f2e80, R9 =0x0000000000000040, R10=0x000002706e7f0000, R11=0x00007ffae91b16d1
R12=0x000000dcafbfa048, R13=0x000000dcafbfa200, R14=0x0000000000000000, R15=0x0000027133e7da58
RIP=0x00007ffa55b1d61f, EFLAGS=0x0000000000010246

Top of Stack: (sp=0x000000dcafbf9fa8)
0x000000dcafbf9fa8:   00007ffa55afd981 000000dcafbfa1e8
0x000000dcafbf9fb8:   000000dcafbfa060 00000270fea20650
0x000000dcafbf9fc8:   000000dcafbfa2b0 000000000000016f
0x000000dcafbf9fd8:   000000dcafbfa2b0 000000dcafbfa270
0x000000dcafbf9fe8:   0000000000024b78 0000000000000007
0x000000dcafbf9ff8:   00007ffa27eebf7a 000000dcafbfa060
0x000000dcafbfa008:   0000027045dd5e10 000002717ba525d0
0x000000dcafbfa018:   0000000000024b79 0000000000024b7d
0x000000dcafbfa028:   0000000000000007 fffffffffffffffe
0x000000dcafbfa038:   0000000000024b78 00009ef200000008
0x000000dcafbfa048:   00000270fea20650 00000270fea20670
0x000000dcafbfa058:   00000270fea20670 0000027133e7da40
0x000000dcafbfa068:   000000dcafbfa388 000000dcafbfa2b0
0x000000dcafbfa078:   000000dcafbfa270 0000000000002000
0x000000dcafbfa088:   00007ffa27eebd50 0000027000008000
0x000000dcafbfa098:   0000000000001e90 0000000000000002 

Instructions: (pc=0x00007ffa55b1d61f)
0x00007ffa55b1d51f:   c8 e9 6b ff ff ff cc cc cc cc cc cc cc cc cc cc
0x00007ffa55b1d52f:   cc 48 89 5c 24 10 56 48 8b 99 f8 00 00 00 33 f6
0x00007ffa55b1d53f:   89 b1 f0 00 00 00 48 85 db 74 78 44 8b 43 10 8b
0x00007ffa55b1d54f:   c6 41 83 e8 01 48 89 7c 24 10 44 8b ce 40 0f b6
0x00007ffa55b1d55f:   fe 78 34 4c 8b 59 20 66 66 0f 1f 84 00 00 00 00
0x00007ffa55b1d56f:   00 43 8d 04 08 99 2b c2 d1 f8 4c 3b 5c c3 18 7e
0x00007ffa55b1d57f:   06 44 8d 48 01 eb 06 7d 0b 44 8d 40 ff 45 3b c8
0x00007ffa55b1d58f:   7e df eb 03 40 b7 01 40 84 ff 48 8b 7c 24 10 74
0x00007ffa55b1d59f:   0d 89 81 f0 00 00 00 48 8b 5c 24 18 5e c3 45 3b
0x00007ffa55b1d5af:   c8 45 0f 4c c1 45 85 c0 44 0f 48 c6 44 89 81 f0
0x00007ffa55b1d5bf:   00 00 00 48 8b 5c 24 18 5e c3 cc cc cc cc cc cc
0x00007ffa55b1d5cf:   cc 83 79 38 ff 0f 95 c0 c3 cc cc cc cc cc cc cc
0x00007ffa55b1d5df:   cc 8b 51 5c 85 d2 74 43 83 ea 01 74 3b 83 ea 01
0x00007ffa55b1d5ef:   74 2a 83 fa 01 75 34 48 8b 49 68 80 b9 49 48 00
0x00007ffa55b1d5ff:   00 00 74 06 83 79 30 00 75 1e 48 8b 81 68 48 00
0x00007ffa55b1d60f:   00 48 39 81 60 48 00 00 0f 94 c0 c3 48 8b 41 60
0x00007ffa55b1d61f:   83 78 10 00 0f 94 c0 c3 32 c0 c3 b0 01 c3 cc cc
0x00007ffa55b1d62f:   cc 40 53 48 83 ec 20 48 8b d9 e8 42 fd ff ff 48
0x00007ffa55b1d63f:   8b 43 40 48 39 43 38 74 2c 48 8b c8 48 8b 43 30
0x00007ffa55b1d64f:   48 85 c0 7e 0e 48 8b 51 d8 48 85 d2 7e 05 48 3b
0x00007ffa55b1d65f:   c2 7d 2e 8b 41 f8 3b 41 e8 74 0a 48 8b 94 c1 d8
0x00007ffa55b1d66f:   bf ff ff eb 02 33 d2 48 8b 4b 08 4c 8d 43 50 41
0x00007ffa55b1d67f:   b9 20 48 00 00 48 8b 01 48 83 c4 20 5b 48 ff 60
0x00007ffa55b1d68f:   10 48 83 c4 20 5b c3 cc cc cc cc cc cc cc cc cc
0x00007ffa55b1d69f:   cc 40 57 48 83 ec 20 80 79 59 00 48 8b f9 0f 85
0x00007ffa55b1d6af:   86 01 00 00 8b 81 f0 00 00 00 ff c0 89 81 f0 00
0x00007ffa55b1d6bf:   00 00 48 8b 89 f8 00 00 00 48 85 c9 74 0d 84 d2
0x00007ffa55b1d6cf:   75 09 3b 41 10 0f 82 5f 01 00 00 48 89 5c 24 30
0x00007ffa55b1d6df:   48 89 74 24 38 48 8d b7 00 01 00 00 48 8b ce c6
0x00007ffa55b1d6ef:   47 59 01 48 c7 87 f8 00 00 00 00 00 00 00 c7 87
0x00007ffa55b1d6ff:   f0 00 00 00 00 00 00 00 e8 74 fc ff ff 48 8b 46
0x00007ffa55b1d70f:   40 48 39 46 38 74 46 48 8b c8 0f 1f 80 00 00 00 


Stack slot to memory mapping:
stack at sp + 0 slots: 0x00007ffa55afd981 points into unknown readable memory: 84 c0 0f 84 85 00 00
stack at sp + 1 slots: 0x000000dcafbfa1e8 is pointing into the stack for thread: 0x0000027023790a00
stack at sp + 2 slots: 0x000000dcafbfa060 is pointing into the stack for thread: 0x0000027023790a00
stack at sp + 3 slots: 0x00000270fea20650 points into unknown readable memory: 0x0000000000024b79 | 79 4b 02 00 00 00 00 00
stack at sp + 4 slots: 0x000000dcafbfa2b0 is pointing into the stack for thread: 0x0000027023790a00
stack at sp + 5 slots: 0x000000000000016f is an unknown value
stack at sp + 6 slots: 0x000000dcafbfa2b0 is pointing into the stack for thread: 0x0000027023790a00
stack at sp + 7 slots: 0x000000dcafbfa270 is pointing into the stack for thread: 0x0000027023790a00


---------------  P R O C E S S  ---------------

Threads class SMR info:
_java_thread_list=0x00000270645ce6b0, length=54, elements={
0x0000027078b4b4d0, 0x000002707937a220, 0x000002707937b2f0, 0x0000027079391a10,
0x00000270793922d0, 0x000002707939a830, 0x000002707939ad00, 0x00000270793a4e50,
0x00000270793a6370, 0x00000270793ab8c0, 0x0000027079574530, 0x0000027079574a00,
0x0000027021a07450, 0x000002702187fc60, 0x00000270233741a0, 0x000002702362f180,
0x0000027023790a00, 0x00000270248077a0, 0x0000027024805120, 0x0000027024803de0,
0x0000027024806e00, 0x000002702902ebb0, 0x000002702902ca00, 0x00000270293528a0,
0x0000027029354a50, 0x000002702337b970, 0x0000027031628bb0, 0x0000027038ea9dc0,
0x0000027038eaa290, 0x0000027038ea8a80, 0x0000027038eab100, 0x0000027038ea7c10,
0x0000027038eabaa0, 0x0000027040bbb230, 0x0000027040bbad60, 0x0000027040bbca40,
0x0000027040bbc570, 0x0000027040bba3c0, 0x0000027040bbbbd0, 0x0000027040bbd8b0,
0x0000027040bbff30, 0x0000027040bc9e00, 0x0000027040bcbfb0, 0x0000027040bcc950,
0x0000027040bc4c30, 0x0000027040bc20e0, 0x0000027040bd07e0, 0x0000027040bcefd0,
0x0000027040bd1b20, 0x0000027040bce160, 0x0000027040bbdd80, 0x0000027040bc25b0,
0x0000027040bc1740, 0x0000027040bc2a80
}

Java Threads: ( => current thread )
  0x0000027078b4b4d0 JavaThread "main" [_thread_blocked, id=19652, stack(0x000000dca6500000,0x000000dca6600000)]
  0x000002707937a220 JavaThread "Reference Handler" daemon [_thread_blocked, id=21976, stack(0x000000dca6d00000,0x000000dca7700000)]
  0x000002707937b2f0 JavaThread "Finalizer" daemon [_thread_blocked, id=10100, stack(0x000000dca7700000,0x000000dca8100000)]
  0x0000027079391a10 JavaThread "Signal Dispatcher" daemon [_thread_blocked, id=24692, stack(0x000000dca8100000,0x000000dca8b00000)]
  0x00000270793922d0 JavaThread "Attach Listener" daemon [_thread_blocked, id=13996, stack(0x000000dca8b00000,0x000000dca9500000)]
  0x000002707939a830 JavaThread "Service Thread" daemon [_thread_blocked, id=16240, stack(0x000000dca9500000,0x000000dca9f00000)]
  0x000002707939ad00 JavaThread "Monitor Deflation Thread" daemon [_thread_blocked, id=27780, stack(0x000000dca9f00000,0x000000dcaa900000)]
  0x00000270793a4e50 JavaThread "C2 CompilerThread0" daemon [_thread_blocked, id=26188, stack(0x000000dcaa900000,0x000000dcaaa00000)]
  0x00000270793a6370 JavaThread "C1 CompilerThread0" daemon [_thread_blocked, id=28112, stack(0x000000dcaaa00000,0x000000dcaab00000)]
  0x00000270793ab8c0 JavaThread "Sweeper thread" daemon [_thread_blocked, id=25344, stack(0x000000dcaab00000,0x000000dcab500000)]
  0x0000027079574530 JavaThread "Common-Cleaner" daemon [_thread_blocked, id=25060, stack(0x000000dcab500000,0x000000dcabf00000)]
  0x0000027079574a00 JavaThread "Notification Thread" daemon [_thread_blocked, id=13556, stack(0x000000dcabf00000,0x000000dcac900000)]
  0x0000027021a07450 JavaThread "Java2D Disposer" daemon [_thread_blocked, id=9288, stack(0x000000dcaca00000,0x000000dcad400000)]
  0x000002702187fc60 JavaThread "AWT-Windows" daemon [_thread_in_native, id=15000, stack(0x000000dcade00000,0x000000dcae800000)]
  0x00000270233741a0 JavaThread "TimerQueue" daemon [_thread_blocked, id=17840, stack(0x000000dcad400000,0x000000dcade00000)]
  0x000002702362f180 JavaThread "AWT-Shutdown" [_thread_blocked, id=5884, stack(0x000000dcae800000,0x000000dcaf200000)]
=>0x0000027023790a00 JavaThread "AWT-EventQueue-0" [_thread_in_native, id=27572, stack(0x000000dcaf200000,0x000000dcafc00000)]
  0x00000270248077a0 JavaThread "Thread-1" [_thread_in_native, id=27924, stack(0x000000dca4b00000,0x000000dca5f00000)]
  0x0000027024805120 JavaThread "Process Messages Thread" [_thread_blocked, id=27804, stack(0x000000dcb1b00000,0x000000dcb2500000)]
  0x0000027024803de0 JavaThread "Batik CleanerThread" daemon [_thread_blocked, id=10252, stack(0x000000dcb1100000,0x000000dcb1b00000)]
  0x0000027024806e00 JavaThread "SyntheticaCleanerThread" daemon [_thread_blocked, id=24420, stack(0x000000dcb3000000,0x000000dcb3a00000)]
  0x000002702902ebb0 JavaThread "Timer-0" [_thread_blocked, id=24000, stack(0x000000dcb4400000,0x000000dcb4e00000)]
  0x000002702902ca00 JavaThread "Monitor File Timestamp Swing Worker Thread" [_thread_blocked, id=25848, stack(0x000000dcb4e00000,0x000000dcb5800000)]
  0x00000270293528a0 JavaThread "Monitor HEventQueue Thread" [_thread_blocked, id=23724, stack(0x000000dcb5900000,0x000000dcb6300000)]
  0x0000027029354a50 JavaThread "SyntheticaAnimation 50" daemon [_thread_blocked, id=26752, stack(0x000000dcb6300000,0x000000dcb6d00000)]
  0x000002702337b970 JavaThread "SyntheticaAnimation 25" daemon [_thread_blocked, id=24684, stack(0x000000dcb6d00000,0x000000dcb7700000)]
  0x0000027031628bb0 JavaThread "SyntheticaAnimation 70" daemon [_thread_blocked, id=24244, stack(0x000000dcb7700000,0x000000dcb8100000)]
  0x0000027038ea9dc0 JavaThread "Refresh Filesets Swing Worker Thread" [_thread_blocked, id=724, stack(0x000000dcafc00000,0x000000dcb0600000)]
  0x0000027038eaa290 JavaThread "hw_ila_monitor" [_thread_blocked, id=17796, stack(0x000000dcb3a00000,0x000000dcb4400000)]
  0x0000027038ea8a80 JavaThread "pool-1-thread-1" [_thread_blocked, id=21928, stack(0x000000dcb9500000,0x000000dcb9f00000)]
  0x0000027038eab100 JavaThread "Timer-1" [_thread_blocked, id=25372, stack(0x000000dcb9f00000,0x000000dcba900000)]
  0x0000027038ea7c10 JavaThread "pool-2-thread-1" [_thread_blocked, id=19788, stack(0x000000dcba900000,0x000000dcbb300000)]
  0x0000027038eabaa0 JavaThread "Timer-2" [_thread_blocked, id=25708, stack(0x000000dcbb300000,0x000000dcbbd00000)]
  0x0000027040bbb230 JavaThread "pool-3-thread-1" [_thread_blocked, id=24068, stack(0x000000dcbbd00000,0x000000dcbc700000)]
  0x0000027040bbad60 JavaThread "Timer-3" [_thread_blocked, id=24372, stack(0x000000dcbc700000,0x000000dcbd100000)]
  0x0000027040bbca40 JavaThread "Update Runs Swing Worker Thread" [_thread_blocked, id=25476, stack(0x000000dcbd100000,0x000000dcbdb00000)]
  0x0000027040bbc570 JavaThread "SyntheticaAnimation 50" daemon [_thread_in_Java, id=23440, stack(0x000000dcb2500000,0x000000dcb2f00000)]
  0x0000027040bba3c0 JavaThread "Image Animator 3" daemon [_thread_blocked, id=24260, stack(0x000000dcb8100000,0x000000dcb8b00000)]
  0x0000027040bbbbd0 JavaThread "Timer-4" [_thread_blocked, id=28484, stack(0x000000dcb8b00000,0x000000dcb9500000)]
  0x0000027040bbd8b0 JavaThread "Timer-6" [_thread_blocked, id=9796, stack(0x000000dcbfa00000,0x000000dcc0400000)]
  0x0000027040bbff30 JavaThread "Monitor File Timestamp Swing Worker Thread" [_thread_blocked, id=28216, stack(0x000000dcc0e00000,0x000000dcc1800000)]
  0x0000027040bc9e00 JavaThread "Timer-50" [_thread_blocked, id=2040, stack(0x000000dcc2200000,0x000000dcc2c00000)]
  0x0000027040bcbfb0 JavaThread "Monitor File Timestamp Swing Worker Thread" [_thread_blocked, id=2316, stack(0x000000dcc2d00000,0x000000dcc3700000)]
  0x0000027040bcc950 JavaThread "Timer-56" [_thread_blocked, id=11480, stack(0x000000dcc4b00000,0x000000dcc5500000)]
  0x0000027040bc4c30 JavaThread "Timer-58" [_thread_blocked, id=11164, stack(0x000000dcc7300000,0x000000dcc7d00000)]
  0x0000027040bc20e0 JavaThread "Timer-64" [_thread_blocked, id=26716, stack(0x000000dcc4100000,0x000000dcc4b00000)]
  0x0000027040bd07e0 JavaThread "Timer-66" [_thread_blocked, id=10572, stack(0x000000dccb900000,0x000000dccc300000)]
  0x0000027040bcefd0 JavaThread "Thread-10582" [_thread_in_native, id=23616, stack(0x000000dca4800000,0x000000dca4900000)]
  0x0000027040bd1b20 JavaThread "Timer-85" [_thread_blocked, id=24424, stack(0x000000dcc5500000,0x000000dcc5f00000)]
  0x0000027040bce160 JavaThread "Monitor File Timestamp Swing Worker Thread" [_thread_blocked, id=14764, stack(0x000000dcc7d00000,0x000000dcc8700000)]
  0x0000027040bbdd80 JavaThread "Swing-Shell" daemon [_thread_blocked, id=15476, stack(0x000000dcc5f00000,0x000000dcc6900000)]
  0x0000027040bc25b0 JavaThread "Timer-93" [_thread_blocked, id=24944, stack(0x000000dcbe500000,0x000000dcbef00000)]
  0x0000027040bc1740 JavaThread "Monitor File Timestamp Swing Worker Thread" [_thread_blocked, id=12868, stack(0x000000dcbf000000,0x000000dcbfa00000)]
  0x0000027040bc2a80 JavaThread "Run Simulation Thread" [_thread_in_native, id=25840, stack(0x000000dcbdb00000,0x000000dcbe500000)]

Other Threads:
  0x00000270789eada0 VMThread "VM Thread" [stack: 0x000000dca6c00000,0x000000dca6d00000] [id=25916]
  0x00000270760285b0 WatcherThread [stack: 0x000000dcac900000,0x000000dcaca00000] [id=27320]
  0x0000027077dcf540 GCTaskThread "GC Thread#0" [stack: 0x000000dca6600000,0x000000dca6700000] [id=25952]
  0x0000027077dd0560 GCTaskThread "GC Thread#1" [stack: 0x000000dcb0600000,0x000000dcb0700000] [id=26468]
  0x0000027077dd1830 GCTaskThread "GC Thread#2" [stack: 0x000000dcb0700000,0x000000dcb0800000] [id=21280]
  0x0000027077dd4330 GCTaskThread "GC Thread#3" [stack: 0x000000dcb0800000,0x000000dcb0900000] [id=13664]
  0x0000027077dd3060 GCTaskThread "GC Thread#4" [stack: 0x000000dcb0900000,0x000000dcb0a00000] [id=25792]
  0x0000027077dd4080 GCTaskThread "GC Thread#5" [stack: 0x000000dcb0a00000,0x000000dcb0b00000] [id=25776]
  0x0000027077dd3310 GCTaskThread "GC Thread#6" [stack: 0x000000dcb0b00000,0x000000dcb0c00000] [id=26848]
  0x0000027077dd3870 GCTaskThread "GC Thread#7" [stack: 0x000000dcb0c00000,0x000000dcb0d00000] [id=23764]
  0x0000027075be5330 ConcurrentGCThread "G1 Main Marker" [stack: 0x000000dca6700000,0x000000dca6800000] [id=26708]
  0x0000027077dcfaa0 ConcurrentGCThread "G1 Conc#0" [stack: 0x000000dca6800000,0x000000dca6900000] [id=28128]
  0x0000027077dd2db0 ConcurrentGCThread "G1 Conc#1" [stack: 0x000000dcb1000000,0x000000dcb1100000] [id=21988]
  0x00000270781d9000 ConcurrentGCThread "G1 Refine#0" [stack: 0x000000dca6900000,0x000000dca6a00000] [id=27220]
  0x00000270781d98a0 ConcurrentGCThread "G1 Refine#1" [stack: 0x000000dcb0d00000,0x000000dcb0e00000] [id=22780]
  0x00000270781d81a0 ConcurrentGCThread "G1 Refine#2" [stack: 0x000000dcb0e00000,0x000000dcb0f00000] [id=25140]
  0x0000027072369370 ConcurrentGCThread "G1 Service" [stack: 0x000000dca6a00000,0x000000dca6b00000] [id=26192]
  0x0000027077dcfd50 ConcurrentGCThread "StringDedupProcessor" [stack: 0x000000dca6b00000,0x000000dca6c00000] [id=4256]

Threads with active compile tasks:

VM state: not at safepoint (normal execution)

VM Mutex/Monitor currently owned by a thread: None

Heap address: 0x0000000701800000, size: 4072 MB, Compressed Oops mode: Zero based, Oop shift amount: 3

CDS archive(s) mapped at: [0x0000000800000000-0x0000000800bc0000-0x0000000800bc0000), size 12320768, SharedBaseAddress: 0x0000000800000000, ArchiveRelocationMode: 0.
Compressed class space mapped at: 0x0000000801000000-0x0000000841000000, reserved size: 1073741824
Narrow klass base: 0x0000000800000000, Narrow klass shift: 0, Narrow klass range: 0x100000000

GC Precious Log:
 CPUs: 8 total, 8 available
 Memory: 8023M
 Large Page Support: Disabled
 NUMA Support: Disabled
 Compressed Oops: Enabled (Zero based)
 Heap Region Size: 2M
 Heap Min Capacity: 512M
 Heap Initial Capacity: 512M
 Heap Max Capacity: 4072M
 Pre-touch: Disabled
 Parallel Workers: 8
 Concurrent Workers: 2
 Concurrent Refinement Workers: 8
 Periodic GC: Disabled
 String Deduplication is enabled

Heap:
 garbage-first heap   total 690176K, used 227727K [0x0000000701800000, 0x0000000800000000)
  region size 2048K, 14 young (28672K), 0 survivors (0K)
 Metaspace       used 94572K, committed 95232K, reserved 1179648K
  class space    used 12963K, committed 13312K, reserved 1048576K

Heap Regions: E=young(eden), S=young(survivor), O=old, HS=humongous(starts), HC=humongous(continues), CS=collection set, F=free, OA=open archive, CA=closed archive, TAMS=top-at-mark-start (previous, next)
|   0|0x0000000701800000, 0x0000000701a00000, 0x0000000701a00000|100%|HS|  |TAMS 0x0000000701a00000, 0x0000000701800000| Untracked 
|   1|0x0000000701a00000, 0x0000000701bffff0, 0x0000000701c00000| 99%| O|  |TAMS 0x0000000701bffff0, 0x0000000701a00000| Untracked 
|   2|0x0000000701c00000, 0x0000000701dff9f8, 0x0000000701e00000| 99%| O|  |TAMS 0x0000000701dff9f8, 0x0000000701c00000| Untracked 
|   3|0x0000000701e00000, 0x0000000701ffffc8, 0x0000000702000000| 99%| O|  |TAMS 0x0000000701ffffc8, 0x0000000701e00000| Untracked 
|   4|0x0000000702000000, 0x00000007021fffe0, 0x0000000702200000| 99%| O|  |TAMS 0x00000007021fffe0, 0x0000000702000000| Untracked 
|   5|0x0000000702200000, 0x00000007023fb358, 0x0000000702400000| 99%| O|  |TAMS 0x00000007023fb358, 0x0000000702200000| Untracked 
|   6|0x0000000702400000, 0x0000000702600000, 0x0000000702600000|100%| O|  |TAMS 0x0000000702600000, 0x0000000702400000| Untracked 
|   7|0x0000000702600000, 0x0000000702800000, 0x0000000702800000|100%| O|  |TAMS 0x0000000702800000, 0x0000000702600000| Untracked 
|   8|0x0000000702800000, 0x00000007029ffc50, 0x0000000702a00000| 99%| O|  |TAMS 0x00000007029ffc50, 0x0000000702800000| Untracked 
|   9|0x0000000702a00000, 0x0000000702bfdd20, 0x0000000702c00000| 99%| O|  |TAMS 0x0000000702bfdd20, 0x0000000702a00000| Untracked 
|  10|0x0000000702c00000, 0x0000000702dfffe8, 0x0000000702e00000| 99%| O|  |TAMS 0x0000000702dfffe8, 0x0000000702c00000| Untracked 
|  11|0x0000000702e00000, 0x0000000702ffffc0, 0x0000000703000000| 99%| O|  |TAMS 0x0000000702ffffc0, 0x0000000702e00000| Untracked 
|  12|0x0000000703000000, 0x00000007031ffff8, 0x0000000703200000| 99%| O|  |TAMS 0x00000007031ffff8, 0x0000000703000000| Untracked 
|  13|0x0000000703200000, 0x00000007033ffff0, 0x0000000703400000| 99%| O|  |TAMS 0x00000007033ffff0, 0x0000000703200000| Untracked 
|  14|0x0000000703400000, 0x0000000703600000, 0x0000000703600000|100%| O|  |TAMS 0x0000000703600000, 0x0000000703400000| Untracked 
|  15|0x0000000703600000, 0x0000000703800000, 0x0000000703800000|100%| O|  |TAMS 0x0000000703800000, 0x0000000703600000| Untracked 
|  16|0x0000000703800000, 0x00000007039ffff8, 0x0000000703a00000| 99%| O|  |TAMS 0x00000007039ffff8, 0x0000000703800000| Untracked 
|  17|0x0000000703a00000, 0x0000000703bfff50, 0x0000000703c00000| 99%| O|  |TAMS 0x0000000703bfff50, 0x0000000703a00000| Untracked 
|  18|0x0000000703c00000, 0x0000000703dfffe8, 0x0000000703e00000| 99%| O|  |TAMS 0x0000000703dfffe8, 0x0000000703c00000| Untracked 
|  19|0x0000000703e00000, 0x0000000703ffffd8, 0x0000000704000000| 99%| O|  |TAMS 0x0000000703ffffd8, 0x0000000703e00000| Untracked 
|  20|0x0000000704000000, 0x00000007041ff650, 0x0000000704200000| 99%| O|  |TAMS 0x00000007041ff650, 0x0000000704000000| Untracked 
|  21|0x0000000704200000, 0x00000007043ffff8, 0x0000000704400000| 99%| O|  |TAMS 0x00000007043ffff8, 0x0000000704200000| Untracked 
|  22|0x0000000704400000, 0x00000007045ffff0, 0x0000000704600000| 99%| O|  |TAMS 0x00000007045ffff0, 0x0000000704400000| Untracked 
|  23|0x0000000704600000, 0x00000007047fffa8, 0x0000000704800000| 99%| O|  |TAMS 0x00000007047fffa8, 0x0000000704600000| Untracked 
|  24|0x0000000704800000, 0x00000007049fac38, 0x0000000704a00000| 98%| O|  |TAMS 0x00000007049fac38, 0x0000000704800000| Untracked 
|  25|0x0000000704a00000, 0x0000000704c00000, 0x0000000704c00000|100%| O|  |TAMS 0x0000000704c00000, 0x0000000704a00000| Untracked 
|  26|0x0000000704c00000, 0x0000000704dfe518, 0x0000000704e00000| 99%| O|  |TAMS 0x0000000704dfe518, 0x0000000704c00000| Untracked 
|  27|0x0000000704e00000, 0x0000000704fffee8, 0x0000000705000000| 99%| O|  |TAMS 0x0000000704fffee8, 0x0000000704e00000| Untracked 
|  28|0x0000000705000000, 0x00000007051ffff8, 0x0000000705200000| 99%| O|  |TAMS 0x00000007051ffff8, 0x0000000705000000| Untracked 
|  29|0x0000000705200000, 0x00000007053ffff8, 0x0000000705400000| 99%| O|  |TAMS 0x00000007053ffff8, 0x0000000705200000| Untracked 
|  30|0x0000000705400000, 0x00000007055ffff0, 0x0000000705600000| 99%| O|  |TAMS 0x00000007055ffff0, 0x0000000705400000| Untracked 
|  31|0x0000000705600000, 0x00000007057ffc98, 0x0000000705800000| 99%| O|  |TAMS 0x00000007057ffc98, 0x0000000705600000| Untracked 
|  32|0x0000000705800000, 0x00000007059ffff8, 0x0000000705a00000| 99%| O|  |TAMS 0x00000007059ffff8, 0x0000000705800000| Untracked 
|  33|0x0000000705a00000, 0x0000000705bfffd0, 0x0000000705c00000| 99%| O|  |TAMS 0x0000000705bfffd0, 0x0000000705a00000| Untracked 
|  34|0x0000000705c00000, 0x0000000705e00000, 0x0000000705e00000|100%| O|  |TAMS 0x0000000705e00000, 0x0000000705c00000| Untracked 
|  35|0x0000000705e00000, 0x0000000706000000, 0x0000000706000000|100%| O|  |TAMS 0x0000000706000000, 0x0000000705e00000| Untracked 
|  36|0x0000000706000000, 0x00000007061fffe0, 0x0000000706200000| 99%| O|  |TAMS 0x00000007061fffe0, 0x0000000706000000| Untracked 
|  37|0x0000000706200000, 0x00000007063ffff8, 0x0000000706400000| 99%| O|  |TAMS 0x00000007063ffff8, 0x0000000706200000| Untracked 
|  38|0x0000000706400000, 0x00000007065ffff0, 0x0000000706600000| 99%| O|  |TAMS 0x00000007065ffff0, 0x0000000706400000| Untracked 
|  39|0x0000000706600000, 0x00000007067fffb0, 0x0000000706800000| 99%| O|  |TAMS 0x00000007067fffb0, 0x0000000706600000| Untracked 
|  40|0x0000000706800000, 0x0000000706a00000, 0x0000000706a00000|100%| O|  |TAMS 0x0000000706a00000, 0x0000000706800000| Untracked 
|  41|0x0000000706a00000, 0x0000000706bfec80, 0x0000000706c00000| 99%| O|  |TAMS 0x0000000706bfec80, 0x0000000706a00000| Untracked 
|  42|0x0000000706c00000, 0x0000000706dffff0, 0x0000000706e00000| 99%| O|  |TAMS 0x0000000706dffff0, 0x0000000706c00000| Untracked 
|  43|0x0000000706e00000, 0x0000000706ff67a0, 0x0000000707000000| 98%| O|  |TAMS 0x0000000706ff67a0, 0x0000000706e00000| Untracked 
|  44|0x0000000707000000, 0x0000000707200000, 0x0000000707200000|100%| O|  |TAMS 0x0000000707200000, 0x0000000707000000| Untracked 
|  45|0x0000000707200000, 0x00000007073ffff8, 0x0000000707400000| 99%| O|  |TAMS 0x00000007073ffff8, 0x0000000707200000| Untracked 
|  46|0x0000000707400000, 0x00000007075ffff8, 0x0000000707600000| 99%| O|  |TAMS 0x00000007075ffff8, 0x0000000707400000| Untracked 
|  47|0x0000000707600000, 0x00000007077fff00, 0x0000000707800000| 99%| O|  |TAMS 0x00000007077fff00, 0x0000000707600000| Untracked 
|  48|0x0000000707800000, 0x0000000707a00000, 0x0000000707a00000|100%| O|  |TAMS 0x0000000707a00000, 0x0000000707800000| Untracked 
|  49|0x0000000707a00000, 0x0000000707c00000, 0x0000000707c00000|100%| O|  |TAMS 0x0000000707c00000, 0x0000000707a00000| Untracked 
|  50|0x0000000707c00000, 0x0000000707dffff8, 0x0000000707e00000| 99%| O|  |TAMS 0x0000000707dffff8, 0x0000000707c00000| Untracked 
|  51|0x0000000707e00000, 0x0000000707ffffd8, 0x0000000708000000| 99%| O|  |TAMS 0x0000000707ffffd8, 0x0000000707e00000| Untracked 
|  52|0x0000000708000000, 0x0000000708200000, 0x0000000708200000|100%| O|  |TAMS 0x0000000708200000, 0x0000000708000000| Untracked 
|  53|0x0000000708200000, 0x00000007083fffd0, 0x0000000708400000| 99%| O|  |TAMS 0x00000007083fffd0, 0x0000000708200000| Untracked 
|  54|0x0000000708400000, 0x00000007085ffff0, 0x0000000708600000| 99%| O|  |TAMS 0x00000007085ffff0, 0x0000000708400000| Untracked 
|  55|0x0000000708600000, 0x00000007087fff98, 0x0000000708800000| 99%| O|  |TAMS 0x00000007087fff98, 0x0000000708600000| Untracked 
|  56|0x0000000708800000, 0x0000000708a00000, 0x0000000708a00000|100%| O|  |TAMS 0x0000000708a00000, 0x0000000708800000| Untracked 
|  57|0x0000000708a00000, 0x0000000708bfffe8, 0x0000000708c00000| 99%| O|  |TAMS 0x0000000708bfffe8, 0x0000000708a00000| Untracked 
|  58|0x0000000708c00000, 0x0000000708dfffc8, 0x0000000708e00000| 99%| O|  |TAMS 0x0000000708dfffc8, 0x0000000708c00000| Untracked 
|  59|0x0000000708e00000, 0x0000000708fffff8, 0x0000000709000000| 99%| O|  |TAMS 0x0000000708fffff8, 0x0000000708e00000| Untracked 
|  60|0x0000000709000000, 0x00000007091ffff0, 0x0000000709200000| 99%| O|  |TAMS 0x00000007091ffff0, 0x0000000709000000| Untracked 
|  61|0x0000000709200000, 0x00000007093ffff8, 0x0000000709400000| 99%| O|  |TAMS 0x00000007093ffff8, 0x0000000709200000| Untracked 
|  62|0x0000000709400000, 0x00000007095ffff0, 0x0000000709600000| 99%| O|  |TAMS 0x00000007095ffff0, 0x0000000709400000| Untracked 
|  63|0x0000000709600000, 0x0000000709800000, 0x0000000709800000|100%| O|  |TAMS 0x0000000709600000, 0x0000000709600000| Untracked 
|  64|0x0000000709800000, 0x00000007099fff80, 0x0000000709a00000| 99%| O|  |TAMS 0x00000007099fff80, 0x0000000709800000| Untracked 
|  65|0x0000000709a00000, 0x0000000709c00000, 0x0000000709c00000|100%| O|  |TAMS 0x0000000709c00000, 0x0000000709a00000| Untracked 
|  66|0x0000000709c00000, 0x0000000709dffff8, 0x0000000709e00000| 99%| O|  |TAMS 0x0000000709c00000, 0x0000000709c00000| Untracked 
|  67|0x0000000709e00000, 0x000000070a000000, 0x000000070a000000|100%| O|  |TAMS 0x0000000709e00000, 0x0000000709e00000| Untracked 
|  68|0x000000070a000000, 0x000000070a200000, 0x000000070a200000|100%| O|  |TAMS 0x000000070a000000, 0x000000070a000000| Untracked 
|  69|0x000000070a200000, 0x000000070a3ffff0, 0x000000070a400000| 99%| O|  |TAMS 0x000000070a200000, 0x000000070a200000| Untracked 
|  70|0x000000070a400000, 0x000000070a5ffb98, 0x000000070a600000| 99%| O|  |TAMS 0x000000070a400000, 0x000000070a400000| Untracked 
|  71|0x000000070a600000, 0x000000070a7ffff0, 0x000000070a800000| 99%| O|  |TAMS 0x000000070a600000, 0x000000070a600000| Untracked 
|  72|0x000000070a800000, 0x000000070a9ffff0, 0x000000070aa00000| 99%| O|  |TAMS 0x000000070a800000, 0x000000070a800000| Untracked 
|  73|0x000000070aa00000, 0x000000070ac00000, 0x000000070ac00000|100%|HS|  |TAMS 0x000000070ac00000, 0x000000070aa00000| Untracked 
|  74|0x000000070ac00000, 0x000000070ae00000, 0x000000070ae00000|100%|HC|  |TAMS 0x000000070ae00000, 0x000000070ac00000| Untracked 
|  75|0x000000070ae00000, 0x000000070b000000, 0x000000070b000000|100%|HC|  |TAMS 0x000000070b000000, 0x000000070ae00000| Untracked 
|  76|0x000000070b000000, 0x000000070b200000, 0x000000070b200000|100%|HC|  |TAMS 0x000000070b200000, 0x000000070b000000| Untracked 
|  77|0x000000070b200000, 0x000000070b400000, 0x000000070b400000|100%|HC|  |TAMS 0x000000070b400000, 0x000000070b200000| Untracked 
|  78|0x000000070b400000, 0x000000070b600000, 0x000000070b600000|100%|HC|  |TAMS 0x000000070b600000, 0x000000070b400000| Untracked 
|  79|0x000000070b600000, 0x000000070b7ffff0, 0x000000070b800000| 99%| O|  |TAMS 0x000000070b600000, 0x000000070b600000| Untracked 
|  80|0x000000070b800000, 0x000000070b9fffe8, 0x000000070ba00000| 99%| O|  |TAMS 0x000000070b800000, 0x000000070b800000| Untracked 
|  81|0x000000070ba00000, 0x000000070bbffff0, 0x000000070bc00000| 99%| O|  |TAMS 0x000000070ba00000, 0x000000070ba00000| Untracked 
|  82|0x000000070bc00000, 0x000000070bdfffe8, 0x000000070be00000| 99%| O|  |TAMS 0x000000070bc00000, 0x000000070bc00000| Untracked 
|  83|0x000000070be00000, 0x000000070bfffff0, 0x000000070c000000| 99%| O|  |TAMS 0x000000070be00000, 0x000000070be00000| Untracked 
|  84|0x000000070c000000, 0x000000070c165150, 0x000000070c200000| 69%| O|  |TAMS 0x000000070c000000, 0x000000070c000000| Untracked 
|  85|0x000000070c200000, 0x000000070c400000, 0x000000070c400000|100%|HS|  |TAMS 0x000000070c400000, 0x000000070c200000| Untracked 
|  86|0x000000070c400000, 0x000000070c4e8528, 0x000000070c600000| 45%| O|  |TAMS 0x000000070c400000, 0x000000070c400000| Untracked 
|  87|0x000000070c600000, 0x000000070c72a818, 0x000000070c800000| 58%| O|  |TAMS 0x000000070c600000, 0x000000070c600000| Untracked 
|  88|0x000000070c800000, 0x000000070c9fff38, 0x000000070ca00000| 99%| O|  |TAMS 0x000000070c9fff38, 0x000000070c800000| Untracked 
|  89|0x000000070ca00000, 0x000000070ca00000, 0x000000070cc00000|  0%| F|  |TAMS 0x000000070ca00000, 0x000000070ca00000| Untracked 
|  90|0x000000070cc00000, 0x000000070cd019f8, 0x000000070ce00000| 50%| O|  |TAMS 0x000000070cc00000, 0x000000070cc00000| Untracked 
|  91|0x000000070ce00000, 0x000000070cfb9fa0, 0x000000070d000000| 86%| O|  |TAMS 0x000000070ce00000, 0x000000070ce00000| Untracked 
|  92|0x000000070d000000, 0x000000070d165f88, 0x000000070d200000| 69%| O|  |TAMS 0x000000070d000000, 0x000000070d000000| Untracked 
|  93|0x000000070d200000, 0x000000070d200000, 0x000000070d400000|  0%| F|  |TAMS 0x000000070d200000, 0x000000070d200000| Untracked 
|  94|0x000000070d400000, 0x000000070d600000, 0x000000070d600000|100%|HS|  |TAMS 0x000000070d600000, 0x000000070d400000| Untracked 
|  95|0x000000070d600000, 0x000000070d6e5298, 0x000000070d800000| 44%| O|  |TAMS 0x000000070d600000, 0x000000070d600000| Untracked 
|  96|0x000000070d800000, 0x000000070d800000, 0x000000070da00000|  0%| F|  |TAMS 0x000000070d800000, 0x000000070d800000| Untracked 
|  97|0x000000070da00000, 0x000000070da00000, 0x000000070dc00000|  0%| F|  |TAMS 0x000000070da00000, 0x000000070da00000| Untracked 
|  98|0x000000070dc00000, 0x000000070de00000, 0x000000070de00000|100%| O|  |TAMS 0x000000070de00000, 0x000000070dc00000| Untracked 
|  99|0x000000070de00000, 0x000000070de00000, 0x000000070e000000|  0%| F|  |TAMS 0x000000070de00000, 0x000000070de00000| Untracked 
| 100|0x000000070e000000, 0x000000070e000000, 0x000000070e200000|  0%| F|  |TAMS 0x000000070e000000, 0x000000070e000000| Untracked 
| 101|0x000000070e200000, 0x000000070e200000, 0x000000070e400000|  0%| F|  |TAMS 0x000000070e200000, 0x000000070e200000| Untracked 
| 102|0x000000070e400000, 0x000000070e400000, 0x000000070e600000|  0%| F|  |TAMS 0x000000070e400000, 0x000000070e400000| Untracked 
| 103|0x000000070e600000, 0x000000070e800000, 0x000000070e800000|100%| O|  |TAMS 0x000000070e800000, 0x000000070e600000| Untracked 
| 104|0x000000070e800000, 0x000000070e800000, 0x000000070ea00000|  0%| F|  |TAMS 0x000000070e800000, 0x000000070e800000| Untracked 
| 105|0x000000070ea00000, 0x000000070ea00000, 0x000000070ec00000|  0%| F|  |TAMS 0x000000070ea00000, 0x000000070ea00000| Untracked 
| 106|0x000000070ec00000, 0x000000070ec00000, 0x000000070ee00000|  0%| F|  |TAMS 0x000000070ec00000, 0x000000070ec00000| Untracked 
| 107|0x000000070ee00000, 0x000000070ee00000, 0x000000070f000000|  0%| F|  |TAMS 0x000000070ee00000, 0x000000070ee00000| Untracked 
| 108|0x000000070f000000, 0x000000070f000000, 0x000000070f200000|  0%| F|  |TAMS 0x000000070f000000, 0x000000070f000000| Untracked 
| 109|0x000000070f200000, 0x000000070f200000, 0x000000070f400000|  0%| F|  |TAMS 0x000000070f200000, 0x000000070f200000| Untracked 
| 110|0x000000070f400000, 0x000000070f600000, 0x000000070f600000|100%|HS|  |TAMS 0x000000070f600000, 0x000000070f400000| Untracked 
| 111|0x000000070f600000, 0x000000070f800000, 0x000000070f800000|100%|HC|  |TAMS 0x000000070f800000, 0x000000070f600000| Untracked 
| 112|0x000000070f800000, 0x000000070fa00000, 0x000000070fa00000|100%|HC|  |TAMS 0x000000070fa00000, 0x000000070f800000| Untracked 
| 113|0x000000070fa00000, 0x000000070fc00000, 0x000000070fc00000|100%|HC|  |TAMS 0x000000070fc00000, 0x000000070fa00000| Untracked 
| 114|0x000000070fc00000, 0x000000070fc00000, 0x000000070fe00000|  0%| F|  |TAMS 0x000000070fc00000, 0x000000070fc00000| Untracked 
| 115|0x000000070fe00000, 0x000000070fe00000, 0x0000000710000000|  0%| F|  |TAMS 0x000000070fe00000, 0x000000070fe00000| Untracked 
| 116|0x0000000710000000, 0x0000000710000000, 0x0000000710200000|  0%| F|  |TAMS 0x0000000710000000, 0x0000000710000000| Untracked 
| 117|0x0000000710200000, 0x0000000710400000, 0x0000000710400000|100%|HS|  |TAMS 0x0000000710400000, 0x0000000710200000| Untracked 
| 118|0x0000000710400000, 0x0000000710400000, 0x0000000710600000|  0%| F|  |TAMS 0x0000000710400000, 0x0000000710400000| Untracked 
| 119|0x0000000710600000, 0x0000000710600000, 0x0000000710800000|  0%| F|  |TAMS 0x0000000710600000, 0x0000000710600000| Untracked 
| 120|0x0000000710800000, 0x0000000710800000, 0x0000000710a00000|  0%| F|  |TAMS 0x0000000710800000, 0x0000000710800000| Untracked 
| 121|0x0000000710a00000, 0x0000000710a00000, 0x0000000710c00000|  0%| F|  |TAMS 0x0000000710a00000, 0x0000000710a00000| Untracked 
| 122|0x0000000710c00000, 0x0000000710c00000, 0x0000000710e00000|  0%| F|  |TAMS 0x0000000710c00000, 0x0000000710c00000| Untracked 
| 123|0x0000000710e00000, 0x0000000710e00000, 0x0000000711000000|  0%| F|  |TAMS 0x0000000710e00000, 0x0000000710e00000| Untracked 
| 124|0x0000000711000000, 0x0000000711000000, 0x0000000711200000|  0%| F|  |TAMS 0x0000000711000000, 0x0000000711000000| Untracked 
| 125|0x0000000711200000, 0x0000000711200000, 0x0000000711400000|  0%| F|  |TAMS 0x0000000711200000, 0x0000000711200000| Untracked 
| 126|0x0000000711400000, 0x0000000711400000, 0x0000000711600000|  0%| F|  |TAMS 0x0000000711400000, 0x0000000711400000| Untracked 
| 127|0x0000000711600000, 0x0000000711600000, 0x0000000711800000|  0%| F|  |TAMS 0x0000000711600000, 0x0000000711600000| Untracked 
| 128|0x0000000711800000, 0x0000000711800000, 0x0000000711a00000|  0%| F|  |TAMS 0x0000000711800000, 0x0000000711800000| Untracked 
| 129|0x0000000711a00000, 0x0000000711a00000, 0x0000000711c00000|  0%| F|  |TAMS 0x0000000711a00000, 0x0000000711a00000| Untracked 
| 130|0x0000000711c00000, 0x0000000711c00000, 0x0000000711e00000|  0%| F|  |TAMS 0x0000000711c00000, 0x0000000711c00000| Untracked 
| 131|0x0000000711e00000, 0x0000000711e00000, 0x0000000712000000|  0%| F|  |TAMS 0x0000000711e00000, 0x0000000711e00000| Untracked 
| 132|0x0000000712000000, 0x0000000712000000, 0x0000000712200000|  0%| F|  |TAMS 0x0000000712000000, 0x0000000712000000| Untracked 
| 133|0x0000000712200000, 0x0000000712200000, 0x0000000712400000|  0%| F|  |TAMS 0x0000000712200000, 0x0000000712200000| Untracked 
| 134|0x0000000712400000, 0x0000000712400000, 0x0000000712600000|  0%| F|  |TAMS 0x0000000712400000, 0x0000000712400000| Untracked 
| 135|0x0000000712600000, 0x0000000712600000, 0x0000000712800000|  0%| F|  |TAMS 0x0000000712600000, 0x0000000712600000| Untracked 
| 136|0x0000000712800000, 0x0000000712800000, 0x0000000712a00000|  0%| F|  |TAMS 0x0000000712800000, 0x0000000712800000| Untracked 
| 137|0x0000000712a00000, 0x0000000712a00000, 0x0000000712c00000|  0%| F|  |TAMS 0x0000000712a00000, 0x0000000712a00000| Untracked 
| 138|0x0000000712c00000, 0x0000000712c00000, 0x0000000712e00000|  0%| F|  |TAMS 0x0000000712c00000, 0x0000000712c00000| Untracked 
| 139|0x0000000712e00000, 0x0000000712e00000, 0x0000000713000000|  0%| F|  |TAMS 0x0000000712e00000, 0x0000000712e00000| Untracked 
| 140|0x0000000713000000, 0x0000000713000000, 0x0000000713200000|  0%| F|  |TAMS 0x0000000713000000, 0x0000000713000000| Untracked 
| 141|0x0000000713200000, 0x0000000713200000, 0x0000000713400000|  0%| F|  |TAMS 0x0000000713200000, 0x0000000713200000| Untracked 
| 142|0x0000000713400000, 0x0000000713400000, 0x0000000713600000|  0%| F|  |TAMS 0x0000000713400000, 0x0000000713400000| Untracked 
| 143|0x0000000713600000, 0x0000000713600000, 0x0000000713800000|  0%| F|  |TAMS 0x0000000713600000, 0x0000000713600000| Untracked 
| 144|0x0000000713800000, 0x0000000713800000, 0x0000000713a00000|  0%| F|  |TAMS 0x0000000713800000, 0x0000000713800000| Untracked 
| 145|0x0000000713a00000, 0x0000000713a00000, 0x0000000713c00000|  0%| F|  |TAMS 0x0000000713a00000, 0x0000000713a00000| Untracked 
| 146|0x0000000713c00000, 0x0000000713c00000, 0x0000000713e00000|  0%| F|  |TAMS 0x0000000713c00000, 0x0000000713c00000| Untracked 
| 147|0x0000000713e00000, 0x0000000713e00000, 0x0000000714000000|  0%| F|  |TAMS 0x0000000713e00000, 0x0000000713e00000| Untracked 
| 148|0x0000000714000000, 0x0000000714000000, 0x0000000714200000|  0%| F|  |TAMS 0x0000000714000000, 0x0000000714000000| Untracked 
| 149|0x0000000714200000, 0x0000000714200000, 0x0000000714400000|  0%| F|  |TAMS 0x0000000714200000, 0x0000000714200000| Untracked 
| 150|0x0000000714400000, 0x0000000714400000, 0x0000000714600000|  0%| F|  |TAMS 0x0000000714400000, 0x0000000714400000| Untracked 
| 151|0x0000000714600000, 0x0000000714600000, 0x0000000714800000|  0%| F|  |TAMS 0x0000000714600000, 0x0000000714600000| Untracked 
| 152|0x0000000714800000, 0x0000000714800000, 0x0000000714a00000|  0%| F|  |TAMS 0x0000000714800000, 0x0000000714800000| Untracked 
| 153|0x0000000714a00000, 0x0000000714a00000, 0x0000000714c00000|  0%| F|  |TAMS 0x0000000714a00000, 0x0000000714a00000| Untracked 
| 154|0x0000000714c00000, 0x0000000714c00000, 0x0000000714e00000|  0%| F|  |TAMS 0x0000000714c00000, 0x0000000714c00000| Untracked 
| 155|0x0000000714e00000, 0x0000000714e00000, 0x0000000715000000|  0%| F|  |TAMS 0x0000000714e00000, 0x0000000714e00000| Untracked 
| 156|0x0000000715000000, 0x0000000715000000, 0x0000000715200000|  0%| F|  |TAMS 0x0000000715000000, 0x0000000715000000| Untracked 
| 157|0x0000000715200000, 0x0000000715200000, 0x0000000715400000|  0%| F|  |TAMS 0x0000000715200000, 0x0000000715200000| Untracked 
| 158|0x0000000715400000, 0x0000000715400000, 0x0000000715600000|  0%| F|  |TAMS 0x0000000715400000, 0x0000000715400000| Untracked 
| 159|0x0000000715600000, 0x0000000715600000, 0x0000000715800000|  0%| F|  |TAMS 0x0000000715600000, 0x0000000715600000| Untracked 
| 160|0x0000000715800000, 0x0000000715800000, 0x0000000715a00000|  0%| F|  |TAMS 0x0000000715800000, 0x0000000715800000| Untracked 
| 161|0x0000000715a00000, 0x0000000715a00000, 0x0000000715c00000|  0%| F|  |TAMS 0x0000000715a00000, 0x0000000715a00000| Untracked 
| 162|0x0000000715c00000, 0x0000000715c00000, 0x0000000715e00000|  0%| F|  |TAMS 0x0000000715c00000, 0x0000000715c00000| Untracked 
| 163|0x0000000715e00000, 0x0000000715e00000, 0x0000000716000000|  0%| F|  |TAMS 0x0000000715e00000, 0x0000000715e00000| Untracked 
| 164|0x0000000716000000, 0x0000000716000000, 0x0000000716200000|  0%| F|  |TAMS 0x0000000716000000, 0x0000000716000000| Untracked 
| 165|0x0000000716200000, 0x0000000716200000, 0x0000000716400000|  0%| F|  |TAMS 0x0000000716200000, 0x0000000716200000| Untracked 
| 166|0x0000000716400000, 0x0000000716400000, 0x0000000716600000|  0%| F|  |TAMS 0x0000000716400000, 0x0000000716400000| Untracked 
| 167|0x0000000716600000, 0x0000000716600000, 0x0000000716800000|  0%| F|  |TAMS 0x0000000716600000, 0x0000000716600000| Untracked 
| 168|0x0000000716800000, 0x0000000716800000, 0x0000000716a00000|  0%| F|  |TAMS 0x0000000716800000, 0x0000000716800000| Untracked 
| 169|0x0000000716a00000, 0x0000000716a00000, 0x0000000716c00000|  0%| F|  |TAMS 0x0000000716a00000, 0x0000000716a00000| Untracked 
| 170|0x0000000716c00000, 0x0000000716c00000, 0x0000000716e00000|  0%| F|  |TAMS 0x0000000716c00000, 0x0000000716c00000| Untracked 
| 171|0x0000000716e00000, 0x0000000716e00000, 0x0000000717000000|  0%| F|  |TAMS 0x0000000716e00000, 0x0000000716e00000| Untracked 
| 172|0x0000000717000000, 0x0000000717000000, 0x0000000717200000|  0%| F|  |TAMS 0x0000000717000000, 0x0000000717000000| Untracked 
| 173|0x0000000717200000, 0x0000000717200000, 0x0000000717400000|  0%| F|  |TAMS 0x0000000717200000, 0x0000000717200000| Untracked 
| 174|0x0000000717400000, 0x0000000717400000, 0x0000000717600000|  0%| F|  |TAMS 0x0000000717400000, 0x0000000717400000| Untracked 
| 175|0x0000000717600000, 0x0000000717600000, 0x0000000717800000|  0%| F|  |TAMS 0x0000000717600000, 0x0000000717600000| Untracked 
| 176|0x0000000717800000, 0x0000000717800000, 0x0000000717a00000|  0%| F|  |TAMS 0x0000000717800000, 0x0000000717800000| Untracked 
| 177|0x0000000717a00000, 0x0000000717a00000, 0x0000000717c00000|  0%| F|  |TAMS 0x0000000717a00000, 0x0000000717a00000| Untracked 
| 178|0x0000000717c00000, 0x0000000717c00000, 0x0000000717e00000|  0%| F|  |TAMS 0x0000000717c00000, 0x0000000717c00000| Untracked 
| 179|0x0000000717e00000, 0x0000000717e00000, 0x0000000718000000|  0%| F|  |TAMS 0x0000000717e00000, 0x0000000717e00000| Untracked 
| 180|0x0000000718000000, 0x0000000718000000, 0x0000000718200000|  0%| F|  |TAMS 0x0000000718000000, 0x0000000718000000| Untracked 
| 181|0x0000000718200000, 0x0000000718200000, 0x0000000718400000|  0%| F|  |TAMS 0x0000000718200000, 0x0000000718200000| Untracked 
| 182|0x0000000718400000, 0x0000000718400000, 0x0000000718600000|  0%| F|  |TAMS 0x0000000718400000, 0x0000000718400000| Untracked 
| 183|0x0000000718600000, 0x0000000718600000, 0x0000000718800000|  0%| F|  |TAMS 0x0000000718600000, 0x0000000718600000| Untracked 
| 184|0x0000000718800000, 0x0000000718800000, 0x0000000718a00000|  0%| F|  |TAMS 0x0000000718800000, 0x0000000718800000| Untracked 
| 185|0x0000000718a00000, 0x0000000718a00000, 0x0000000718c00000|  0%| F|  |TAMS 0x0000000718a00000, 0x0000000718a00000| Untracked 
| 186|0x0000000718c00000, 0x0000000718c00000, 0x0000000718e00000|  0%| F|  |TAMS 0x0000000718c00000, 0x0000000718c00000| Untracked 
| 187|0x0000000718e00000, 0x0000000718e00000, 0x0000000719000000|  0%| F|  |TAMS 0x0000000718e00000, 0x0000000718e00000| Untracked 
| 188|0x0000000719000000, 0x0000000719000000, 0x0000000719200000|  0%| F|  |TAMS 0x0000000719000000, 0x0000000719000000| Untracked 
| 189|0x0000000719200000, 0x0000000719200000, 0x0000000719400000|  0%| F|  |TAMS 0x0000000719200000, 0x0000000719200000| Untracked 
| 190|0x0000000719400000, 0x0000000719400000, 0x0000000719600000|  0%| F|  |TAMS 0x0000000719400000, 0x0000000719400000| Untracked 
| 191|0x0000000719600000, 0x0000000719600000, 0x0000000719800000|  0%| F|  |TAMS 0x0000000719600000, 0x0000000719600000| Untracked 
| 192|0x0000000719800000, 0x0000000719800000, 0x0000000719a00000|  0%| F|  |TAMS 0x0000000719800000, 0x0000000719800000| Untracked 
| 193|0x0000000719a00000, 0x0000000719a00000, 0x0000000719c00000|  0%| F|  |TAMS 0x0000000719a00000, 0x0000000719a00000| Untracked 
| 194|0x0000000719c00000, 0x0000000719c00000, 0x0000000719e00000|  0%| F|  |TAMS 0x0000000719c00000, 0x0000000719c00000| Untracked 
| 195|0x0000000719e00000, 0x0000000719e00000, 0x000000071a000000|  0%| F|  |TAMS 0x0000000719e00000, 0x0000000719e00000| Untracked 
| 196|0x000000071a000000, 0x000000071a000000, 0x000000071a200000|  0%| F|  |TAMS 0x000000071a000000, 0x000000071a000000| Untracked 
| 197|0x000000071a200000, 0x000000071a200000, 0x000000071a400000|  0%| F|  |TAMS 0x000000071a200000, 0x000000071a200000| Untracked 
| 198|0x000000071a400000, 0x000000071a400000, 0x000000071a600000|  0%| F|  |TAMS 0x000000071a400000, 0x000000071a400000| Untracked 
| 199|0x000000071a600000, 0x000000071a600000, 0x000000071a800000|  0%| F|  |TAMS 0x000000071a600000, 0x000000071a600000| Untracked 
| 200|0x000000071a800000, 0x000000071a800000, 0x000000071aa00000|  0%| F|  |TAMS 0x000000071a800000, 0x000000071a800000| Untracked 
| 201|0x000000071aa00000, 0x000000071aa00000, 0x000000071ac00000|  0%| F|  |TAMS 0x000000071aa00000, 0x000000071aa00000| Untracked 
| 202|0x000000071ac00000, 0x000000071ac00000, 0x000000071ae00000|  0%| F|  |TAMS 0x000000071ac00000, 0x000000071ac00000| Untracked 
| 203|0x000000071ae00000, 0x000000071ae00000, 0x000000071b000000|  0%| F|  |TAMS 0x000000071ae00000, 0x000000071ae00000| Untracked 
| 204|0x000000071b000000, 0x000000071b000000, 0x000000071b200000|  0%| F|  |TAMS 0x000000071b000000, 0x000000071b000000| Untracked 
| 205|0x000000071b200000, 0x000000071b200000, 0x000000071b400000|  0%| F|  |TAMS 0x000000071b200000, 0x000000071b200000| Untracked 
| 206|0x000000071b400000, 0x000000071b400000, 0x000000071b600000|  0%| F|  |TAMS 0x000000071b400000, 0x000000071b400000| Untracked 
| 207|0x000000071b600000, 0x000000071b600000, 0x000000071b800000|  0%| F|  |TAMS 0x000000071b600000, 0x000000071b600000| Untracked 
| 208|0x000000071b800000, 0x000000071b800000, 0x000000071ba00000|  0%| F|  |TAMS 0x000000071b800000, 0x000000071b800000| Untracked 
| 209|0x000000071ba00000, 0x000000071ba00000, 0x000000071bc00000|  0%| F|  |TAMS 0x000000071ba00000, 0x000000071ba00000| Untracked 
| 210|0x000000071bc00000, 0x000000071bc00000, 0x000000071be00000|  0%| F|  |TAMS 0x000000071bc00000, 0x000000071bc00000| Untracked 
| 211|0x000000071be00000, 0x000000071be00000, 0x000000071c000000|  0%| F|  |TAMS 0x000000071be00000, 0x000000071be00000| Untracked 
| 212|0x000000071c000000, 0x000000071c000000, 0x000000071c200000|  0%| F|  |TAMS 0x000000071c000000, 0x000000071c000000| Untracked 
| 213|0x000000071c200000, 0x000000071c200000, 0x000000071c400000|  0%| F|  |TAMS 0x000000071c200000, 0x000000071c200000| Untracked 
| 214|0x000000071c400000, 0x000000071c400000, 0x000000071c600000|  0%| F|  |TAMS 0x000000071c400000, 0x000000071c400000| Untracked 
| 215|0x000000071c600000, 0x000000071c600000, 0x000000071c800000|  0%| F|  |TAMS 0x000000071c600000, 0x000000071c600000| Untracked 
| 216|0x000000071c800000, 0x000000071c800000, 0x000000071ca00000|  0%| F|  |TAMS 0x000000071c800000, 0x000000071c800000| Untracked 
| 217|0x000000071ca00000, 0x000000071ca00000, 0x000000071cc00000|  0%| F|  |TAMS 0x000000071ca00000, 0x000000071ca00000| Untracked 
| 218|0x000000071cc00000, 0x000000071cc00000, 0x000000071ce00000|  0%| F|  |TAMS 0x000000071cc00000, 0x000000071cc00000| Untracked 
| 219|0x000000071ce00000, 0x000000071ce00000, 0x000000071d000000|  0%| F|  |TAMS 0x000000071ce00000, 0x000000071ce00000| Untracked 
| 220|0x000000071d000000, 0x000000071d000000, 0x000000071d200000|  0%| F|  |TAMS 0x000000071d000000, 0x000000071d000000| Untracked 
| 221|0x000000071d200000, 0x000000071d200000, 0x000000071d400000|  0%| F|  |TAMS 0x000000071d200000, 0x000000071d200000| Untracked 
| 222|0x000000071d400000, 0x000000071d400000, 0x000000071d600000|  0%| F|  |TAMS 0x000000071d400000, 0x000000071d400000| Untracked 
| 223|0x000000071d600000, 0x000000071d600000, 0x000000071d800000|  0%| F|  |TAMS 0x000000071d600000, 0x000000071d600000| Untracked 
| 224|0x000000071d800000, 0x000000071d800000, 0x000000071da00000|  0%| F|  |TAMS 0x000000071d800000, 0x000000071d800000| Untracked 
| 225|0x000000071da00000, 0x000000071da00000, 0x000000071dc00000|  0%| F|  |TAMS 0x000000071da00000, 0x000000071da00000| Untracked 
| 226|0x000000071dc00000, 0x000000071dc00000, 0x000000071de00000|  0%| F|  |TAMS 0x000000071dc00000, 0x000000071dc00000| Untracked 
| 227|0x000000071de00000, 0x000000071de00000, 0x000000071e000000|  0%| F|  |TAMS 0x000000071de00000, 0x000000071de00000| Untracked 
| 228|0x000000071e000000, 0x000000071e000000, 0x000000071e200000|  0%| F|  |TAMS 0x000000071e000000, 0x000000071e000000| Untracked 
| 229|0x000000071e200000, 0x000000071e200000, 0x000000071e400000|  0%| F|  |TAMS 0x000000071e200000, 0x000000071e200000| Untracked 
| 230|0x000000071e400000, 0x000000071e400000, 0x000000071e600000|  0%| F|  |TAMS 0x000000071e400000, 0x000000071e400000| Untracked 
| 231|0x000000071e600000, 0x000000071e600000, 0x000000071e800000|  0%| F|  |TAMS 0x000000071e600000, 0x000000071e600000| Untracked 
| 232|0x000000071e800000, 0x000000071e800000, 0x000000071ea00000|  0%| F|  |TAMS 0x000000071e800000, 0x000000071e800000| Untracked 
| 233|0x000000071ea00000, 0x000000071ea00000, 0x000000071ec00000|  0%| F|  |TAMS 0x000000071ea00000, 0x000000071ea00000| Untracked 
| 234|0x000000071ec00000, 0x000000071ec00000, 0x000000071ee00000|  0%| F|  |TAMS 0x000000071ec00000, 0x000000071ec00000| Untracked 
| 235|0x000000071ee00000, 0x000000071ee00000, 0x000000071f000000|  0%| F|  |TAMS 0x000000071ee00000, 0x000000071ee00000| Untracked 
| 236|0x000000071f000000, 0x000000071f000000, 0x000000071f200000|  0%| F|  |TAMS 0x000000071f000000, 0x000000071f000000| Untracked 
| 237|0x000000071f200000, 0x000000071f200000, 0x000000071f400000|  0%| F|  |TAMS 0x000000071f200000, 0x000000071f200000| Untracked 
| 238|0x000000071f400000, 0x000000071f400000, 0x000000071f600000|  0%| F|  |TAMS 0x000000071f400000, 0x000000071f400000| Untracked 
| 239|0x000000071f600000, 0x000000071f600000, 0x000000071f800000|  0%| F|  |TAMS 0x000000071f600000, 0x000000071f600000| Untracked 
| 240|0x000000071f800000, 0x000000071f800000, 0x000000071fa00000|  0%| F|  |TAMS 0x000000071f800000, 0x000000071f800000| Untracked 
| 241|0x000000071fa00000, 0x000000071fa00000, 0x000000071fc00000|  0%| F|  |TAMS 0x000000071fa00000, 0x000000071fa00000| Untracked 
| 242|0x000000071fc00000, 0x000000071fc00000, 0x000000071fe00000|  0%| F|  |TAMS 0x000000071fc00000, 0x000000071fc00000| Untracked 
| 243|0x000000071fe00000, 0x000000071fe00000, 0x0000000720000000|  0%| F|  |TAMS 0x000000071fe00000, 0x000000071fe00000| Untracked 
| 244|0x0000000720000000, 0x0000000720000000, 0x0000000720200000|  0%| F|  |TAMS 0x0000000720000000, 0x0000000720000000| Untracked 
| 245|0x0000000720200000, 0x0000000720200000, 0x0000000720400000|  0%| F|  |TAMS 0x0000000720200000, 0x0000000720200000| Untracked 
| 246|0x0000000720400000, 0x0000000720400000, 0x0000000720600000|  0%| F|  |TAMS 0x0000000720400000, 0x0000000720400000| Untracked 
| 247|0x0000000720600000, 0x0000000720600000, 0x0000000720800000|  0%| F|  |TAMS 0x0000000720600000, 0x0000000720600000| Untracked 
| 248|0x0000000720800000, 0x0000000720800000, 0x0000000720a00000|  0%| F|  |TAMS 0x0000000720800000, 0x0000000720800000| Untracked 
| 249|0x0000000720a00000, 0x0000000720a00000, 0x0000000720c00000|  0%| F|  |TAMS 0x0000000720a00000, 0x0000000720a00000| Untracked 
| 250|0x0000000720c00000, 0x0000000720c00000, 0x0000000720e00000|  0%| F|  |TAMS 0x0000000720c00000, 0x0000000720c00000| Untracked 
| 251|0x0000000720e00000, 0x0000000720e00000, 0x0000000721000000|  0%| F|  |TAMS 0x0000000720e00000, 0x0000000720e00000| Untracked 
| 252|0x0000000721000000, 0x0000000721000000, 0x0000000721200000|  0%| F|  |TAMS 0x0000000721000000, 0x0000000721000000| Untracked 
| 253|0x0000000721200000, 0x0000000721200000, 0x0000000721400000|  0%| F|  |TAMS 0x0000000721200000, 0x0000000721200000| Untracked 
| 254|0x0000000721400000, 0x0000000721400000, 0x0000000721600000|  0%| F|  |TAMS 0x0000000721400000, 0x0000000721400000| Untracked 
| 255|0x0000000721600000, 0x0000000721600000, 0x0000000721800000|  0%| F|  |TAMS 0x0000000721600000, 0x0000000721600000| Untracked 
| 256|0x0000000721800000, 0x0000000721800000, 0x0000000721a00000|  0%| F|  |TAMS 0x0000000721800000, 0x0000000721800000| Untracked 
| 257|0x0000000721a00000, 0x0000000721a00000, 0x0000000721c00000|  0%| F|  |TAMS 0x0000000721a00000, 0x0000000721a00000| Untracked 
| 258|0x0000000721c00000, 0x0000000721c00000, 0x0000000721e00000|  0%| F|  |TAMS 0x0000000721c00000, 0x0000000721c00000| Untracked 
| 259|0x0000000721e00000, 0x0000000721e00000, 0x0000000722000000|  0%| F|  |TAMS 0x0000000721e00000, 0x0000000721e00000| Untracked 
| 260|0x0000000722000000, 0x0000000722000000, 0x0000000722200000|  0%| F|  |TAMS 0x0000000722000000, 0x0000000722000000| Untracked 
| 261|0x0000000722200000, 0x0000000722200000, 0x0000000722400000|  0%| F|  |TAMS 0x0000000722200000, 0x0000000722200000| Untracked 
| 262|0x0000000722400000, 0x0000000722400000, 0x0000000722600000|  0%| F|  |TAMS 0x0000000722400000, 0x0000000722400000| Untracked 
| 263|0x0000000722600000, 0x0000000722600000, 0x0000000722800000|  0%| F|  |TAMS 0x0000000722600000, 0x0000000722600000| Untracked 
| 264|0x0000000722800000, 0x0000000722800000, 0x0000000722a00000|  0%| F|  |TAMS 0x0000000722800000, 0x0000000722800000| Untracked 
| 265|0x0000000722a00000, 0x0000000722a00000, 0x0000000722c00000|  0%| F|  |TAMS 0x0000000722a00000, 0x0000000722a00000| Untracked 
| 266|0x0000000722c00000, 0x0000000722c00000, 0x0000000722e00000|  0%| F|  |TAMS 0x0000000722c00000, 0x0000000722c00000| Untracked 
| 267|0x0000000722e00000, 0x0000000722e00000, 0x0000000723000000|  0%| F|  |TAMS 0x0000000722e00000, 0x0000000722e00000| Untracked 
| 268|0x0000000723000000, 0x0000000723000000, 0x0000000723200000|  0%| F|  |TAMS 0x0000000723000000, 0x0000000723000000| Untracked 
| 269|0x0000000723200000, 0x0000000723200000, 0x0000000723400000|  0%| F|  |TAMS 0x0000000723200000, 0x0000000723200000| Untracked 
| 270|0x0000000723400000, 0x0000000723400000, 0x0000000723600000|  0%| F|  |TAMS 0x0000000723400000, 0x0000000723400000| Untracked 
| 271|0x0000000723600000, 0x0000000723600000, 0x0000000723800000|  0%| F|  |TAMS 0x0000000723600000, 0x0000000723600000| Untracked 
| 272|0x0000000723800000, 0x0000000723800000, 0x0000000723a00000|  0%| F|  |TAMS 0x0000000723800000, 0x0000000723800000| Untracked 
| 273|0x0000000723a00000, 0x0000000723a00000, 0x0000000723c00000|  0%| F|  |TAMS 0x0000000723a00000, 0x0000000723a00000| Untracked 
| 274|0x0000000723c00000, 0x0000000723c00000, 0x0000000723e00000|  0%| F|  |TAMS 0x0000000723c00000, 0x0000000723c00000| Untracked 
| 275|0x0000000723e00000, 0x0000000723e00000, 0x0000000724000000|  0%| F|  |TAMS 0x0000000723e00000, 0x0000000723e00000| Untracked 
| 276|0x0000000724000000, 0x0000000724000000, 0x0000000724200000|  0%| F|  |TAMS 0x0000000724000000, 0x0000000724000000| Untracked 
| 277|0x0000000724200000, 0x0000000724200000, 0x0000000724400000|  0%| F|  |TAMS 0x0000000724200000, 0x0000000724200000| Untracked 
| 278|0x0000000724400000, 0x0000000724400000, 0x0000000724600000|  0%| F|  |TAMS 0x0000000724400000, 0x0000000724400000| Untracked 
| 279|0x0000000724600000, 0x0000000724600000, 0x0000000724800000|  0%| F|  |TAMS 0x0000000724600000, 0x0000000724600000| Untracked 
| 280|0x0000000724800000, 0x0000000724800000, 0x0000000724a00000|  0%| F|  |TAMS 0x0000000724800000, 0x0000000724800000| Untracked 
| 281|0x0000000724a00000, 0x0000000724a00000, 0x0000000724c00000|  0%| F|  |TAMS 0x0000000724a00000, 0x0000000724a00000| Untracked 
| 282|0x0000000724c00000, 0x0000000724c00000, 0x0000000724e00000|  0%| F|  |TAMS 0x0000000724c00000, 0x0000000724c00000| Untracked 
| 283|0x0000000724e00000, 0x0000000724e00000, 0x0000000725000000|  0%| F|  |TAMS 0x0000000724e00000, 0x0000000724e00000| Untracked 
| 284|0x0000000725000000, 0x0000000725000000, 0x0000000725200000|  0%| F|  |TAMS 0x0000000725000000, 0x0000000725000000| Untracked 
| 285|0x0000000725200000, 0x0000000725200000, 0x0000000725400000|  0%| F|  |TAMS 0x0000000725200000, 0x0000000725200000| Untracked 
| 286|0x0000000725400000, 0x0000000725400000, 0x0000000725600000|  0%| F|  |TAMS 0x0000000725400000, 0x0000000725400000| Untracked 
| 287|0x0000000725600000, 0x0000000725600000, 0x0000000725800000|  0%| F|  |TAMS 0x0000000725600000, 0x0000000725600000| Untracked 
| 288|0x0000000725800000, 0x0000000725800000, 0x0000000725a00000|  0%| F|  |TAMS 0x0000000725800000, 0x0000000725800000| Untracked 
| 289|0x0000000725a00000, 0x0000000725a00000, 0x0000000725c00000|  0%| F|  |TAMS 0x0000000725a00000, 0x0000000725a00000| Untracked 
| 290|0x0000000725c00000, 0x0000000725c00000, 0x0000000725e00000|  0%| F|  |TAMS 0x0000000725c00000, 0x0000000725c00000| Untracked 
| 291|0x0000000725e00000, 0x0000000725e00000, 0x0000000726000000|  0%| F|  |TAMS 0x0000000725e00000, 0x0000000725e00000| Untracked 
| 292|0x0000000726000000, 0x0000000726000000, 0x0000000726200000|  0%| F|  |TAMS 0x0000000726000000, 0x0000000726000000| Untracked 
| 293|0x0000000726200000, 0x0000000726200000, 0x0000000726400000|  0%| F|  |TAMS 0x0000000726200000, 0x0000000726200000| Untracked 
| 294|0x0000000726400000, 0x0000000726400000, 0x0000000726600000|  0%| F|  |TAMS 0x0000000726400000, 0x0000000726400000| Untracked 
| 295|0x0000000726600000, 0x0000000726600000, 0x0000000726800000|  0%| F|  |TAMS 0x0000000726600000, 0x0000000726600000| Untracked 
| 296|0x0000000726800000, 0x0000000726800000, 0x0000000726a00000|  0%| F|  |TAMS 0x0000000726800000, 0x0000000726800000| Untracked 
| 297|0x0000000726a00000, 0x0000000726a00000, 0x0000000726c00000|  0%| F|  |TAMS 0x0000000726a00000, 0x0000000726a00000| Untracked 
| 298|0x0000000726c00000, 0x0000000726c00000, 0x0000000726e00000|  0%| F|  |TAMS 0x0000000726c00000, 0x0000000726c00000| Untracked 
| 299|0x0000000726e00000, 0x0000000726e00000, 0x0000000727000000|  0%| F|  |TAMS 0x0000000726e00000, 0x0000000726e00000| Untracked 
| 300|0x0000000727000000, 0x0000000727000000, 0x0000000727200000|  0%| F|  |TAMS 0x0000000727000000, 0x0000000727000000| Untracked 
| 301|0x0000000727200000, 0x0000000727200000, 0x0000000727400000|  0%| F|  |TAMS 0x0000000727200000, 0x0000000727200000| Untracked 
| 302|0x0000000727400000, 0x0000000727400000, 0x0000000727600000|  0%| F|  |TAMS 0x0000000727400000, 0x0000000727400000| Untracked 
| 303|0x0000000727600000, 0x0000000727600000, 0x0000000727800000|  0%| F|  |TAMS 0x0000000727600000, 0x0000000727600000| Untracked 
| 304|0x0000000727800000, 0x0000000727800000, 0x0000000727a00000|  0%| F|  |TAMS 0x0000000727800000, 0x0000000727800000| Untracked 
| 305|0x0000000727a00000, 0x0000000727a00000, 0x0000000727c00000|  0%| F|  |TAMS 0x0000000727a00000, 0x0000000727a00000| Untracked 
| 306|0x0000000727c00000, 0x0000000727c00000, 0x0000000727e00000|  0%| F|  |TAMS 0x0000000727c00000, 0x0000000727c00000| Untracked 
| 307|0x0000000727e00000, 0x0000000727e00000, 0x0000000728000000|  0%| F|  |TAMS 0x0000000727e00000, 0x0000000727e00000| Untracked 
| 308|0x0000000728000000, 0x0000000728000000, 0x0000000728200000|  0%| F|  |TAMS 0x0000000728000000, 0x0000000728000000| Untracked 
| 309|0x0000000728200000, 0x0000000728200000, 0x0000000728400000|  0%| F|  |TAMS 0x0000000728200000, 0x0000000728200000| Untracked 
| 310|0x0000000728400000, 0x0000000728400000, 0x0000000728600000|  0%| F|  |TAMS 0x0000000728400000, 0x0000000728400000| Untracked 
| 311|0x0000000728600000, 0x0000000728600000, 0x0000000728800000|  0%| F|  |TAMS 0x0000000728600000, 0x0000000728600000| Untracked 
| 312|0x0000000728800000, 0x0000000728800000, 0x0000000728a00000|  0%| F|  |TAMS 0x0000000728800000, 0x0000000728800000| Untracked 
| 313|0x0000000728a00000, 0x0000000728a00000, 0x0000000728c00000|  0%| F|  |TAMS 0x0000000728a00000, 0x0000000728a00000| Untracked 
| 314|0x0000000728c00000, 0x0000000728c00000, 0x0000000728e00000|  0%| F|  |TAMS 0x0000000728c00000, 0x0000000728c00000| Untracked 
| 315|0x0000000728e00000, 0x0000000728e00000, 0x0000000729000000|  0%| F|  |TAMS 0x0000000728e00000, 0x0000000728e00000| Untracked 
| 316|0x0000000729000000, 0x0000000729000000, 0x0000000729200000|  0%| F|  |TAMS 0x0000000729000000, 0x0000000729000000| Untracked 
| 317|0x0000000729200000, 0x0000000729200000, 0x0000000729400000|  0%| F|  |TAMS 0x0000000729200000, 0x0000000729200000| Untracked 
| 318|0x0000000729400000, 0x0000000729400000, 0x0000000729600000|  0%| F|  |TAMS 0x0000000729400000, 0x0000000729400000| Untracked 
| 319|0x0000000729600000, 0x0000000729600000, 0x0000000729800000|  0%| F|  |TAMS 0x0000000729600000, 0x0000000729600000| Untracked 
| 320|0x0000000729800000, 0x0000000729800000, 0x0000000729a00000|  0%| F|  |TAMS 0x0000000729800000, 0x0000000729800000| Untracked 
| 321|0x0000000729a00000, 0x0000000729a00000, 0x0000000729c00000|  0%| F|  |TAMS 0x0000000729a00000, 0x0000000729a00000| Untracked 
| 322|0x0000000729c00000, 0x0000000729c00000, 0x0000000729e00000|  0%| F|  |TAMS 0x0000000729c00000, 0x0000000729c00000| Untracked 
| 323|0x0000000729e00000, 0x0000000729e92f80, 0x000000072a000000| 28%| E|  |TAMS 0x0000000729e00000, 0x0000000729e00000| Complete 
| 324|0x000000072a000000, 0x000000072a200000, 0x000000072a200000|100%| E|CS|TAMS 0x000000072a000000, 0x000000072a000000| Complete 
| 325|0x000000072a200000, 0x000000072a400000, 0x000000072a400000|100%| E|CS|TAMS 0x000000072a200000, 0x000000072a200000| Complete 
| 326|0x000000072a400000, 0x000000072a600000, 0x000000072a600000|100%| E|CS|TAMS 0x000000072a400000, 0x000000072a400000| Complete 
| 327|0x000000072a600000, 0x000000072a800000, 0x000000072a800000|100%| E|CS|TAMS 0x000000072a600000, 0x000000072a600000| Complete 
| 328|0x000000072a800000, 0x000000072aa00000, 0x000000072aa00000|100%| E|CS|TAMS 0x000000072a800000, 0x000000072a800000| Complete 
| 329|0x000000072aa00000, 0x000000072ac00000, 0x000000072ac00000|100%| E|CS|TAMS 0x000000072aa00000, 0x000000072aa00000| Complete 
| 330|0x000000072ac00000, 0x000000072ae00000, 0x000000072ae00000|100%| E|CS|TAMS 0x000000072ac00000, 0x000000072ac00000| Complete 
| 331|0x000000072ae00000, 0x000000072b000000, 0x000000072b000000|100%| E|CS|TAMS 0x000000072ae00000, 0x000000072ae00000| Complete 
| 332|0x000000072b000000, 0x000000072b200000, 0x000000072b200000|100%| E|CS|TAMS 0x000000072b000000, 0x000000072b000000| Complete 
| 333|0x000000072b200000, 0x000000072b400000, 0x000000072b400000|100%| E|CS|TAMS 0x000000072b200000, 0x000000072b200000| Complete 
| 334|0x000000072b400000, 0x000000072b600000, 0x000000072b600000|100%| E|CS|TAMS 0x000000072b400000, 0x000000072b400000| Complete 
| 335|0x000000072b600000, 0x000000072b800000, 0x000000072b800000|100%| E|CS|TAMS 0x000000072b600000, 0x000000072b600000| Complete 
| 354|0x000000072dc00000, 0x000000072de00000, 0x000000072de00000|100%| E|CS|TAMS 0x000000072dc00000, 0x000000072dc00000| Complete 

Card table byte_map: [0x0000027079e10000,0x000002707a610000] _byte_map_base: 0x0000027076604000

Marking Bits (Prev, Next): (CMBitMap*) 0x0000027079138f90, (CMBitMap*) 0x0000027079138fd0
 Prev Bits: [0x000002707ae10000, 0x000002707edb0000)
 Next Bits: [0x0000027016a20000, 0x000002701a9c0000)

Polling page: 0x000002706ea80000

Metaspace:

Usage:
  Non-class:     79.70 MB used.
      Class:     12.66 MB used.
       Both:     92.36 MB used.

Virtual space:
  Non-class space:      128.00 MB reserved,      80.00 MB ( 62%) committed,  2 nodes.
      Class space:        1.00 GB reserved,      13.00 MB (  1%) committed,  1 nodes.
             Both:        1.12 GB reserved,      93.00 MB (  8%) committed. 

Chunk freelists:
   Non-Class:  15.72 MB
       Class:  2.97 MB
        Both:  18.69 MB

MaxMetaspaceSize: unlimited
CompressedClassSpaceSize: 1.00 GB
Initial GC threshold: 21.00 MB
Current GC threshold: 155.00 MB
CDS: on
MetaspaceReclaimPolicy: balanced
 - commit_granule_bytes: 65536.
 - commit_granule_words: 8192.
 - virtual_space_node_default_size: 8388608.
 - enlarge_chunks_in_place: 1.
 - new_chunks_are_fully_committed: 0.
 - uncommit_free_chunks: 1.
 - use_allocation_guard: 0.
 - handle_deallocations: 1.


Internal statistics:

num_allocs_failed_limit: 6.
num_arena_births: 1722.
num_arena_deaths: 978.
num_vsnodes_births: 3.
num_vsnodes_deaths: 0.
num_space_committed: 1482.
num_space_uncommitted: 0.
num_chunks_returned_to_freelist: 1174.
num_chunks_taken_from_freelist: 4677.
num_chunk_merges: 440.
num_chunk_splits: 3126.
num_chunks_enlarged: 2238.
num_inconsistent_stats: 0.

CodeHeap 'non-profiled nmethods': size=120000Kb used=33061Kb max_used=33061Kb free=86938Kb
 bounds [0x000002700f4f0000, 0x0000027011540000, 0x0000027016a20000]
CodeHeap 'profiled nmethods': size=120000Kb used=45136Kb max_used=45136Kb free=74863Kb
 bounds [0x0000027007a20000, 0x000002700a640000, 0x000002700ef50000]
CodeHeap 'non-nmethods': size=5760Kb used=1701Kb max_used=1810Kb free=4058Kb
 bounds [0x000002700ef50000, 0x000002700f1c0000, 0x000002700f4f0000]
 total_blobs=23479 nmethods=22346 adapters=1038
 compilation: enabled
              stopped_count=0, restarted_count=0
 full_count=0

Compilation events (20 events):
Event: 17438.113 Thread 0x00000270793a4e50 30943       4       com.jidesoft.margin.AbstractMargin::getPreferredSize (36 bytes)
Event: 17438.115 Thread 0x00000270793a4e50 nmethod 30943 0x0000027011534890 code [0x0000027011534a20, 0x0000027011534c78]
Event: 17438.175 Thread 0x00000270793a4e50 30944       4       com.jidesoft.grid.CellSpanTable::columnAdded (25 bytes)
Event: 17438.176 Thread 0x00000270793a4e50 nmethod 30944 0x0000027011534d90 code [0x0000027011534f20, 0x0000027011535058]
Event: 17438.284 Thread 0x00000270793a6370 30945       3       ui.views.P.h.b::krd (92 bytes)
Event: 17438.285 Thread 0x00000270793a6370 nmethod 30945 0x000002700a636190 code [0x000002700a636420, 0x000002700a637518]
Event: 17438.285 Thread 0x00000270793a6370 30946       3       ui.views.P.h.b::a (35 bytes)
Event: 17438.286 Thread 0x00000270793a6370 nmethod 30946 0x000002700a637910 code [0x000002700a637b80, 0x000002700a638898]
Event: 17438.286 Thread 0x00000270793a6370 30947       3       ui.views.P.h.a::<init> (8 bytes)
Event: 17438.286 Thread 0x00000270793a6370 nmethod 30947 0x000002700a638d10 code [0x000002700a638f00, 0x000002700a639628]
Event: 17438.296 Thread 0x00000270793a4e50 30948       4       ui.utils.i.i.P::tableChanged (47 bytes)
Event: 17438.317 Thread 0x00000270793a4e50 nmethod 30948 0x0000027011535290 code [0x0000027011535500, 0x0000027011536590]
Event: 17438.335 Thread 0x00000270793a6370 30949       1       javax.swing.table.JTableHeader::getUIClassID (4 bytes)
Event: 17438.335 Thread 0x00000270793a6370 nmethod 30949 0x0000027011537010 code [0x00000270115371a0, 0x0000027011537278]
Event: 17438.365 Thread 0x00000270793a6370 30950       3       ui.utils.swing.n.c.f::addNotify (24 bytes)
Event: 17438.366 Thread 0x00000270793a6370 nmethod 30950 0x000002700a639890 code [0x000002700a639ba0, 0x000002700a63ae98]
Event: 17438.891 Thread 0x00000270793a6370 30951       3       ui.views.x.a.l::jZL (26 bytes)
Event: 17438.892 Thread 0x00000270793a6370 nmethod 30951 0x000002700a63b490 code [0x000002700a63b620, 0x000002700a63b7d8]
Event: 17441.668 Thread 0x00000270793a4e50 30952       4       javax.swing.JPopupMenu::add (19 bytes)
Event: 17441.711 Thread 0x00000270793a4e50 nmethod 30952 0x0000027011537310 code [0x0000027011537580, 0x0000027011538b10]

GC Heap History (20 events):
Event: 17389.677 GC heap before
{Heap before GC invocations=2693 (full 246):
 garbage-first heap   total 690176K, used 314883K [0x0000000701800000, 0x0000000800000000)
  region size 2048K, 40 young (81920K), 2 survivors (4096K)
 Metaspace       used 94551K, committed 95168K, reserved 1179648K
  class space    used 12963K, committed 13312K, reserved 1048576K
}
Event: 17389.681 GC heap after
{Heap after GC invocations=2694 (full 246):
 garbage-first heap   total 690176K, used 237657K [0x0000000701800000, 0x0000000800000000)
  region size 2048K, 2 young (4096K), 2 survivors (4096K)
 Metaspace       used 94551K, committed 95168K, reserved 1179648K
  class space    used 12963K, committed 13312K, reserved 1048576K
}
Event: 17390.707 GC heap before
{Heap before GC invocations=2694 (full 246):
 garbage-first heap   total 690176K, used 315481K [0x0000000701800000, 0x0000000800000000)
  region size 2048K, 40 young (81920K), 2 survivors (4096K)
 Metaspace       used 94553K, committed 95232K, reserved 1179648K
  class space    used 12963K, committed 13312K, reserved 1048576K
}
Event: 17390.711 GC heap after
{Heap after GC invocations=2695 (full 246):
 garbage-first heap   total 690176K, used 236928K [0x0000000701800000, 0x0000000800000000)
  region size 2048K, 2 young (4096K), 2 survivors (4096K)
 Metaspace       used 94553K, committed 95232K, reserved 1179648K
  class space    used 12963K, committed 13312K, reserved 1048576K
}
Event: 17390.909 GC heap before
{Heap before GC invocations=2695 (full 246):
 garbage-first heap   total 690176K, used 314752K [0x0000000701800000, 0x0000000800000000)
  region size 2048K, 40 young (81920K), 2 survivors (4096K)
 Metaspace       used 94553K, committed 95232K, reserved 1179648K
  class space    used 12963K, committed 13312K, reserved 1048576K
}
Event: 17390.911 GC heap after
{Heap after GC invocations=2696 (full 246):
 garbage-first heap   total 690176K, used 236816K [0x0000000701800000, 0x0000000800000000)
  region size 2048K, 2 young (4096K), 2 survivors (4096K)
 Metaspace       used 94553K, committed 95232K, reserved 1179648K
  class space    used 12963K, committed 13312K, reserved 1048576K
}
Event: 17391.321 GC heap before
{Heap before GC invocations=2696 (full 246):
 garbage-first heap   total 690176K, used 322832K [0x0000000701800000, 0x0000000800000000)
  region size 2048K, 40 young (81920K), 2 survivors (4096K)
 Metaspace       used 94553K, committed 95232K, reserved 1179648K
  class space    used 12963K, committed 13312K, reserved 1048576K
}
Event: 17391.334 GC heap after
{Heap after GC invocations=2697 (full 246):
 garbage-first heap   total 690176K, used 252007K [0x0000000701800000, 0x0000000800000000)
  region size 2048K, 5 young (10240K), 5 survivors (10240K)
 Metaspace       used 94553K, committed 95232K, reserved 1179648K
  class space    used 12963K, committed 13312K, reserved 1048576K
}
Event: 17393.454 GC heap before
{Heap before GC invocations=2697 (full 246):
 garbage-first heap   total 690176K, used 323687K [0x0000000701800000, 0x0000000800000000)
  region size 2048K, 40 young (81920K), 5 survivors (10240K)
 Metaspace       used 94556K, committed 95232K, reserved 1179648K
  class space    used 12963K, committed 13312K, reserved 1048576K
}
Event: 17393.488 GC heap after
{Heap after GC invocations=2698 (full 246):
 garbage-first heap   total 690176K, used 245827K [0x0000000701800000, 0x0000000800000000)
  region size 2048K, 1 young (2048K), 1 survivors (2048K)
 Metaspace       used 94556K, committed 95232K, reserved 1179648K
  class space    used 12963K, committed 13312K, reserved 1048576K
}
Event: 17408.501 GC heap before
{Heap before GC invocations=2698 (full 246):
 garbage-first heap   total 690176K, used 323651K [0x0000000701800000, 0x0000000800000000)
  region size 2048K, 40 young (81920K), 1 survivors (2048K)
 Metaspace       used 94558K, committed 95232K, reserved 1179648K
  class space    used 12963K, committed 13312K, reserved 1048576K
}
Event: 17408.505 GC heap after
{Heap after GC invocations=2699 (full 246):
 garbage-first heap   total 690176K, used 247099K [0x0000000701800000, 0x0000000800000000)
  region size 2048K, 2 young (4096K), 2 survivors (4096K)
 Metaspace       used 94558K, committed 95232K, reserved 1179648K
  class space    used 12963K, committed 13312K, reserved 1048576K
}
Event: 17423.387 GC heap before
{Heap before GC invocations=2699 (full 246):
 garbage-first heap   total 690176K, used 269627K [0x0000000701800000, 0x0000000800000000)
  region size 2048K, 14 young (28672K), 2 survivors (4096K)
 Metaspace       used 94563K, committed 95232K, reserved 1179648K
  class space    used 12963K, committed 13312K, reserved 1048576K
}
Event: 17423.618 GC heap after
{Heap after GC invocations=2700 (full 247):
 garbage-first heap   total 690176K, used 198409K [0x0000000701800000, 0x0000000800000000)
  region size 2048K, 0 young (0K), 0 survivors (0K)
 Metaspace       used 94563K, committed 95232K, reserved 1179648K
  class space    used 12963K, committed 13312K, reserved 1048576K
}
Event: 17436.773 GC heap before
{Heap before GC invocations=2700 (full 247):
 garbage-first heap   total 690176K, used 282377K [0x0000000701800000, 0x0000000800000000)
  region size 2048K, 40 young (81920K), 0 survivors (0K)
 Metaspace       used 94564K, committed 95232K, reserved 1179648K
  class space    used 12963K, committed 13312K, reserved 1048576K
}
Event: 17436.778 GC heap after
{Heap after GC invocations=2701 (full 247):
 garbage-first heap   total 690176K, used 206601K [0x0000000701800000, 0x0000000800000000)
  region size 2048K, 3 young (6144K), 3 survivors (6144K)
 Metaspace       used 94564K, committed 95232K, reserved 1179648K
  class space    used 12963K, committed 13312K, reserved 1048576K
}
Event: 17438.205 GC heap before
{Heap before GC invocations=2701 (full 247):
 garbage-first heap   total 690176K, used 282377K [0x0000000701800000, 0x0000000800000000)
  region size 2048K, 40 young (81920K), 3 survivors (6144K)
 Metaspace       used 94568K, committed 95232K, reserved 1179648K
  class space    used 12963K, committed 13312K, reserved 1048576K
}
Event: 17438.216 GC heap after
{Heap after GC invocations=2702 (full 247):
 garbage-first heap   total 690176K, used 208373K [0x0000000701800000, 0x0000000800000000)
  region size 2048K, 2 young (4096K), 2 survivors (4096K)
 Metaspace       used 94568K, committed 95232K, reserved 1179648K
  class space    used 12963K, committed 13312K, reserved 1048576K
}
Event: 17438.451 GC heap before
{Heap before GC invocations=2702 (full 247):
 garbage-first heap   total 690176K, used 228853K [0x0000000701800000, 0x0000000800000000)
  region size 2048K, 13 young (26624K), 2 survivors (4096K)
 Metaspace       used 94572K, committed 95232K, reserved 1179648K
  class space    used 12963K, committed 13312K, reserved 1048576K
}
Event: 17438.595 GC heap after
{Heap after GC invocations=2703 (full 248):
 garbage-first heap   total 690176K, used 201103K [0x0000000701800000, 0x0000000800000000)
  region size 2048K, 0 young (0K), 0 survivors (0K)
 Metaspace       used 94572K, committed 95232K, reserved 1179648K
  class space    used 12963K, committed 13312K, reserved 1048576K
}

Dll operation events (20 events):
Event: 2.127 Loaded shared library D:\Vivado\2023.2\lib\win64.o\librdi_ipservicestasks.dll
Event: 2.130 Loaded shared library D:\Vivado\2023.2\lib\win64.o\librdi_vivadotasks.dll
Event: 2.131 Loaded shared library D:\Vivado\2023.2\lib\win64.o\librdi_board.dll
Event: 2.131 Loaded shared library D:\Vivado\2023.2\lib\win64.o\librdi_boarddep.dll
Event: 2.133 Loaded shared library D:\Vivado\2023.2\lib\win64.o\librdi_boardcommontasks.dll
Event: 2.134 Loaded shared library D:\Vivado\2023.2\lib\win64.o\librdi_ptgen.dll
Event: 2.134 Loaded shared library D:\Vivado\2023.2\lib\win64.o\librdi_ip.dll
Event: 2.137 Loaded shared library D:\Vivado\2023.2\lib\win64.o\librdi_mig.dll
Event: 2.140 Loaded shared library D:\Vivado\2023.2\lib\win64.o\librdi_implflow.dll
Event: 2.142 Loaded shared library D:\Vivado\2023.2\lib\win64.o\librdi_xhubtasks.dll
Event: 2.184 Loaded shared library D:\Vivado\2023.2\lib\win64.o\librdi_iptasks.dll
Event: 2.187 Loaded shared library D:\Vivado\2023.2\lib\win64.o\librdi_synth.dll
Event: 4.416 Loaded shared library D:\Vivado\2023.2\tps\win64\jre17.0.7_7\bin\verify.dll
Event: 5.124 Loaded shared library D:\Vivado\2023.2\tps\win64\jre17.0.7_7\bin\javajpeg.dll
Event: 5.143 Loaded shared library D:\Vivado\2023.2\tps\win64\jre17.0.7_7\bin\lcms.dll
Event: 5.816 Loaded shared library D:\Vivado\2023.2\tps\win64\jre17.0.7_7\bin\freetype.dll
Event: 5.822 Loaded shared library D:\Vivado\2023.2\tps\win64\jre17.0.7_7\bin\fontmanager.dll
Event: 12.660 Loaded shared library D:\Vivado\2023.2\lib\win64.o\librdi_xhub.dll
Event: 19.545 Loaded shared library D:\Vivado\2023.2\tps\win64\jre17.0.7_7\bin\management.dll
Event: 19.549 Loaded shared library D:\Vivado\2023.2\tps\win64\jre17.0.7_7\bin\management_ext.dll

Deoptimization events (20 events):
Event: 16649.684 Thread 0x0000027023790a00 DEOPT PACKING pc=0x000002701126c3c0 sp=0x000000dcafbfb690
Event: 16649.684 Thread 0x0000027023790a00 DEOPT UNPACKING pc=0x000002700efa69a3 sp=0x000000dcafbfb638 mode 2
Event: 16739.099 Thread 0x0000027040bc8ac0 DEOPT PACKING pc=0x000002700988ae94 sp=0x000000dcbeefec90
Event: 16739.099 Thread 0x0000027040bc8ac0 DEOPT UNPACKING pc=0x000002700efa7143 sp=0x000000dcbeefe248 mode 0
Event: 17342.430 Thread 0x0000027023790a00 Uncommon trap: trap_request=0xffffffc6 fr.pc=0x000002701086c4d4 relative=0x00000000000004d4
Event: 17342.430 Thread 0x0000027023790a00 Uncommon trap: reason=bimorphic_or_optimized_type_check action=maybe_recompile pc=0x000002701086c4d4 method=javax.swing.JRootPane$RootLayout.layoutContainer(Ljava/awt/Container;)V @ 203 c2
Event: 17342.430 Thread 0x0000027023790a00 DEOPT PACKING pc=0x000002701086c4d4 sp=0x000000dcafbfe870
Event: 17342.430 Thread 0x0000027023790a00 DEOPT UNPACKING pc=0x000002700efa69a3 sp=0x000000dcafbfe7c0 mode 2
Event: 17342.430 Thread 0x0000027023790a00 Uncommon trap: trap_request=0xffffffc6 fr.pc=0x000002700fcdc51c relative=0x00000000000038dc
Event: 17342.430 Thread 0x0000027023790a00 Uncommon trap: reason=bimorphic_or_optimized_type_check action=maybe_recompile pc=0x000002700fcdc51c method=java.awt.Component.updateCursorImmediately()V @ 30 c2
Event: 17342.430 Thread 0x0000027023790a00 DEOPT PACKING pc=0x000002700fcdc51c sp=0x000000dcafbfe310
Event: 17342.430 Thread 0x0000027023790a00 DEOPT UNPACKING pc=0x000002700efa69a3 sp=0x000000dcafbfe2f8 mode 2
Event: 17342.461 Thread 0x0000027023790a00 Uncommon trap: trap_request=0xffffffc6 fr.pc=0x000002701086c4d4 relative=0x00000000000004d4
Event: 17342.461 Thread 0x0000027023790a00 Uncommon trap: reason=bimorphic_or_optimized_type_check action=maybe_recompile pc=0x000002701086c4d4 method=javax.swing.JRootPane$RootLayout.layoutContainer(Ljava/awt/Container;)V @ 203 c2
Event: 17342.461 Thread 0x0000027023790a00 DEOPT PACKING pc=0x000002701086c4d4 sp=0x000000dcafbfe8f0
Event: 17342.461 Thread 0x0000027023790a00 DEOPT UNPACKING pc=0x000002700efa69a3 sp=0x000000dcafbfe840 mode 2
Event: 17377.160 Thread 0x0000027023790a00 Uncommon trap: trap_request=0xffffff45 fr.pc=0x000002700f55a77c relative=0x000000000000191c
Event: 17377.161 Thread 0x0000027023790a00 Uncommon trap: reason=unstable_if action=reinterpret pc=0x000002700f55a77c method=com.jidesoft.editor.CodeEditor.xToOffset(II)I @ 241 c2
Event: 17377.161 Thread 0x0000027023790a00 DEOPT PACKING pc=0x000002700f55a77c sp=0x000000dcafbfe9a0
Event: 17377.161 Thread 0x0000027023790a00 DEOPT UNPACKING pc=0x000002700efa69a3 sp=0x000000dcafbfe908 mode 2

Classes unloaded (20 events):
Event: 11501.714 Thread 0x00000270789eada0 Unloading class 0x0000000801b22000 'java/lang/invoke/LambdaForm$MH+0x0000000801b22000'
Event: 11501.715 Thread 0x00000270789eada0 Unloading class 0x0000000801b23c00 'java/lang/invoke/LambdaForm$MH+0x0000000801b23c00'
Event: 11501.715 Thread 0x00000270789eada0 Unloading class 0x0000000801b23800 'java/lang/invoke/LambdaForm$MH+0x0000000801b23800'
Event: 11501.715 Thread 0x00000270789eada0 Unloading class 0x0000000801b26400 'java/lang/invoke/LambdaForm$MH+0x0000000801b26400'
Event: 11501.715 Thread 0x00000270789eada0 Unloading class 0x0000000801b26000 'java/lang/invoke/LambdaForm$MH+0x0000000801b26000'
Event: 11501.715 Thread 0x00000270789eada0 Unloading class 0x0000000801bb6400 'java/lang/invoke/LambdaForm$MH+0x0000000801bb6400'
Event: 11501.715 Thread 0x00000270789eada0 Unloading class 0x0000000801bb6000 'java/lang/invoke/LambdaForm$MH+0x0000000801bb6000'
Event: 11501.715 Thread 0x00000270789eada0 Unloading class 0x0000000801ab8c00 'java/lang/invoke/LambdaForm$MH+0x0000000801ab8c00'
Event: 11501.715 Thread 0x00000270789eada0 Unloading class 0x0000000801abb800 'java/lang/invoke/LambdaForm$MH+0x0000000801abb800'
Event: 11501.715 Thread 0x00000270789eada0 Unloading class 0x0000000801ac0400 'java/lang/invoke/LambdaForm$MH+0x0000000801ac0400'
Event: 15242.721 Thread 0x00000270789eada0 Unloading class 0x0000000801ac3c00 'java/lang/invoke/LambdaForm$MH+0x0000000801ac3c00'
Event: 15242.721 Thread 0x00000270789eada0 Unloading class 0x000000080171cc00 'java/lang/invoke/LambdaForm$MH+0x000000080171cc00'
Event: 15242.721 Thread 0x00000270789eada0 Unloading class 0x0000000801497800 'java/lang/invoke/LambdaForm$MH+0x0000000801497800'
Event: 15242.721 Thread 0x00000270789eada0 Unloading class 0x0000000801497000 'java/lang/invoke/LambdaForm$MH+0x0000000801497000'
Event: 15242.721 Thread 0x00000270789eada0 Unloading class 0x000000080145c000 'java/lang/invoke/LambdaForm$MH+0x000000080145c000'
Event: 15242.721 Thread 0x00000270789eada0 Unloading class 0x00000008013d8000 'java/lang/invoke/LambdaForm$MH+0x00000008013d8000'
Event: 15242.721 Thread 0x00000270789eada0 Unloading class 0x0000000801348c00 'java/lang/invoke/LambdaForm$MH+0x0000000801348c00'
Event: 15242.721 Thread 0x00000270789eada0 Unloading class 0x0000000801204c00 'java/lang/invoke/LambdaForm$MH+0x0000000801204c00'
Event: 15242.721 Thread 0x00000270789eada0 Unloading class 0x00000008010cc400 'java/lang/invoke/LambdaForm$MH+0x00000008010cc400'
Event: 16385.548 Thread 0x00000270789eada0 Unloading class 0x0000000801adb000 'java/lang/invoke/LambdaForm$MH+0x0000000801adb000'

Classes redefined (0 events):
No events

Internal exceptions (20 events):
Event: 17394.573 Thread 0x0000027023790a00 Exception <a 'java/io/FileNotFoundException'{0x00000007280707a8}> (0x00000007280707a8) 
thrown [s\src\hotspot\share\prims\jni.cpp, line 516]
Event: 17394.873 Thread 0x0000027023790a00 Exception <a 'java/io/FileNotFoundException'{0x00000007280e4f88}> (0x00000007280e4f88) 
thrown [s\src\hotspot\share\prims\jni.cpp, line 516]
Event: 17399.573 Thread 0x0000027023790a00 Exception <a 'java/io/FileNotFoundException'{0x000000072796e4e0}> (0x000000072796e4e0) 
thrown [s\src\hotspot\share\prims\jni.cpp, line 516]
Event: 17399.875 Thread 0x0000027023790a00 Exception <a 'java/io/FileNotFoundException'{0x0000000727997550}> (0x0000000727997550) 
thrown [s\src\hotspot\share\prims\jni.cpp, line 516]
Event: 17404.574 Thread 0x0000027023790a00 Exception <a 'java/io/FileNotFoundException'{0x00000007273b4ab0}> (0x00000007273b4ab0) 
thrown [s\src\hotspot\share\prims\jni.cpp, line 516]
Event: 17404.875 Thread 0x0000027023790a00 Exception <a 'java/io/FileNotFoundException'{0x00000007273dd820}> (0x00000007273dd820) 
thrown [s\src\hotspot\share\prims\jni.cpp, line 516]
Event: 17409.576 Thread 0x0000027023790a00 Exception <a 'java/io/FileNotFoundException'{0x000000072b69b778}> (0x000000072b69b778) 
thrown [s\src\hotspot\share\prims\jni.cpp, line 516]
Event: 17409.877 Thread 0x0000027023790a00 Exception <a 'java/io/FileNotFoundException'{0x000000072b6c4868}> (0x000000072b6c4868) 
thrown [s\src\hotspot\share\prims\jni.cpp, line 516]
Event: 17414.577 Thread 0x0000027023790a00 Exception <a 'java/io/FileNotFoundException'{0x000000072b1b2b88}> (0x000000072b1b2b88) 
thrown [s\src\hotspot\share\prims\jni.cpp, line 516]
Event: 17414.877 Thread 0x0000027023790a00 Exception <a 'java/io/FileNotFoundException'{0x000000072afc0b00}> (0x000000072afc0b00) 
thrown [s\src\hotspot\share\prims\jni.cpp, line 516]
Event: 17419.577 Thread 0x0000027023790a00 Exception <a 'java/io/FileNotFoundException'{0x000000072a9ba860}> (0x000000072a9ba860) 
thrown [s\src\hotspot\share\prims\jni.cpp, line 516]
Event: 17419.879 Thread 0x0000027023790a00 Exception <a 'java/io/FileNotFoundException'{0x000000072a9e3a90}> (0x000000072a9e3a90) 
thrown [s\src\hotspot\share\prims\jni.cpp, line 516]
Event: 17424.577 Thread 0x0000027023790a00 Exception <a 'java/io/FileNotFoundException'{0x000000072dcabad0}> (0x000000072dcabad0) 
thrown [s\src\hotspot\share\prims\jni.cpp, line 516]
Event: 17424.881 Thread 0x0000027023790a00 Exception <a 'java/io/FileNotFoundException'{0x000000072dcd7a68}> (0x000000072dcd7a68) 
thrown [s\src\hotspot\share\prims\jni.cpp, line 516]
Event: 17429.578 Thread 0x0000027023790a00 Exception <a 'java/io/FileNotFoundException'{0x000000072a680220}> (0x000000072a680220) 
thrown [s\src\hotspot\share\prims\jni.cpp, line 516]
Event: 17429.882 Thread 0x0000027023790a00 Exception <a 'java/io/FileNotFoundException'{0x000000072a44c1e0}> (0x000000072a44c1e0) 
thrown [s\src\hotspot\share\prims\jni.cpp, line 516]
Event: 17434.579 Thread 0x0000027023790a00 Exception <a 'java/io/FileNotFoundException'{0x00000007298a6e18}> (0x00000007298a6e18) 
thrown [s\src\hotspot\share\prims\jni.cpp, line 516]
Event: 17434.883 Thread 0x0000027023790a00 Exception <a 'java/io/FileNotFoundException'{0x00000007298d26a8}> (0x00000007298d26a8) 
thrown [s\src\hotspot\share\prims\jni.cpp, line 516]
Event: 17439.581 Thread 0x0000027023790a00 Exception <a 'java/io/FileNotFoundException'{0x000000072a8fee38}> (0x000000072a8fee38) 
thrown [s\src\hotspot\share\prims\jni.cpp, line 516]
Event: 17439.884 Thread 0x0000027023790a00 Exception <a 'java/io/FileNotFoundException'{0x000000072a980350}> (0x000000072a980350) 
thrown [s\src\hotspot\share\prims\jni.cpp, line 516]

VM Operations (20 events):
Event: 17391.321 Executing VM operation: G1CollectForAllocation
Event: 17391.334 Executing VM operation: G1CollectForAllocation done
Event: 17393.334 Executing VM operation: Cleanup
Event: 17393.334 Executing VM operation: Cleanup done
Event: 17393.454 Executing VM operation: G1CollectForAllocation
Event: 17393.489 Executing VM operation: G1CollectForAllocation done
Event: 17394.489 Executing VM operation: Cleanup
Event: 17394.489 Executing VM operation: Cleanup done
Event: 17408.501 Executing VM operation: G1CollectForAllocation
Event: 17408.505 Executing VM operation: G1CollectForAllocation done
Event: 17423.319 Executing VM operation: G1CollectFull
Event: 17423.837 Executing VM operation: G1CollectFull done
Event: 17430.841 Executing VM operation: Cleanup
Event: 17430.841 Executing VM operation: Cleanup done
Event: 17436.773 Executing VM operation: G1CollectForAllocation
Event: 17436.778 Executing VM operation: G1CollectForAllocation done
Event: 17438.205 Executing VM operation: G1CollectForAllocation
Event: 17438.216 Executing VM operation: G1CollectForAllocation done
Event: 17438.451 Executing VM operation: G1CollectFull
Event: 17438.595 Executing VM operation: G1CollectFull done

Events (20 events):
Event: 17437.687 Thread 0x0000027040bc55d0 Thread added: 0x0000027040bc55d0
Event: 17437.697 Thread 0x0000027040bc55d0 Thread exited: 0x0000027040bc55d0
Event: 17437.697 Thread 0x0000027040bc6440 Thread added: 0x0000027040bc6440
Event: 17438.440 Thread 0x0000027040bc8ac0 Thread added: 0x0000027040bc8ac0
Event: 17438.447 Thread 0x0000027040bc55d0 Thread added: 0x0000027040bc55d0
Event: 17438.451 Thread 0x0000027040bc55d0 Thread exited: 0x0000027040bc55d0
Event: 17438.596 Thread 0x0000027040bc8ac0 Thread exited: 0x0000027040bc8ac0
Event: 17438.604 Thread 0x0000027040bc8ac0 Thread added: 0x0000027040bc8ac0
Event: 17438.608 Thread 0x0000027040bc8ac0 Thread exited: 0x0000027040bc8ac0
Event: 17439.605 Thread 0x0000027040bc8ac0 Thread added: 0x0000027040bc8ac0
Event: 17439.610 Thread 0x0000027040bc8ac0 Thread exited: 0x0000027040bc8ac0
Event: 17440.608 Thread 0x0000027040bc8ac0 Thread added: 0x0000027040bc8ac0
Event: 17440.612 Thread 0x0000027040bc8ac0 Thread exited: 0x0000027040bc8ac0
Event: 17441.659 Thread 0x0000027040bc8ac0 Thread added: 0x0000027040bc8ac0
Event: 17441.663 Thread 0x0000027040bc8ac0 Thread exited: 0x0000027040bc8ac0
Event: 17442.609 Thread 0x0000027040bc8ac0 Thread added: 0x0000027040bc8ac0
Event: 17442.613 Thread 0x0000027040bc8ac0 Thread exited: 0x0000027040bc8ac0
Event: 17442.821 Thread 0x0000027040bc6440 Thread exited: 0x0000027040bc6440
Event: 17443.612 Thread 0x0000027040bc6440 Thread added: 0x0000027040bc6440
Event: 17443.618 Thread 0x0000027040bc6440 Thread exited: 0x0000027040bc6440


Dynamic libraries:
0x00007ff645080000 - 0x00007ff6450b1000 	D:\Vivado\2023.2\bin\unwrapped\win64.o\vivado.exe
0x00007ffafa540000 - 0x00007ffafa7a3000 	C:\WINDOWS\SYSTEM32\ntdll.dll
0x00007ffaf9870000 - 0x00007ffaf9937000 	C:\WINDOWS\System32\KERNEL32.DLL
0x00007ffaf7ce0000 - 0x00007ffaf80a7000 	C:\WINDOWS\System32\KERNELBASE.dll
0x00007ffaf7b90000 - 0x00007ffaf7cdc000 	C:\WINDOWS\System32\ucrtbase.dll
0x00007ffae91a0000 - 0x00007ffae91be000 	C:\WINDOWS\SYSTEM32\VCRUNTIME140.dll
0x00007ffae8140000 - 0x00007ffae81cd000 	C:\WINDOWS\SYSTEM32\MSVCP140.dll
0x00007ffae7f00000 - 0x00007ffae7f0c000 	C:\WINDOWS\SYSTEM32\VCRUNTIME140_1.dll
0x00007ffac83a0000 - 0x00007ffac83bc000 	D:\Vivado\2023.2\lib\win64.o\librdi_commonmain.dll
0x00007ffa69820000 - 0x00007ffa6aeca000 	D:\Vivado\2023.2\lib\win64.o\librdi_common.dll
0x00007ffaf9b80000 - 0x00007ffaf9d49000 	C:\WINDOWS\System32\USER32.dll
0x00007ffaf82b0000 - 0x00007ffaf82d7000 	C:\WINDOWS\System32\win32u.dll
0x00007ffaf8d60000 - 0x00007ffaf8d8a000 	C:\WINDOWS\System32\GDI32.dll
0x00007ffaf78e0000 - 0x00007ffaf7a0b000 	C:\WINDOWS\System32\gdi32full.dll
0x00007ffaf80b0000 - 0x00007ffaf8153000 	C:\WINDOWS\System32\msvcp_win.dll
0x00007ffaf97b0000 - 0x00007ffaf9864000 	C:\WINDOWS\System32\ADVAPI32.dll
0x00007ffaf8cb0000 - 0x00007ffaf8d59000 	C:\WINDOWS\System32\msvcrt.dll
0x00007ffaf9230000 - 0x00007ffaf92d6000 	C:\WINDOWS\System32\sechost.dll
0x00007ffaf9080000 - 0x00007ffaf9196000 	C:\WINDOWS\System32\RPCRT4.dll
0x00007ffac6980000 - 0x00007ffac69a1000 	D:\Vivado\2023.2\lib\win64.o\libboost_filesystem.dll
0x00007ffa8aa20000 - 0x00007ffa8ae50000 	D:\Vivado\2023.2\lib\win64.o\python38.dll
0x00007ffaf84b0000 - 0x00007ffaf8bb4000 	C:\WINDOWS\System32\SHELL32.dll
0x00007ffaf8220000 - 0x00007ffaf829f000 	C:\WINDOWS\System32\WINTRUST.dll
0x00007ffaf9aa0000 - 0x00007ffaf9b14000 	C:\WINDOWS\System32\WS2_32.dll
0x00007ffaf0130000 - 0x00007ffaf0139000 	D:\Vivado\2023.2\lib\win64.o\librdi_commonversion.dll
0x00007ffaa1fb0000 - 0x00007ffaa2166000 	D:\Vivado\2023.2\lib\win64.o\librdi_commonxillic.dll
0x0000000071d30000 - 0x0000000071e5c000 	D:\Vivado\2023.2\lib\win64.o\tcl85t.dll
0x00007ffaf9b20000 - 0x00007ffaf9b7d000 	C:\WINDOWS\System32\SHLWAPI.dll
0x00007ffa8a6b0000 - 0x00007ffa8aa1e000 	D:\Vivado\2023.2\lib\win64.o\libCOIN-all.dll
0x00007ffac2240000 - 0x00007ffac2251000 	D:\Vivado\2023.2\lib\win64.o\libboost_date_time.dll
0x00007ffaac820000 - 0x00007ffaac899000 	D:\Vivado\2023.2\lib\win64.o\libboost_program_options.dll
0x00007ffaa1300000 - 0x00007ffaa1414000 	D:\Vivado\2023.2\lib\win64.o\libboost_regex.dll
0x00007ffac1f70000 - 0x00007ffac1f8c000 	D:\Vivado\2023.2\lib\win64.o\libboost_thread.dll
0x00007ffadce10000 - 0x00007ffadce1c000 	D:\Vivado\2023.2\lib\win64.o\libboost_xilinx.dll
0x00007ffaa7a10000 - 0x00007ffaa7a92000 	D:\Vivado\2023.2\lib\win64.o\libhdlpsolve.dll
0x00007ffaa5b90000 - 0x00007ffaa5c35000 	D:\Vivado\2023.2\lib\win64.o\libhdxml.dll
0x00007ffaba050000 - 0x00007ffaba07a000 	D:\Vivado\2023.2\lib\win64.o\libisl_sysinfo.dll
0x00007ffaa3c10000 - 0x00007ffaa3c75000 	D:\Vivado\2023.2\lib\win64.o\liblmx6.0.dll
0x00007ffabf510000 - 0x00007ffabf52a000 	D:\Vivado\2023.2\lib\win64.o\pthreadVC2.dll
0x00007ffab37c0000 - 0x00007ffab37e1000 	D:\Vivado\2023.2\lib\win64.o\librdizlib.dll
0x00007ffabce00000 - 0x00007ffabce1c000 	D:\Vivado\2023.2\lib\win64.o\librdiconfig.dll
0x00007ffa8a3e0000 - 0x00007ffa8a6a1000 	D:\Vivado\2023.2\lib\win64.o\xerces-c_3_2.dll
0x00007ffaea780000 - 0x00007ffaea79a000 	C:\WINDOWS\SYSTEM32\NETAPI32.dll
0x00007ffae6f70000 - 0x00007ffae71f3000 	C:\WINDOWS\SYSTEM32\WININET.dll
0x00007ffaf0790000 - 0x00007ffaf08ae000 	C:\WINDOWS\SYSTEM32\WINHTTP.dll
0x00007ffaeb810000 - 0x00007ffaeb9ed000 	C:\WINDOWS\SYSTEM32\urlmon.dll
0x00007ffae9730000 - 0x00007ffae973a000 	C:\WINDOWS\SYSTEM32\WSOCK32.dll
0x00007ffa649d0000 - 0x00007ffa668e7000 	D:\Vivado\2023.2\lib\win64.o\gurobi90.dll
0x00007ffaf7a10000 - 0x00007ffaf7b86000 	C:\WINDOWS\System32\CRYPT32.dll
0x00007ffab36d0000 - 0x00007ffab3700000 	C:\WINDOWS\SYSTEM32\VCOMP140.DLL
0x00007ffaf9d50000 - 0x00007ffaf9dc3000 	C:\WINDOWS\System32\WLDAP32.dll
0x00007ffa84520000 - 0x00007ffa85544600 	D:\Vivado\2023.2\lib\win64.o\libisl_iostreams.dll
0x00007ffaf8ea0000 - 0x00007ffaf8ea8000 	C:\WINDOWS\System32\Normaliz.dll
0x00007ffaf71a0000 - 0x00007ffaf71c6000 	C:\WINDOWS\SYSTEM32\bcrypt.dll
0x00007ffa89e90000 - 0x00007ffa8a1bd000 	D:\Vivado\2023.2\lib\win64.o\libXil_lmgr11.dll
0x00007ffaef850000 - 0x00007ffaef85b000 	C:\WINDOWS\SYSTEM32\VERSION.dll
0x00007ffaf83b0000 - 0x00007ffaf849f000 	C:\WINDOWS\System32\COMDLG32.dll
0x00007ffafa050000 - 0x00007ffafa3ce000 	C:\WINDOWS\System32\combase.dll
0x00007ffaf8bc0000 - 0x00007ffaf8ca9000 	C:\WINDOWS\System32\shcore.dll
0x00007ffaf9f70000 - 0x00007ffafa046000 	C:\WINDOWS\System32\OLEAUT32.dll
0x00007ffaf9dd0000 - 0x00007ffaf9f65000 	C:\WINDOWS\System32\ole32.dll
0x00007ffaeb230000 - 0x00007ffaeb4f9000 	C:\WINDOWS\SYSTEM32\iertutil.dll
0x00007ffaf55c0000 - 0x00007ffaf5df7000 	C:\WINDOWS\SYSTEM32\windows.storage.dll
0x00007ffabcd30000 - 0x00007ffabcd48000 	D:\Vivado\2023.2\lib\win64.o\libboost_iostreams.dll
0x00007ffab06f0000 - 0x00007ffab0714000 	D:\Vivado\2023.2\lib\win64.o\libisl_iosutils.dll
0x00007ffac6fc0000 - 0x00007ffac7074000 	C:\WINDOWS\WinSxS\amd64_microsoft.windows.common-controls_6595b64144ccf1df_5.82.26100.1882_none_87f34cef7a28f535\COMCTL32.dll
0x00007ffaeaec0000 - 0x00007ffaeaee9000 	C:\WINDOWS\SYSTEM32\srvcli.dll
0x00007ffaf60e0000 - 0x00007ffaf60ed000 	C:\WINDOWS\SYSTEM32\netutils.dll
0x00007ffaf0570000 - 0x00007ffaf0595000 	C:\WINDOWS\SYSTEM32\dhcpcsvc.DLL
0x00007ffaf6cc0000 - 0x00007ffaf6ceb000 	C:\WINDOWS\SYSTEM32\USERENV.dll
0x00007ffaf6c00000 - 0x00007ffaf6c68000 	C:\WINDOWS\SYSTEM32\MSWSOCK.DLL
0x00007ffaf92e0000 - 0x00007ffaf930f000 	C:\WINDOWS\System32\IMM32.DLL
0x00007ffaf7070000 - 0x00007ffaf7083000 	C:\WINDOWS\SYSTEM32\MSASN1.dll
0x00007ffaf6f30000 - 0x00007ffaf6f4c000 	C:\WINDOWS\SYSTEM32\CRYPTSP.dll
0x00007ffaf66e0000 - 0x00007ffaf66fa000 	C:\WINDOWS\SYSTEM32\kernel.appcore.dll
0x00007ffaf6640000 - 0x00007ffaf6678000 	C:\WINDOWS\system32\rsaenh.dll
0x00007ffaf6f50000 - 0x00007ffaf6f5c000 	C:\WINDOWS\SYSTEM32\CRYPTBASE.dll
0x00007ffaf82e0000 - 0x00007ffaf8379000 	C:\WINDOWS\System32\bcryptPrimitives.dll
0x00007ffaf8380000 - 0x00007ffaf83a0000 	C:\WINDOWS\System32\imagehlp.dll
0x00007ffa83fd0000 - 0x00007ffa8451d000 	D:\Vivado\2023.2\lib\win64.o\librdi_commontasks.dll
0x00007ffa7a450000 - 0x00007ffa7b098000 	D:\Vivado\2023.2\tps\win64\jre17.0.7_7\bin\server\jvm.dll
0x00007ffa820d0000 - 0x00007ffa823fb800 	D:\Vivado\2023.2\lib\win64.o\librdi_sio.dll
0x00007ffae6650000 - 0x00007ffae6686000 	C:\WINDOWS\SYSTEM32\WINMM.dll
0x00007ffaf60f0000 - 0x00007ffaf6122000 	C:\WINDOWS\SYSTEM32\IPHLPAPI.DLL
0x00007ffaf6c90000 - 0x00007ffaf6cb7000 	C:\WINDOWS\SYSTEM32\gpapi.dll
0x00007ffaef810000 - 0x00007ffaef84b000 	C:\Windows\System32\cryptnet.dll
0x00007ffaf77f0000 - 0x00007ffaf781e000 	C:\WINDOWS\SYSTEM32\profapi.dll
0x00007ffaf2c40000 - 0x00007ffaf2c4e000 	C:\WINDOWS\SYSTEM32\WINNSI.DLL
0x00007ffafa4f0000 - 0x00007ffafa4fa000 	C:\WINDOWS\System32\NSI.dll
0x00007ffaf6990000 - 0x00007ffaf69d8000 	C:\WINDOWS\SYSTEM32\SspiCli.dll
0x00007ffae69c0000 - 0x00007ffae69d8000 	C:\WINDOWS\system32\napinsp.dll
0x00007ffaf6180000 - 0x00007ffaf62a5000 	C:\WINDOWS\SYSTEM32\DNSAPI.dll
0x00007ffae9100000 - 0x00007ffae9112000 	C:\WINDOWS\System32\winrnr.dll
0x00007ffae64d0000 - 0x00007ffae64f2000 	C:\WINDOWS\system32\nlansp_c.dll
0x00007ffaef930000 - 0x00007ffaef946000 	C:\WINDOWS\system32\wshbth.dll
0x00007ffa61c00000 - 0x00007ffa649c6000 	D:\Vivado\2023.2\lib\win64.o\librdi_tcltasks.dll
0x00007ffaa3b80000 - 0x00007ffaa3c03000 	D:\Vivado\2023.2\lib\win64.o\librdi_boarddep.dll
0x00007ffa80120000 - 0x00007ffa80601000 	D:\Vivado\2023.2\lib\win64.o\librdi_bitstream.dll
0x00007ffa86db0000 - 0x00007ffa86fb0000 	D:\Vivado\2023.2\lib\win64.o\librdi_board.dll
0x00007ffaa10b0000 - 0x00007ffaa11da000 	D:\Vivado\2023.2\lib\win64.o\librdi_chipscope.dll
0x00007ffa81ec0000 - 0x00007ffa820c7000 	D:\Vivado\2023.2\lib\win64.o\librdi_chipscopeimpl.dll
0x00007ffa57c60000 - 0x00007ffa5a355000 	D:\Vivado\2023.2\lib\win64.o\librdi_constraints.dll
0x00007ffa34070000 - 0x00007ffa367a6000 	D:\Vivado\2023.2\lib\win64.o\librdi_coregen.dll
0x00007ffa8ca50000 - 0x00007ffa8cbbe000 	D:\Vivado\2023.2\lib\win64.o\librdi_containers.dll
0x00007ffa5b9a0000 - 0x00007ffa5d7a7000 	D:\Vivado\2023.2\lib\win64.o\librdi_designutils.dll
0x00007ffa7fd80000 - 0x00007ffa8011f000 	D:\Vivado\2023.2\lib\win64.o\librdi_dlyest.dll
0x00007ffa71690000 - 0x00007ffa72c93000 	D:\Vivado\2023.2\lib\win64.o\librdi_device.dll
0x00007ffa8c860000 - 0x00007ffa8c914000 	D:\Vivado\2023.2\lib\win64.o\librdi_dsp.dll
0x00007ffa1a050000 - 0x00007ffa1c874000 	D:\Vivado\2023.2\lib\win64.o\librdi_cdoutil.dll
0x00007ffa79d10000 - 0x00007ffa7a446000 	D:\Vivado\2023.2\lib\win64.o\librdi_drc.dll
0x00007ffa763b0000 - 0x00007ffa76b6f000 	D:\Vivado\2023.2\lib\win64.o\librdi_filemgmt.dll
0x00007ffaa2c40000 - 0x00007ffaa2cab000 	D:\Vivado\2023.2\lib\win64.o\librdi_hdf.dll
0x00007ffa760c0000 - 0x00007ffa763a4000 	D:\Vivado\2023.2\lib\win64.o\librdi_hip_devdesign.dll
0x00007ffa89d40000 - 0x00007ffa89e88000 	D:\Vivado\2023.2\lib\win64.o\librdi_hip_perf_analysis.dll
0x00007ffa60ab0000 - 0x00007ffa61bf3000 	D:\Vivado\2023.2\lib\win64.o\librdi_implflow.dll
0x00007ffa75820000 - 0x00007ffa760ba000 	D:\Vivado\2023.2\lib\win64.o\librdi_lopt.dll
0x00007ffa43bc0000 - 0x00007ffa44a70000 	D:\Vivado\2023.2\lib\win64.o\librdi_ippcw.dll
0x00007ffa8f650000 - 0x00007ffa8f6cd000 	D:\Vivado\2023.2\lib\win64.o\librdi_memoryarray.dll
0x00007ffa602a0000 - 0x00007ffa60aa4000 	D:\Vivado\2023.2\lib\win64.o\librdi_netlist.dll
0x00007ffa8bb60000 - 0x00007ffa8bbd2000 	D:\Vivado\2023.2\lib\win64.o\librdi_noc_frameworks.dll
0x00007ffa733d0000 - 0x00007ffa73a26000 	D:\Vivado\2023.2\lib\win64.o\librdi_memdata.dll
0x00007ffaa2740000 - 0x00007ffaa279c000 	D:\Vivado\2023.2\lib\win64.o\librdi_pfi.dll
0x00007ffa72f50000 - 0x00007ffa733ce000 	D:\Vivado\2023.2\lib\win64.o\librdi_platform.dll
0x00007ffa14740000 - 0x00007ffa175fc000 	D:\Vivado\2023.2\lib\win64.o\librdi_place.dll
0x00007ffa5a470000 - 0x00007ffa5acfb000 	D:\Vivado\2023.2\lib\win64.o\librdi_project.dll
0x00007ffa17600000 - 0x00007ffa1a041000 	D:\Vivado\2023.2\lib\win64.o\librdi_mig.dll
0x00007ffa56e10000 - 0x00007ffa57702000 	D:\Vivado\2023.2\lib\win64.o\librdi_power.dll
0x00007ffa55e20000 - 0x00007ffa567da000 	D:\Vivado\2023.2\lib\win64.o\librdi_rsb.dll

dbghelp: loaded successfully - version: 4.0.5 - missing functions: none
symbol engine: initialized successfully - sym options: 0x614 - pdb path: .;D:\Vivado\2023.2\bin\unwrapped\win64.o;C:\WINDOWS\SYSTEM32;D:\Vivado\2023.2\lib\win64.o;C:\WINDOWS\WinSxS\amd64_microsoft.windows.common-controls_6595b64144ccf1df_5.82.26100.1882_none_87f34cef7a28f535;D:\Vivado\2023.2\tps\win64\jre17.0.7_7\bin\server;D:\Vivado\2023.2\tps\win64\jre17.0.7_7\bin;C:\WINDOWS\WinSxS\amd64_microsoft.windows.common-controls_6595b64144ccf1df_6.0.26100.3037_none_3e09262ce333c378

VM Arguments:
jvm_args: -Dsun.java2d.pmoffscreen=false -Dhttps.protocols=TLSv1,TLSv1.1,TLSv1.2 -Dsun.java2d.xrender=false -Dsun.java2d.d3d=false -Dsun.awt.nopixfmt=true -Dsun.java2d.dpiaware=true -Dsun.java2d.uiScale.enabled=false -Dswing.aatext=true -XX:-UsePerfData -Djdk.map.althashing.threshold=512 -XX:StringTableSize=4072 -XX:+UseStringDeduplication -XX:MaxGCPauseMillis=200 -XX:+ParallelRefProcEnabled --add-opens=java.desktop/javax.swing.plaf.synth=ALL-UNNAMED --add-opens=java.base/java.nio=ALL-UNNAMED --add-opens=java.desktop/sun.swing=ALL-UNNAMED --add-opens=java.desktop/javax.swing=ALL-UNNAMED --add-opens=java.desktop/javax.swing.tree=ALL-UNNAMED --add-opens=java.desktop/javax.swing.plaf.basic=ALL-UNNAMED --add-opens=java.desktop/javax.swing.plaf.synth=ALL-UNNAMED --add-opens=java.desktop/javax.swing.plaf.basic=ALL-UNNAMED --add-opens=java.desktop/javax.swing=ALL-UNNAMED --add-opens=java.desktop/javax.swing.tree=ALL-UNNAMED --add-opens=java.desktop/java.awt.event=ALL-UNNAMED --add-exports=java.desktop/javax.swing.plaf.synth=ALL-UNNAMED --add-exports=java.base/java.nio=ALL-UNNAMED --add-exports=java.desktop/sun.swing=ALL-UNNAMED --add-exports=java.desktop/javax.swing=ALL-UNNAMED --add-exports=java.desktop/javax.swing.tree=ALL-UNNAMED --add-exports=java.desktop/javax.swing.plaf.basic=ALL-UNNAMED --add-exports=java.desktop/sun.swing=ALL-UNNAMED --add-exports=java.desktop/sun.swing.table=ALL-UNNAMED --add-exports=java.desktop/sun.swing.plaf.synth=ALL-UNNAMED --add-exports=java.desktop/sun.awt.shell=ALL-UNNAMED --add-exports=java.base/sun.security.action=ALL-UNNAMED --add-exports=java.desktop/sun.font=ALL-UNNAMED -XX:NewSize=80m -XX:MaxNewSize=80m -Xms512m -Xmx4072m -Xss10m 
java_command: <unknown>
java_class_path (initial): D:/Vivado/2023.2\lib\classes\alloy.jar;D:/Vivado/2023.2\lib\classes\asm-9.3.jar;D:/Vivado/2023.2\lib\classes\asm-analysis-9.3.jar;D:/Vivado/2023.2\lib\classes\asm-commons-9.3.jar;D:/Vivado/2023.2\lib\classes\asm-tree-9.3.jar;D:/Vivado/2023.2\lib\classes\autoesl-models.jar;D:/Vivado/2023.2\lib\classes\batik-anim.jar;D:/Vivado/2023.2\lib\classes\batik-awt-util.jar;D:/Vivado/2023.2\lib\classes\batik-bridge.jar;D:/Vivado/2023.2\lib\classes\batik-codec.jar;D:/Vivado/2023.2\lib\classes\batik-constants.jar;D:/Vivado/2023.2\lib\classes\batik-css.jar;D:/Vivado/2023.2\lib\classes\batik-dom.jar;D:/Vivado/2023.2\lib\classes\batik-ext.jar;D:/Vivado/2023.2\lib\classes\batik-gui-util.jar;D:/Vivado/2023.2\lib\classes\batik-gvt.jar;D:/Vivado/2023.2\lib\classes\batik-i18n.jar;D:/Vivado/2023.2\lib\classes\batik-parser.jar;D:/Vivado/2023.2\lib\classes\batik-script.jar;D:/Vivado/2023.2\lib\classes\batik-svg-dom.jar;D:/Vivado/2023.2\lib\classes\batik-svggen.jar;D:/Vivado/2023.2\lib\classes\batik-swing.jar;D:/Vivado/2023.2\lib\classes\batik-transcoder.jar;D:/Vivado/2023.2\lib\classes\batik-util.jar;D:/Vivado/2023.2\lib\classes\batik-xml.jar;D:/Vivado/2023.2\lib\classes\com.fasterxml.jackson.core.jackson-annotations_2.12.1.v20210128-1726.jar;D:/Vivado/2023.2\lib\classes\com.fasterxml.jackson.core.jackson-core_2.12.1.v20210128-1726.jar;D:/Vivado/2023.2\lib\classes\com.fasterxml.jackson.core.jackson-databind_2.12.1.v20210128-1726.jar;D:/Vivado/2023.2\lib\classes\com.google.gson_2.8.9.v20220111-1409.jar;D:/Vivado/2023.2\lib\classes\com.google.guava_30.1.0.v20210127-2300.jar;D:/Vivado/2023.2\lib\classes\com.sigasi.hdt.connection_4.17.2.202304211001.jar;D:/Vivado/2023.2\lib\classes\com.sigasi.hdt.epl_4.17.2.202304211001.jar;D:/Vivado/2023.2\lib\classes\com.sigasi.hdt.project_4.17.2.202304211001.jar;D:/Vivado/2023.2\lib\classes\com.sigasi.hdt.readonlyfilesystem_4.17.2.202304211001.jar;D:/Vivado/2023.2\lib\classes\com.sigasi.hdt.shared_4.17.2.202304211001.jar;D:/Vivad
Launcher Type: generic

[Global flags]
     intx CICompilerCount                          = 4                                         {product} {ergonomic}
     uint ConcGCThreads                            = 2                                         {product} {ergonomic}
     uint G1ConcRefinementThreads                  = 8                                         {product} {ergonomic}
   size_t G1HeapRegionSize                         = 2097152                                   {product} {ergonomic}
    uintx GCDrainStackTargetSize                   = 64                                        {product} {ergonomic}
   size_t InitialHeapSize                          = 536870912                                 {product} {command line}
   size_t MarkStackSize                            = 4194304                                   {product} {ergonomic}
    uintx MaxGCPauseMillis                         = 200                                       {product} {command line}
   size_t MaxHeapSize                              = 4269801472                                {product} {command line}
   size_t MaxNewSize                               = 83886080                                  {product} {command line}
   size_t MinHeapDeltaBytes                        = 2097152                                   {product} {ergonomic}
   size_t MinHeapSize                              = 536870912                                 {product} {command line}
   size_t NewSize                                  = 83886080                                  {product} {command line}
    uintx NonNMethodCodeHeapSize                   = 5839372                                {pd product} {ergonomic}
    uintx NonProfiledCodeHeapSize                  = 122909434                              {pd product} {ergonomic}
     bool ParallelRefProcEnabled                   = true                                      {product} {command line}
    uintx ProfiledCodeHeapSize                     = 122909434                              {pd product} {ergonomic}
    uintx ReservedCodeCacheSize                    = 251658240                              {pd product} {ergonomic}
     bool SegmentedCodeCache                       = true                                      {product} {ergonomic}
   size_t SoftMaxHeapSize                          = 4269801472                             {manageable} {ergonomic}
    uintx StringTableSize                          = 4072                                      {product} {command line}
     intx ThreadStackSize                          = 10240                                  {pd product} {command line}
     bool UseCompressedClassPointers               = true                           {product lp64_product} {ergonomic}
     bool UseCompressedOops                        = true                           {product lp64_product} {ergonomic}
     bool UseG1GC                                  = true                                      {product} {ergonomic}
     bool UseLargePagesIndividualAllocation        = false                                  {pd product} {ergonomic}
     bool UsePerfData                              = false                                     {product} {command line}
     bool UseStringDeduplication                   = true                                      {product} {command line}

Logging:
Log output configuration:
 #0: stdout all=warning uptime,level,tags
 #1: stderr all=off uptime,level,tags

Environment Variables:
JAVA_HOME=C:\Users\debab\AppData\Local\Programs\Eclipse Adoptium\jdk-17.0.11.9-hotspot\
PATH=D:/Vivado/2023.2/bin;D:/Vivado/2023.2/tps/win64/java-cef-95.0.4638.69/bin/lib/win64;D:/Vivado/2023.2/tps/win64/javafx-sdk-17.0.1/lib;D:/Vivado/2023.2/tps/win64/javafx-sdk-17.0.1/bin;D:/Vivado/2023.2/lib/win64.o;D:/Vivado/2023.2/tps/win64/jre17.0.7_7/bin/server;D:/Vivado/2023.2/tps/win64/jre17.0.7_7/bin;D:/Vivado/2023.2/ids_lite/ISE/bin/nt64;D:/Vivado/2023.2/ids_lite/ISE/lib/nt64;D:/Vitis_HLS/2023.2/bin;C:\Program Files (x86)\Common Files\Oracle\Java\java8path;C:\Program Files (x86)\Common Files\Oracle\Java\javapath;C:\Python312\Scripts\;C:\Python312\;C:\oraclexe\app\oracle\product\11.2.0\server\bin;C:\ProgramData\Oracle\Java\javapath;C:\Windows\system32;C:\Windows;C:\Windows\System32\Wbem;C:\Windows\System32\WindowsPowerShell\v1.0\;C:\Windows\System32\OpenSSH\;C:\Program Files (x86)\NVIDIA Corporation\PhysX\Common;C:\Program Files\NVIDIA Corporation\NVIDIA NvDLISR;C:\Program Files\PuTTY\;C:\Program Files\nodejs\;C:\ProgramData\chocolatey\bin;C:\Program Files\Git\cmd;C:\Program Files\dotnet\;C:\Users\debab\AppData\Local\Programs\Eclipse Adoptium\jdk-17.0.11.9-hotspot\bin;C:\Program Files\MySQL\MySQL Shell 8.0\bin\;C:\Users\debab\AppData\Local\Microsoft\WindowsApps;C:\Users\debab\AppData\Local\Programs\Python\Python310;C:\Users\debab\AppData\Local\Programs\Python\Python310\Scripts;C:\Users\debab\AppData\Local\Programs\Microsoft VS Code\bin;C:\Users\debab\AppData\Roaming\npm;;D:/Vivado/2023.2\tps\mingw\6.2.0\win64.o\nt\bin;D:/Vivado/2023.2\tps\mingw\6.2.0\win64.o\nt\libexec\gcc\x86_64-w64-mingw32\6.2.0;D:/Vivado/2023.2\tps\win64\python-3.8.3;D:/Vivado/2023.2\tps\win64\python-3.8.3\bin;D:/Vivado/2023.2\tps\win64\python-3.8.3\lib;D:/Vivado/2023.2\tps\win64\python-3.8.3\lib\site-packages
USERNAME=debab
OS=Windows_NT
PROCESSOR_IDENTIFIER=Intel64 Family 6 Model 165 Stepping 2, GenuineIntel
TMP=C:\Users\debab\AppData\Local\Temp
TEMP=C:\Users\debab\AppData\Local\Temp



---------------  S Y S T E M  ---------------

OS:
 Windows 11 , 64 bit Build 26100 (10.0.26100.3037)
OS uptime: 5 days 4:41 hours
Hyper-V role detected

CPU: total 8 (initial active 8) (4 cores per cpu, 2 threads per core) family 6 model 165 stepping 2 microcode 0xe2, cx8, cmov, fxsr, ht, mmx, 3dnowpref, sse, sse2, sse3, ssse3, sse4.1, sse4.2, popcnt, lzcnt, tsc, tscinvbit, avx, avx2, aes, erms, clmul, bmi1, bmi2, adx, fma, vzeroupper, clflush, clflushopt, hv

Memory: 4k page, system-wide physical 8023M (1664M free)
TotalPageFile size 21376M (AvailPageFile size 4038M)
current process WorkingSet (physical memory assigned to process): 963M, peak: 3563M
current process commit charge ("private bytes"): 2574M, peak: 7880M

vm_info: OpenJDK 64-Bit Server VM (17.0.7+7) for windows-amd64 JRE (17.0.7+7), built on Apr 18 2023 22:10:42 by "temurin" with MS VC++ 16.7 (VS2019)

END.
