#
# A fatal error has been detected by the Java Runtime Environment:
#
#  EXCEPTION_ACCESS_VIOLATION (0xc0000005) at pc=0x00007ff9d10ad61f, pid=23484, tid=23632
#
# JRE version: OpenJDK Runtime Environment Temurin-17.0.7+7 (17.0.7+7) (build 17.0.7+7)
# Java VM: OpenJDK 64-Bit Server VM Temurin-17.0.7+7 (17.0.7+7, mixed mode, sharing, tiered, compressed oops, compressed class ptrs, g1 gc, windows-amd64)
# Problematic frame:
# C  0x00007ff9d10ad61f
#
# No core dump will be written. Minidumps are not enabled by default on client versions of Windows
#
# If you would like to submit a bug report, please visit:
#   https://github.com/adoptium/adoptium-support/issues
# The crash happened outside the Java Virtual Machine in native code.
# See problematic frame for where to report the bug.
#

---------------  S U M M A R Y ------------

Command Line: -Dsun.java2d.pmoffscreen=false -Dhttps.protocols=TLSv1,TLSv1.1,TLSv1.2 -Dsun.java2d.xrender=false -Dsun.java2d.d3d=false -Dsun.awt.nopixfmt=true -Dsun.java2d.dpiaware=true -Dsun.java2d.uiScale.enabled=false -Dswing.aatext=true -XX:-UsePerfData -Djdk.map.althashing.threshold=512 -XX:StringTableSize=4072 -XX:+UseStringDeduplication -XX:MaxGCPauseMillis=200 -XX:+ParallelRefProcEnabled --add-opens=java.desktop/javax.swing.plaf.synth=ALL-UNNAMED --add-opens=java.base/java.nio=ALL-UNNAMED --add-opens=java.desktop/sun.swing=ALL-UNNAMED --add-opens=java.desktop/javax.swing=ALL-UNNAMED --add-opens=java.desktop/javax.swing.tree=ALL-UNNAMED --add-opens=java.desktop/javax.swing.plaf.basic=ALL-UNNAMED --add-opens=java.desktop/javax.swing.plaf.synth=ALL-UNNAMED --add-opens=java.desktop/javax.swing.plaf.basic=ALL-UNNAMED --add-opens=java.desktop/javax.swing=ALL-UNNAMED --add-opens=java.desktop/javax.swing.tree=ALL-UNNAMED --add-opens=java.desktop/java.awt.event=ALL-UNNAMED --add-exports=java.desktop/javax.swing.plaf.synth=ALL-UNNAMED --add-exports=java.base/java.nio=ALL-UNNAMED --add-exports=java.desktop/sun.swing=ALL-UNNAMED --add-exports=java.desktop/javax.swing=ALL-UNNAMED --add-exports=java.desktop/javax.swing.tree=ALL-UNNAMED --add-exports=java.desktop/javax.swing.plaf.basic=ALL-UNNAMED --add-exports=java.desktop/sun.swing=ALL-UNNAMED --add-exports=java.desktop/sun.swing.table=ALL-UNNAMED --add-exports=java.desktop/sun.swing.plaf.synth=ALL-UNNAMED --add-exports=java.desktop/sun.awt.shell=ALL-UNNAMED --add-exports=java.base/sun.security.action=ALL-UNNAMED --add-exports=java.desktop/sun.font=ALL-UNNAMED -XX:NewSize=80m -XX:MaxNewSize=80m -Xms512m -Xmx4072m -Xss10m 

Host: Intel(R) Core(TM) i5-10300H CPU @ 2.50GHz, 8 cores, 7G,  Windows 11 , 64 bit Build 26100 (10.0.26100.3912)
Time: Mon Apr 28 13:07:36 2025 India Standard Time elapsed time: 137.830023 seconds (0d 0h 2m 17s)

---------------  T H R E A D  ---------------

Current thread (0x0000028f46f4b940):  JavaThread "AWT-EventQueue-0" [_thread_in_native, id=23632, stack(0x000000e0d5700000,0x000000e0d6100000)]

Stack: [0x000000e0d5700000,0x000000e0d6100000],  sp=0x000000e0d60fb458,  free space=10221k
Native frames: (J=compiled Java code, j=interpreted, Vv=VM code, C=native code)
C  0x00007ff9d10ad61f

Java frames: (J=compiled Java code, j=interpreted, Vv=VM code)
j  ui.views.waveform.waveformi.WVExecutive_getValueDataSize(J)J+0
j  ui.views.waveform.executive.a.kYC()Lui/views/waveform/executive/protobuf/WVNameValue$WVValueTreeMessage;+4
j  ui.views.waveform.g.D.laE()[Ljava/lang/String;+7
j  ui.views.waveform.g.D.Kp(Z)V+22
j  ui.views.waveform.g.u.Kp(Z)V+16
j  ui.views.waveform.a.Kq(Z)V+5
j  ui.views.waveform.a.Kp(Z)V+20
j  ui.views.waveform.u.aS(ZZ)V+30
j  ui.views.waveform.d.b.j(Lui/frmwork/a/k;)V+94
j  ui.views.waveform.u.handleTclEvent(Lui/frmwork/a/k;)V+13
J 13406 c1 ui.frmwork.a.m.c(Lui/frmwork/a/k;)V (61 bytes) @ 0x0000028f27387f44 [0x0000028f273875c0+0x0000000000000984]
J 13370 c1 ui.frmwork.F.i(JZ)V (471 bytes) @ 0x0000028f2735485c [0x0000028f27351720+0x000000000000313c]
J 13371 c1 ui.frmwork.F.fireTclEvent(J)I (113 bytes) @ 0x0000028f27358c7c [0x0000028f27358300+0x000000000000097c]
v  ~StubRoutines::call_stub
j  ui.views.waveform.waveformi.WVExecutive_processModelEvent(JJ)V+0
j  ui.views.waveform.executive.a.fU(J)V+5
j  ui.views.waveform.d.b.fS(J)V+8
j  ui.views.waveform.d.b.j(Lui/frmwork/a/k;)V+127
j  ui.views.waveform.u.handleTclEvent(Lui/frmwork/a/k;)V+13
J 13406 c1 ui.frmwork.a.m.c(Lui/frmwork/a/k;)V (61 bytes) @ 0x0000028f27387f44 [0x0000028f273875c0+0x0000000000000984]
J 13370 c1 ui.frmwork.F.i(JZ)V (471 bytes) @ 0x0000028f2735485c [0x0000028f27351720+0x000000000000313c]
j  ui.frmwork.F.dv(J)V+3
j  ui.frmwork.F$$Lambda$220+0x00000008017261a8.run()V+8
J 15127 c2 java.awt.EventQueue.dispatchEvent(Ljava/awt/AWTEvent;)V java.desktop@17.0.7 (80 bytes) @ 0x0000028f2e2262b4 [0x0000028f2e225760+0x0000000000000b54]
J 15130 c2 ui.frmwork.a.d.dispatchEvent(Ljava/awt/AWTEvent;)V (42 bytes) @ 0x0000028f2e22b99c [0x0000028f2e22ae80+0x0000000000000b1c]
J 15154 c2 java.awt.EventDispatchThread.pumpOneEventForFilters(I)V java.desktop@17.0.7 (113 bytes) @ 0x0000028f2e24426c [0x0000028f2e243e40+0x000000000000042c]
j  java.awt.EventDispatchThread.pumpEventsForFilter(ILjava/awt/Conditional;Ljava/awt/EventFilter;)V+35 java.desktop@17.0.7
j  java.awt.EventDispatchThread.pumpEventsForFilter(Ljava/awt/Conditional;Ljava/awt/EventFilter;)V+4 java.desktop@17.0.7
j  java.awt.WaitDispatchSupport$2.run()V+59 java.desktop@17.0.7
j  java.awt.WaitDispatchSupport$4.run()Ljava/lang/Void;+4 java.desktop@17.0.7
j  java.awt.WaitDispatchSupport$4.run()Ljava/lang/Object;+1 java.desktop@17.0.7
J 1390 c1 java.security.AccessController.doPrivileged(Ljava/security/PrivilegedAction;)Ljava/lang/Object; java.base@17.0.7 (9 bytes) @ 0x0000028f25f367c4 [0x0000028f25f36660+0x0000000000000164]
j  java.awt.WaitDispatchSupport.enter()Z+260 java.desktop@17.0.7
j  java.awt.Dialog.show()V+225 java.desktop@17.0.7
J 10200 c1 java.awt.Component.setVisible(Z)V java.desktop@17.0.7 (6 bytes) @ 0x0000028f263dfc5c [0x0000028f263dfa60+0x00000000000001fc]
j  java.awt.Window.setVisible(Z)V+2 java.desktop@17.0.7
j  java.awt.Dialog.setVisible(Z)V+2 java.desktop@17.0.7
j  ui.dlg.c.e.setVisible(Z)V+2
j  ui.dlg.c.bq.bCa()V+65
j  ui.dlg.c.bq$c.actionPerformed(Ljava/awt/event/ActionEvent;)V+8
j  ui.dlg.c.bq.eTh()V+422
j  ui.views.c.w.b.f.run()V+4
j  ui.views.S.W.a(Ljava/lang/String;ZLjava/lang/Runnable;Ljava/lang/Runnable;)Z+275
j  ui.views.S.W.a(Ljava/lang/String;Ljava/lang/Runnable;Ljava/lang/Runnable;)Z+5
j  ui.views.S.W.c(Ljava/lang/String;Ljava/lang/Runnable;)Z+4
j  ui.views.c.w.b.d.b(Lui/data/design/B;Ljava/lang/String;Ljava/lang/String;)V+472
j  ui.views.c.w.b.d.E(Lui/data/design/B;)V+6
j  ui.views.c.w.b.d.F(Lui/data/design/B;)V+134
j  ui.views.c.w.b.d.run()V+249
j  ui.frmwork.cmd.a.hnk()Z+96
j  ui.utils.ad.actionPerformed(Ljava/awt/event/ActionEvent;)V+4
j  javax.swing.AbstractButton.fireActionPerformed(Ljava/awt/event/ActionEvent;)V+84 java.desktop@17.0.7
j  javax.swing.AbstractButton$Handler.actionPerformed(Ljava/awt/event/ActionEvent;)V+5 java.desktop@17.0.7
j  javax.swing.DefaultButtonModel.fireActionPerformed(Ljava/awt/event/ActionEvent;)V+34 java.desktop@17.0.7
j  javax.swing.DefaultButtonModel.setPressed(Z)V+117 java.desktop@17.0.7
j  javax.swing.AbstractButton.doClick(I)V+60 java.desktop@17.0.7
j  javax.swing.plaf.basic.BasicMenuItemUI.doClick(Ljavax/swing/MenuSelectionManager;)V+47 java.desktop@17.0.7
j  javax.swing.plaf.basic.BasicMenuItemUI$Handler.mouseReleased(Ljava/awt/event/MouseEvent;)V+76 java.desktop@17.0.7
j  java.awt.AWTEventMulticaster.mouseReleased(Ljava/awt/event/MouseEvent;)V+8 java.desktop@17.0.7
j  java.awt.AWTEventMulticaster.mouseReleased(Ljava/awt/event/MouseEvent;)V+8 java.desktop@17.0.7
j  java.awt.Component.processMouseEvent(Ljava/awt/event/MouseEvent;)V+64 java.desktop@17.0.7
j  javax.swing.JComponent.processMouseEvent(Ljava/awt/event/MouseEvent;)V+23 java.desktop@17.0.7
J 11795 c1 java.awt.Component.processEvent(Ljava/awt/AWTEvent;)V java.desktop@17.0.7 (220 bytes) @ 0x0000028f2715a63c [0x0000028f2715a000+0x000000000000063c]
J 6872 c1 java.awt.Container.processEvent(Ljava/awt/AWTEvent;)V java.desktop@17.0.7 (22 bytes) @ 0x0000028f26a16cac [0x0000028f26a16960+0x000000000000034c]
J 8927 c1 java.awt.Component.dispatchEventImpl(Ljava/awt/AWTEvent;)V java.desktop@17.0.7 (777 bytes) @ 0x0000028f26c4ae74 [0x0000028f26c472e0+0x0000000000003b94]
J 6852 c1 java.awt.Container.dispatchEventImpl(Ljava/awt/AWTEvent;)V java.desktop@17.0.7 (129 bytes) @ 0x0000028f26a0717c [0x0000028f26a07040+0x000000000000013c]
J 12310 c1 java.awt.LightweightDispatcher.retargetMouseEvent(Ljava/awt/Component;ILjava/awt/event/MouseEvent;)V java.desktop@17.0.7 (372 bytes) @ 0x0000028f272ac094 [0x0000028f272a97a0+0x00000000000028f4]
j  java.awt.LightweightDispatcher.processMouseEvent(Ljava/awt/event/MouseEvent;)Z+155 java.desktop@17.0.7
J 12781 c1 java.awt.LightweightDispatcher.dispatchEvent(Ljava/awt/AWTEvent;)Z java.desktop@17.0.7 (73 bytes) @ 0x0000028f2642f454 [0x0000028f2642f000+0x0000000000000454]
J 6852 c1 java.awt.Container.dispatchEventImpl(Ljava/awt/AWTEvent;)V java.desktop@17.0.7 (129 bytes) @ 0x0000028f26a0711c [0x0000028f26a07040+0x00000000000000dc]
J 12767 c1 java.awt.Window.dispatchEventImpl(Ljava/awt/AWTEvent;)V java.desktop@17.0.7 (23 bytes) @ 0x0000028f26184f14 [0x0000028f26184900+0x0000000000000614]
J 8985 c1 java.awt.EventQueue.dispatchEventImpl(Ljava/awt/AWTEvent;Ljava/lang/Object;)V java.desktop@17.0.7 (136 bytes) @ 0x0000028f26c973b4 [0x0000028f26c96ee0+0x00000000000004d4]
J 8984 c1 java.awt.EventQueue$4.run()Ljava/lang/Void; java.desktop@17.0.7 (60 bytes) @ 0x0000028f26c967a4 [0x0000028f26c96660+0x0000000000000144]
J 11466 c1 java.awt.EventQueue$4.run()Ljava/lang/Object; java.desktop@17.0.7 (5 bytes) @ 0x0000028f27088a94 [0x0000028f27088a20+0x0000000000000074]
J 8293 c1 java.security.ProtectionDomain$JavaSecurityAccessImpl.doIntersectionPrivilege(Ljava/security/PrivilegedAction;Ljava/security/AccessControlContext;Ljava/security/AccessControlContext;)Ljava/lang/Object; java.base@17.0.7 (22 bytes) @ 0x0000028f26a9e634 [0x0000028f26a9e3a0+0x0000000000000294]
J 8320 c1 java.awt.EventQueue.dispatchEvent(Ljava/awt/AWTEvent;)V java.desktop@17.0.7 (80 bytes) @ 0x0000028f26aa8e6c [0x0000028f26aa8360+0x0000000000000b0c]
J 8417 c1 ui.frmwork.a.d.dispatchEvent(Ljava/awt/AWTEvent;)V (42 bytes) @ 0x0000028f26aeba44 [0x0000028f26aeb920+0x0000000000000124]
J 8363 c1 java.awt.EventDispatchThread.pumpOneEventForFilters(I)V java.desktop@17.0.7 (113 bytes) @ 0x0000028f26ad7714 [0x0000028f26ad6f20+0x00000000000007f4]
j  java.awt.EventDispatchThread.pumpEventsForFilter(ILjava/awt/Conditional;Ljava/awt/EventFilter;)V+35 java.desktop@17.0.7
j  java.awt.EventDispatchThread.pumpEventsForHierarchy(ILjava/awt/Conditional;Ljava/awt/Component;)V+11 java.desktop@17.0.7
j  java.awt.EventDispatchThread.pumpEvents(ILjava/awt/Conditional;)V+4 java.desktop@17.0.7
j  java.awt.EventDispatchThread.pumpEvents(Ljava/awt/Conditional;)V+3 java.desktop@17.0.7
j  java.awt.EventDispatchThread.run()V+9 java.desktop@17.0.7
v  ~StubRoutines::call_stub

siginfo: EXCEPTION_ACCESS_VIOLATION (0xc0000005), reading address 0x0000000000000010


Register to memory mapping:

RIP=0x00007ff9d10ad61f points into unknown readable memory: 83
RAX=0x0 is NULL
RBX=0x000000e0d60fb698 is pointing into the stack for thread: 0x0000028f46f4b940
RCX=0x0000028f64361d70 points into unknown readable memory: 0x0000000000000000 | 00 00 00 00 00 00 00 00
RDX=0x0 is NULL
RSP=0x000000e0d60fb458 is pointing into the stack for thread: 0x0000028f46f4b940
RBP=0x0000028f64361d70 points into unknown readable memory: 0x0000000000000000 | 00 00 00 00 00 00 00 00
RSI=0x0000028f5af80780 points into unknown readable memory: 0x000000000000c89a | 9a c8 00 00 00 00 00 00
RDI=0x000000e0d60fb680 is pointing into the stack for thread: 0x0000028f46f4b940
R8 =0x0000028f13209240 points into unknown readable memory: 0x0000028f13200de0 | e0 0d 20 13 8f 02 00 00
R9 =0x0000000000000040 is an unknown value
R10=0x0000028f13200000 points into unknown readable memory: 0x0000000000000000 | 00 00 00 00 00 00 00 00
R11=0x00007ffa41f916d1 VCRUNTIME140.dll
R12=0x000000e0d60fb4f8 is pointing into the stack for thread: 0x0000028f46f4b940
R13=0x000000e0d60fb700 is pointing into the stack for thread: 0x0000028f46f4b940
R14=0x0 is NULL
R15=0x0000028f4ca2f988 points into unknown readable memory: 0x0000028f581188b0 | b0 88 11 58 8f 02 00 00


Registers:
RAX=0x0000000000000000, RBX=0x000000e0d60fb698, RCX=0x0000028f64361d70, RDX=0x0000000000000000
RSP=0x000000e0d60fb458, RBP=0x0000028f64361d70, RSI=0x0000028f5af80780, RDI=0x000000e0d60fb680
R8 =0x0000028f13209240, R9 =0x0000000000000040, R10=0x0000028f13200000, R11=0x00007ffa41f916d1
R12=0x000000e0d60fb4f8, R13=0x000000e0d60fb700, R14=0x0000000000000000, R15=0x0000028f4ca2f988
RIP=0x00007ff9d10ad61f, EFLAGS=0x0000000000010246

Top of Stack: (sp=0x000000e0d60fb458)
0x000000e0d60fb458:   00007ff9d108d981 000000e0d60fb698
0x000000e0d60fb468:   000000e0d60fb510 0000028f5af80780
0x000000e0d60fb478:   000000e0d60fb760 0000000000000715
0x000000e0d60fb488:   000000e0d60fb760 000000e0d60fb720
0x000000e0d60fb498:   000000000000c898 0000000000000005
0x000000e0d60fb4a8:   00007ff96692bf7a 000000e0d60fb510
0x000000e0d60fb4b8:   0000028f64361d70 0000028f4b0541f0
0x000000e0d60fb4c8:   000000000000c89a 000000000000c89e
0x000000e0d60fb4d8:   0000000000000005 fffffffffffffffe
0x000000e0d60fb4e8:   000000000000c898 0000119800000008
0x000000e0d60fb4f8:   0000028f5af80780 0000028f5af807a0
0x000000e0d60fb508:   0000028f5af807a0 0000028f4ca2f970
0x000000e0d60fb518:   000000e0d60fb828 000000e0d60fb760
0x000000e0d60fb528:   000000e0d60fb720 0000000000000800
0x000000e0d60fb538:   00007ff96692bd50 0000028f00200000
0x000000e0d60fb548:   00000000000000ea 0000000000000002 

Instructions: (pc=0x00007ff9d10ad61f)
0x00007ff9d10ad51f:   c8 e9 6b ff ff ff cc cc cc cc cc cc cc cc cc cc
0x00007ff9d10ad52f:   cc 48 89 5c 24 10 56 48 8b 99 f8 00 00 00 33 f6
0x00007ff9d10ad53f:   89 b1 f0 00 00 00 48 85 db 74 78 44 8b 43 10 8b
0x00007ff9d10ad54f:   c6 41 83 e8 01 48 89 7c 24 10 44 8b ce 40 0f b6
0x00007ff9d10ad55f:   fe 78 34 4c 8b 59 20 66 66 0f 1f 84 00 00 00 00
0x00007ff9d10ad56f:   00 43 8d 04 08 99 2b c2 d1 f8 4c 3b 5c c3 18 7e
0x00007ff9d10ad57f:   06 44 8d 48 01 eb 06 7d 0b 44 8d 40 ff 45 3b c8
0x00007ff9d10ad58f:   7e df eb 03 40 b7 01 40 84 ff 48 8b 7c 24 10 74
0x00007ff9d10ad59f:   0d 89 81 f0 00 00 00 48 8b 5c 24 18 5e c3 45 3b
0x00007ff9d10ad5af:   c8 45 0f 4c c1 45 85 c0 44 0f 48 c6 44 89 81 f0
0x00007ff9d10ad5bf:   00 00 00 48 8b 5c 24 18 5e c3 cc cc cc cc cc cc
0x00007ff9d10ad5cf:   cc 83 79 38 ff 0f 95 c0 c3 cc cc cc cc cc cc cc
0x00007ff9d10ad5df:   cc 8b 51 5c 85 d2 74 43 83 ea 01 74 3b 83 ea 01
0x00007ff9d10ad5ef:   74 2a 83 fa 01 75 34 48 8b 49 68 80 b9 49 48 00
0x00007ff9d10ad5ff:   00 00 74 06 83 79 30 00 75 1e 48 8b 81 68 48 00
0x00007ff9d10ad60f:   00 48 39 81 60 48 00 00 0f 94 c0 c3 48 8b 41 60
0x00007ff9d10ad61f:   83 78 10 00 0f 94 c0 c3 32 c0 c3 b0 01 c3 cc cc
0x00007ff9d10ad62f:   cc 40 53 48 83 ec 20 48 8b d9 e8 42 fd ff ff 48
0x00007ff9d10ad63f:   8b 43 40 48 39 43 38 74 2c 48 8b c8 48 8b 43 30
0x00007ff9d10ad64f:   48 85 c0 7e 0e 48 8b 51 d8 48 85 d2 7e 05 48 3b
0x00007ff9d10ad65f:   c2 7d 2e 8b 41 f8 3b 41 e8 74 0a 48 8b 94 c1 d8
0x00007ff9d10ad66f:   bf ff ff eb 02 33 d2 48 8b 4b 08 4c 8d 43 50 41
0x00007ff9d10ad67f:   b9 20 48 00 00 48 8b 01 48 83 c4 20 5b 48 ff 60
0x00007ff9d10ad68f:   10 48 83 c4 20 5b c3 cc cc cc cc cc cc cc cc cc
0x00007ff9d10ad69f:   cc 40 57 48 83 ec 20 80 79 59 00 48 8b f9 0f 85
0x00007ff9d10ad6af:   86 01 00 00 8b 81 f0 00 00 00 ff c0 89 81 f0 00
0x00007ff9d10ad6bf:   00 00 48 8b 89 f8 00 00 00 48 85 c9 74 0d 84 d2
0x00007ff9d10ad6cf:   75 09 3b 41 10 0f 82 5f 01 00 00 48 89 5c 24 30
0x00007ff9d10ad6df:   48 89 74 24 38 48 8d b7 00 01 00 00 48 8b ce c6
0x00007ff9d10ad6ef:   47 59 01 48 c7 87 f8 00 00 00 00 00 00 00 c7 87
0x00007ff9d10ad6ff:   f0 00 00 00 00 00 00 00 e8 74 fc ff ff 48 8b 46
0x00007ff9d10ad70f:   40 48 39 46 38 74 46 48 8b c8 0f 1f 80 00 00 00 


Stack slot to memory mapping:
stack at sp + 0 slots: 0x00007ff9d108d981 points into unknown readable memory: 84 c0 0f 84 85 00 00
stack at sp + 1 slots: 0x000000e0d60fb698 is pointing into the stack for thread: 0x0000028f46f4b940
stack at sp + 2 slots: 0x000000e0d60fb510 is pointing into the stack for thread: 0x0000028f46f4b940
stack at sp + 3 slots: 0x0000028f5af80780 points into unknown readable memory: 0x000000000000c89a | 9a c8 00 00 00 00 00 00
stack at sp + 4 slots: 0x000000e0d60fb760 is pointing into the stack for thread: 0x0000028f46f4b940
stack at sp + 5 slots: 0x0000000000000715 is an unknown value
stack at sp + 6 slots: 0x000000e0d60fb760 is pointing into the stack for thread: 0x0000028f46f4b940
stack at sp + 7 slots: 0x000000e0d60fb720 is pointing into the stack for thread: 0x0000028f46f4b940


---------------  P R O C E S S  ---------------

Threads class SMR info:
_java_thread_list=0x0000028f704e4db0, length=38, elements={
0x0000028f1ca9ab90, 0x0000028f1e0ea000, 0x0000028f1e0ee8d0, 0x0000028f1e108e80,
0x0000028f1e109740, 0x0000028f1e10a410, 0x0000028f1e10b0e0, 0x0000028f1e10bcd0,
0x0000028f1e110080, 0x0000028f1e112db0, 0x0000028f1e28e770, 0x0000028f4504de40,
0x0000028f45699ff0, 0x0000028f45e16410, 0x0000028f4680b4c0, 0x0000028f4758b040,
0x0000028f46f4b940, 0x0000028f4728f080, 0x0000028f4728d870, 0x0000028f4728d3a0,
0x0000028f4728ebb0, 0x0000028f49006530, 0x0000028f4900a3c0, 0x0000028f4900b230,
0x0000028f4900d8b0, 0x0000028f4e0fb690, 0x0000028f4c61a730, 0x0000028f4c618f20,
0x0000028f4c61ba70, 0x0000028f4c618580, 0x0000028f4c61c410, 0x0000028f4c61ef60,
0x0000028f4c61d750, 0x0000028f4c61dc20, 0x0000028f4c61d280, 0x0000028f4c61c8e0,
0x0000028f4c61b5a0, 0x0000028f4c6180b0
}

Java Threads: ( => current thread )
  0x0000028f1ca9ab90 JavaThread "main" [_thread_blocked, id=15512, stack(0x000000e0cc700000,0x000000e0cc800000)]
  0x0000028f1e0ea000 JavaThread "Reference Handler" daemon [_thread_blocked, id=13784, stack(0x000000e0cd200000,0x000000e0cdc00000)]
  0x0000028f1e0ee8d0 JavaThread "Finalizer" daemon [_thread_blocked, id=20000, stack(0x000000e0cdc00000,0x000000e0ce600000)]
  0x0000028f1e108e80 JavaThread "Signal Dispatcher" daemon [_thread_blocked, id=14300, stack(0x000000e0ce600000,0x000000e0cf000000)]
  0x0000028f1e109740 JavaThread "Attach Listener" daemon [_thread_blocked, id=22632, stack(0x000000e0cf000000,0x000000e0cfa00000)]
  0x0000028f1e10a410 JavaThread "Service Thread" daemon [_thread_blocked, id=24480, stack(0x000000e0cfa00000,0x000000e0d0400000)]
  0x0000028f1e10b0e0 JavaThread "Monitor Deflation Thread" daemon [_thread_blocked, id=13460, stack(0x000000e0d0400000,0x000000e0d0e00000)]
  0x0000028f1e10bcd0 JavaThread "C2 CompilerThread0" daemon [_thread_blocked, id=19252, stack(0x000000e0d0e00000,0x000000e0d0f00000)]
  0x0000028f1e110080 JavaThread "C1 CompilerThread0" daemon [_thread_blocked, id=21036, stack(0x000000e0d0f00000,0x000000e0d1000000)]
  0x0000028f1e112db0 JavaThread "Sweeper thread" daemon [_thread_blocked, id=22708, stack(0x000000e0d1000000,0x000000e0d1a00000)]
  0x0000028f1e28e770 JavaThread "Common-Cleaner" daemon [_thread_blocked, id=20044, stack(0x000000e0d1a00000,0x000000e0d2400000)]
  0x0000028f4504de40 JavaThread "Notification Thread" daemon [_thread_blocked, id=17412, stack(0x000000e0d2400000,0x000000e0d2e00000)]
  0x0000028f45699ff0 JavaThread "Java2D Disposer" daemon [_thread_blocked, id=23996, stack(0x000000e0d2f00000,0x000000e0d3900000)]
  0x0000028f45e16410 JavaThread "AWT-Windows" daemon [_thread_in_native, id=22132, stack(0x000000e0d4300000,0x000000e0d4d00000)]
  0x0000028f4680b4c0 JavaThread "TimerQueue" daemon [_thread_blocked, id=5900, stack(0x000000e0d3900000,0x000000e0d4300000)]
  0x0000028f4758b040 JavaThread "AWT-Shutdown" [_thread_blocked, id=20296, stack(0x000000e0d4d00000,0x000000e0d5700000)]
=>0x0000028f46f4b940 JavaThread "AWT-EventQueue-0" [_thread_in_native, id=23632, stack(0x000000e0d5700000,0x000000e0d6100000)]
  0x0000028f4728f080 JavaThread "Thread-1" [_thread_in_native, id=23912, stack(0x000000e0caf00000,0x000000e0cc300000)]
  0x0000028f4728d870 JavaThread "Process Messages Thread" [_thread_blocked, id=19644, stack(0x000000e0d7f00000,0x000000e0d8900000)]
  0x0000028f4728d3a0 JavaThread "Batik CleanerThread" daemon [_thread_blocked, id=22836, stack(0x000000e0d7300000,0x000000e0d7d00000)]
  0x0000028f4728ebb0 JavaThread "SyntheticaCleanerThread" daemon [_thread_blocked, id=22580, stack(0x000000e0d9800000,0x000000e0da200000)]
  0x0000028f49006530 JavaThread "Timer-0" [_thread_blocked, id=23192, stack(0x000000e0dac00000,0x000000e0db600000)]
  0x0000028f4900a3c0 JavaThread "Monitor File Timestamp Swing Worker Thread" [_thread_blocked, id=17120, stack(0x000000e0db600000,0x000000e0dc000000)]
  0x0000028f4900b230 JavaThread "Monitor HEventQueue Thread" [_thread_blocked, id=8272, stack(0x000000e0dc000000,0x000000e0dca00000)]
  0x0000028f4900d8b0 JavaThread "SyntheticaAnimation 50" daemon [_thread_blocked, id=6548, stack(0x000000e0dca00000,0x000000e0dd400000)]
  0x0000028f4e0fb690 JavaThread "SyntheticaAnimation 25" daemon [_thread_blocked, id=2592, stack(0x000000e0dd400000,0x000000e0dde00000)]
  0x0000028f4c61a730 JavaThread "SyntheticaAnimation 70" daemon [_thread_blocked, id=2108, stack(0x000000e0d8900000,0x000000e0d9300000)]
  0x0000028f4c618f20 JavaThread "Refresh Filesets Swing Worker Thread" [_thread_blocked, id=16956, stack(0x000000e0da200000,0x000000e0dac00000)]
  0x0000028f4c61ba70 JavaThread "hw_ila_monitor" [_thread_blocked, id=20648, stack(0x000000e0dde00000,0x000000e0de800000)]
  0x0000028f4c618580 JavaThread "pool-2-thread-1" [_thread_blocked, id=1980, stack(0x000000e0dfc00000,0x000000e0e0600000)]
  0x0000028f4c61c410 JavaThread "Timer-1" [_thread_blocked, id=7228, stack(0x000000e0e0600000,0x000000e0e1000000)]
  0x0000028f4c61ef60 JavaThread "pool-3-thread-1" [_thread_blocked, id=10472, stack(0x000000e0e1000000,0x000000e0e1a00000)]
  0x0000028f4c61d750 JavaThread "Timer-2" [_thread_blocked, id=22352, stack(0x000000e0e1a00000,0x000000e0e2400000)]
  0x0000028f4c61dc20 JavaThread "pool-4-thread-1" [_thread_blocked, id=19684, stack(0x000000e0e2400000,0x000000e0e2e00000)]
  0x0000028f4c61d280 JavaThread "Timer-3" [_thread_blocked, id=22288, stack(0x000000e0e2e00000,0x000000e0e3800000)]
  0x0000028f4c61c8e0 JavaThread "Update Runs Swing Worker Thread" [_thread_blocked, id=18796, stack(0x000000e0e4200000,0x000000e0e4c00000)]
  0x0000028f4c61b5a0 JavaThread "SyntheticaAnimation 50" daemon [_thread_blocked, id=18744, stack(0x000000e0d6100000,0x000000e0d6b00000)]
  0x0000028f4c6180b0 JavaThread "Run Simulation Thread" [_thread_blocked, id=3456, stack(0x000000e0de800000,0x000000e0df200000)]

Other Threads:
  0x0000028f1d127090 VMThread "VM Thread" [stack: 0x000000e0cd100000,0x000000e0cd200000] [id=19408]
  0x0000028f197ec550 WatcherThread [stack: 0x000000e0d2e00000,0x000000e0d2f00000] [id=15572]
  0x0000028f1c9ce5a0 GCTaskThread "GC Thread#0" [stack: 0x000000e0cc800000,0x000000e0cc900000] [id=21232]
  0x0000028f1c9cc560 GCTaskThread "GC Thread#1" [stack: 0x000000e0d6b00000,0x000000e0d6c00000] [id=20700]
  0x0000028f1c9cb7f0 GCTaskThread "GC Thread#2" [stack: 0x000000e0d6c00000,0x000000e0d6d00000] [id=23336]
  0x0000028f1c9cc810 GCTaskThread "GC Thread#3" [stack: 0x000000e0d6d00000,0x000000e0d6e00000] [id=11980]
  0x0000028f1c9ce2f0 GCTaskThread "GC Thread#4" [stack: 0x000000e0d6e00000,0x000000e0d6f00000] [id=5772]
  0x0000028f1c9ca7d0 GCTaskThread "GC Thread#5" [stack: 0x000000e0d6f00000,0x000000e0d7000000] [id=19632]
  0x0000028f1c9cf310 GCTaskThread "GC Thread#6" [stack: 0x000000e0d7000000,0x000000e0d7100000] [id=22520]
  0x0000028f1c9d0330 GCTaskThread "GC Thread#7" [stack: 0x000000e0d7100000,0x000000e0d7200000] [id=20704]
  0x0000028f1cecfa60 ConcurrentGCThread "G1 Main Marker" [stack: 0x000000e0ccc00000,0x000000e0ccd00000] [id=18584]
  0x0000028f1c9cd2d0 ConcurrentGCThread "G1 Conc#0" [stack: 0x000000e0ccd00000,0x000000e0cce00000] [id=8976]
  0x0000028f1c9ce850 ConcurrentGCThread "G1 Conc#1" [stack: 0x000000e0d7d00000,0x000000e0d7e00000] [id=20804]
  0x0000028f1d5f1250 ConcurrentGCThread "G1 Refine#0" [stack: 0x000000e0cce00000,0x000000e0ccf00000] [id=16540]
  0x0000028f4691cb50 ConcurrentGCThread "G1 Refine#1" [stack: 0x000000e0d7200000,0x000000e0d7300000] [id=14148]
  0x0000028f1ce19200 ConcurrentGCThread "G1 Service" [stack: 0x000000e0ccf00000,0x000000e0cd000000] [id=18956]
  0x0000028f1c9cdae0 ConcurrentGCThread "StringDedupProcessor" [stack: 0x000000e0cd000000,0x000000e0cd100000] [id=9600]

Threads with active compile tasks:

VM state: not at safepoint (normal execution)

VM Mutex/Monitor currently owned by a thread: None

Heap address: 0x0000000701800000, size: 4072 MB, Compressed Oops mode: Zero based, Oop shift amount: 3

CDS archive(s) mapped at: [0x0000000800000000-0x0000000800bc0000-0x0000000800bc0000), size 12320768, SharedBaseAddress: 0x0000000800000000, ArchiveRelocationMode: 0.
Compressed class space mapped at: 0x0000000801000000-0x0000000841000000, reserved size: 1073741824
Narrow klass base: 0x0000000800000000, Narrow klass shift: 0, Narrow klass range: 0x100000000

GC Precious Log:
 CPUs: 8 total, 8 available
 Memory: 8023M
 Large Page Support: Disabled
 NUMA Support: Disabled
 Compressed Oops: Enabled (Zero based)
 Heap Region Size: 2M
 Heap Min Capacity: 512M
 Heap Initial Capacity: 512M
 Heap Max Capacity: 4072M
 Pre-touch: Disabled
 Parallel Workers: 8
 Concurrent Workers: 2
 Concurrent Refinement Workers: 8
 Periodic GC: Disabled
 String Deduplication is enabled

Heap:
 garbage-first heap   total 524288K, used 132407K [0x0000000701800000, 0x0000000800000000)
  region size 2048K, 13 young (26624K), 0 survivors (0K)
 Metaspace       used 80572K, committed 81216K, reserved 1179648K
  class space    used 11343K, committed 11648K, reserved 1048576K

Heap Regions: E=young(eden), S=young(survivor), O=old, HS=humongous(starts), HC=humongous(continues), CS=collection set, F=free, OA=open archive, CA=closed archive, TAMS=top-at-mark-start (previous, next)
|   0|0x0000000701800000, 0x0000000701a00000, 0x0000000701a00000|100%|HS|  |TAMS 0x0000000701a00000, 0x0000000701800000| Untracked 
|   1|0x0000000701a00000, 0x0000000701bfffe8, 0x0000000701c00000| 99%| O|  |TAMS 0x0000000701bfffe8, 0x0000000701a00000| Untracked 
|   2|0x0000000701c00000, 0x0000000701e00000, 0x0000000701e00000|100%| O|  |TAMS 0x0000000701e00000, 0x0000000701c00000| Untracked 
|   3|0x0000000701e00000, 0x0000000701ffffe8, 0x0000000702000000| 99%| O|  |TAMS 0x0000000701ffffe8, 0x0000000701e00000| Untracked 
|   4|0x0000000702000000, 0x0000000702200000, 0x0000000702200000|100%| O|  |TAMS 0x0000000702200000, 0x0000000702000000| Untracked 
|   5|0x0000000702200000, 0x00000007023fffe8, 0x0000000702400000| 99%| O|  |TAMS 0x00000007023fffe8, 0x0000000702200000| Untracked 
|   6|0x0000000702400000, 0x0000000702600000, 0x0000000702600000|100%| O|  |TAMS 0x0000000702600000, 0x0000000702400000| Untracked 
|   7|0x0000000702600000, 0x0000000702800000, 0x0000000702800000|100%| O|  |TAMS 0x0000000702800000, 0x0000000702600000| Untracked 
|   8|0x0000000702800000, 0x0000000702a00000, 0x0000000702a00000|100%| O|  |TAMS 0x0000000702a00000, 0x0000000702800000| Untracked 
|   9|0x0000000702a00000, 0x0000000702bffff8, 0x0000000702c00000| 99%| O|  |TAMS 0x0000000702bffff8, 0x0000000702a00000| Untracked 
|  10|0x0000000702c00000, 0x0000000702e00000, 0x0000000702e00000|100%| O|  |TAMS 0x0000000702e00000, 0x0000000702c00000| Untracked 
|  11|0x0000000702e00000, 0x0000000703000000, 0x0000000703000000|100%| O|  |TAMS 0x0000000703000000, 0x0000000702e00000| Untracked 
|  12|0x0000000703000000, 0x0000000703200000, 0x0000000703200000|100%| O|  |TAMS 0x0000000703200000, 0x0000000703000000| Untracked 
|  13|0x0000000703200000, 0x00000007033ffff8, 0x0000000703400000| 99%| O|  |TAMS 0x00000007033ffff8, 0x0000000703200000| Untracked 
|  14|0x0000000703400000, 0x00000007035fffe0, 0x0000000703600000| 99%| O|  |TAMS 0x00000007035fffe0, 0x0000000703400000| Untracked 
|  15|0x0000000703600000, 0x0000000703800000, 0x0000000703800000|100%|HS|  |TAMS 0x0000000703800000, 0x0000000703600000| Untracked 
|  16|0x0000000703800000, 0x0000000703a00000, 0x0000000703a00000|100%|HC|  |TAMS 0x0000000703a00000, 0x0000000703800000| Untracked 
|  17|0x0000000703a00000, 0x0000000703c00000, 0x0000000703c00000|100%|HC|  |TAMS 0x0000000703c00000, 0x0000000703a00000| Untracked 
|  18|0x0000000703c00000, 0x0000000703e00000, 0x0000000703e00000|100%|HC|  |TAMS 0x0000000703e00000, 0x0000000703c00000| Untracked 
|  19|0x0000000703e00000, 0x0000000704000000, 0x0000000704000000|100%|HC|  |TAMS 0x0000000704000000, 0x0000000703e00000| Untracked 
|  20|0x0000000704000000, 0x0000000704200000, 0x0000000704200000|100%|HC|  |TAMS 0x0000000704200000, 0x0000000704000000| Untracked 
|  21|0x0000000704200000, 0x0000000704400000, 0x0000000704400000|100%| O|  |TAMS 0x0000000704400000, 0x0000000704200000| Untracked 
|  22|0x0000000704400000, 0x0000000704600000, 0x0000000704600000|100%|HS|  |TAMS 0x0000000704600000, 0x0000000704400000| Untracked 
|  23|0x0000000704600000, 0x0000000704800000, 0x0000000704800000|100%|HC|  |TAMS 0x0000000704800000, 0x0000000704600000| Untracked 
|  24|0x0000000704800000, 0x0000000704a00000, 0x0000000704a00000|100%|HC|  |TAMS 0x0000000704a00000, 0x0000000704800000| Untracked 
|  25|0x0000000704a00000, 0x0000000704c00000, 0x0000000704c00000|100%|HC|  |TAMS 0x0000000704c00000, 0x0000000704a00000| Untracked 
|  26|0x0000000704c00000, 0x0000000704dffff0, 0x0000000704e00000| 99%| O|  |TAMS 0x0000000704dffff0, 0x0000000704c00000| Untracked 
|  27|0x0000000704e00000, 0x0000000705000000, 0x0000000705000000|100%| O|  |TAMS 0x0000000705000000, 0x0000000704e00000| Untracked 
|  28|0x0000000705000000, 0x00000007051d44d8, 0x0000000705200000| 91%| O|  |TAMS 0x0000000705000000, 0x0000000705000000| Untracked 
|  29|0x0000000705200000, 0x0000000705400000, 0x0000000705400000|100%| O|  |TAMS 0x0000000705400000, 0x0000000705200000| Untracked 
|  30|0x0000000705400000, 0x0000000705600000, 0x0000000705600000|100%| O|  |TAMS 0x0000000705600000, 0x0000000705400000| Untracked 
|  31|0x0000000705600000, 0x00000007057ffff8, 0x0000000705800000| 99%| O|  |TAMS 0x0000000705600000, 0x0000000705600000| Untracked 
|  32|0x0000000705800000, 0x00000007059ffff0, 0x0000000705a00000| 99%| O|  |TAMS 0x00000007059ffff0, 0x0000000705800000| Untracked 
|  33|0x0000000705a00000, 0x0000000705bfffe0, 0x0000000705c00000| 99%| O|  |TAMS 0x0000000705a00000, 0x0000000705a00000| Untracked 
|  34|0x0000000705c00000, 0x0000000705dffec0, 0x0000000705e00000| 99%| O|  |TAMS 0x0000000705dffec0, 0x0000000705c00000| Untracked 
|  35|0x0000000705e00000, 0x0000000706000000, 0x0000000706000000|100%| O|  |TAMS 0x0000000706000000, 0x0000000705e00000| Untracked 
|  36|0x0000000706000000, 0x00000007061a9980, 0x0000000706200000| 83%| O|  |TAMS 0x0000000706000000, 0x0000000706000000| Untracked 
|  37|0x0000000706200000, 0x00000007063ffff8, 0x0000000706400000| 99%| O|  |TAMS 0x00000007063ffff8, 0x0000000706200000| Untracked 
|  38|0x0000000706400000, 0x000000070656c0c0, 0x0000000706600000| 71%| O|  |TAMS 0x0000000706400000, 0x0000000706400000| Untracked 
|  39|0x0000000706600000, 0x00000007067ef9c0, 0x0000000706800000| 96%| O|  |TAMS 0x00000007067ef9c0, 0x0000000706600000| Untracked 
|  40|0x0000000706800000, 0x0000000706a00000, 0x0000000706a00000|100%| O|  |TAMS 0x0000000706800000, 0x0000000706800000| Untracked 
|  41|0x0000000706a00000, 0x0000000706b33008, 0x0000000706c00000| 59%| O|  |TAMS 0x0000000706a00000, 0x0000000706a00000| Untracked 
|  42|0x0000000706c00000, 0x0000000706c00000, 0x0000000706e00000|  0%| F|  |TAMS 0x0000000706c00000, 0x0000000706c00000| Untracked 
|  43|0x0000000706e00000, 0x0000000707000000, 0x0000000707000000|100%|HS|  |TAMS 0x0000000707000000, 0x0000000706e00000| Untracked 
|  44|0x0000000707000000, 0x0000000707200000, 0x0000000707200000|100%|HC|  |TAMS 0x0000000707200000, 0x0000000707000000| Untracked 
|  45|0x0000000707200000, 0x00000007073fffc0, 0x0000000707400000| 99%| O|  |TAMS 0x00000007073fffc0, 0x0000000707200000| Untracked 
|  46|0x0000000707400000, 0x0000000707600000, 0x0000000707600000|100%|HS|  |TAMS 0x0000000707600000, 0x0000000707400000| Untracked 
|  47|0x0000000707600000, 0x0000000707800000, 0x0000000707800000|100%|HC|  |TAMS 0x0000000707800000, 0x0000000707600000| Untracked 
|  48|0x0000000707800000, 0x0000000707a00000, 0x0000000707a00000|100%|HS|  |TAMS 0x0000000707a00000, 0x0000000707800000| Untracked 
|  49|0x0000000707a00000, 0x0000000707c00000, 0x0000000707c00000|100%|HC|  |TAMS 0x0000000707c00000, 0x0000000707a00000| Untracked 
|  50|0x0000000707c00000, 0x0000000707e00000, 0x0000000707e00000|100%|HS|  |TAMS 0x0000000707c00000, 0x0000000707c00000| Complete 
|  51|0x0000000707e00000, 0x0000000708000000, 0x0000000708000000|100%|HC|  |TAMS 0x0000000707e00000, 0x0000000707e00000| Complete 
|  52|0x0000000708000000, 0x0000000708000000, 0x0000000708200000|  0%| F|  |TAMS 0x0000000708000000, 0x0000000708000000| Untracked 
|  53|0x0000000708200000, 0x0000000708200000, 0x0000000708400000|  0%| F|  |TAMS 0x0000000708200000, 0x0000000708200000| Untracked 
|  54|0x0000000708400000, 0x0000000708400000, 0x0000000708600000|  0%| F|  |TAMS 0x0000000708400000, 0x0000000708400000| Untracked 
|  55|0x0000000708600000, 0x0000000708600000, 0x0000000708800000|  0%| F|  |TAMS 0x0000000708600000, 0x0000000708600000| Untracked 
|  56|0x0000000708800000, 0x0000000708800000, 0x0000000708a00000|  0%| F|  |TAMS 0x0000000708800000, 0x0000000708800000| Untracked 
|  57|0x0000000708a00000, 0x0000000708a00000, 0x0000000708c00000|  0%| F|  |TAMS 0x0000000708a00000, 0x0000000708a00000| Untracked 
|  58|0x0000000708c00000, 0x0000000708c00000, 0x0000000708e00000|  0%| F|  |TAMS 0x0000000708c00000, 0x0000000708c00000| Untracked 
|  59|0x0000000708e00000, 0x0000000708e00000, 0x0000000709000000|  0%| F|  |TAMS 0x0000000708e00000, 0x0000000708e00000| Untracked 
|  60|0x0000000709000000, 0x0000000709000000, 0x0000000709200000|  0%| F|  |TAMS 0x0000000709000000, 0x0000000709000000| Untracked 
|  61|0x0000000709200000, 0x0000000709200000, 0x0000000709400000|  0%| F|  |TAMS 0x0000000709200000, 0x0000000709200000| Untracked 
|  62|0x0000000709400000, 0x0000000709400000, 0x0000000709600000|  0%| F|  |TAMS 0x0000000709400000, 0x0000000709400000| Untracked 
|  63|0x0000000709600000, 0x000000070960ce10, 0x0000000709800000|  2%| O|  |TAMS 0x0000000709600000, 0x0000000709600000| Untracked 
|  64|0x0000000709800000, 0x0000000709800000, 0x0000000709a00000|  0%| F|  |TAMS 0x0000000709800000, 0x0000000709800000| Untracked 
|  65|0x0000000709a00000, 0x0000000709a00000, 0x0000000709c00000|  0%| F|  |TAMS 0x0000000709a00000, 0x0000000709a00000| Untracked 
|  66|0x0000000709c00000, 0x0000000709c00000, 0x0000000709e00000|  0%| F|  |TAMS 0x0000000709c00000, 0x0000000709c00000| Untracked 
|  67|0x0000000709e00000, 0x0000000709e00000, 0x000000070a000000|  0%| F|  |TAMS 0x0000000709e00000, 0x0000000709e00000| Untracked 
|  68|0x000000070a000000, 0x000000070a000000, 0x000000070a200000|  0%| F|  |TAMS 0x000000070a000000, 0x000000070a000000| Untracked 
|  69|0x000000070a200000, 0x000000070a200000, 0x000000070a400000|  0%| F|  |TAMS 0x000000070a200000, 0x000000070a200000| Untracked 
|  70|0x000000070a400000, 0x000000070a400000, 0x000000070a600000|  0%| F|  |TAMS 0x000000070a400000, 0x000000070a400000| Untracked 
|  71|0x000000070a600000, 0x000000070a600000, 0x000000070a800000|  0%| F|  |TAMS 0x000000070a600000, 0x000000070a600000| Untracked 
|  72|0x000000070a800000, 0x000000070a800000, 0x000000070aa00000|  0%| F|  |TAMS 0x000000070a800000, 0x000000070a800000| Untracked 
|  73|0x000000070aa00000, 0x000000070aa00000, 0x000000070ac00000|  0%| F|  |TAMS 0x000000070aa00000, 0x000000070aa00000| Untracked 
|  74|0x000000070ac00000, 0x000000070ac00000, 0x000000070ae00000|  0%| F|  |TAMS 0x000000070ac00000, 0x000000070ac00000| Untracked 
|  75|0x000000070ae00000, 0x000000070ae00000, 0x000000070b000000|  0%| F|  |TAMS 0x000000070ae00000, 0x000000070ae00000| Untracked 
|  76|0x000000070b000000, 0x000000070b000000, 0x000000070b200000|  0%| F|  |TAMS 0x000000070b000000, 0x000000070b000000| Untracked 
|  77|0x000000070b200000, 0x000000070b200000, 0x000000070b400000|  0%| F|  |TAMS 0x000000070b200000, 0x000000070b200000| Untracked 
|  78|0x000000070b400000, 0x000000070b400000, 0x000000070b600000|  0%| F|  |TAMS 0x000000070b400000, 0x000000070b400000| Untracked 
|  79|0x000000070b600000, 0x000000070b600000, 0x000000070b800000|  0%| F|  |TAMS 0x000000070b600000, 0x000000070b600000| Untracked 
|  80|0x000000070b800000, 0x000000070b800000, 0x000000070ba00000|  0%| F|  |TAMS 0x000000070b800000, 0x000000070b800000| Untracked 
|  81|0x000000070ba00000, 0x000000070ba00000, 0x000000070bc00000|  0%| F|  |TAMS 0x000000070ba00000, 0x000000070ba00000| Untracked 
|  82|0x000000070bc00000, 0x000000070bc00000, 0x000000070be00000|  0%| F|  |TAMS 0x000000070bc00000, 0x000000070bc00000| Untracked 
|  83|0x000000070be00000, 0x000000070be00000, 0x000000070c000000|  0%| F|  |TAMS 0x000000070be00000, 0x000000070be00000| Untracked 
|  84|0x000000070c000000, 0x000000070c000000, 0x000000070c200000|  0%| F|  |TAMS 0x000000070c000000, 0x000000070c000000| Untracked 
|  85|0x000000070c200000, 0x000000070c200000, 0x000000070c400000|  0%| F|  |TAMS 0x000000070c200000, 0x000000070c200000| Untracked 
|  86|0x000000070c400000, 0x000000070c400000, 0x000000070c600000|  0%| F|  |TAMS 0x000000070c400000, 0x000000070c400000| Untracked 
|  87|0x000000070c600000, 0x000000070c600000, 0x000000070c800000|  0%| F|  |TAMS 0x000000070c600000, 0x000000070c600000| Untracked 
|  88|0x000000070c800000, 0x000000070c800000, 0x000000070ca00000|  0%| F|  |TAMS 0x000000070c800000, 0x000000070c800000| Untracked 
|  89|0x000000070ca00000, 0x000000070ca00000, 0x000000070cc00000|  0%| F|  |TAMS 0x000000070ca00000, 0x000000070ca00000| Untracked 
|  90|0x000000070cc00000, 0x000000070cc00000, 0x000000070ce00000|  0%| F|  |TAMS 0x000000070cc00000, 0x000000070cc00000| Untracked 
|  91|0x000000070ce00000, 0x000000070ce00000, 0x000000070d000000|  0%| F|  |TAMS 0x000000070ce00000, 0x000000070ce00000| Untracked 
|  92|0x000000070d000000, 0x000000070d000000, 0x000000070d200000|  0%| F|  |TAMS 0x000000070d000000, 0x000000070d000000| Untracked 
|  93|0x000000070d200000, 0x000000070d200000, 0x000000070d400000|  0%| F|  |TAMS 0x000000070d200000, 0x000000070d200000| Untracked 
|  94|0x000000070d400000, 0x000000070d400000, 0x000000070d600000|  0%| F|  |TAMS 0x000000070d400000, 0x000000070d400000| Untracked 
|  95|0x000000070d600000, 0x000000070d600000, 0x000000070d800000|  0%| F|  |TAMS 0x000000070d600000, 0x000000070d600000| Untracked 
|  96|0x000000070d800000, 0x000000070d800000, 0x000000070da00000|  0%| F|  |TAMS 0x000000070d800000, 0x000000070d800000| Untracked 
|  97|0x000000070da00000, 0x000000070da00000, 0x000000070dc00000|  0%| F|  |TAMS 0x000000070da00000, 0x000000070da00000| Untracked 
|  98|0x000000070dc00000, 0x000000070dc00000, 0x000000070de00000|  0%| F|  |TAMS 0x000000070dc00000, 0x000000070dc00000| Untracked 
|  99|0x000000070de00000, 0x000000070de00000, 0x000000070e000000|  0%| F|  |TAMS 0x000000070de00000, 0x000000070de00000| Untracked 
| 100|0x000000070e000000, 0x000000070e000000, 0x000000070e200000|  0%| F|  |TAMS 0x000000070e000000, 0x000000070e000000| Untracked 
| 101|0x000000070e200000, 0x000000070e200000, 0x000000070e400000|  0%| F|  |TAMS 0x000000070e200000, 0x000000070e200000| Untracked 
| 102|0x000000070e400000, 0x000000070e400000, 0x000000070e600000|  0%| F|  |TAMS 0x000000070e400000, 0x000000070e400000| Untracked 
| 103|0x000000070e600000, 0x000000070e600000, 0x000000070e800000|  0%| F|  |TAMS 0x000000070e600000, 0x000000070e600000| Untracked 
| 104|0x000000070e800000, 0x000000070e800000, 0x000000070ea00000|  0%| F|  |TAMS 0x000000070e800000, 0x000000070e800000| Untracked 
| 105|0x000000070ea00000, 0x000000070ea00000, 0x000000070ec00000|  0%| F|  |TAMS 0x000000070ea00000, 0x000000070ea00000| Untracked 
| 106|0x000000070ec00000, 0x000000070ec00000, 0x000000070ee00000|  0%| F|  |TAMS 0x000000070ec00000, 0x000000070ec00000| Untracked 
| 107|0x000000070ee00000, 0x000000070ee00000, 0x000000070f000000|  0%| F|  |TAMS 0x000000070ee00000, 0x000000070ee00000| Untracked 
| 108|0x000000070f000000, 0x000000070f000000, 0x000000070f200000|  0%| F|  |TAMS 0x000000070f000000, 0x000000070f000000| Untracked 
| 109|0x000000070f200000, 0x000000070f200000, 0x000000070f400000|  0%| F|  |TAMS 0x000000070f200000, 0x000000070f200000| Untracked 
| 110|0x000000070f400000, 0x000000070f400000, 0x000000070f600000|  0%| F|  |TAMS 0x000000070f400000, 0x000000070f400000| Untracked 
| 111|0x000000070f600000, 0x000000070f600000, 0x000000070f800000|  0%| F|  |TAMS 0x000000070f600000, 0x000000070f600000| Untracked 
| 112|0x000000070f800000, 0x000000070f800000, 0x000000070fa00000|  0%| F|  |TAMS 0x000000070f800000, 0x000000070f800000| Untracked 
| 113|0x000000070fa00000, 0x000000070fa00000, 0x000000070fc00000|  0%| F|  |TAMS 0x000000070fa00000, 0x000000070fa00000| Untracked 
| 114|0x000000070fc00000, 0x000000070fc00000, 0x000000070fe00000|  0%| F|  |TAMS 0x000000070fc00000, 0x000000070fc00000| Untracked 
| 115|0x000000070fe00000, 0x000000070fe00000, 0x0000000710000000|  0%| F|  |TAMS 0x000000070fe00000, 0x000000070fe00000| Untracked 
| 116|0x0000000710000000, 0x0000000710000000, 0x0000000710200000|  0%| F|  |TAMS 0x0000000710000000, 0x0000000710000000| Untracked 
| 117|0x0000000710200000, 0x0000000710200000, 0x0000000710400000|  0%| F|  |TAMS 0x0000000710200000, 0x0000000710200000| Untracked 
| 118|0x0000000710400000, 0x0000000710400000, 0x0000000710600000|  0%| F|  |TAMS 0x0000000710400000, 0x0000000710400000| Untracked 
| 119|0x0000000710600000, 0x0000000710600000, 0x0000000710800000|  0%| F|  |TAMS 0x0000000710600000, 0x0000000710600000| Untracked 
| 120|0x0000000710800000, 0x0000000710800000, 0x0000000710a00000|  0%| F|  |TAMS 0x0000000710800000, 0x0000000710800000| Untracked 
| 121|0x0000000710a00000, 0x0000000710a00000, 0x0000000710c00000|  0%| F|  |TAMS 0x0000000710a00000, 0x0000000710a00000| Untracked 
| 122|0x0000000710c00000, 0x0000000710c00000, 0x0000000710e00000|  0%| F|  |TAMS 0x0000000710c00000, 0x0000000710c00000| Untracked 
| 123|0x0000000710e00000, 0x0000000710e00000, 0x0000000711000000|  0%| F|  |TAMS 0x0000000710e00000, 0x0000000710e00000| Untracked 
| 124|0x0000000711000000, 0x0000000711000000, 0x0000000711200000|  0%| F|  |TAMS 0x0000000711000000, 0x0000000711000000| Untracked 
| 125|0x0000000711200000, 0x0000000711200000, 0x0000000711400000|  0%| F|  |TAMS 0x0000000711200000, 0x0000000711200000| Untracked 
| 126|0x0000000711400000, 0x0000000711400000, 0x0000000711600000|  0%| F|  |TAMS 0x0000000711400000, 0x0000000711400000| Untracked 
| 127|0x0000000711600000, 0x0000000711600000, 0x0000000711800000|  0%| F|  |TAMS 0x0000000711600000, 0x0000000711600000| Untracked 
| 128|0x0000000711800000, 0x0000000711800000, 0x0000000711a00000|  0%| F|  |TAMS 0x0000000711800000, 0x0000000711800000| Untracked 
| 129|0x0000000711a00000, 0x0000000711a00000, 0x0000000711c00000|  0%| F|  |TAMS 0x0000000711a00000, 0x0000000711a00000| Untracked 
| 130|0x0000000711c00000, 0x0000000711c00000, 0x0000000711e00000|  0%| F|  |TAMS 0x0000000711c00000, 0x0000000711c00000| Untracked 
| 131|0x0000000711e00000, 0x0000000711e00000, 0x0000000712000000|  0%| F|  |TAMS 0x0000000711e00000, 0x0000000711e00000| Untracked 
| 132|0x0000000712000000, 0x0000000712000000, 0x0000000712200000|  0%| F|  |TAMS 0x0000000712000000, 0x0000000712000000| Untracked 
| 133|0x0000000712200000, 0x0000000712200000, 0x0000000712400000|  0%| F|  |TAMS 0x0000000712200000, 0x0000000712200000| Untracked 
| 134|0x0000000712400000, 0x0000000712400000, 0x0000000712600000|  0%| F|  |TAMS 0x0000000712400000, 0x0000000712400000| Untracked 
| 135|0x0000000712600000, 0x0000000712600000, 0x0000000712800000|  0%| F|  |TAMS 0x0000000712600000, 0x0000000712600000| Untracked 
| 136|0x0000000712800000, 0x0000000712800000, 0x0000000712a00000|  0%| F|  |TAMS 0x0000000712800000, 0x0000000712800000| Untracked 
| 137|0x0000000712a00000, 0x0000000712a00000, 0x0000000712c00000|  0%| F|  |TAMS 0x0000000712a00000, 0x0000000712a00000| Untracked 
| 138|0x0000000712c00000, 0x0000000712c00000, 0x0000000712e00000|  0%| F|  |TAMS 0x0000000712c00000, 0x0000000712c00000| Untracked 
| 139|0x0000000712e00000, 0x0000000712e00000, 0x0000000713000000|  0%| F|  |TAMS 0x0000000712e00000, 0x0000000712e00000| Untracked 
| 140|0x0000000713000000, 0x0000000713000000, 0x0000000713200000|  0%| F|  |TAMS 0x0000000713000000, 0x0000000713000000| Untracked 
| 141|0x0000000713200000, 0x0000000713200000, 0x0000000713400000|  0%| F|  |TAMS 0x0000000713200000, 0x0000000713200000| Untracked 
| 142|0x0000000713400000, 0x0000000713400000, 0x0000000713600000|  0%| F|  |TAMS 0x0000000713400000, 0x0000000713400000| Untracked 
| 143|0x0000000713600000, 0x0000000713600000, 0x0000000713800000|  0%| F|  |TAMS 0x0000000713600000, 0x0000000713600000| Untracked 
| 144|0x0000000713800000, 0x0000000713800000, 0x0000000713a00000|  0%| F|  |TAMS 0x0000000713800000, 0x0000000713800000| Untracked 
| 145|0x0000000713a00000, 0x0000000713a00000, 0x0000000713c00000|  0%| F|  |TAMS 0x0000000713a00000, 0x0000000713a00000| Untracked 
| 146|0x0000000713c00000, 0x0000000713c00000, 0x0000000713e00000|  0%| F|  |TAMS 0x0000000713c00000, 0x0000000713c00000| Untracked 
| 147|0x0000000713e00000, 0x0000000713e00000, 0x0000000714000000|  0%| F|  |TAMS 0x0000000713e00000, 0x0000000713e00000| Untracked 
| 148|0x0000000714000000, 0x0000000714000000, 0x0000000714200000|  0%| F|  |TAMS 0x0000000714000000, 0x0000000714000000| Untracked 
| 149|0x0000000714200000, 0x0000000714200000, 0x0000000714400000|  0%| F|  |TAMS 0x0000000714200000, 0x0000000714200000| Untracked 
| 150|0x0000000714400000, 0x0000000714400000, 0x0000000714600000|  0%| F|  |TAMS 0x0000000714400000, 0x0000000714400000| Untracked 
| 151|0x0000000714600000, 0x0000000714600000, 0x0000000714800000|  0%| F|  |TAMS 0x0000000714600000, 0x0000000714600000| Untracked 
| 152|0x0000000714800000, 0x0000000714800000, 0x0000000714a00000|  0%| F|  |TAMS 0x0000000714800000, 0x0000000714800000| Untracked 
| 153|0x0000000714a00000, 0x0000000714a00000, 0x0000000714c00000|  0%| F|  |TAMS 0x0000000714a00000, 0x0000000714a00000| Untracked 
| 154|0x0000000714c00000, 0x0000000714c00000, 0x0000000714e00000|  0%| F|  |TAMS 0x0000000714c00000, 0x0000000714c00000| Untracked 
| 155|0x0000000714e00000, 0x0000000714e00000, 0x0000000715000000|  0%| F|  |TAMS 0x0000000714e00000, 0x0000000714e00000| Untracked 
| 156|0x0000000715000000, 0x0000000715000000, 0x0000000715200000|  0%| F|  |TAMS 0x0000000715000000, 0x0000000715000000| Untracked 
| 157|0x0000000715200000, 0x0000000715200000, 0x0000000715400000|  0%| F|  |TAMS 0x0000000715200000, 0x0000000715200000| Untracked 
| 158|0x0000000715400000, 0x0000000715400000, 0x0000000715600000|  0%| F|  |TAMS 0x0000000715400000, 0x0000000715400000| Untracked 
| 159|0x0000000715600000, 0x0000000715600000, 0x0000000715800000|  0%| F|  |TAMS 0x0000000715600000, 0x0000000715600000| Untracked 
| 160|0x0000000715800000, 0x0000000715800000, 0x0000000715a00000|  0%| F|  |TAMS 0x0000000715800000, 0x0000000715800000| Untracked 
| 161|0x0000000715a00000, 0x0000000715a00000, 0x0000000715c00000|  0%| F|  |TAMS 0x0000000715a00000, 0x0000000715a00000| Untracked 
| 162|0x0000000715c00000, 0x0000000715c00000, 0x0000000715e00000|  0%| F|  |TAMS 0x0000000715c00000, 0x0000000715c00000| Untracked 
| 163|0x0000000715e00000, 0x0000000715e00000, 0x0000000716000000|  0%| F|  |TAMS 0x0000000715e00000, 0x0000000715e00000| Untracked 
| 164|0x0000000716000000, 0x0000000716000000, 0x0000000716200000|  0%| F|  |TAMS 0x0000000716000000, 0x0000000716000000| Untracked 
| 165|0x0000000716200000, 0x0000000716200000, 0x0000000716400000|  0%| F|  |TAMS 0x0000000716200000, 0x0000000716200000| Untracked 
| 166|0x0000000716400000, 0x0000000716400000, 0x0000000716600000|  0%| F|  |TAMS 0x0000000716400000, 0x0000000716400000| Untracked 
| 167|0x0000000716600000, 0x0000000716600000, 0x0000000716800000|  0%| F|  |TAMS 0x0000000716600000, 0x0000000716600000| Untracked 
| 168|0x0000000716800000, 0x0000000716800000, 0x0000000716a00000|  0%| F|  |TAMS 0x0000000716800000, 0x0000000716800000| Untracked 
| 169|0x0000000716a00000, 0x0000000716a00000, 0x0000000716c00000|  0%| F|  |TAMS 0x0000000716a00000, 0x0000000716a00000| Untracked 
| 170|0x0000000716c00000, 0x0000000716c00000, 0x0000000716e00000|  0%| F|  |TAMS 0x0000000716c00000, 0x0000000716c00000| Untracked 
| 171|0x0000000716e00000, 0x0000000716e00000, 0x0000000717000000|  0%| F|  |TAMS 0x0000000716e00000, 0x0000000716e00000| Untracked 
| 172|0x0000000717000000, 0x0000000717000000, 0x0000000717200000|  0%| F|  |TAMS 0x0000000717000000, 0x0000000717000000| Untracked 
| 173|0x0000000717200000, 0x0000000717200000, 0x0000000717400000|  0%| F|  |TAMS 0x0000000717200000, 0x0000000717200000| Untracked 
| 174|0x0000000717400000, 0x0000000717400000, 0x0000000717600000|  0%| F|  |TAMS 0x0000000717400000, 0x0000000717400000| Untracked 
| 175|0x0000000717600000, 0x0000000717600000, 0x0000000717800000|  0%| F|  |TAMS 0x0000000717600000, 0x0000000717600000| Untracked 
| 176|0x0000000717800000, 0x0000000717800000, 0x0000000717a00000|  0%| F|  |TAMS 0x0000000717800000, 0x0000000717800000| Untracked 
| 177|0x0000000717a00000, 0x0000000717a00000, 0x0000000717c00000|  0%| F|  |TAMS 0x0000000717a00000, 0x0000000717a00000| Untracked 
| 178|0x0000000717c00000, 0x0000000717c00000, 0x0000000717e00000|  0%| F|  |TAMS 0x0000000717c00000, 0x0000000717c00000| Untracked 
| 179|0x0000000717e00000, 0x0000000717e00000, 0x0000000718000000|  0%| F|  |TAMS 0x0000000717e00000, 0x0000000717e00000| Untracked 
| 180|0x0000000718000000, 0x0000000718000000, 0x0000000718200000|  0%| F|  |TAMS 0x0000000718000000, 0x0000000718000000| Untracked 
| 181|0x0000000718200000, 0x0000000718200000, 0x0000000718400000|  0%| F|  |TAMS 0x0000000718200000, 0x0000000718200000| Untracked 
| 182|0x0000000718400000, 0x0000000718400000, 0x0000000718600000|  0%| F|  |TAMS 0x0000000718400000, 0x0000000718400000| Untracked 
| 183|0x0000000718600000, 0x0000000718600000, 0x0000000718800000|  0%| F|  |TAMS 0x0000000718600000, 0x0000000718600000| Untracked 
| 184|0x0000000718800000, 0x0000000718800000, 0x0000000718a00000|  0%| F|  |TAMS 0x0000000718800000, 0x0000000718800000| Untracked 
| 185|0x0000000718a00000, 0x0000000718a00000, 0x0000000718c00000|  0%| F|  |TAMS 0x0000000718a00000, 0x0000000718a00000| Untracked 
| 186|0x0000000718c00000, 0x0000000718c00000, 0x0000000718e00000|  0%| F|  |TAMS 0x0000000718c00000, 0x0000000718c00000| Untracked 
| 187|0x0000000718e00000, 0x0000000718e55900, 0x0000000719000000| 16%| O|  |TAMS 0x0000000718e00000, 0x0000000718e00000| Untracked 
| 188|0x0000000719000000, 0x0000000719000000, 0x0000000719200000|  0%| F|  |TAMS 0x0000000719000000, 0x0000000719000000| Untracked 
| 189|0x0000000719200000, 0x0000000719200000, 0x0000000719400000|  0%| F|  |TAMS 0x0000000719200000, 0x0000000719200000| Untracked 
| 190|0x0000000719400000, 0x0000000719400000, 0x0000000719600000|  0%| F|  |TAMS 0x0000000719400000, 0x0000000719400000| Untracked 
| 191|0x0000000719600000, 0x0000000719600000, 0x0000000719800000|  0%| F|  |TAMS 0x0000000719600000, 0x0000000719600000| Untracked 
| 192|0x0000000719800000, 0x0000000719800000, 0x0000000719a00000|  0%| F|  |TAMS 0x0000000719800000, 0x0000000719800000| Untracked 
| 193|0x0000000719a00000, 0x0000000719a00000, 0x0000000719c00000|  0%| F|  |TAMS 0x0000000719a00000, 0x0000000719a00000| Untracked 
| 194|0x0000000719c00000, 0x0000000719c00000, 0x0000000719e00000|  0%| F|  |TAMS 0x0000000719c00000, 0x0000000719c00000| Untracked 
| 195|0x0000000719e00000, 0x0000000719e00000, 0x000000071a000000|  0%| F|  |TAMS 0x0000000719e00000, 0x0000000719e00000| Untracked 
| 196|0x000000071a000000, 0x000000071a000000, 0x000000071a200000|  0%| F|  |TAMS 0x000000071a000000, 0x000000071a000000| Untracked 
| 197|0x000000071a200000, 0x000000071a200000, 0x000000071a400000|  0%| F|  |TAMS 0x000000071a200000, 0x000000071a200000| Untracked 
| 198|0x000000071a400000, 0x000000071a400000, 0x000000071a600000|  0%| F|  |TAMS 0x000000071a400000, 0x000000071a400000| Untracked 
| 199|0x000000071a600000, 0x000000071a600000, 0x000000071a800000|  0%| F|  |TAMS 0x000000071a600000, 0x000000071a600000| Untracked 
| 200|0x000000071a800000, 0x000000071a800000, 0x000000071aa00000|  0%| F|  |TAMS 0x000000071a800000, 0x000000071a800000| Untracked 
| 201|0x000000071aa00000, 0x000000071aa00000, 0x000000071ac00000|  0%| F|  |TAMS 0x000000071aa00000, 0x000000071aa00000| Untracked 
| 202|0x000000071ac00000, 0x000000071ac00000, 0x000000071ae00000|  0%| F|  |TAMS 0x000000071ac00000, 0x000000071ac00000| Untracked 
| 203|0x000000071ae00000, 0x000000071ae00000, 0x000000071b000000|  0%| F|  |TAMS 0x000000071ae00000, 0x000000071ae00000| Untracked 
| 204|0x000000071b000000, 0x000000071b000000, 0x000000071b200000|  0%| F|  |TAMS 0x000000071b000000, 0x000000071b000000| Untracked 
| 205|0x000000071b200000, 0x000000071b200000, 0x000000071b400000|  0%| F|  |TAMS 0x000000071b200000, 0x000000071b200000| Untracked 
| 206|0x000000071b400000, 0x000000071b400000, 0x000000071b600000|  0%| F|  |TAMS 0x000000071b400000, 0x000000071b400000| Untracked 
| 207|0x000000071b600000, 0x000000071b600000, 0x000000071b800000|  0%| F|  |TAMS 0x000000071b600000, 0x000000071b600000| Untracked 
| 208|0x000000071b800000, 0x000000071b800000, 0x000000071ba00000|  0%| F|  |TAMS 0x000000071b800000, 0x000000071b800000| Untracked 
| 209|0x000000071ba00000, 0x000000071ba00000, 0x000000071bc00000|  0%| F|  |TAMS 0x000000071ba00000, 0x000000071ba00000| Untracked 
| 210|0x000000071bc00000, 0x000000071bc00000, 0x000000071be00000|  0%| F|  |TAMS 0x000000071bc00000, 0x000000071bc00000| Untracked 
| 211|0x000000071be00000, 0x000000071be00000, 0x000000071c000000|  0%| F|  |TAMS 0x000000071be00000, 0x000000071be00000| Untracked 
| 212|0x000000071c000000, 0x000000071c1ffff0, 0x000000071c200000| 99%| O|  |TAMS 0x000000071c1ffff0, 0x000000071c000000| Untracked 
| 213|0x000000071c200000, 0x000000071c200000, 0x000000071c400000|  0%| F|  |TAMS 0x000000071c200000, 0x000000071c200000| Untracked 
| 214|0x000000071c400000, 0x000000071c400000, 0x000000071c600000|  0%| F|  |TAMS 0x000000071c400000, 0x000000071c400000| Untracked 
| 215|0x000000071c600000, 0x000000071c600000, 0x000000071c800000|  0%| F|  |TAMS 0x000000071c600000, 0x000000071c600000| Untracked 
| 216|0x000000071c800000, 0x000000071c800000, 0x000000071ca00000|  0%| F|  |TAMS 0x000000071c800000, 0x000000071c800000| Untracked 
| 217|0x000000071ca00000, 0x000000071ca00000, 0x000000071cc00000|  0%| F|  |TAMS 0x000000071ca00000, 0x000000071ca00000| Untracked 
| 218|0x000000071cc00000, 0x000000071cc00000, 0x000000071ce00000|  0%| F|  |TAMS 0x000000071cc00000, 0x000000071cc00000| Untracked 
| 219|0x000000071ce00000, 0x000000071ce00000, 0x000000071d000000|  0%| F|  |TAMS 0x000000071ce00000, 0x000000071ce00000| Untracked 
| 220|0x000000071d000000, 0x000000071d000000, 0x000000071d200000|  0%| F|  |TAMS 0x000000071d000000, 0x000000071d000000| Untracked 
| 221|0x000000071d200000, 0x000000071d200000, 0x000000071d400000|  0%| F|  |TAMS 0x000000071d200000, 0x000000071d200000| Untracked 
| 222|0x000000071d400000, 0x000000071d400000, 0x000000071d600000|  0%| F|  |TAMS 0x000000071d400000, 0x000000071d400000| Untracked 
| 223|0x000000071d600000, 0x000000071d600000, 0x000000071d800000|  0%| F|  |TAMS 0x000000071d600000, 0x000000071d600000| Untracked 
| 224|0x000000071d800000, 0x000000071d800000, 0x000000071da00000|  0%| F|  |TAMS 0x000000071d800000, 0x000000071d800000| Untracked 
| 225|0x000000071da00000, 0x000000071da00000, 0x000000071dc00000|  0%| F|  |TAMS 0x000000071da00000, 0x000000071da00000| Untracked 
| 226|0x000000071dc00000, 0x000000071dc00000, 0x000000071de00000|  0%| F|  |TAMS 0x000000071dc00000, 0x000000071dc00000| Untracked 
| 227|0x000000071de00000, 0x000000071de00000, 0x000000071e000000|  0%| F|  |TAMS 0x000000071de00000, 0x000000071de00000| Untracked 
| 228|0x000000071e000000, 0x000000071e000000, 0x000000071e200000|  0%| F|  |TAMS 0x000000071e000000, 0x000000071e000000| Untracked 
| 229|0x000000071e200000, 0x000000071e200000, 0x000000071e400000|  0%| F|  |TAMS 0x000000071e200000, 0x000000071e200000| Untracked 
| 230|0x000000071e400000, 0x000000071e400000, 0x000000071e600000|  0%| F|  |TAMS 0x000000071e400000, 0x000000071e400000| Untracked 
| 231|0x000000071e600000, 0x000000071e600000, 0x000000071e800000|  0%| F|  |TAMS 0x000000071e600000, 0x000000071e600000| Untracked 
| 232|0x000000071e800000, 0x000000071e800000, 0x000000071ea00000|  0%| F|  |TAMS 0x000000071e800000, 0x000000071e800000| Untracked 
| 233|0x000000071ea00000, 0x000000071ea00000, 0x000000071ec00000|  0%| F|  |TAMS 0x000000071ea00000, 0x000000071ea00000| Untracked 
| 234|0x000000071ec00000, 0x000000071ec00000, 0x000000071ee00000|  0%| F|  |TAMS 0x000000071ec00000, 0x000000071ec00000| Untracked 
| 235|0x000000071ee00000, 0x000000071ee00000, 0x000000071f000000|  0%| F|  |TAMS 0x000000071ee00000, 0x000000071ee00000| Untracked 
| 236|0x000000071f000000, 0x000000071f000000, 0x000000071f200000|  0%| F|  |TAMS 0x000000071f000000, 0x000000071f000000| Untracked 
| 237|0x000000071f200000, 0x000000071f200000, 0x000000071f400000|  0%| F|  |TAMS 0x000000071f200000, 0x000000071f200000| Untracked 
| 238|0x000000071f400000, 0x000000071f400000, 0x000000071f600000|  0%| F|  |TAMS 0x000000071f400000, 0x000000071f400000| Untracked 
| 239|0x000000071f600000, 0x000000071f600000, 0x000000071f800000|  0%| F|  |TAMS 0x000000071f600000, 0x000000071f600000| Untracked 
| 240|0x000000071f800000, 0x000000071f827008, 0x000000071fa00000|  7%| E|  |TAMS 0x000000071f800000, 0x000000071f800000| Complete 
| 241|0x000000071fa00000, 0x000000071fc00000, 0x000000071fc00000|100%| E|CS|TAMS 0x000000071fa00000, 0x000000071fa00000| Complete 
| 242|0x000000071fc00000, 0x000000071fe00000, 0x000000071fe00000|100%| E|CS|TAMS 0x000000071fc00000, 0x000000071fc00000| Complete 
| 243|0x000000071fe00000, 0x0000000720000000, 0x0000000720000000|100%| E|CS|TAMS 0x000000071fe00000, 0x000000071fe00000| Complete 
| 244|0x0000000720000000, 0x0000000720200000, 0x0000000720200000|100%| E|CS|TAMS 0x0000000720000000, 0x0000000720000000| Complete 
| 245|0x0000000720200000, 0x000000072029c4a0, 0x0000000720400000| 30%| O|  |TAMS 0x0000000720200000, 0x0000000720200000| Untracked 
| 246|0x0000000720400000, 0x0000000720600000, 0x0000000720600000|100%| E|CS|TAMS 0x0000000720400000, 0x0000000720400000| Complete 
| 247|0x0000000720600000, 0x0000000720800000, 0x0000000720800000|100%| E|CS|TAMS 0x0000000720600000, 0x0000000720600000| Complete 
| 248|0x0000000720800000, 0x0000000720a00000, 0x0000000720a00000|100%| E|CS|TAMS 0x0000000720800000, 0x0000000720800000| Complete 
| 249|0x0000000720a00000, 0x0000000720c00000, 0x0000000720c00000|100%| E|CS|TAMS 0x0000000720a00000, 0x0000000720a00000| Complete 
| 250|0x0000000720c00000, 0x0000000720e00000, 0x0000000720e00000|100%| E|CS|TAMS 0x0000000720c00000, 0x0000000720c00000| Complete 
| 251|0x0000000720e00000, 0x0000000721000000, 0x0000000721000000|100%| O|  |TAMS 0x0000000721000000, 0x0000000720e00000| Untracked 
| 460|0x000000073b000000, 0x000000073b042da8, 0x000000073b200000| 13%| O|  |TAMS 0x000000073b000000, 0x000000073b000000| Untracked 
| 461|0x000000073b200000, 0x000000073b400000, 0x000000073b400000|100%| E|CS|TAMS 0x000000073b200000, 0x000000073b200000| Complete 
| 462|0x000000073b400000, 0x000000073b600000, 0x000000073b600000|100%| E|CS|TAMS 0x000000073b400000, 0x000000073b400000| Complete 
| 469|0x000000073c200000, 0x000000073c400000, 0x000000073c400000|100%| E|CS|TAMS 0x000000073c200000, 0x000000073c200000| Complete 

Card table byte_map: [0x0000028f354b0000,0x0000028f35cb0000] _byte_map_base: 0x0000028f31ca4000

Marking Bits (Prev, Next): (CMBitMap*) 0x0000028f1de98150, (CMBitMap*) 0x0000028f1de98190
 Prev Bits: [0x0000028f364b0000, 0x0000028f3a450000)
 Next Bits: [0x0000028f3a450000, 0x0000028f3e3f0000)

Polling page: 0x0000028f135f0000

Metaspace:

Usage:
  Non-class:     67.61 MB used.
      Class:     11.08 MB used.
       Both:     78.68 MB used.

Virtual space:
  Non-class space:      128.00 MB reserved,      67.94 MB ( 53%) committed,  2 nodes.
      Class space:        1.00 GB reserved,      11.38 MB (  1%) committed,  1 nodes.
             Both:        1.12 GB reserved,      79.31 MB (  7%) committed. 

Chunk freelists:
   Non-Class:  11.48 MB
       Class:  4.66 MB
        Both:  16.14 MB

MaxMetaspaceSize: unlimited
CompressedClassSpaceSize: 1.00 GB
Initial GC threshold: 21.00 MB
Current GC threshold: 132.12 MB
CDS: on
MetaspaceReclaimPolicy: balanced
 - commit_granule_bytes: 65536.
 - commit_granule_words: 8192.
 - virtual_space_node_default_size: 8388608.
 - enlarge_chunks_in_place: 1.
 - new_chunks_are_fully_committed: 0.
 - uncommit_free_chunks: 1.
 - use_allocation_guard: 0.
 - handle_deallocations: 1.


Internal statistics:

num_allocs_failed_limit: 6.
num_arena_births: 902.
num_arena_deaths: 0.
num_vsnodes_births: 3.
num_vsnodes_deaths: 0.
num_space_committed: 1263.
num_space_uncommitted: 0.
num_chunks_returned_to_freelist: 6.
num_chunks_taken_from_freelist: 2945.
num_chunk_merges: 6.
num_chunk_splits: 2244.
num_chunks_enlarged: 1768.
num_inconsistent_stats: 0.

CodeHeap 'non-profiled nmethods': size=120000Kb used=11134Kb max_used=11134Kb free=108865Kb
 bounds [0x0000028f2d780000, 0x0000028f2e260000, 0x0000028f34cb0000]
CodeHeap 'profiled nmethods': size=120000Kb used=25854Kb max_used=26185Kb free=94145Kb
 bounds [0x0000028f25cb0000, 0x0000028f27690000, 0x0000028f2d1e0000]
CodeHeap 'non-nmethods': size=5760Kb used=1653Kb max_used=1780Kb free=4106Kb
 bounds [0x0000028f2d1e0000, 0x0000028f2d450000, 0x0000028f2d780000]
 total_blobs=13244 nmethods=12163 adapters=991
 compilation: enabled
              stopped_count=0, restarted_count=0
 full_count=0

Compilation events (20 events):
Event: 136.431 Thread 0x0000028f1e110080 nmethod 15243% 0x0000028f26bebe10 code [0x0000028f26bec080, 0x0000028f26becb78]
Event: 136.432 Thread 0x0000028f1e10bcd0 nmethod 15240% 0x0000028f2e258910 code [0x0000028f2e258ae0, 0x0000028f2e259188]
Event: 136.432 Thread 0x0000028f1e10bcd0 15244       4       java.util.Arrays::fill (21 bytes)
Event: 136.437 Thread 0x0000028f1e10bcd0 nmethod 15244 0x0000028f2e259790 code [0x0000028f2e259900, 0x0000028f2e259a98]
Event: 136.438 Thread 0x0000028f1e10bcd0 15245   !   4       ui.j.b.f::d (203 bytes)
Event: 136.452 Thread 0x0000028f1e10bcd0 nmethod 15245 0x0000028f2e259b90 code [0x0000028f2e259d80, 0x0000028f2e25a528]
Event: 136.452 Thread 0x0000028f1e10bcd0 15246 %     4       com.jidesoft.editor.CodeEditor$r::a @ 160 (399 bytes)
Event: 136.495 Thread 0x0000028f1e10bcd0 nmethod 15246% 0x0000028f2e25ac90 code [0x0000028f2e25af00, 0x0000028f2e25be70]
Event: 136.496 Thread 0x0000028f1e10bcd0 15247       4       com.jidesoft.editor.CodeEditor$r::a (399 bytes)
Event: 136.523 Thread 0x0000028f1e10bcd0 nmethod 15247 0x0000028f2e25cb90 code [0x0000028f2e25ce40, 0x0000028f2e25dfb0]
Event: 137.421 Thread 0x0000028f1e10bcd0 15248       4       com.google.protobuf.CodedInputStream$ArrayDecoder::pushLimit (40 bytes)
Event: 137.421 Thread 0x0000028f1e110080 15250       3       ui.data.q.d.a$ai::hasName (15 bytes)
Event: 137.422 Thread 0x0000028f1e110080 nmethod 15250 0x0000028f26c42290 code [0x0000028f26c42420, 0x0000028f26c42598]
Event: 137.422 Thread 0x0000028f1e110080 15249       1       ui.data.q.d.a$ai::getId (5 bytes)
Event: 137.422 Thread 0x0000028f1e110080 nmethod 15249 0x0000028f2e25ef90 code [0x0000028f2e25f120, 0x0000028f2e25f1f8]
Event: 137.422 Thread 0x0000028f1e110080 15251       1       ui.data.q.d.a$ai::eCF (5 bytes)
Event: 137.422 Thread 0x0000028f1e110080 nmethod 15251 0x0000028f2e25f290 code [0x0000028f2e25f420, 0x0000028f2e25f4f8]
Event: 137.422 Thread 0x0000028f1e110080 15252       1       ui.data.q.d.a$ai::eFx (5 bytes)
Event: 137.422 Thread 0x0000028f1e110080 nmethod 15252 0x0000028f2e25f590 code [0x0000028f2e25f720, 0x0000028f2e25f7f8]
Event: 137.422 Thread 0x0000028f1e10bcd0 nmethod 15248 0x0000028f2e25f890 code [0x0000028f2e25fa00, 0x0000028f2e25faf8]

GC Heap History (20 events):
Event: 97.009 GC heap before
{Heap before GC invocations=17 (full 2):
 garbage-first heap   total 524288K, used 164431K [0x0000000701800000, 0x0000000800000000)
  region size 2048K, 40 young (81920K), 0 survivors (0K)
 Metaspace       used 73254K, committed 73792K, reserved 1114112K
  class space    used 10477K, committed 10752K, reserved 1048576K
}
Event: 97.013 GC heap after
{Heap after GC invocations=18 (full 2):
 garbage-first heap   total 524288K, used 85303K [0x0000000701800000, 0x0000000800000000)
  region size 2048K, 2 young (4096K), 2 survivors (4096K)
 Metaspace       used 73254K, committed 73792K, reserved 1114112K
  class space    used 10477K, committed 10752K, reserved 1048576K
}
Event: 100.770 GC heap before
{Heap before GC invocations=18 (full 2):
 garbage-first heap   total 524288K, used 163127K [0x0000000701800000, 0x0000000800000000)
  region size 2048K, 40 young (81920K), 2 survivors (4096K)
 Metaspace       used 74337K, committed 74816K, reserved 1114112K
  class space    used 10517K, committed 10752K, reserved 1048576K
}
Event: 100.773 GC heap after
{Heap after GC invocations=19 (full 2):
 garbage-first heap   total 524288K, used 84982K [0x0000000701800000, 0x0000000800000000)
  region size 2048K, 2 young (4096K), 2 survivors (4096K)
 Metaspace       used 74337K, committed 74816K, reserved 1114112K
  class space    used 10517K, committed 10752K, reserved 1048576K
}
Event: 101.974 GC heap before
{Heap before GC invocations=19 (full 2):
 garbage-first heap   total 524288K, used 162806K [0x0000000701800000, 0x0000000800000000)
  region size 2048K, 40 young (81920K), 2 survivors (4096K)
 Metaspace       used 74717K, committed 75264K, reserved 1114112K
  class space    used 10542K, committed 10816K, reserved 1048576K
}
Event: 101.978 GC heap after
{Heap after GC invocations=20 (full 2):
 garbage-first heap   total 524288K, used 84676K [0x0000000701800000, 0x0000000800000000)
  region size 2048K, 2 young (4096K), 2 survivors (4096K)
 Metaspace       used 74717K, committed 75264K, reserved 1114112K
  class space    used 10542K, committed 10816K, reserved 1048576K
}
Event: 115.873 GC heap before
{Heap before GC invocations=20 (full 2):
 garbage-first heap   total 524288K, used 162500K [0x0000000701800000, 0x0000000800000000)
  region size 2048K, 40 young (81920K), 2 survivors (4096K)
 Metaspace       used 75323K, committed 75840K, reserved 1114112K
  class space    used 10570K, committed 10816K, reserved 1048576K
}
Event: 115.879 GC heap after
{Heap after GC invocations=21 (full 2):
 garbage-first heap   total 524288K, used 85557K [0x0000000701800000, 0x0000000800000000)
  region size 2048K, 2 young (4096K), 2 survivors (4096K)
 Metaspace       used 75323K, committed 75840K, reserved 1114112K
  class space    used 10570K, committed 10816K, reserved 1048576K
}
Event: 119.055 GC heap before
{Heap before GC invocations=21 (full 2):
 garbage-first heap   total 524288K, used 163381K [0x0000000701800000, 0x0000000800000000)
  region size 2048K, 40 young (81920K), 2 survivors (4096K)
 Metaspace       used 78124K, committed 78656K, reserved 1179648K
  class space    used 10972K, committed 11264K, reserved 1048576K
}
Event: 119.063 GC heap after
{Heap after GC invocations=22 (full 2):
 garbage-first heap   total 524288K, used 89528K [0x0000000701800000, 0x0000000800000000)
  region size 2048K, 4 young (8192K), 4 survivors (8192K)
 Metaspace       used 78124K, committed 78656K, reserved 1179648K
  class space    used 10972K, committed 11264K, reserved 1048576K
}
Event: 120.066 GC heap before
{Heap before GC invocations=22 (full 2):
 garbage-first heap   total 524288K, used 124344K [0x0000000701800000, 0x0000000800000000)
  region size 2048K, 22 young (45056K), 4 survivors (8192K)
 Metaspace       used 80370K, committed 80960K, reserved 1179648K
  class space    used 11335K, committed 11648K, reserved 1048576K
}
Event: 120.146 GC heap after
{Heap after GC invocations=23 (full 3):
 garbage-first heap   total 524288K, used 88928K [0x0000000701800000, 0x0000000800000000)
  region size 2048K, 0 young (0K), 0 survivors (0K)
 Metaspace       used 80370K, committed 80960K, reserved 1179648K
  class space    used 11335K, committed 11648K, reserved 1048576K
}
Event: 130.315 GC heap before
{Heap before GC invocations=23 (full 3):
 garbage-first heap   total 524288K, used 158560K [0x0000000701800000, 0x0000000800000000)
  region size 2048K, 29 young (59392K), 0 survivors (0K)
 Metaspace       used 80524K, committed 81152K, reserved 1179648K
  class space    used 11341K, committed 11648K, reserved 1048576K
}
Event: 130.377 GC heap after
{Heap after GC invocations=24 (full 4):
 garbage-first heap   total 524288K, used 94939K [0x0000000701800000, 0x0000000800000000)
  region size 2048K, 0 young (0K), 0 survivors (0K)
 Metaspace       used 80524K, committed 81152K, reserved 1179648K
  class space    used 11341K, committed 11648K, reserved 1048576K
}
Event: 132.603 GC heap before
{Heap before GC invocations=24 (full 4):
 garbage-first heap   total 524288K, used 187099K [0x0000000701800000, 0x0000000800000000)
  region size 2048K, 40 young (81920K), 0 survivors (0K)
 Metaspace       used 80541K, committed 81152K, reserved 1179648K
  class space    used 11341K, committed 11648K, reserved 1048576K
}
Event: 132.619 GC heap after
{Heap after GC invocations=25 (full 4):
 garbage-first heap   total 524288K, used 110245K [0x0000000701800000, 0x0000000800000000)
  region size 2048K, 5 young (10240K), 5 survivors (10240K)
 Metaspace       used 80541K, committed 81152K, reserved 1179648K
  class space    used 11341K, committed 11648K, reserved 1048576K
}
Event: 133.717 GC heap before
{Heap before GC invocations=25 (full 4):
 garbage-first heap   total 524288K, used 173733K [0x0000000701800000, 0x0000000800000000)
  region size 2048K, 37 young (75776K), 5 survivors (10240K)
 Metaspace       used 80555K, committed 81152K, reserved 1179648K
  class space    used 11341K, committed 11648K, reserved 1048576K
}
Event: 133.781 GC heap after
{Heap after GC invocations=26 (full 5):
 garbage-first heap   total 524288K, used 102191K [0x0000000701800000, 0x0000000800000000)
  region size 2048K, 0 young (0K), 0 survivors (0K)
 Metaspace       used 80555K, committed 81152K, reserved 1179648K
  class space    used 11341K, committed 11648K, reserved 1048576K
}
Event: 135.589 GC heap before
{Heap before GC invocations=26 (full 5):
 garbage-first heap   total 524288K, used 124719K [0x0000000701800000, 0x0000000800000000)
  region size 2048K, 13 young (26624K), 0 survivors (0K)
 Metaspace       used 80571K, committed 81216K, reserved 1179648K
  class space    used 11343K, committed 11648K, reserved 1048576K
}
Event: 135.657 GC heap after
{Heap after GC invocations=27 (full 6):
 garbage-first heap   total 524288K, used 103735K [0x0000000701800000, 0x0000000800000000)
  region size 2048K, 0 young (0K), 0 survivors (0K)
 Metaspace       used 80571K, committed 81216K, reserved 1179648K
  class space    used 11343K, committed 11648K, reserved 1048576K
}

Dll operation events (20 events):
Event: 12.098 Loaded shared library D:\Vivado\2023.2\lib\win64.o\librdi_ipservicestasks.dll
Event: 12.099 Loaded shared library D:\Vivado\2023.2\lib\win64.o\librdi_vivadotasks.dll
Event: 12.100 Loaded shared library D:\Vivado\2023.2\lib\win64.o\librdi_board.dll
Event: 12.100 Loaded shared library D:\Vivado\2023.2\lib\win64.o\librdi_boarddep.dll
Event: 12.101 Loaded shared library D:\Vivado\2023.2\lib\win64.o\librdi_boardcommontasks.dll
Event: 12.102 Loaded shared library D:\Vivado\2023.2\lib\win64.o\librdi_ptgen.dll
Event: 12.103 Loaded shared library D:\Vivado\2023.2\lib\win64.o\librdi_ip.dll
Event: 12.105 Loaded shared library D:\Vivado\2023.2\lib\win64.o\librdi_mig.dll
Event: 12.107 Loaded shared library D:\Vivado\2023.2\lib\win64.o\librdi_implflow.dll
Event: 12.108 Loaded shared library D:\Vivado\2023.2\lib\win64.o\librdi_xhubtasks.dll
Event: 12.199 Loaded shared library D:\Vivado\2023.2\lib\win64.o\librdi_iptasks.dll
Event: 12.200 Loaded shared library D:\Vivado\2023.2\lib\win64.o\librdi_synth.dll
Event: 13.637 Loaded shared library D:\Vivado\2023.2\tps\win64\jre17.0.7_7\bin\verify.dll
Event: 13.985 Loaded shared library D:\Vivado\2023.2\tps\win64\jre17.0.7_7\bin\javajpeg.dll
Event: 14.022 Loaded shared library D:\Vivado\2023.2\tps\win64\jre17.0.7_7\bin\lcms.dll
Event: 14.446 Loaded shared library D:\Vivado\2023.2\tps\win64\jre17.0.7_7\bin\freetype.dll
Event: 14.481 Loaded shared library D:\Vivado\2023.2\tps\win64\jre17.0.7_7\bin\fontmanager.dll
Event: 23.051 Loaded shared library D:\Vivado\2023.2\lib\win64.o\librdi_xhub.dll
Event: 29.447 Loaded shared library D:\Vivado\2023.2\tps\win64\jre17.0.7_7\bin\management.dll
Event: 29.481 Loaded shared library D:\Vivado\2023.2\tps\win64\jre17.0.7_7\bin\management_ext.dll

Deoptimization events (20 events):
Event: 136.417 Thread 0x0000028f46f4b940 Uncommon trap: trap_request=0xffffff45 fr.pc=0x0000028f2db04374 relative=0x0000000000000454
Event: 136.417 Thread 0x0000028f46f4b940 Uncommon trap: reason=unstable_if action=reinterpret pc=0x0000028f2db04374 method=com.jidesoft.editor.SyntaxDocument.getLineStartOffset(I)I @ 20 c2
Event: 136.417 Thread 0x0000028f46f4b940 DEOPT PACKING pc=0x0000028f2db04374 sp=0x000000e0d60fcab0
Event: 136.417 Thread 0x0000028f46f4b940 DEOPT UNPACKING pc=0x0000028f2d2369a3 sp=0x000000e0d60fc960 mode 2
Event: 136.417 Thread 0x0000028f46f4b940 Uncommon trap: trap_request=0xffffff45 fr.pc=0x0000028f2e24a41c relative=0x0000000000000c9c
Event: 136.417 Thread 0x0000028f46f4b940 Uncommon trap: reason=unstable_if action=reinterpret pc=0x0000028f2e24a41c method=com.jidesoft.editor.CodeEditor$r.a()V @ 350 c2
Event: 136.417 Thread 0x0000028f46f4b940 DEOPT PACKING pc=0x0000028f2e24a41c sp=0x000000e0d60fcce0
Event: 136.417 Thread 0x0000028f46f4b940 DEOPT UNPACKING pc=0x0000028f2d2369a3 sp=0x000000e0d60fcc98 mode 2
Event: 136.418 Thread 0x0000028f46f4b940 DEOPT PACKING pc=0x0000028f26b65615 sp=0x000000e0d60fcc00
Event: 136.418 Thread 0x0000028f46f4b940 DEOPT UNPACKING pc=0x0000028f2d237143 sp=0x000000e0d60fc0f0 mode 0
Event: 136.429 Thread 0x0000028f46f4b940 Uncommon trap: trap_request=0xffffff45 fr.pc=0x0000028f2e254460 relative=0x0000000000000880
Event: 136.429 Thread 0x0000028f46f4b940 Uncommon trap: reason=unstable_if action=reinterpret pc=0x0000028f2e254460 method=javax.swing.text.GapContent.shiftGap(I)V @ 33 c2
Event: 136.429 Thread 0x0000028f46f4b940 DEOPT PACKING pc=0x0000028f2e254460 sp=0x000000e0d60fcfd0
Event: 136.429 Thread 0x0000028f46f4b940 DEOPT UNPACKING pc=0x0000028f2d2369a3 sp=0x000000e0d60fcf78 mode 2
Event: 136.432 Thread 0x0000028f46f4b940 DEOPT PACKING pc=0x0000028f2641b9c2 sp=0x000000e0d60fce80
Event: 136.432 Thread 0x0000028f46f4b940 DEOPT UNPACKING pc=0x0000028f2d237143 sp=0x000000e0d60fc318 mode 0
Event: 136.438 Thread 0x0000028f46f4b940 DEOPT PACKING pc=0x0000028f26b8abc8 sp=0x000000e0d60fcfa0
Event: 136.438 Thread 0x0000028f46f4b940 DEOPT UNPACKING pc=0x0000028f2d237143 sp=0x000000e0d60fc4a0 mode 0
Event: 136.496 Thread 0x0000028f46f4b940 DEOPT PACKING pc=0x0000028f26b65615 sp=0x000000e0d60fcdd0
Event: 136.496 Thread 0x0000028f46f4b940 DEOPT UNPACKING pc=0x0000028f2d237143 sp=0x000000e0d60fc2c0 mode 0

Classes unloaded (0 events):
No events

Classes redefined (0 events):
No events

Internal exceptions (20 events):
Event: 119.257 Thread 0x0000028f46f4b940 Exception <a 'java/lang/ClassNotFoundException'{0x000000073b30dc70}: java/lang/ObjectCustomizer> (0x000000073b30dc70) 
thrown [s\src\hotspot\share\classfile\systemDictionary.cpp, line 256]
Event: 119.262 Thread 0x0000028f46f4b940 Exception <a 'java/lang/IncompatibleClassChangeError'{0x000000073b3128c8}: Found class java.lang.Object, but interface was expected> (0x000000073b3128c8) 
thrown [s\src\hotspot\share\interpreter\linkResolver.cpp, line 826]
Event: 119.266 Thread 0x0000028f46f4b940 Exception <a 'java/lang/ClassNotFoundException'{0x000000073b323ff8}: java/awt/ComponentCustomizer> (0x000000073b323ff8) 
thrown [s\src\hotspot\share\classfile\systemDictionary.cpp, line 256]
Event: 119.275 Thread 0x0000028f46f4b940 Exception <a 'java/lang/ClassNotFoundException'{0x000000073b383698}: java/awt/ContainerCustomizer> (0x000000073b383698) 
thrown [s\src\hotspot\share\classfile\systemDictionary.cpp, line 256]
Event: 119.278 Thread 0x0000028f46f4b940 Exception <a 'java/lang/ClassNotFoundException'{0x000000073b3bed48}: javax/swing/JComponentCustomizer> (0x000000073b3bed48) 
thrown [s\src\hotspot\share\classfile\systemDictionary.cpp, line 256]
Event: 119.296 Thread 0x0000028f46f4b940 Exception <a 'java/lang/ClassNotFoundException'{0x000000073b068be8}: javax/swing/JPanelCustomizer> (0x000000073b068be8) 
thrown [s\src\hotspot\share\classfile\systemDictionary.cpp, line 256]
Event: 119.298 Thread 0x0000028f46f4b940 Exception <a 'java/lang/ClassNotFoundException'{0x000000073b08ca08}: org/jdesktop/swingx/JXPanelCustomizer> (0x000000073b08ca08) 
thrown [s\src\hotspot\share\classfile\systemDictionary.cpp, line 256]
Event: 119.300 Thread 0x0000028f46f4b940 Exception <a 'java/lang/ClassNotFoundException'{0x000000073b0b94d8}: org/jdesktop/swingx/JXTitledPanelCustomizer> (0x000000073b0b94d8) 
thrown [s\src\hotspot\share\classfile\systemDictionary.cpp, line 256]
Event: 119.306 Thread 0x0000028f46f4b940 Exception <a 'java/lang/ClassNotFoundException'{0x000000073b0e65d0}: ui/utils/swing/n/c/fCustomizer> (0x000000073b0e65d0) 
thrown [s\src\hotspot\share\classfile\systemDictionary.cpp, line 256]
Event: 119.309 Thread 0x0000028f46f4b940 Exception <a 'java/lang/ClassNotFoundException'{0x000000073b10fa08}: ui/views/waveform/g/vCustomizer> (0x000000073b10fa08) 
thrown [s\src\hotspot\share\classfile\systemDictionary.cpp, line 256]
Event: 119.316 Thread 0x0000028f46f4b940 Implicit null exception at 0x0000028f2df3450b to 0x0000028f2df34d2c
Event: 119.459 Thread 0x0000028f46f4b940 Exception <a 'java/lang/NoSuchMethodError'{0x0000000720cf5db0}: 'java.lang.Object java.lang.invoke.DirectMethodHandle$Holder.invokeSpecial(java.lang.Object, java.lang.Object, long, long, long)'> (0x0000000720cf5db0) 
thrown [s\src\hotspot\share\interpreter\linkResolver.cpp, line 759]
Event: 119.510 Thread 0x0000028f46f4b940 Implicit null exception at 0x0000028f2dffafa4 to 0x0000028f2dffb9f8
Event: 119.698 Thread 0x0000028f4c620c40 Implicit null exception at 0x0000028f2df7828a to 0x0000028f2df78ad0
Event: 119.805 Thread 0x0000028f46f4b940 Exception <a 'java/lang/NoSuchMethodError'{0x000000071ff4bd98}: 'java.lang.Object java.lang.invoke.DirectMethodHandle$Holder.invokeSpecial(java.lang.Object, java.lang.Object, long, java.lang.Object, java.lang.Object, java.lang.Object, java.lang.Object, java.lang.Object, int, java.lang.Object, java.lang.Object, int, int)'> (0x000000071ff4bd98) 
thrown [s\src\hotspot\share\interpreter\linkResolver.cpp, line 759]
Event: 119.806 Thread 0x0000028f46f4b940 Exception <a 'java/lang/NoSuchMethodError'{0x000000071ff50650}: 'java.lang.Object java.lang.invoke.DelegatingMethodHandle$Holder.reinvoke_L(java.lang.Object, long, java.lang.Object, java.lang.Object, java.lang.Object, java.lang.Object, java.lang.Object, int, java.lang.Object, java.lang.Object, int, int)'> (0x000000071ff50650) 
thrown [s\src\hotspot\share\interpreter\linkResolver.cpp, line 759]
Event: 121.288 Thread 0x0000028f46f4b940 Exception <a 'java/io/FileNotFoundException'{0x0000000720baae58}> (0x0000000720baae58) 
thrown [s\src\hotspot\share\prims\jni.cpp, line 516]
Event: 126.433 Thread 0x0000028f46f4b940 Exception <a 'java/io/FileNotFoundException'{0x00000007206ae808}> (0x00000007206ae808) 
thrown [s\src\hotspot\share\prims\jni.cpp, line 516]
Event: 131.291 Thread 0x0000028f46f4b940 Exception <a 'java/io/FileNotFoundException'{0x000000073c2bc188}> (0x000000073c2bc188) 
thrown [s\src\hotspot\share\prims\jni.cpp, line 516]
Event: 136.292 Thread 0x0000028f46f4b940 Exception <a 'java/io/FileNotFoundException'{0x000000073c268d68}> (0x000000073c268d68) 
thrown [s\src\hotspot\share\prims\jni.cpp, line 516]

VM Operations (20 events):
Event: 128.488 Executing VM operation: Cleanup
Event: 128.488 Executing VM operation: Cleanup done
Event: 129.488 Executing VM operation: Cleanup
Event: 129.488 Executing VM operation: Cleanup done
Event: 130.315 Executing VM operation: G1CollectFull
Event: 130.378 Executing VM operation: G1CollectFull done
Event: 131.390 Executing VM operation: Cleanup
Event: 131.390 Executing VM operation: Cleanup done
Event: 132.392 Executing VM operation: Cleanup
Event: 132.392 Executing VM operation: Cleanup done
Event: 132.603 Executing VM operation: G1CollectForAllocation
Event: 132.619 Executing VM operation: G1CollectForAllocation done
Event: 133.625 Executing VM operation: Cleanup
Event: 133.625 Executing VM operation: Cleanup done
Event: 133.717 Executing VM operation: G1CollectFull
Event: 133.781 Executing VM operation: G1CollectFull done
Event: 135.589 Executing VM operation: G1CollectFull
Event: 135.658 Executing VM operation: G1CollectFull done
Event: 136.659 Executing VM operation: Cleanup
Event: 136.660 Executing VM operation: Cleanup done

Events (20 events):
Event: 132.106 Thread 0x0000028f4c620c40 Thread added: 0x0000028f4c620c40
Event: 132.112 Thread 0x0000028f4c620c40 Thread exited: 0x0000028f4c620c40
Event: 132.255 Thread 0x0000028f532bca70 Thread added: 0x0000028f532bca70
Event: 132.791 Thread 0x0000028f532bca70 Thread exited: 0x0000028f532bca70
Event: 132.909 Thread 0x0000028f704f46e0 Thread added: 0x0000028f704f46e0
Event: 132.913 Thread 0x0000028f704f46e0 Thread exited: 0x0000028f704f46e0
Event: 133.706 Thread 0x0000028f7fcb8bb0 Thread added: 0x0000028f7fcb8bb0
Event: 133.712 Thread 0x0000028f7fcb6a00 Thread added: 0x0000028f7fcb6a00
Event: 133.717 Thread 0x0000028f7fcb6a00 Thread exited: 0x0000028f7fcb6a00
Event: 133.781 Thread 0x0000028f7fcb8bb0 Thread exited: 0x0000028f7fcb8bb0
Event: 133.924 Thread 0x0000028f7fcb7d40 Thread added: 0x0000028f7fcb7d40
Event: 133.930 Thread 0x0000028f7fcb7d40 Thread exited: 0x0000028f7fcb7d40
Event: 135.566 Thread 0x0000028fc5584d70 Thread added: 0x0000028fc5584d70
Event: 135.571 Thread 0x0000028fc5583090 Thread added: 0x0000028fc5583090
Event: 135.573 Thread 0x0000028fc5584d70 Thread exited: 0x0000028fc5584d70
Event: 135.580 Thread 0x0000028fc5583a30 Thread added: 0x0000028fc5583a30
Event: 135.589 Thread 0x0000028fc5583a30 Thread exited: 0x0000028fc5583a30
Event: 135.659 Thread 0x0000028fc5583090 Thread exited: 0x0000028fc5583090
Event: 135.927 Thread 0x0000028fc55843d0 Thread added: 0x0000028fc55843d0
Event: 135.932 Thread 0x0000028fc55843d0 Thread exited: 0x0000028fc55843d0


Dynamic libraries:
0x00007ff6ca300000 - 0x00007ff6ca331000 	D:\Vivado\2023.2\bin\unwrapped\win64.o\vivado.exe
0x00007ffa5b040000 - 0x00007ffa5b2a6000 	C:\WINDOWS\SYSTEM32\ntdll.dll
0x00007ffa58e00000 - 0x00007ffa58ec9000 	C:\WINDOWS\System32\KERNEL32.DLL
0x00007ffa586b0000 - 0x00007ffa58a7c000 	C:\WINDOWS\System32\KERNELBASE.dll
0x00007ffa58270000 - 0x00007ffa583bb000 	C:\WINDOWS\System32\ucrtbase.dll
0x00007ffa41ee0000 - 0x00007ffa41f6d000 	C:\WINDOWS\SYSTEM32\MSVCP140.dll
0x00007ffa41f80000 - 0x00007ffa41f9e000 	C:\WINDOWS\SYSTEM32\VCRUNTIME140.dll
0x00007ffa41f70000 - 0x00007ffa41f7c000 	C:\WINDOWS\SYSTEM32\VCRUNTIME140_1.dll
0x00007ffa2f3f0000 - 0x00007ffa2f40c000 	D:\Vivado\2023.2\lib\win64.o\librdi_commonmain.dll
0x00007ffa2f3c0000 - 0x00007ffa2f3e1000 	D:\Vivado\2023.2\lib\win64.o\libboost_filesystem.dll
0x00007ffa59f70000 - 0x00007ffa5a022000 	C:\WINDOWS\System32\ADVAPI32.dll
0x00007ffa59100000 - 0x00007ffa591a9000 	C:\WINDOWS\System32\msvcrt.dll
0x00007ffa59050000 - 0x00007ffa590f6000 	C:\WINDOWS\System32\sechost.dll
0x00007ffa58ed0000 - 0x00007ffa58fe6000 	C:\WINDOWS\System32\RPCRT4.dll
0x00007ff9b2e70000 - 0x00007ff9b32a0000 	D:\Vivado\2023.2\lib\win64.o\python38.dll
0x00007ffa5a600000 - 0x00007ffa5a669000 	C:\WINDOWS\System32\SHLWAPI.dll
0x00007ffa5a380000 - 0x00007ffa5a3f4000 	C:\WINDOWS\System32\WS2_32.dll
0x00007ffa43850000 - 0x00007ffa43859000 	D:\Vivado\2023.2\lib\win64.o\librdi_commonversion.dll
0x00007ff9f55f0000 - 0x00007ff9f57a6000 	D:\Vivado\2023.2\lib\win64.o\librdi_commonxillic.dll
0x00007ffa59b30000 - 0x00007ffa59cfa000 	C:\WINDOWS\System32\USER32.dll
0x00007ffa58470000 - 0x00007ffa58497000 	C:\WINDOWS\System32\win32u.dll
0x00007ffa591b0000 - 0x00007ffa591db000 	C:\WINDOWS\System32\GDI32.dll
0x00007ffa58cc0000 - 0x00007ffa58df2000 	C:\WINDOWS\System32\gdi32full.dll
0x00007ffa583c0000 - 0x00007ffa58463000 	C:\WINDOWS\System32\msvcp_win.dll
0x0000000076280000 - 0x00000000763ac000 	D:\Vivado\2023.2\lib\win64.o\tcl85t.dll
0x00007ffa515d0000 - 0x00007ffa515db000 	C:\WINDOWS\SYSTEM32\VERSION.dll
0x00007ff9a2840000 - 0x00007ff9a3eea000 	D:\Vivado\2023.2\lib\win64.o\librdi_common.dll
0x00007ffa59400000 - 0x00007ffa59b2d000 	C:\WINDOWS\System32\SHELL32.dll
0x00007ffa58a80000 - 0x00007ffa58bf4000 	C:\WINDOWS\System32\wintypes.dll
0x00007ffa5a670000 - 0x00007ffa5a9f4000 	C:\WINDOWS\System32\combase.dll
0x00007ffa58620000 - 0x00007ffa586a0000 	C:\WINDOWS\System32\WINTRUST.dll
0x00007ff9f54d0000 - 0x00007ff9f55e4000 	D:\Vivado\2023.2\lib\win64.o\libboost_regex.dll
0x00007ffa580b0000 - 0x00007ffa580d6000 	C:\WINDOWS\SYSTEM32\bcrypt.dll
0x00007ff9b24e0000 - 0x00007ff9b280d000 	D:\Vivado\2023.2\lib\win64.o\libXil_lmgr11.dll
0x00007ffa5a500000 - 0x00007ffa5a5f4000 	C:\WINDOWS\System32\COMDLG32.dll
0x00007ffa5a400000 - 0x00007ffa5a4ef000 	C:\WINDOWS\System32\shcore.dll
0x00007ffa5aa00000 - 0x00007ffa5aae0000 	C:\WINDOWS\System32\OLEAUT32.dll
0x00007ffa59d20000 - 0x00007ffa59ebf000 	C:\WINDOWS\System32\ole32.dll
0x00007ffa584a0000 - 0x00007ffa58617000 	C:\WINDOWS\System32\CRYPT32.dll
0x00007ffa2dbe0000 - 0x00007ffa2dbf1000 	D:\Vivado\2023.2\lib\win64.o\libboost_date_time.dll
0x00007ff9b1550000 - 0x00007ff9b18be000 	D:\Vivado\2023.2\lib\win64.o\libCOIN-all.dll
0x00007ffa22a80000 - 0x00007ffa22a9c000 	D:\Vivado\2023.2\lib\win64.o\libboost_thread.dll
0x00007ffa1f560000 - 0x00007ffa1f5d9000 	D:\Vivado\2023.2\lib\win64.o\libboost_program_options.dll
0x00007ffa40480000 - 0x00007ffa4048c000 	D:\Vivado\2023.2\lib\win64.o\libboost_xilinx.dll
0x00007ffa1f2f0000 - 0x00007ffa1f372000 	D:\Vivado\2023.2\lib\win64.o\libhdlpsolve.dll
0x00007ffa1f170000 - 0x00007ffa1f215000 	D:\Vivado\2023.2\lib\win64.o\libhdxml.dll
0x00007ffa1f720000 - 0x00007ffa1f74a000 	D:\Vivado\2023.2\lib\win64.o\libisl_sysinfo.dll
0x00007ff9f4b20000 - 0x00007ff9f4b85000 	D:\Vivado\2023.2\lib\win64.o\liblmx6.0.dll
0x00007ffa19a50000 - 0x00007ffa19a6a000 	D:\Vivado\2023.2\lib\win64.o\pthreadVC2.dll
0x00007ff999420000 - 0x00007ff99a444600 	D:\Vivado\2023.2\lib\win64.o\libisl_iostreams.dll
0x00007ffa014a0000 - 0x00007ffa014bc000 	D:\Vivado\2023.2\lib\win64.o\librdiconfig.dll
0x00007ffa45620000 - 0x00007ffa4563a000 	C:\WINDOWS\SYSTEM32\NETAPI32.dll
0x00007ffa42a90000 - 0x00007ffa42d13000 	C:\WINDOWS\SYSTEM32\WININET.dll
0x00007ffa508a0000 - 0x00007ffa509be000 	C:\WINDOWS\SYSTEM32\WINHTTP.dll
0x00007ffa46870000 - 0x00007ffa46a4c000 	C:\WINDOWS\SYSTEM32\urlmon.dll
0x00007ffa00b50000 - 0x00007ffa00b71000 	D:\Vivado\2023.2\lib\win64.o\librdizlib.dll
0x00007ffa3e370000 - 0x00007ffa3e37a000 	C:\WINDOWS\SYSTEM32\WSOCK32.dll
0x00007ff9f5c90000 - 0x00007ff9f5cc0000 	C:\WINDOWS\SYSTEM32\VCOMP140.DLL
0x00007ffa2b420000 - 0x00007ffa2b4d4000 	C:\WINDOWS\WinSxS\amd64_microsoft.windows.common-controls_6595b64144ccf1df_5.82.26100.1882_none_87f34cef7a28f535\COMCTL32.dll
0x00007ffa503b0000 - 0x00007ffa503d5000 	C:\WINDOWS\SYSTEM32\dhcpcsvc.DLL
0x00007ffa57610000 - 0x00007ffa5763b000 	C:\WINDOWS\SYSTEM32\USERENV.dll
0x00007ffa00920000 - 0x00007ffa00938000 	D:\Vivado\2023.2\lib\win64.o\libboost_iostreams.dll
0x00007ff9f54a0000 - 0x00007ff9f54c4000 	D:\Vivado\2023.2\lib\win64.o\libisl_iosutils.dll
0x00007ffa46110000 - 0x00007ffa463da000 	C:\WINDOWS\SYSTEM32\iertutil.dll
0x00007ffa55e20000 - 0x00007ffa56676000 	C:\WINDOWS\SYSTEM32\windows.storage.dll
0x00007ffa45f80000 - 0x00007ffa45fa9000 	C:\WINDOWS\SYSTEM32\srvcli.dll
0x00007ffa56960000 - 0x00007ffa5696d000 	C:\WINDOWS\SYSTEM32\netutils.dll
0x00007ff9af610000 - 0x00007ff9af8d1000 	D:\Vivado\2023.2\lib\win64.o\xerces-c_3_2.dll
0x00007ff997500000 - 0x00007ff999417000 	D:\Vivado\2023.2\lib\win64.o\gurobi90.dll
0x00007ffa5af80000 - 0x00007ffa5aff4000 	C:\WINDOWS\System32\WLDAP32.dll
0x00007ffa59f60000 - 0x00007ffa59f68000 	C:\WINDOWS\System32\Normaliz.dll
0x00007ffa574e0000 - 0x00007ffa5754a000 	C:\WINDOWS\SYSTEM32\MSWSOCK.DLL
0x00007ffa592a0000 - 0x00007ffa592d0000 	C:\WINDOWS\System32\IMM32.DLL
0x00007ffa579e0000 - 0x00007ffa579f3000 	C:\WINDOWS\SYSTEM32\MSASN1.dll
0x00007ffa57850000 - 0x00007ffa5786c000 	C:\WINDOWS\SYSTEM32\CRYPTSP.dll
0x00007ffa56ec0000 - 0x00007ffa56efa000 	C:\WINDOWS\system32\rsaenh.dll
0x00007ffa57870000 - 0x00007ffa5787c000 	C:\WINDOWS\SYSTEM32\CRYPTBASE.dll
0x00007ffa581d0000 - 0x00007ffa58269000 	C:\WINDOWS\System32\bcryptPrimitives.dll
0x00007ffa59270000 - 0x00007ffa59290000 	C:\WINDOWS\System32\imagehlp.dll
0x00007ffa56f60000 - 0x00007ffa56f7a000 	C:\WINDOWS\SYSTEM32\kernel.appcore.dll
0x00007ff9af0c0000 - 0x00007ff9af60d000 	D:\Vivado\2023.2\lib\win64.o\librdi_commontasks.dll
0x00007ff9968b0000 - 0x00007ff9974f8000 	D:\Vivado\2023.2\tps\win64\jre17.0.7_7\bin\server\jvm.dll
0x00007ffa44020000 - 0x00007ffa44056000 	C:\WINDOWS\SYSTEM32\WINMM.dll
0x00007ff9aed90000 - 0x00007ff9af0bb800 	D:\Vivado\2023.2\lib\win64.o\librdi_sio.dll
0x00007ffa56970000 - 0x00007ffa569a3000 	C:\WINDOWS\SYSTEM32\IPHLPAPI.DLL
0x00007ffa575c0000 - 0x00007ffa575e7000 	C:\WINDOWS\SYSTEM32\gpapi.dll
0x00007ffa4fa80000 - 0x00007ffa4fabb000 	C:\Windows\System32\cryptnet.dll
0x00007ffa580e0000 - 0x00007ffa5810f000 	C:\WINDOWS\SYSTEM32\profapi.dll
0x00007ffa55150000 - 0x00007ffa5515e000 	C:\WINDOWS\SYSTEM32\WINNSI.DLL
0x00007ffa59340000 - 0x00007ffa5934a000 	C:\WINDOWS\System32\NSI.dll
0x00007ffa57210000 - 0x00007ffa57258000 	C:\WINDOWS\SYSTEM32\SspiCli.dll
0x00007ffa41bd0000 - 0x00007ffa41be8000 	C:\WINDOWS\system32\napinsp.dll
0x00007ffa56a00000 - 0x00007ffa56b27000 	C:\WINDOWS\SYSTEM32\DNSAPI.dll
0x00007ffa41860000 - 0x00007ffa41872000 	C:\WINDOWS\System32\winrnr.dll
0x00007ffa3a880000 - 0x00007ffa3a8b0000 	C:\WINDOWS\system32\nlansp_c.dll
0x00007ffa50190000 - 0x00007ffa501a6000 	C:\WINDOWS\system32\wshbth.dll
0x00007ff98db00000 - 0x00007ff9908c6000 	D:\Vivado\2023.2\lib\win64.o\librdi_tcltasks.dll
0x00007ff9f4a90000 - 0x00007ff9f4b13000 	D:\Vivado\2023.2\lib\win64.o\librdi_boarddep.dll
0x00007ff9a2350000 - 0x00007ff9a2831000 	D:\Vivado\2023.2\lib\win64.o\librdi_bitstream.dll
0x00007ff9f3b20000 - 0x00007ff9f3c4a000 	D:\Vivado\2023.2\lib\win64.o\librdi_chipscope.dll
0x00007ff9b68e0000 - 0x00007ff9b6ae0000 	D:\Vivado\2023.2\lib\win64.o\librdi_board.dll
0x00007ff9aeb80000 - 0x00007ff9aed87000 	D:\Vivado\2023.2\lib\win64.o\librdi_chipscopeimpl.dll
0x00007ff9f2310000 - 0x00007ff9f247e000 	D:\Vivado\2023.2\lib\win64.o\librdi_containers.dll
0x00007ff993490000 - 0x00007ff995297000 	D:\Vivado\2023.2\lib\win64.o\librdi_designutils.dll
0x00007ff996510000 - 0x00007ff9968af000 	D:\Vivado\2023.2\lib\win64.o\librdi_dlyest.dll
0x00007ff98b400000 - 0x00007ff98daf5000 	D:\Vivado\2023.2\lib\win64.o\librdi_constraints.dll
0x00007ff995dd0000 - 0x00007ff996506000 	D:\Vivado\2023.2\lib\win64.o\librdi_drc.dll
0x00007ff9f4680000 - 0x00007ff9f4734000 	D:\Vivado\2023.2\lib\win64.o\librdi_dsp.dll
0x00007ff989df0000 - 0x00007ff98b3f3000 	D:\Vivado\2023.2\lib\win64.o\librdi_device.dll
0x00007ff9f4950000 - 0x00007ff9f49bb000 	D:\Vivado\2023.2\lib\win64.o\librdi_hdf.dll
0x00007ff9876b0000 - 0x00007ff989de6000 	D:\Vivado\2023.2\lib\win64.o\librdi_coregen.dll
0x00007ff9a2060000 - 0x00007ff9a2344000 	D:\Vivado\2023.2\lib\win64.o\librdi_hip_devdesign.dll
0x00007ff992cd0000 - 0x00007ff99348f000 	D:\Vivado\2023.2\lib\win64.o\librdi_filemgmt.dll
0x00007ff9ed2e0000 - 0x00007ff9ed428000 	D:\Vivado\2023.2\lib\win64.o\librdi_hip_perf_analysis.dll
0x00007ff986800000 - 0x00007ff9876b0000 	D:\Vivado\2023.2\lib\win64.o\librdi_ippcw.dll
0x00007ff9856b0000 - 0x00007ff9867f3000 	D:\Vivado\2023.2\lib\win64.o\librdi_implflow.dll
0x00007ff984e10000 - 0x00007ff9856aa000 	D:\Vivado\2023.2\lib\win64.o\librdi_lopt.dll
0x00007ff9f3e00000 - 0x00007ff9f3e7d000 	D:\Vivado\2023.2\lib\win64.o\librdi_memoryarray.dll
0x00007ff995770000 - 0x00007ff995dc6000 	D:\Vivado\2023.2\lib\win64.o\librdi_memdata.dll
0x00007ff9f33b0000 - 0x00007ff9f3422000 	D:\Vivado\2023.2\lib\win64.o\librdi_noc_frameworks.dll
0x00007ff9f4860000 - 0x00007ff9f48bc000 	D:\Vivado\2023.2\lib\win64.o\librdi_pfi.dll
0x00007ff9823c0000 - 0x00007ff984e01000 	D:\Vivado\2023.2\lib\win64.o\librdi_mig.dll
0x00007ff981bb0000 - 0x00007ff9823b4000 	D:\Vivado\2023.2\lib\win64.o\librdi_netlist.dll
0x00007ff9812b0000 - 0x00007ff981ba2000 	D:\Vivado\2023.2\lib\win64.o\librdi_power.dll
0x00007ff992850000 - 0x00007ff992cce000 	D:\Vivado\2023.2\lib\win64.o\librdi_platform.dll
0x00007ff97e3f0000 - 0x00007ff9812ac000 	D:\Vivado\2023.2\lib\win64.o\librdi_place.dll
0x00007ff97db60000 - 0x00007ff97e3eb000 	D:\Vivado\2023.2\lib\win64.o\librdi_project.dll
0x00007ff97d3e0000 - 0x00007ff97db57000 	D:\Vivado\2023.2\lib\win64.o\librdi_psta.dll

dbghelp: loaded successfully - version: 4.0.5 - missing functions: none
symbol engine: initialized successfully - sym options: 0x614 - pdb path: .;D:\Vivado\2023.2\bin\unwrapped\win64.o;C:\WINDOWS\SYSTEM32;D:\Vivado\2023.2\lib\win64.o;C:\WINDOWS\WinSxS\amd64_microsoft.windows.common-controls_6595b64144ccf1df_5.82.26100.1882_none_87f34cef7a28f535;D:\Vivado\2023.2\tps\win64\jre17.0.7_7\bin\server;D:\Vivado\2023.2\tps\win64\jre17.0.7_7\bin;C:\WINDOWS\WinSxS\amd64_microsoft.windows.common-controls_6595b64144ccf1df_6.0.26100.3912_none_3e07963ce335137e

VM Arguments:
jvm_args: -Dsun.java2d.pmoffscreen=false -Dhttps.protocols=TLSv1,TLSv1.1,TLSv1.2 -Dsun.java2d.xrender=false -Dsun.java2d.d3d=false -Dsun.awt.nopixfmt=true -Dsun.java2d.dpiaware=true -Dsun.java2d.uiScale.enabled=false -Dswing.aatext=true -XX:-UsePerfData -Djdk.map.althashing.threshold=512 -XX:StringTableSize=4072 -XX:+UseStringDeduplication -XX:MaxGCPauseMillis=200 -XX:+ParallelRefProcEnabled --add-opens=java.desktop/javax.swing.plaf.synth=ALL-UNNAMED --add-opens=java.base/java.nio=ALL-UNNAMED --add-opens=java.desktop/sun.swing=ALL-UNNAMED --add-opens=java.desktop/javax.swing=ALL-UNNAMED --add-opens=java.desktop/javax.swing.tree=ALL-UNNAMED --add-opens=java.desktop/javax.swing.plaf.basic=ALL-UNNAMED --add-opens=java.desktop/javax.swing.plaf.synth=ALL-UNNAMED --add-opens=java.desktop/javax.swing.plaf.basic=ALL-UNNAMED --add-opens=java.desktop/javax.swing=ALL-UNNAMED --add-opens=java.desktop/javax.swing.tree=ALL-UNNAMED --add-opens=java.desktop/java.awt.event=ALL-UNNAMED --add-exports=java.desktop/javax.swing.plaf.synth=ALL-UNNAMED --add-exports=java.base/java.nio=ALL-UNNAMED --add-exports=java.desktop/sun.swing=ALL-UNNAMED --add-exports=java.desktop/javax.swing=ALL-UNNAMED --add-exports=java.desktop/javax.swing.tree=ALL-UNNAMED --add-exports=java.desktop/javax.swing.plaf.basic=ALL-UNNAMED --add-exports=java.desktop/sun.swing=ALL-UNNAMED --add-exports=java.desktop/sun.swing.table=ALL-UNNAMED --add-exports=java.desktop/sun.swing.plaf.synth=ALL-UNNAMED --add-exports=java.desktop/sun.awt.shell=ALL-UNNAMED --add-exports=java.base/sun.security.action=ALL-UNNAMED --add-exports=java.desktop/sun.font=ALL-UNNAMED -XX:NewSize=80m -XX:MaxNewSize=80m -Xms512m -Xmx4072m -Xss10m 
java_command: <unknown>
java_class_path (initial): D:/Vivado/2023.2\lib\classes\alloy.jar;D:/Vivado/2023.2\lib\classes\asm-9.3.jar;D:/Vivado/2023.2\lib\classes\asm-analysis-9.3.jar;D:/Vivado/2023.2\lib\classes\asm-commons-9.3.jar;D:/Vivado/2023.2\lib\classes\asm-tree-9.3.jar;D:/Vivado/2023.2\lib\classes\autoesl-models.jar;D:/Vivado/2023.2\lib\classes\batik-anim.jar;D:/Vivado/2023.2\lib\classes\batik-awt-util.jar;D:/Vivado/2023.2\lib\classes\batik-bridge.jar;D:/Vivado/2023.2\lib\classes\batik-codec.jar;D:/Vivado/2023.2\lib\classes\batik-constants.jar;D:/Vivado/2023.2\lib\classes\batik-css.jar;D:/Vivado/2023.2\lib\classes\batik-dom.jar;D:/Vivado/2023.2\lib\classes\batik-ext.jar;D:/Vivado/2023.2\lib\classes\batik-gui-util.jar;D:/Vivado/2023.2\lib\classes\batik-gvt.jar;D:/Vivado/2023.2\lib\classes\batik-i18n.jar;D:/Vivado/2023.2\lib\classes\batik-parser.jar;D:/Vivado/2023.2\lib\classes\batik-script.jar;D:/Vivado/2023.2\lib\classes\batik-svg-dom.jar;D:/Vivado/2023.2\lib\classes\batik-svggen.jar;D:/Vivado/2023.2\lib\classes\batik-swing.jar;D:/Vivado/2023.2\lib\classes\batik-transcoder.jar;D:/Vivado/2023.2\lib\classes\batik-util.jar;D:/Vivado/2023.2\lib\classes\batik-xml.jar;D:/Vivado/2023.2\lib\classes\com.fasterxml.jackson.core.jackson-annotations_2.12.1.v20210128-1726.jar;D:/Vivado/2023.2\lib\classes\com.fasterxml.jackson.core.jackson-core_2.12.1.v20210128-1726.jar;D:/Vivado/2023.2\lib\classes\com.fasterxml.jackson.core.jackson-databind_2.12.1.v20210128-1726.jar;D:/Vivado/2023.2\lib\classes\com.google.gson_2.8.9.v20220111-1409.jar;D:/Vivado/2023.2\lib\classes\com.google.guava_30.1.0.v20210127-2300.jar;D:/Vivado/2023.2\lib\classes\com.sigasi.hdt.connection_4.17.2.202304211001.jar;D:/Vivado/2023.2\lib\classes\com.sigasi.hdt.epl_4.17.2.202304211001.jar;D:/Vivado/2023.2\lib\classes\com.sigasi.hdt.project_4.17.2.202304211001.jar;D:/Vivado/2023.2\lib\classes\com.sigasi.hdt.readonlyfilesystem_4.17.2.202304211001.jar;D:/Vivado/2023.2\lib\classes\com.sigasi.hdt.shared_4.17.2.202304211001.jar;D:/Vivad
Launcher Type: generic

[Global flags]
     intx CICompilerCount                          = 4                                         {product} {ergonomic}
     uint ConcGCThreads                            = 2                                         {product} {ergonomic}
     uint G1ConcRefinementThreads                  = 8                                         {product} {ergonomic}
   size_t G1HeapRegionSize                         = 2097152                                   {product} {ergonomic}
    uintx GCDrainStackTargetSize                   = 64                                        {product} {ergonomic}
   size_t InitialHeapSize                          = 536870912                                 {product} {command line}
   size_t MarkStackSize                            = 4194304                                   {product} {ergonomic}
    uintx MaxGCPauseMillis                         = 200                                       {product} {command line}
   size_t MaxHeapSize                              = 4269801472                                {product} {command line}
   size_t MaxNewSize                               = 83886080                                  {product} {command line}
   size_t MinHeapDeltaBytes                        = 2097152                                   {product} {ergonomic}
   size_t MinHeapSize                              = 536870912                                 {product} {command line}
   size_t NewSize                                  = 83886080                                  {product} {command line}
    uintx NonNMethodCodeHeapSize                   = 5839372                                {pd product} {ergonomic}
    uintx NonProfiledCodeHeapSize                  = 122909434                              {pd product} {ergonomic}
     bool ParallelRefProcEnabled                   = true                                      {product} {command line}
    uintx ProfiledCodeHeapSize                     = 122909434                              {pd product} {ergonomic}
    uintx ReservedCodeCacheSize                    = 251658240                              {pd product} {ergonomic}
     bool SegmentedCodeCache                       = true                                      {product} {ergonomic}
   size_t SoftMaxHeapSize                          = 4269801472                             {manageable} {ergonomic}
    uintx StringTableSize                          = 4072                                      {product} {command line}
     intx ThreadStackSize                          = 10240                                  {pd product} {command line}
     bool UseCompressedClassPointers               = true                           {product lp64_product} {ergonomic}
     bool UseCompressedOops                        = true                           {product lp64_product} {ergonomic}
     bool UseG1GC                                  = true                                      {product} {ergonomic}
     bool UseLargePagesIndividualAllocation        = false                                  {pd product} {ergonomic}
     bool UsePerfData                              = false                                     {product} {command line}
     bool UseStringDeduplication                   = true                                      {product} {command line}

Logging:
Log output configuration:
 #0: stdout all=warning uptime,level,tags
 #1: stderr all=off uptime,level,tags

Environment Variables:
JAVA_HOME=C:\Users\debab\AppData\Local\Programs\Eclipse Adoptium\jdk-17.0.11.9-hotspot\
PATH=D:/Vivado/2023.2/bin;D:/Vivado/2023.2/tps/win64/java-cef-95.0.4638.69/bin/lib/win64;D:/Vivado/2023.2/tps/win64/javafx-sdk-17.0.1/lib;D:/Vivado/2023.2/tps/win64/javafx-sdk-17.0.1/bin;D:/Vivado/2023.2/lib/win64.o;D:/Vivado/2023.2/tps/win64/jre17.0.7_7/bin/server;D:/Vivado/2023.2/tps/win64/jre17.0.7_7/bin;D:/Vivado/2023.2/ids_lite/ISE/bin/nt64;D:/Vivado/2023.2/ids_lite/ISE/lib/nt64;D:/Vitis_HLS/2023.2/bin;C:\Program Files (x86)\Common Files\Oracle\Java\java8path;C:\Program Files (x86)\Common Files\Oracle\Java\javapath;C:\Python312\Scripts\;C:\Python312\;C:\oraclexe\app\oracle\product\11.2.0\server\bin;C:\ProgramData\Oracle\Java\javapath;C:\Windows\system32;C:\Windows;C:\Windows\System32\Wbem;C:\Windows\System32\WindowsPowerShell\v1.0\;C:\Windows\System32\OpenSSH\;C:\Program Files (x86)\NVIDIA Corporation\PhysX\Common;C:\Program Files\NVIDIA Corporation\NVIDIA NvDLISR;C:\Program Files\PuTTY\;C:\Program Files\nodejs\;C:\ProgramData\chocolatey\bin;C:\Program Files\dotnet\;C:\Users\debab\AppData\Local\Programs\Eclipse Adoptium\jdk-17.0.11.9-hotspot\bin;C:\Program Files\MySQL\MySQL Shell 8.0\bin\;C:\Users\debab\AppData\Local\Microsoft\WindowsApps;C:\Users\debab\AppData\Local\Programs\Python\Python310;C:\Users\debab\AppData\Local\Programs\Python\Python310\Scripts;C:\Users\debab\AppData\Local\Programs\Microsoft VS Code\bin;C:\Users\debab\AppData\Roaming\npm;;D:/Vivado/2023.2\tps\mingw\6.2.0\win64.o\nt\bin;D:/Vivado/2023.2\tps\mingw\6.2.0\win64.o\nt\libexec\gcc\x86_64-w64-mingw32\6.2.0;D:/Vivado/2023.2\tps\win64\python-3.8.3;D:/Vivado/2023.2\tps\win64\python-3.8.3\bin;D:/Vivado/2023.2\tps\win64\python-3.8.3\lib;D:/Vivado/2023.2\tps\win64\python-3.8.3\lib\site-packages
USERNAME=debab
OS=Windows_NT
PROCESSOR_IDENTIFIER=Intel64 Family 6 Model 165 Stepping 2, GenuineIntel
TMP=C:\Users\debab\AppData\Local\Temp
TEMP=C:\Users\debab\AppData\Local\Temp



---------------  S Y S T E M  ---------------

OS:
 Windows 11 , 64 bit Build 26100 (10.0.26100.3912)
OS uptime: 1 days 10:05 hours
Hyper-V role detected

CPU: total 8 (initial active 8) (4 cores per cpu, 2 threads per core) family 6 model 165 stepping 2 microcode 0xe2, cx8, cmov, fxsr, ht, mmx, 3dnowpref, sse, sse2, sse3, ssse3, sse4.1, sse4.2, popcnt, lzcnt, tsc, tscinvbit, avx, avx2, aes, erms, clmul, bmi1, bmi2, adx, fma, vzeroupper, clflush, clflushopt, hv

Memory: 4k page, system-wide physical 8023M (660M free)
TotalPageFile size 21335M (AvailPageFile size 3640M)
current process WorkingSet (physical memory assigned to process): 1766M, peak: 2441M
current process commit charge ("private bytes"): 5687M, peak: 5687M

vm_info: OpenJDK 64-Bit Server VM (17.0.7+7) for windows-amd64 JRE (17.0.7+7), built on Apr 18 2023 22:10:42 by "temurin" with MS VC++ 16.7 (VS2019)

END.
