#
# A fatal error has been detected by the Java Runtime Environment:
#
#  EXCEPTION_ACCESS_VIOLATION (0xc0000005) at pc=0x00007ff96928d61f, pid=17580, tid=5800
#
# JRE version: OpenJDK Runtime Environment Temurin-17.0.7+7 (17.0.7+7) (build 17.0.7+7)
# Java VM: OpenJDK 64-Bit Server VM Temurin-17.0.7+7 (17.0.7+7, mixed mode, sharing, tiered, compressed oops, compressed class ptrs, g1 gc, windows-amd64)
# Problematic frame:
# C  0x00007ff96928d61f
#
# No core dump will be written. Minidumps are not enabled by default on client versions of Windows
#
# If you would like to submit a bug report, please visit:
#   https://github.com/adoptium/adoptium-support/issues
# The crash happened outside the Java Virtual Machine in native code.
# See problematic frame for where to report the bug.
#

---------------  S U M M A R Y ------------

Command Line: -Dsun.java2d.pmoffscreen=false -Dhttps.protocols=TLSv1,TLSv1.1,TLSv1.2 -Dsun.java2d.xrender=false -Dsun.java2d.d3d=false -Dsun.awt.nopixfmt=true -Dsun.java2d.dpiaware=true -Dsun.java2d.uiScale.enabled=false -Dswing.aatext=true -XX:-UsePerfData -Djdk.map.althashing.threshold=512 -XX:StringTableSize=4072 -XX:+UseStringDeduplication -XX:MaxGCPauseMillis=200 -XX:+ParallelRefProcEnabled --add-opens=java.desktop/javax.swing.plaf.synth=ALL-UNNAMED --add-opens=java.base/java.nio=ALL-UNNAMED --add-opens=java.desktop/sun.swing=ALL-UNNAMED --add-opens=java.desktop/javax.swing=ALL-UNNAMED --add-opens=java.desktop/javax.swing.tree=ALL-UNNAMED --add-opens=java.desktop/javax.swing.plaf.basic=ALL-UNNAMED --add-opens=java.desktop/javax.swing.plaf.synth=ALL-UNNAMED --add-opens=java.desktop/javax.swing.plaf.basic=ALL-UNNAMED --add-opens=java.desktop/javax.swing=ALL-UNNAMED --add-opens=java.desktop/javax.swing.tree=ALL-UNNAMED --add-opens=java.desktop/java.awt.event=ALL-UNNAMED --add-exports=java.desktop/javax.swing.plaf.synth=ALL-UNNAMED --add-exports=java.base/java.nio=ALL-UNNAMED --add-exports=java.desktop/sun.swing=ALL-UNNAMED --add-exports=java.desktop/javax.swing=ALL-UNNAMED --add-exports=java.desktop/javax.swing.tree=ALL-UNNAMED --add-exports=java.desktop/javax.swing.plaf.basic=ALL-UNNAMED --add-exports=java.desktop/sun.swing=ALL-UNNAMED --add-exports=java.desktop/sun.swing.table=ALL-UNNAMED --add-exports=java.desktop/sun.swing.plaf.synth=ALL-UNNAMED --add-exports=java.desktop/sun.awt.shell=ALL-UNNAMED --add-exports=java.base/sun.security.action=ALL-UNNAMED --add-exports=java.desktop/sun.font=ALL-UNNAMED -XX:NewSize=80m -XX:MaxNewSize=80m -Xms512m -Xmx4072m -Xss10m 

Host: Intel(R) Core(TM) i5-10300H CPU @ 2.50GHz, 8 cores, 7G,  Windows 11 , 64 bit Build 26100 (10.0.26100.3037)
Time: Fri Feb  7 12:49:03 2025 India Standard Time elapsed time: 80.387116 seconds (0d 0h 1m 20s)

---------------  T H R E A D  ---------------

Current thread (0x000001de62692040):  JavaThread "AWT-EventQueue-0" [_thread_in_native, id=5800, stack(0x000000b61d100000,0x000000b61db00000)]

Stack: [0x000000b61d100000,0x000000b61db00000],  sp=0x000000b61dafaeb8,  free space=10219k
Native frames: (J=compiled Java code, j=interpreted, Vv=VM code, C=native code)
C  0x00007ff96928d61f

Java frames: (J=compiled Java code, j=interpreted, Vv=VM code)
j  ui.views.waveform.waveformi.WVExecutive_getValueDataSize(J)J+0
j  ui.views.waveform.executive.a.kYC()Lui/views/waveform/executive/protobuf/WVNameValue$WVValueTreeMessage;+4
j  ui.views.waveform.g.D.laE()[Ljava/lang/String;+7
j  ui.views.waveform.g.D.Kp(Z)V+22
j  ui.views.waveform.g.u.Kp(Z)V+16
j  ui.views.waveform.a.Kq(Z)V+5
j  ui.views.waveform.a.Kp(Z)V+20
j  ui.views.waveform.u.aS(ZZ)V+30
j  ui.views.waveform.d.b.j(Lui/frmwork/a/k;)V+94
j  ui.views.waveform.u.handleTclEvent(Lui/frmwork/a/k;)V+13
J 12690 c1 ui.frmwork.a.m.c(Lui/frmwork/a/k;)V (61 bytes) @ 0x000001de6a63b3c4 [0x000001de6a63aa40+0x0000000000000984]
J 12675 c1 ui.frmwork.F.i(JZ)V (471 bytes) @ 0x000001de6a7c2f5c [0x000001de6a7bfe20+0x000000000000313c]
J 12676 c1 ui.frmwork.F.fireTclEvent(J)I (113 bytes) @ 0x000001de6a7ced7c [0x000001de6a7ce400+0x000000000000097c]
v  ~StubRoutines::call_stub
j  ui.views.waveform.waveformi.WVExecutive_processModelEvent(JJ)V+0
j  ui.views.waveform.executive.a.fU(J)V+5
j  ui.views.waveform.d.b.fS(J)V+8
j  ui.views.waveform.d.b.j(Lui/frmwork/a/k;)V+127
j  ui.views.waveform.u.handleTclEvent(Lui/frmwork/a/k;)V+13
J 12690 c1 ui.frmwork.a.m.c(Lui/frmwork/a/k;)V (61 bytes) @ 0x000001de6a63b3c4 [0x000001de6a63aa40+0x0000000000000984]
J 12675 c1 ui.frmwork.F.i(JZ)V (471 bytes) @ 0x000001de6a7c2f5c [0x000001de6a7bfe20+0x000000000000313c]
j  ui.frmwork.F.dv(J)V+3
j  ui.frmwork.F$$Lambda$220+0x00000008016f3310.run()V+8
J 9239 c1 java.awt.event.InvocationEvent.dispatch()V java.desktop@17.0.7 (69 bytes) @ 0x000001de6b367a4c [0x000001de6b367900+0x000000000000014c]
J 9194 c1 java.awt.EventQueue.dispatchEventImpl(Ljava/awt/AWTEvent;Ljava/lang/Object;)V java.desktop@17.0.7 (136 bytes) @ 0x000001de6b336f64 [0x000001de6b335460+0x0000000000001b04]
J 9234 c1 java.awt.EventQueue$4.run()Ljava/lang/Void; java.desktop@17.0.7 (60 bytes) @ 0x000001de6b363ca4 [0x000001de6b363b60+0x0000000000000144]
J 8882 c1 java.awt.EventQueue.dispatchEvent(Ljava/awt/AWTEvent;)V java.desktop@17.0.7 (80 bytes) @ 0x000001de6b25f2a4 [0x000001de6b25ece0+0x00000000000005c4]
J 8888 c1 ui.frmwork.a.d.dispatchEvent(Ljava/awt/AWTEvent;)V (42 bytes) @ 0x000001de6b265244 [0x000001de6b265120+0x0000000000000124]
J 9238 c1 java.awt.EventDispatchThread.pumpOneEventForFilters(I)V java.desktop@17.0.7 (113 bytes) @ 0x000001de6b366c94 [0x000001de6b3664a0+0x00000000000007f4]
j  java.awt.EventDispatchThread.pumpEventsForFilter(ILjava/awt/Conditional;Ljava/awt/EventFilter;)V+35 java.desktop@17.0.7
j  java.awt.EventDispatchThread.pumpEventsForFilter(Ljava/awt/Conditional;Ljava/awt/EventFilter;)V+4 java.desktop@17.0.7
j  java.awt.WaitDispatchSupport$2.run()V+59 java.desktop@17.0.7
j  java.awt.WaitDispatchSupport$4.run()Ljava/lang/Void;+4 java.desktop@17.0.7
j  java.awt.WaitDispatchSupport$4.run()Ljava/lang/Object;+1 java.desktop@17.0.7
J 910 c1 java.security.AccessController.doPrivileged(Ljava/security/PrivilegedAction;)Ljava/lang/Object; java.base@17.0.7 (9 bytes) @ 0x000001de6a45d044 [0x000001de6a45cee0+0x0000000000000164]
j  java.awt.WaitDispatchSupport.enter()Z+260 java.desktop@17.0.7
j  java.awt.Dialog.show()V+225 java.desktop@17.0.7
J 10118 c1 java.awt.Component.setVisible(Z)V java.desktop@17.0.7 (6 bytes) @ 0x000001de6a59aadc [0x000001de6a59a8e0+0x00000000000001fc]
j  java.awt.Window.setVisible(Z)V+2 java.desktop@17.0.7
j  java.awt.Dialog.setVisible(Z)V+2 java.desktop@17.0.7
j  ui.dlg.c.e.setVisible(Z)V+2
j  ui.dlg.c.bq.bCa()V+65
j  ui.dlg.c.bq$c.actionPerformed(Ljava/awt/event/ActionEvent;)V+8
j  ui.dlg.c.bq.eTh()V+422
j  ui.views.c.w.b.f.run()V+4
j  ui.views.S.W.a(Ljava/lang/String;ZLjava/lang/Runnable;Ljava/lang/Runnable;)Z+275
j  ui.views.S.W.a(Ljava/lang/String;Ljava/lang/Runnable;Ljava/lang/Runnable;)Z+5
j  ui.views.S.W.c(Ljava/lang/String;Ljava/lang/Runnable;)Z+4
j  ui.views.c.w.b.d.b(Lui/data/design/B;Ljava/lang/String;Ljava/lang/String;)V+472
j  ui.views.c.w.b.d.E(Lui/data/design/B;)V+6
j  ui.views.c.w.b.d.F(Lui/data/design/B;)V+134
j  ui.views.c.w.b.d.run()V+249
j  ui.frmwork.cmd.a.hnk()Z+96
j  ui.utils.ad.actionPerformed(Ljava/awt/event/ActionEvent;)V+4
j  javax.swing.AbstractButton.fireActionPerformed(Ljava/awt/event/ActionEvent;)V+84 java.desktop@17.0.7
j  javax.swing.AbstractButton$Handler.actionPerformed(Ljava/awt/event/ActionEvent;)V+5 java.desktop@17.0.7
j  javax.swing.DefaultButtonModel.fireActionPerformed(Ljava/awt/event/ActionEvent;)V+34 java.desktop@17.0.7
j  javax.swing.DefaultButtonModel.setPressed(Z)V+117 java.desktop@17.0.7
j  javax.swing.AbstractButton.doClick(I)V+60 java.desktop@17.0.7
j  javax.swing.plaf.basic.BasicMenuItemUI.doClick(Ljavax/swing/MenuSelectionManager;)V+47 java.desktop@17.0.7
j  javax.swing.plaf.basic.BasicMenuItemUI$Handler.mouseReleased(Ljava/awt/event/MouseEvent;)V+76 java.desktop@17.0.7
j  java.awt.AWTEventMulticaster.mouseReleased(Ljava/awt/event/MouseEvent;)V+8 java.desktop@17.0.7
j  java.awt.AWTEventMulticaster.mouseReleased(Ljava/awt/event/MouseEvent;)V+8 java.desktop@17.0.7
j  java.awt.Component.processMouseEvent(Ljava/awt/event/MouseEvent;)V+64 java.desktop@17.0.7
j  javax.swing.JComponent.processMouseEvent(Ljava/awt/event/MouseEvent;)V+23 java.desktop@17.0.7
J 11507 c1 java.awt.Component.processEvent(Ljava/awt/AWTEvent;)V java.desktop@17.0.7 (220 bytes) @ 0x000001de6b6eb6bc [0x000001de6b6eb080+0x000000000000063c]
J 6877 c1 java.awt.Container.processEvent(Ljava/awt/AWTEvent;)V java.desktop@17.0.7 (22 bytes) @ 0x000001de6affb42c [0x000001de6affb0e0+0x000000000000034c]
J 8774 c1 java.awt.Component.dispatchEventImpl(Ljava/awt/AWTEvent;)V java.desktop@17.0.7 (777 bytes) @ 0x000001de6b1f95f4 [0x000001de6b1f5a60+0x0000000000003b94]
J 6855 c1 java.awt.Container.dispatchEventImpl(Ljava/awt/AWTEvent;)V java.desktop@17.0.7 (129 bytes) @ 0x000001de6afeb7fc [0x000001de6afeb6c0+0x000000000000013c]
J 12322 c1 java.awt.LightweightDispatcher.retargetMouseEvent(Ljava/awt/Component;ILjava/awt/event/MouseEvent;)V java.desktop@17.0.7 (372 bytes) @ 0x000001de6b8a6594 [0x000001de6b8a3ca0+0x00000000000028f4]
j  java.awt.LightweightDispatcher.processMouseEvent(Ljava/awt/event/MouseEvent;)Z+155 java.desktop@17.0.7
j  java.awt.LightweightDispatcher.dispatchEvent(Ljava/awt/AWTEvent;)Z+50 java.desktop@17.0.7
J 6855 c1 java.awt.Container.dispatchEventImpl(Ljava/awt/AWTEvent;)V java.desktop@17.0.7 (129 bytes) @ 0x000001de6afeb79c [0x000001de6afeb6c0+0x00000000000000dc]
j  java.awt.Window.dispatchEventImpl(Ljava/awt/AWTEvent;)V+19 java.desktop@17.0.7
J 9194 c1 java.awt.EventQueue.dispatchEventImpl(Ljava/awt/AWTEvent;Ljava/lang/Object;)V java.desktop@17.0.7 (136 bytes) @ 0x000001de6b335934 [0x000001de6b335460+0x00000000000004d4]
J 9234 c1 java.awt.EventQueue$4.run()Ljava/lang/Void; java.desktop@17.0.7 (60 bytes) @ 0x000001de6b363ca4 [0x000001de6b363b60+0x0000000000000144]
J 11485 c1 java.awt.EventQueue$4.run()Ljava/lang/Object; java.desktop@17.0.7 (5 bytes) @ 0x000001de6b6dfa94 [0x000001de6b6dfa20+0x0000000000000074]
J 8640 c1 java.security.ProtectionDomain$JavaSecurityAccessImpl.doIntersectionPrivilege(Ljava/security/PrivilegedAction;Ljava/security/AccessControlContext;Ljava/security/AccessControlContext;)Ljava/lang/Object; java.base@17.0.7 (22 bytes) @ 0x000001de6b1a9834 [0x000001de6b1a95a0+0x0000000000000294]
J 8882 c1 java.awt.EventQueue.dispatchEvent(Ljava/awt/AWTEvent;)V java.desktop@17.0.7 (80 bytes) @ 0x000001de6b25f7ec [0x000001de6b25ece0+0x0000000000000b0c]
J 8888 c1 ui.frmwork.a.d.dispatchEvent(Ljava/awt/AWTEvent;)V (42 bytes) @ 0x000001de6b265244 [0x000001de6b265120+0x0000000000000124]
J 9238 c1 java.awt.EventDispatchThread.pumpOneEventForFilters(I)V java.desktop@17.0.7 (113 bytes) @ 0x000001de6b366c94 [0x000001de6b3664a0+0x00000000000007f4]
j  java.awt.EventDispatchThread.pumpEventsForFilter(ILjava/awt/Conditional;Ljava/awt/EventFilter;)V+35 java.desktop@17.0.7
j  java.awt.EventDispatchThread.pumpEventsForHierarchy(ILjava/awt/Conditional;Ljava/awt/Component;)V+11 java.desktop@17.0.7
j  java.awt.EventDispatchThread.pumpEvents(ILjava/awt/Conditional;)V+4 java.desktop@17.0.7
j  java.awt.EventDispatchThread.pumpEvents(Ljava/awt/Conditional;)V+3 java.desktop@17.0.7
j  java.awt.EventDispatchThread.run()V+9 java.desktop@17.0.7
v  ~StubRoutines::call_stub

siginfo: EXCEPTION_ACCESS_VIOLATION (0xc0000005), reading address 0x0000000000000010


Register to memory mapping:

RIP=0x00007ff96928d61f points into unknown readable memory: 83
RAX=0x0 is NULL
RBX=0x000000b61dafb0f8 is pointing into the stack for thread: 0x000001de62692040
RCX=0x000001de22123250 points into unknown readable memory: 0x0000000000000000 | 00 00 00 00 00 00 00 00
RDX=0x0 is NULL
RSP=0x000000b61dafaeb8 is pointing into the stack for thread: 0x000001de62692040
RBP=0x000001de22123250 points into unknown readable memory: 0x0000000000000000 | 00 00 00 00 00 00 00 00
RSI=0x000001de1f3571f0 points into unknown readable memory: 0x0000000000032b7b | 7b 2b 03 00 00 00 00 00
RDI=0x000000b61dafb0e0 is pointing into the stack for thread: 0x000001de62692040
R8 =0x000001de57975100 points into unknown readable memory: 0x000001de57970d50 | 50 0d 97 57 de 01 00 00
R9 =0x0000000000000040 is an unknown value
R10=0x000001de57970000 points into unknown readable memory: 0x0000000000000000 | 00 00 00 00 00 00 00 00
R11=0x00007ff9b07f16d1 VCRUNTIME140.dll
R12=0x000000b61dafaf58 is pointing into the stack for thread: 0x000001de62692040
R13=0x000000b61dafb100 is pointing into the stack for thread: 0x000001de62692040
R14=0x0 is NULL
R15=0x000001de0dcbb838 points into unknown readable memory: 0x000001de1ced45a0 | a0 45 ed 1c de 01 00 00


Registers:
RAX=0x0000000000000000, RBX=0x000000b61dafb0f8, RCX=0x000001de22123250, RDX=0x0000000000000000
RSP=0x000000b61dafaeb8, RBP=0x000001de22123250, RSI=0x000001de1f3571f0, RDI=0x000000b61dafb0e0
R8 =0x000001de57975100, R9 =0x0000000000000040, R10=0x000001de57970000, R11=0x00007ff9b07f16d1
R12=0x000000b61dafaf58, R13=0x000000b61dafb100, R14=0x0000000000000000, R15=0x000001de0dcbb838
RIP=0x00007ff96928d61f, EFLAGS=0x0000000000010246

Top of Stack: (sp=0x000000b61dafaeb8)
0x000000b61dafaeb8:   00007ff96926d981 000000b61dafb0f8
0x000000b61dafaec8:   000000b61dafaf70 000001de1f3571f0
0x000000b61dafaed8:   000000b61dafb1c0 00000000000000fb
0x000000b61dafaee8:   000000b61dafb1c0 000000b61dafb180
0x000000b61dafaef8:   0000000000032b78 0000000000000003
0x000000b61dafaf08:   00007ff90ed2bf7a 000000b61dafaf70
0x000000b61dafaf18:   000001de22123250 000001de13e3d870
0x000000b61dafaf28:   0000000000032b7b 0000000000032b7f
0x000000b61dafaf38:   0000000000000003 fffffffffffffffe
0x000000b61dafaf48:   0000000000032b78 0000cfdc00000008
0x000000b61dafaf58:   000001de1f3571f0 000001de1f357210
0x000000b61dafaf68:   000001de1f357210 000001de0dcbb820
0x000000b61dafaf78:   000000b61dafb288 000000b61dafb1c0
0x000000b61dafaf88:   000000b61dafb180 0000000000002000
0x000000b61dafaf98:   00007ff90ed2bd50 000001de08000000
0x000000b61dafafa8:   0000000000001f04 0000000000000002 

Instructions: (pc=0x00007ff96928d61f)
0x00007ff96928d51f:   c8 e9 6b ff ff ff cc cc cc cc cc cc cc cc cc cc
0x00007ff96928d52f:   cc 48 89 5c 24 10 56 48 8b 99 f8 00 00 00 33 f6
0x00007ff96928d53f:   89 b1 f0 00 00 00 48 85 db 74 78 44 8b 43 10 8b
0x00007ff96928d54f:   c6 41 83 e8 01 48 89 7c 24 10 44 8b ce 40 0f b6
0x00007ff96928d55f:   fe 78 34 4c 8b 59 20 66 66 0f 1f 84 00 00 00 00
0x00007ff96928d56f:   00 43 8d 04 08 99 2b c2 d1 f8 4c 3b 5c c3 18 7e
0x00007ff96928d57f:   06 44 8d 48 01 eb 06 7d 0b 44 8d 40 ff 45 3b c8
0x00007ff96928d58f:   7e df eb 03 40 b7 01 40 84 ff 48 8b 7c 24 10 74
0x00007ff96928d59f:   0d 89 81 f0 00 00 00 48 8b 5c 24 18 5e c3 45 3b
0x00007ff96928d5af:   c8 45 0f 4c c1 45 85 c0 44 0f 48 c6 44 89 81 f0
0x00007ff96928d5bf:   00 00 00 48 8b 5c 24 18 5e c3 cc cc cc cc cc cc
0x00007ff96928d5cf:   cc 83 79 38 ff 0f 95 c0 c3 cc cc cc cc cc cc cc
0x00007ff96928d5df:   cc 8b 51 5c 85 d2 74 43 83 ea 01 74 3b 83 ea 01
0x00007ff96928d5ef:   74 2a 83 fa 01 75 34 48 8b 49 68 80 b9 49 48 00
0x00007ff96928d5ff:   00 00 74 06 83 79 30 00 75 1e 48 8b 81 68 48 00
0x00007ff96928d60f:   00 48 39 81 60 48 00 00 0f 94 c0 c3 48 8b 41 60
0x00007ff96928d61f:   83 78 10 00 0f 94 c0 c3 32 c0 c3 b0 01 c3 cc cc
0x00007ff96928d62f:   cc 40 53 48 83 ec 20 48 8b d9 e8 42 fd ff ff 48
0x00007ff96928d63f:   8b 43 40 48 39 43 38 74 2c 48 8b c8 48 8b 43 30
0x00007ff96928d64f:   48 85 c0 7e 0e 48 8b 51 d8 48 85 d2 7e 05 48 3b
0x00007ff96928d65f:   c2 7d 2e 8b 41 f8 3b 41 e8 74 0a 48 8b 94 c1 d8
0x00007ff96928d66f:   bf ff ff eb 02 33 d2 48 8b 4b 08 4c 8d 43 50 41
0x00007ff96928d67f:   b9 20 48 00 00 48 8b 01 48 83 c4 20 5b 48 ff 60
0x00007ff96928d68f:   10 48 83 c4 20 5b c3 cc cc cc cc cc cc cc cc cc
0x00007ff96928d69f:   cc 40 57 48 83 ec 20 80 79 59 00 48 8b f9 0f 85
0x00007ff96928d6af:   86 01 00 00 8b 81 f0 00 00 00 ff c0 89 81 f0 00
0x00007ff96928d6bf:   00 00 48 8b 89 f8 00 00 00 48 85 c9 74 0d 84 d2
0x00007ff96928d6cf:   75 09 3b 41 10 0f 82 5f 01 00 00 48 89 5c 24 30
0x00007ff96928d6df:   48 89 74 24 38 48 8d b7 00 01 00 00 48 8b ce c6
0x00007ff96928d6ef:   47 59 01 48 c7 87 f8 00 00 00 00 00 00 00 c7 87
0x00007ff96928d6ff:   f0 00 00 00 00 00 00 00 e8 74 fc ff ff 48 8b 46
0x00007ff96928d70f:   40 48 39 46 38 74 46 48 8b c8 0f 1f 80 00 00 00 


Stack slot to memory mapping:
stack at sp + 0 slots: 0x00007ff96926d981 points into unknown readable memory: 84 c0 0f 84 85 00 00
stack at sp + 1 slots: 0x000000b61dafb0f8 is pointing into the stack for thread: 0x000001de62692040
stack at sp + 2 slots: 0x000000b61dafaf70 is pointing into the stack for thread: 0x000001de62692040
stack at sp + 3 slots: 0x000001de1f3571f0 points into unknown readable memory: 0x0000000000032b7b | 7b 2b 03 00 00 00 00 00
stack at sp + 4 slots: 0x000000b61dafb1c0 is pointing into the stack for thread: 0x000001de62692040
stack at sp + 5 slots: 0x00000000000000fb is an unknown value
stack at sp + 6 slots: 0x000000b61dafb1c0 is pointing into the stack for thread: 0x000001de62692040
stack at sp + 7 slots: 0x000000b61dafb180 is pointing into the stack for thread: 0x000001de62692040


---------------  P R O C E S S  ---------------

Threads class SMR info:
_java_thread_list=0x000001de345da7d0, length=37, elements={
0x000001de6171fec0, 0x000001de6266d1f0, 0x000001de6266fac0, 0x000001de62693850,
0x000001de62692510, 0x000001de62693d20, 0x000001de62695060, 0x000001de6269d290,
0x000001de6269f7b0, 0x000001de626a6580, 0x000001de62693380, 0x000001de62695530,
0x000001de62691b70, 0x000001de626941f0, 0x000001de626946c0, 0x000001de62694b90,
0x000001de62692040, 0x000001de0d5872b0, 0x000001de0d585f70, 0x000001de0d586440,
0x000001de0d588ac0, 0x000001de14900e00, 0x000001de14902fb0, 0x000001de156293e0,
0x000001de15627bd0, 0x000001de146c1880, 0x000001de0c22cbc0, 0x000001de0c230f20,
0x000001de0c22e8a0, 0x000001de0c232260, 0x000001de0c2318c0, 0x000001de0c2330d0,
0x000001de0c2300b0, 0x000001de0c232730, 0x000001de0c2335a0, 0x000001de0c230580,
0x000001de0c234410
}

Java Threads: ( => current thread )
  0x000001de6171fec0 JavaThread "main" [_thread_blocked, id=19248, stack(0x000000b614300000,0x000000b614400000)]
  0x000001de6266d1f0 JavaThread "Reference Handler" daemon [_thread_blocked, id=20164, stack(0x000000b614b00000,0x000000b615500000)]
  0x000001de6266fac0 JavaThread "Finalizer" daemon [_thread_blocked, id=20860, stack(0x000000b615500000,0x000000b615f00000)]
  0x000001de62693850 JavaThread "Signal Dispatcher" daemon [_thread_blocked, id=11728, stack(0x000000b615f00000,0x000000b616900000)]
  0x000001de62692510 JavaThread "Attach Listener" daemon [_thread_blocked, id=15216, stack(0x000000b616900000,0x000000b617300000)]
  0x000001de62693d20 JavaThread "Service Thread" daemon [_thread_blocked, id=18456, stack(0x000000b617300000,0x000000b617d00000)]
  0x000001de62695060 JavaThread "Monitor Deflation Thread" daemon [_thread_blocked, id=19512, stack(0x000000b617d00000,0x000000b618700000)]
  0x000001de6269d290 JavaThread "C2 CompilerThread0" daemon [_thread_blocked, id=20656, stack(0x000000b618700000,0x000000b618800000)]
  0x000001de6269f7b0 JavaThread "C1 CompilerThread0" daemon [_thread_blocked, id=20640, stack(0x000000b618800000,0x000000b618900000)]
  0x000001de626a6580 JavaThread "Sweeper thread" daemon [_thread_blocked, id=5360, stack(0x000000b618900000,0x000000b619300000)]
  0x000001de62693380 JavaThread "Common-Cleaner" daemon [_thread_blocked, id=480, stack(0x000000b619400000,0x000000b619e00000)]
  0x000001de62695530 JavaThread "Notification Thread" daemon [_thread_blocked, id=12180, stack(0x000000b619e00000,0x000000b61a800000)]
  0x000001de62691b70 JavaThread "Java2D Disposer" daemon [_thread_blocked, id=21724, stack(0x000000b61a900000,0x000000b61b300000)]
  0x000001de626941f0 JavaThread "AWT-Shutdown" [_thread_blocked, id=12244, stack(0x000000b61b300000,0x000000b61bd00000)]
  0x000001de626946c0 JavaThread "AWT-Windows" daemon [_thread_in_native, id=20856, stack(0x000000b61bd00000,0x000000b61c700000)]
  0x000001de62694b90 JavaThread "TimerQueue" daemon [_thread_blocked, id=13024, stack(0x000000b61c700000,0x000000b61d100000)]
=>0x000001de62692040 JavaThread "AWT-EventQueue-0" [_thread_in_native, id=5800, stack(0x000000b61d100000,0x000000b61db00000)]
  0x000001de0d5872b0 JavaThread "Thread-1" [_thread_in_native, id=3296, stack(0x000000b612900000,0x000000b613d00000)]
  0x000001de0d585f70 JavaThread "Process Messages Thread" [_thread_blocked, id=1584, stack(0x000000b61f800000,0x000000b620200000)]
  0x000001de0d586440 JavaThread "Batik CleanerThread" daemon [_thread_blocked, id=14668, stack(0x000000b61ec00000,0x000000b61f600000)]
  0x000001de0d588ac0 JavaThread "SyntheticaCleanerThread" daemon [_thread_blocked, id=21292, stack(0x000000b620d00000,0x000000b621700000)]
  0x000001de14900e00 JavaThread "Timer-0" [_thread_blocked, id=18764, stack(0x000000b622100000,0x000000b622b00000)]
  0x000001de14902fb0 JavaThread "Monitor File Timestamp Swing Worker Thread" [_thread_blocked, id=20716, stack(0x000000b622b00000,0x000000b623500000)]
  0x000001de156293e0 JavaThread "Monitor HEventQueue Thread" [_thread_blocked, id=3616, stack(0x000000b623600000,0x000000b624000000)]
  0x000001de15627bd0 JavaThread "SyntheticaAnimation 50" daemon [_thread_blocked, id=21092, stack(0x000000b624000000,0x000000b624a00000)]
  0x000001de146c1880 JavaThread "SyntheticaAnimation 25" daemon [_thread_blocked, id=13304, stack(0x000000b624a00000,0x000000b625400000)]
  0x000001de0c22cbc0 JavaThread "SyntheticaAnimation 70" daemon [_thread_blocked, id=10260, stack(0x000000b621700000,0x000000b622100000)]
  0x000001de0c230f20 JavaThread "Refresh Filesets Swing Worker Thread" [_thread_blocked, id=14872, stack(0x000000b625400000,0x000000b625e00000)]
  0x000001de0c22e8a0 JavaThread "hw_ila_monitor" [_thread_blocked, id=19420, stack(0x000000b61db00000,0x000000b61e500000)]
  0x000001de0c232260 JavaThread "pool-1-thread-1" [_thread_blocked, id=12332, stack(0x000000b627200000,0x000000b627c00000)]
  0x000001de0c2318c0 JavaThread "Timer-1" [_thread_blocked, id=12984, stack(0x000000b627c00000,0x000000b628600000)]
  0x000001de0c2330d0 JavaThread "pool-2-thread-1" [_thread_blocked, id=16208, stack(0x000000b628600000,0x000000b629000000)]
  0x000001de0c2300b0 JavaThread "Timer-2" [_thread_blocked, id=10000, stack(0x000000b629000000,0x000000b629a00000)]
  0x000001de0c232730 JavaThread "pool-3-thread-1" [_thread_blocked, id=17912, stack(0x000000b629a00000,0x000000b62a400000)]
  0x000001de0c2335a0 JavaThread "Timer-3" [_thread_blocked, id=16952, stack(0x000000b62a400000,0x000000b62ae00000)]
  0x000001de0c230580 JavaThread "Update Runs Swing Worker Thread" [_thread_blocked, id=5012, stack(0x000000b62ae00000,0x000000b62b800000)]
  0x000001de0c234410 JavaThread "Run Simulation Thread" [_thread_blocked, id=16408, stack(0x000000b625e00000,0x000000b626800000)]

Other Threads:
  0x000001de5a1c44b0 VMThread "VM Thread" [stack: 0x000000b614a00000,0x000000b614b00000] [id=22064]
  0x000001de62450bf0 WatcherThread [stack: 0x000000b61a800000,0x000000b61a900000] [id=4844]
  0x000001de60fe8160 GCTaskThread "GC Thread#0" [stack: 0x000000b614400000,0x000000b614500000] [id=9464]
  0x000001de60fe8410 GCTaskThread "GC Thread#1" [stack: 0x000000b619300000,0x000000b619400000] [id=8728]
  0x000001de60fea450 GCTaskThread "GC Thread#2" [stack: 0x000000b61e500000,0x000000b61e600000] [id=9184]
  0x000001de60feac60 GCTaskThread "GC Thread#3" [stack: 0x000000b61e600000,0x000000b61e700000] [id=16240]
  0x000001de60fe6e90 GCTaskThread "GC Thread#4" [stack: 0x000000b61e700000,0x000000b61e800000] [id=17456]
  0x000001de60fe7950 GCTaskThread "GC Thread#5" [stack: 0x000000b61e800000,0x000000b61e900000] [id=22040]
  0x000001de60feaf10 GCTaskThread "GC Thread#6" [stack: 0x000000b61e900000,0x000000b61ea00000] [id=1372]
  0x000001de60fe7140 GCTaskThread "GC Thread#7" [stack: 0x000000b61ea00000,0x000000b61eb00000] [id=20748]
  0x000001de61f00a60 ConcurrentGCThread "G1 Main Marker" [stack: 0x000000b614500000,0x000000b614600000] [id=21904]
  0x000001de60fe6680 ConcurrentGCThread "G1 Conc#0" [stack: 0x000000b614600000,0x000000b614700000] [id=13052]
  0x000001de60feb1c0 ConcurrentGCThread "G1 Conc#1" [stack: 0x000000b61f700000,0x000000b61f800000] [id=1808]
  0x000001de61f00d30 ConcurrentGCThread "G1 Refine#0" [stack: 0x000000b614700000,0x000000b614800000] [id=21204]
  0x000001de0bdfe070 ConcurrentGCThread "G1 Refine#1" [stack: 0x000000b61eb00000,0x000000b61ec00000] [id=20056]
  0x000001de5d3e2080 ConcurrentGCThread "G1 Service" [stack: 0x000000b614800000,0x000000b614900000] [id=12612]
  0x000001de60fea9b0 ConcurrentGCThread "StringDedupProcessor" [stack: 0x000000b614900000,0x000000b614a00000] [id=5452]

Threads with active compile tasks:

VM state: not at safepoint (normal execution)

VM Mutex/Monitor currently owned by a thread: None

Heap address: 0x0000000701800000, size: 4072 MB, Compressed Oops mode: Zero based, Oop shift amount: 3

CDS archive(s) mapped at: [0x0000000800000000-0x0000000800bc0000-0x0000000800bc0000), size 12320768, SharedBaseAddress: 0x0000000800000000, ArchiveRelocationMode: 0.
Compressed class space mapped at: 0x0000000801000000-0x0000000841000000, reserved size: 1073741824
Narrow klass base: 0x0000000800000000, Narrow klass shift: 0, Narrow klass range: 0x100000000

GC Precious Log:
 CPUs: 8 total, 8 available
 Memory: 8023M
 Large Page Support: Disabled
 NUMA Support: Disabled
 Compressed Oops: Enabled (Zero based)
 Heap Region Size: 2M
 Heap Min Capacity: 512M
 Heap Initial Capacity: 512M
 Heap Max Capacity: 4072M
 Pre-touch: Disabled
 Parallel Workers: 8
 Concurrent Workers: 2
 Concurrent Refinement Workers: 8
 Periodic GC: Disabled
 String Deduplication is enabled

Heap:
 garbage-first heap   total 524288K, used 101278K [0x0000000701800000, 0x0000000800000000)
  region size 2048K, 11 young (22528K), 0 survivors (0K)
 Metaspace       used 78820K, committed 79296K, reserved 1179648K
  class space    used 11143K, committed 11392K, reserved 1048576K

Heap Regions: E=young(eden), S=young(survivor), O=old, HS=humongous(starts), HC=humongous(continues), CS=collection set, F=free, OA=open archive, CA=closed archive, TAMS=top-at-mark-start (previous, next)
|   0|0x0000000701800000, 0x0000000701a00000, 0x0000000701a00000|100%|HS|  |TAMS 0x0000000701a00000, 0x0000000701800000| Untracked 
|   1|0x0000000701a00000, 0x0000000701bfffe8, 0x0000000701c00000| 99%| O|  |TAMS 0x0000000701bfffe8, 0x0000000701a00000| Untracked 
|   2|0x0000000701c00000, 0x0000000701e00000, 0x0000000701e00000|100%| O|  |TAMS 0x0000000701e00000, 0x0000000701c00000| Untracked 
|   3|0x0000000701e00000, 0x0000000701fffff0, 0x0000000702000000| 99%| O|  |TAMS 0x0000000701fffff0, 0x0000000701e00000| Untracked 
|   4|0x0000000702000000, 0x0000000702200000, 0x0000000702200000|100%| O|  |TAMS 0x0000000702200000, 0x0000000702000000| Untracked 
|   5|0x0000000702200000, 0x00000007023fffe8, 0x0000000702400000| 99%| O|  |TAMS 0x00000007023fffe8, 0x0000000702200000| Untracked 
|   6|0x0000000702400000, 0x0000000702600000, 0x0000000702600000|100%| O|  |TAMS 0x0000000702600000, 0x0000000702400000| Untracked 
|   7|0x0000000702600000, 0x00000007027fffd8, 0x0000000702800000| 99%| O|  |TAMS 0x00000007027fffd8, 0x0000000702600000| Untracked 
|   8|0x0000000702800000, 0x00000007029fffc0, 0x0000000702a00000| 99%| O|  |TAMS 0x00000007029fffc0, 0x0000000702800000| Untracked 
|   9|0x0000000702a00000, 0x0000000702bffb70, 0x0000000702c00000| 99%| O|  |TAMS 0x0000000702bffb70, 0x0000000702a00000| Untracked 
|  10|0x0000000702c00000, 0x0000000702dfffc0, 0x0000000702e00000| 99%| O|  |TAMS 0x0000000702dfffc0, 0x0000000702c00000| Untracked 
|  11|0x0000000702e00000, 0x0000000702fffed0, 0x0000000703000000| 99%| O|  |TAMS 0x0000000702fffed0, 0x0000000702e00000| Untracked 
|  12|0x0000000703000000, 0x0000000703200000, 0x0000000703200000|100%| O|  |TAMS 0x0000000703200000, 0x0000000703000000| Untracked 
|  13|0x0000000703200000, 0x00000007033fffd0, 0x0000000703400000| 99%| O|  |TAMS 0x00000007033fffd0, 0x0000000703200000| Untracked 
|  14|0x0000000703400000, 0x00000007035ffff8, 0x0000000703600000| 99%| O|  |TAMS 0x00000007035ffff8, 0x0000000703400000| Untracked 
|  15|0x0000000703600000, 0x00000007037fffe0, 0x0000000703800000| 99%| O|  |TAMS 0x00000007037fffe0, 0x0000000703600000| Untracked 
|  16|0x0000000703800000, 0x0000000703a00000, 0x0000000703a00000|100%|HS|  |TAMS 0x0000000703a00000, 0x0000000703800000| Untracked 
|  17|0x0000000703a00000, 0x0000000703c00000, 0x0000000703c00000|100%|HC|  |TAMS 0x0000000703c00000, 0x0000000703a00000| Untracked 
|  18|0x0000000703c00000, 0x0000000703e00000, 0x0000000703e00000|100%|HC|  |TAMS 0x0000000703e00000, 0x0000000703c00000| Untracked 
|  19|0x0000000703e00000, 0x0000000704000000, 0x0000000704000000|100%|HC|  |TAMS 0x0000000704000000, 0x0000000703e00000| Untracked 
|  20|0x0000000704000000, 0x0000000704200000, 0x0000000704200000|100%|HC|  |TAMS 0x0000000704200000, 0x0000000704000000| Untracked 
|  21|0x0000000704200000, 0x0000000704400000, 0x0000000704400000|100%|HC|  |TAMS 0x0000000704400000, 0x0000000704200000| Untracked 
|  22|0x0000000704400000, 0x00000007045ffff8, 0x0000000704600000| 99%| O|  |TAMS 0x00000007045ffff8, 0x0000000704400000| Untracked 
|  23|0x0000000704600000, 0x0000000704800000, 0x0000000704800000|100%| O|  |TAMS 0x0000000704600000, 0x0000000704600000| Untracked 
|  24|0x0000000704800000, 0x00000007049ffff8, 0x0000000704a00000| 99%| O|  |TAMS 0x0000000704800000, 0x0000000704800000| Untracked 
|  25|0x0000000704a00000, 0x0000000704bfffc0, 0x0000000704c00000| 99%| O|  |TAMS 0x0000000704a00000, 0x0000000704a00000| Untracked 
|  26|0x0000000704c00000, 0x0000000704dfee38, 0x0000000704e00000| 99%| O|  |TAMS 0x0000000704c00000, 0x0000000704c00000| Untracked 
|  27|0x0000000704e00000, 0x0000000705000000, 0x0000000705000000|100%|HS|  |TAMS 0x0000000705000000, 0x0000000704e00000| Untracked 
|  28|0x0000000705000000, 0x0000000705200000, 0x0000000705200000|100%|HC|  |TAMS 0x0000000705200000, 0x0000000705000000| Untracked 
|  29|0x0000000705200000, 0x0000000705400000, 0x0000000705400000|100%|HC|  |TAMS 0x0000000705400000, 0x0000000705200000| Untracked 
|  30|0x0000000705400000, 0x0000000705600000, 0x0000000705600000|100%|HC|  |TAMS 0x0000000705600000, 0x0000000705400000| Untracked 
|  31|0x0000000705600000, 0x00000007057ffff8, 0x0000000705800000| 99%| O|  |TAMS 0x0000000705600000, 0x0000000705600000| Untracked 
|  32|0x0000000705800000, 0x00000007059ffff8, 0x0000000705a00000| 99%| O|  |TAMS 0x0000000705800000, 0x0000000705800000| Untracked 
|  33|0x0000000705a00000, 0x0000000705bfffd8, 0x0000000705c00000| 99%| O|  |TAMS 0x0000000705a00000, 0x0000000705a00000| Untracked 
|  34|0x0000000705c00000, 0x0000000705d3e338, 0x0000000705e00000| 62%| O|  |TAMS 0x0000000705c00000, 0x0000000705c00000| Untracked 
|  35|0x0000000705e00000, 0x0000000705f16028, 0x0000000706000000| 54%| O|  |TAMS 0x0000000705e00000, 0x0000000705e00000| Untracked 
|  36|0x0000000706000000, 0x00000007061fffb8, 0x0000000706200000| 99%| O|  |TAMS 0x0000000706000000, 0x0000000706000000| Untracked 
|  37|0x0000000706200000, 0x0000000706350ad0, 0x0000000706400000| 65%| O|  |TAMS 0x0000000706200000, 0x0000000706200000| Untracked 
|  38|0x0000000706400000, 0x0000000706400000, 0x0000000706600000|  0%| F|  |TAMS 0x0000000706400000, 0x0000000706400000| Untracked 
|  39|0x0000000706600000, 0x0000000706600000, 0x0000000706800000|  0%| F|  |TAMS 0x0000000706600000, 0x0000000706600000| Untracked 
|  40|0x0000000706800000, 0x0000000706800000, 0x0000000706a00000|  0%| F|  |TAMS 0x0000000706800000, 0x0000000706800000| Untracked 
|  41|0x0000000706a00000, 0x0000000706a00000, 0x0000000706c00000|  0%| F|  |TAMS 0x0000000706a00000, 0x0000000706a00000| Untracked 
|  42|0x0000000706c00000, 0x0000000706c00000, 0x0000000706e00000|  0%| F|  |TAMS 0x0000000706c00000, 0x0000000706c00000| Untracked 
|  43|0x0000000706e00000, 0x0000000706e00000, 0x0000000707000000|  0%| F|  |TAMS 0x0000000706e00000, 0x0000000706e00000| Untracked 
|  44|0x0000000707000000, 0x0000000707000000, 0x0000000707200000|  0%| F|  |TAMS 0x0000000707000000, 0x0000000707000000| Untracked 
|  45|0x0000000707200000, 0x0000000707200000, 0x0000000707400000|  0%| F|  |TAMS 0x0000000707200000, 0x0000000707200000| Untracked 
|  46|0x0000000707400000, 0x0000000707400000, 0x0000000707600000|  0%| F|  |TAMS 0x0000000707400000, 0x0000000707400000| Untracked 
|  47|0x0000000707600000, 0x0000000707600000, 0x0000000707800000|  0%| F|  |TAMS 0x0000000707600000, 0x0000000707600000| Untracked 
|  48|0x0000000707800000, 0x0000000707800000, 0x0000000707a00000|  0%| F|  |TAMS 0x0000000707800000, 0x0000000707800000| Untracked 
|  49|0x0000000707a00000, 0x0000000707a00000, 0x0000000707c00000|  0%| F|  |TAMS 0x0000000707a00000, 0x0000000707a00000| Untracked 
|  50|0x0000000707c00000, 0x0000000707c00000, 0x0000000707e00000|  0%| F|  |TAMS 0x0000000707c00000, 0x0000000707c00000| Untracked 
|  51|0x0000000707e00000, 0x0000000707e00000, 0x0000000708000000|  0%| F|  |TAMS 0x0000000707e00000, 0x0000000707e00000| Untracked 
|  52|0x0000000708000000, 0x0000000708000000, 0x0000000708200000|  0%| F|  |TAMS 0x0000000708000000, 0x0000000708000000| Untracked 
|  53|0x0000000708200000, 0x00000007083bb640, 0x0000000708400000| 86%| O|  |TAMS 0x0000000708200000, 0x0000000708200000| Untracked 
|  54|0x0000000708400000, 0x0000000708400000, 0x0000000708600000|  0%| F|  |TAMS 0x0000000708400000, 0x0000000708400000| Untracked 
|  55|0x0000000708600000, 0x0000000708600000, 0x0000000708800000|  0%| F|  |TAMS 0x0000000708600000, 0x0000000708600000| Untracked 
|  56|0x0000000708800000, 0x0000000708800000, 0x0000000708a00000|  0%| F|  |TAMS 0x0000000708800000, 0x0000000708800000| Untracked 
|  57|0x0000000708a00000, 0x0000000708a00000, 0x0000000708c00000|  0%| F|  |TAMS 0x0000000708a00000, 0x0000000708a00000| Untracked 
|  58|0x0000000708c00000, 0x0000000708c00000, 0x0000000708e00000|  0%| F|  |TAMS 0x0000000708c00000, 0x0000000708c00000| Untracked 
|  59|0x0000000708e00000, 0x0000000708e00000, 0x0000000709000000|  0%| F|  |TAMS 0x0000000708e00000, 0x0000000708e00000| Untracked 
|  60|0x0000000709000000, 0x0000000709000000, 0x0000000709200000|  0%| F|  |TAMS 0x0000000709000000, 0x0000000709000000| Untracked 
|  61|0x0000000709200000, 0x0000000709200000, 0x0000000709400000|  0%| F|  |TAMS 0x0000000709200000, 0x0000000709200000| Untracked 
|  62|0x0000000709400000, 0x0000000709400000, 0x0000000709600000|  0%| F|  |TAMS 0x0000000709400000, 0x0000000709400000| Untracked 
|  63|0x0000000709600000, 0x0000000709600000, 0x0000000709800000|  0%| F|  |TAMS 0x0000000709600000, 0x0000000709600000| Untracked 
|  64|0x0000000709800000, 0x0000000709800000, 0x0000000709a00000|  0%| F|  |TAMS 0x0000000709800000, 0x0000000709800000| Untracked 
|  65|0x0000000709a00000, 0x0000000709a00000, 0x0000000709c00000|  0%| F|  |TAMS 0x0000000709a00000, 0x0000000709a00000| Untracked 
|  66|0x0000000709c00000, 0x0000000709c00000, 0x0000000709e00000|  0%| F|  |TAMS 0x0000000709c00000, 0x0000000709c00000| Untracked 
|  67|0x0000000709e00000, 0x0000000709e00000, 0x000000070a000000|  0%| F|  |TAMS 0x0000000709e00000, 0x0000000709e00000| Untracked 
|  68|0x000000070a000000, 0x000000070a000000, 0x000000070a200000|  0%| F|  |TAMS 0x000000070a000000, 0x000000070a000000| Untracked 
|  69|0x000000070a200000, 0x000000070a200000, 0x000000070a400000|  0%| F|  |TAMS 0x000000070a200000, 0x000000070a200000| Untracked 
|  70|0x000000070a400000, 0x000000070a400000, 0x000000070a600000|  0%| F|  |TAMS 0x000000070a400000, 0x000000070a400000| Untracked 
|  71|0x000000070a600000, 0x000000070a600000, 0x000000070a800000|  0%| F|  |TAMS 0x000000070a600000, 0x000000070a600000| Untracked 
|  72|0x000000070a800000, 0x000000070a800000, 0x000000070aa00000|  0%| F|  |TAMS 0x000000070a800000, 0x000000070a800000| Untracked 
|  73|0x000000070aa00000, 0x000000070aa00000, 0x000000070ac00000|  0%| F|  |TAMS 0x000000070aa00000, 0x000000070aa00000| Untracked 
|  74|0x000000070ac00000, 0x000000070ac00000, 0x000000070ae00000|  0%| F|  |TAMS 0x000000070ac00000, 0x000000070ac00000| Untracked 
|  75|0x000000070ae00000, 0x000000070ae00000, 0x000000070b000000|  0%| F|  |TAMS 0x000000070ae00000, 0x000000070ae00000| Untracked 
|  76|0x000000070b000000, 0x000000070b000000, 0x000000070b200000|  0%| F|  |TAMS 0x000000070b000000, 0x000000070b000000| Untracked 
|  77|0x000000070b200000, 0x000000070b200000, 0x000000070b400000|  0%| F|  |TAMS 0x000000070b200000, 0x000000070b200000| Untracked 
|  78|0x000000070b400000, 0x000000070b400000, 0x000000070b600000|  0%| F|  |TAMS 0x000000070b400000, 0x000000070b400000| Untracked 
|  79|0x000000070b600000, 0x000000070b600000, 0x000000070b800000|  0%| F|  |TAMS 0x000000070b600000, 0x000000070b600000| Untracked 
|  80|0x000000070b800000, 0x000000070b800000, 0x000000070ba00000|  0%| F|  |TAMS 0x000000070b800000, 0x000000070b800000| Untracked 
|  81|0x000000070ba00000, 0x000000070ba00000, 0x000000070bc00000|  0%| F|  |TAMS 0x000000070ba00000, 0x000000070ba00000| Untracked 
|  82|0x000000070bc00000, 0x000000070bc00000, 0x000000070be00000|  0%| F|  |TAMS 0x000000070bc00000, 0x000000070bc00000| Untracked 
|  83|0x000000070be00000, 0x000000070be00000, 0x000000070c000000|  0%| F|  |TAMS 0x000000070be00000, 0x000000070be00000| Untracked 
|  84|0x000000070c000000, 0x000000070c000000, 0x000000070c200000|  0%| F|  |TAMS 0x000000070c000000, 0x000000070c000000| Untracked 
|  85|0x000000070c200000, 0x000000070c200000, 0x000000070c400000|  0%| F|  |TAMS 0x000000070c200000, 0x000000070c200000| Untracked 
|  86|0x000000070c400000, 0x000000070c400000, 0x000000070c600000|  0%| F|  |TAMS 0x000000070c400000, 0x000000070c400000| Untracked 
|  87|0x000000070c600000, 0x000000070c600000, 0x000000070c800000|  0%| F|  |TAMS 0x000000070c600000, 0x000000070c600000| Untracked 
|  88|0x000000070c800000, 0x000000070c800000, 0x000000070ca00000|  0%| F|  |TAMS 0x000000070c800000, 0x000000070c800000| Untracked 
|  89|0x000000070ca00000, 0x000000070ca00000, 0x000000070cc00000|  0%| F|  |TAMS 0x000000070ca00000, 0x000000070ca00000| Untracked 
|  90|0x000000070cc00000, 0x000000070cc00000, 0x000000070ce00000|  0%| F|  |TAMS 0x000000070cc00000, 0x000000070cc00000| Untracked 
|  91|0x000000070ce00000, 0x000000070ce00000, 0x000000070d000000|  0%| F|  |TAMS 0x000000070ce00000, 0x000000070ce00000| Untracked 
|  92|0x000000070d000000, 0x000000070d000000, 0x000000070d200000|  0%| F|  |TAMS 0x000000070d000000, 0x000000070d000000| Untracked 
|  93|0x000000070d200000, 0x000000070d200000, 0x000000070d400000|  0%| F|  |TAMS 0x000000070d200000, 0x000000070d200000| Untracked 
|  94|0x000000070d400000, 0x000000070d400000, 0x000000070d600000|  0%| F|  |TAMS 0x000000070d400000, 0x000000070d400000| Untracked 
|  95|0x000000070d600000, 0x000000070d600000, 0x000000070d800000|  0%| F|  |TAMS 0x000000070d600000, 0x000000070d600000| Untracked 
|  96|0x000000070d800000, 0x000000070d800000, 0x000000070da00000|  0%| F|  |TAMS 0x000000070d800000, 0x000000070d800000| Untracked 
|  97|0x000000070da00000, 0x000000070da00000, 0x000000070dc00000|  0%| F|  |TAMS 0x000000070da00000, 0x000000070da00000| Untracked 
|  98|0x000000070dc00000, 0x000000070dc00000, 0x000000070de00000|  0%| F|  |TAMS 0x000000070dc00000, 0x000000070dc00000| Untracked 
|  99|0x000000070de00000, 0x000000070de00000, 0x000000070e000000|  0%| F|  |TAMS 0x000000070de00000, 0x000000070de00000| Untracked 
| 100|0x000000070e000000, 0x000000070e000000, 0x000000070e200000|  0%| F|  |TAMS 0x000000070e000000, 0x000000070e000000| Untracked 
| 101|0x000000070e200000, 0x000000070e200000, 0x000000070e400000|  0%| F|  |TAMS 0x000000070e200000, 0x000000070e200000| Untracked 
| 102|0x000000070e400000, 0x000000070e400000, 0x000000070e600000|  0%| F|  |TAMS 0x000000070e400000, 0x000000070e400000| Untracked 
| 103|0x000000070e600000, 0x000000070e600000, 0x000000070e800000|  0%| F|  |TAMS 0x000000070e600000, 0x000000070e600000| Untracked 
| 104|0x000000070e800000, 0x000000070e800000, 0x000000070ea00000|  0%| F|  |TAMS 0x000000070e800000, 0x000000070e800000| Untracked 
| 105|0x000000070ea00000, 0x000000070ea00000, 0x000000070ec00000|  0%| F|  |TAMS 0x000000070ea00000, 0x000000070ea00000| Untracked 
| 106|0x000000070ec00000, 0x000000070ec00000, 0x000000070ee00000|  0%| F|  |TAMS 0x000000070ec00000, 0x000000070ec00000| Untracked 
| 107|0x000000070ee00000, 0x000000070ee00000, 0x000000070f000000|  0%| F|  |TAMS 0x000000070ee00000, 0x000000070ee00000| Untracked 
| 108|0x000000070f000000, 0x000000070f000000, 0x000000070f200000|  0%| F|  |TAMS 0x000000070f000000, 0x000000070f000000| Untracked 
| 109|0x000000070f200000, 0x000000070f200000, 0x000000070f400000|  0%| F|  |TAMS 0x000000070f200000, 0x000000070f200000| Untracked 
| 110|0x000000070f400000, 0x000000070f400000, 0x000000070f600000|  0%| F|  |TAMS 0x000000070f400000, 0x000000070f400000| Untracked 
| 111|0x000000070f600000, 0x000000070f600000, 0x000000070f800000|  0%| F|  |TAMS 0x000000070f600000, 0x000000070f600000| Untracked 
| 112|0x000000070f800000, 0x000000070f800000, 0x000000070fa00000|  0%| F|  |TAMS 0x000000070f800000, 0x000000070f800000| Untracked 
| 113|0x000000070fa00000, 0x000000070fa00000, 0x000000070fc00000|  0%| F|  |TAMS 0x000000070fa00000, 0x000000070fa00000| Untracked 
| 114|0x000000070fc00000, 0x000000070fc00000, 0x000000070fe00000|  0%| F|  |TAMS 0x000000070fc00000, 0x000000070fc00000| Untracked 
| 115|0x000000070fe00000, 0x000000070fe00000, 0x0000000710000000|  0%| F|  |TAMS 0x000000070fe00000, 0x000000070fe00000| Untracked 
| 116|0x0000000710000000, 0x0000000710000000, 0x0000000710200000|  0%| F|  |TAMS 0x0000000710000000, 0x0000000710000000| Untracked 
| 117|0x0000000710200000, 0x0000000710200000, 0x0000000710400000|  0%| F|  |TAMS 0x0000000710200000, 0x0000000710200000| Untracked 
| 118|0x0000000710400000, 0x0000000710400000, 0x0000000710600000|  0%| F|  |TAMS 0x0000000710400000, 0x0000000710400000| Untracked 
| 119|0x0000000710600000, 0x0000000710600000, 0x0000000710800000|  0%| F|  |TAMS 0x0000000710600000, 0x0000000710600000| Untracked 
| 120|0x0000000710800000, 0x0000000710800000, 0x0000000710a00000|  0%| F|  |TAMS 0x0000000710800000, 0x0000000710800000| Untracked 
| 121|0x0000000710a00000, 0x0000000710a00000, 0x0000000710c00000|  0%| F|  |TAMS 0x0000000710a00000, 0x0000000710a00000| Untracked 
| 122|0x0000000710c00000, 0x0000000710c00000, 0x0000000710e00000|  0%| F|  |TAMS 0x0000000710c00000, 0x0000000710c00000| Untracked 
| 123|0x0000000710e00000, 0x0000000710e00000, 0x0000000711000000|  0%| F|  |TAMS 0x0000000710e00000, 0x0000000710e00000| Untracked 
| 124|0x0000000711000000, 0x0000000711000000, 0x0000000711200000|  0%| F|  |TAMS 0x0000000711000000, 0x0000000711000000| Untracked 
| 125|0x0000000711200000, 0x0000000711200000, 0x0000000711400000|  0%| F|  |TAMS 0x0000000711200000, 0x0000000711200000| Untracked 
| 126|0x0000000711400000, 0x0000000711400000, 0x0000000711600000|  0%| F|  |TAMS 0x0000000711400000, 0x0000000711400000| Untracked 
| 127|0x0000000711600000, 0x0000000711600000, 0x0000000711800000|  0%| F|  |TAMS 0x0000000711600000, 0x0000000711600000| Untracked 
| 128|0x0000000711800000, 0x0000000711800000, 0x0000000711a00000|  0%| F|  |TAMS 0x0000000711800000, 0x0000000711800000| Untracked 
| 129|0x0000000711a00000, 0x0000000711a00000, 0x0000000711c00000|  0%| F|  |TAMS 0x0000000711a00000, 0x0000000711a00000| Untracked 
| 130|0x0000000711c00000, 0x0000000711c00000, 0x0000000711e00000|  0%| F|  |TAMS 0x0000000711c00000, 0x0000000711c00000| Untracked 
| 131|0x0000000711e00000, 0x0000000711e00000, 0x0000000712000000|  0%| F|  |TAMS 0x0000000711e00000, 0x0000000711e00000| Untracked 
| 132|0x0000000712000000, 0x0000000712000000, 0x0000000712200000|  0%| F|  |TAMS 0x0000000712000000, 0x0000000712000000| Untracked 
| 133|0x0000000712200000, 0x0000000712200000, 0x0000000712400000|  0%| F|  |TAMS 0x0000000712200000, 0x0000000712200000| Untracked 
| 134|0x0000000712400000, 0x0000000712400000, 0x0000000712600000|  0%| F|  |TAMS 0x0000000712400000, 0x0000000712400000| Untracked 
| 135|0x0000000712600000, 0x0000000712600000, 0x0000000712800000|  0%| F|  |TAMS 0x0000000712600000, 0x0000000712600000| Untracked 
| 136|0x0000000712800000, 0x0000000712800000, 0x0000000712a00000|  0%| F|  |TAMS 0x0000000712800000, 0x0000000712800000| Untracked 
| 137|0x0000000712a00000, 0x0000000712a00000, 0x0000000712c00000|  0%| F|  |TAMS 0x0000000712a00000, 0x0000000712a00000| Untracked 
| 138|0x0000000712c00000, 0x0000000712c00000, 0x0000000712e00000|  0%| F|  |TAMS 0x0000000712c00000, 0x0000000712c00000| Untracked 
| 139|0x0000000712e00000, 0x0000000712e00000, 0x0000000713000000|  0%| F|  |TAMS 0x0000000712e00000, 0x0000000712e00000| Untracked 
| 140|0x0000000713000000, 0x0000000713000000, 0x0000000713200000|  0%| F|  |TAMS 0x0000000713000000, 0x0000000713000000| Untracked 
| 141|0x0000000713200000, 0x0000000713200000, 0x0000000713400000|  0%| F|  |TAMS 0x0000000713200000, 0x0000000713200000| Untracked 
| 142|0x0000000713400000, 0x0000000713400000, 0x0000000713600000|  0%| F|  |TAMS 0x0000000713400000, 0x0000000713400000| Untracked 
| 143|0x0000000713600000, 0x0000000713600000, 0x0000000713800000|  0%| F|  |TAMS 0x0000000713600000, 0x0000000713600000| Untracked 
| 144|0x0000000713800000, 0x0000000713800000, 0x0000000713a00000|  0%| F|  |TAMS 0x0000000713800000, 0x0000000713800000| Untracked 
| 145|0x0000000713a00000, 0x0000000713a00000, 0x0000000713c00000|  0%| F|  |TAMS 0x0000000713a00000, 0x0000000713a00000| Untracked 
| 146|0x0000000713c00000, 0x0000000713c00000, 0x0000000713e00000|  0%| F|  |TAMS 0x0000000713c00000, 0x0000000713c00000| Untracked 
| 147|0x0000000713e00000, 0x0000000713e00000, 0x0000000714000000|  0%| F|  |TAMS 0x0000000713e00000, 0x0000000713e00000| Untracked 
| 148|0x0000000714000000, 0x0000000714000000, 0x0000000714200000|  0%| F|  |TAMS 0x0000000714000000, 0x0000000714000000| Untracked 
| 149|0x0000000714200000, 0x0000000714200000, 0x0000000714400000|  0%| F|  |TAMS 0x0000000714200000, 0x0000000714200000| Untracked 
| 150|0x0000000714400000, 0x0000000714400000, 0x0000000714600000|  0%| F|  |TAMS 0x0000000714400000, 0x0000000714400000| Untracked 
| 151|0x0000000714600000, 0x0000000714600000, 0x0000000714800000|  0%| F|  |TAMS 0x0000000714600000, 0x0000000714600000| Untracked 
| 152|0x0000000714800000, 0x0000000714800000, 0x0000000714a00000|  0%| F|  |TAMS 0x0000000714800000, 0x0000000714800000| Untracked 
| 153|0x0000000714a00000, 0x0000000714a00000, 0x0000000714c00000|  0%| F|  |TAMS 0x0000000714a00000, 0x0000000714a00000| Untracked 
| 154|0x0000000714c00000, 0x0000000714c00000, 0x0000000714e00000|  0%| F|  |TAMS 0x0000000714c00000, 0x0000000714c00000| Untracked 
| 155|0x0000000714e00000, 0x0000000714e00000, 0x0000000715000000|  0%| F|  |TAMS 0x0000000714e00000, 0x0000000714e00000| Untracked 
| 156|0x0000000715000000, 0x0000000715000000, 0x0000000715200000|  0%| F|  |TAMS 0x0000000715000000, 0x0000000715000000| Untracked 
| 157|0x0000000715200000, 0x0000000715200000, 0x0000000715400000|  0%| F|  |TAMS 0x0000000715200000, 0x0000000715200000| Untracked 
| 158|0x0000000715400000, 0x0000000715400000, 0x0000000715600000|  0%| F|  |TAMS 0x0000000715400000, 0x0000000715400000| Untracked 
| 159|0x0000000715600000, 0x0000000715600000, 0x0000000715800000|  0%| F|  |TAMS 0x0000000715600000, 0x0000000715600000| Untracked 
| 160|0x0000000715800000, 0x0000000715800000, 0x0000000715a00000|  0%| F|  |TAMS 0x0000000715800000, 0x0000000715800000| Untracked 
| 161|0x0000000715a00000, 0x0000000715a00000, 0x0000000715c00000|  0%| F|  |TAMS 0x0000000715a00000, 0x0000000715a00000| Untracked 
| 162|0x0000000715c00000, 0x0000000715c00000, 0x0000000715e00000|  0%| F|  |TAMS 0x0000000715c00000, 0x0000000715c00000| Untracked 
| 163|0x0000000715e00000, 0x0000000715e00000, 0x0000000716000000|  0%| F|  |TAMS 0x0000000715e00000, 0x0000000715e00000| Untracked 
| 164|0x0000000716000000, 0x0000000716000000, 0x0000000716200000|  0%| F|  |TAMS 0x0000000716000000, 0x0000000716000000| Untracked 
| 165|0x0000000716200000, 0x0000000716200000, 0x0000000716400000|  0%| F|  |TAMS 0x0000000716200000, 0x0000000716200000| Untracked 
| 166|0x0000000716400000, 0x0000000716400000, 0x0000000716600000|  0%| F|  |TAMS 0x0000000716400000, 0x0000000716400000| Untracked 
| 167|0x0000000716600000, 0x0000000716600000, 0x0000000716800000|  0%| F|  |TAMS 0x0000000716600000, 0x0000000716600000| Untracked 
| 168|0x0000000716800000, 0x0000000716800000, 0x0000000716a00000|  0%| F|  |TAMS 0x0000000716800000, 0x0000000716800000| Untracked 
| 169|0x0000000716a00000, 0x0000000716a00000, 0x0000000716c00000|  0%| F|  |TAMS 0x0000000716a00000, 0x0000000716a00000| Untracked 
| 170|0x0000000716c00000, 0x0000000716c00000, 0x0000000716e00000|  0%| F|  |TAMS 0x0000000716c00000, 0x0000000716c00000| Untracked 
| 171|0x0000000716e00000, 0x0000000716e00000, 0x0000000717000000|  0%| F|  |TAMS 0x0000000716e00000, 0x0000000716e00000| Untracked 
| 172|0x0000000717000000, 0x0000000717000000, 0x0000000717200000|  0%| F|  |TAMS 0x0000000717000000, 0x0000000717000000| Untracked 
| 173|0x0000000717200000, 0x0000000717200000, 0x0000000717400000|  0%| F|  |TAMS 0x0000000717200000, 0x0000000717200000| Untracked 
| 174|0x0000000717400000, 0x0000000717400000, 0x0000000717600000|  0%| F|  |TAMS 0x0000000717400000, 0x0000000717400000| Untracked 
| 175|0x0000000717600000, 0x0000000717600000, 0x0000000717800000|  0%| F|  |TAMS 0x0000000717600000, 0x0000000717600000| Untracked 
| 176|0x0000000717800000, 0x0000000717800000, 0x0000000717a00000|  0%| F|  |TAMS 0x0000000717800000, 0x0000000717800000| Untracked 
| 177|0x0000000717a00000, 0x0000000717a00000, 0x0000000717c00000|  0%| F|  |TAMS 0x0000000717a00000, 0x0000000717a00000| Untracked 
| 178|0x0000000717c00000, 0x0000000717c00000, 0x0000000717e00000|  0%| F|  |TAMS 0x0000000717c00000, 0x0000000717c00000| Untracked 
| 179|0x0000000717e00000, 0x0000000717e00000, 0x0000000718000000|  0%| F|  |TAMS 0x0000000717e00000, 0x0000000717e00000| Untracked 
| 180|0x0000000718000000, 0x0000000718000000, 0x0000000718200000|  0%| F|  |TAMS 0x0000000718000000, 0x0000000718000000| Untracked 
| 181|0x0000000718200000, 0x0000000718200000, 0x0000000718400000|  0%| F|  |TAMS 0x0000000718200000, 0x0000000718200000| Untracked 
| 182|0x0000000718400000, 0x0000000718400000, 0x0000000718600000|  0%| F|  |TAMS 0x0000000718400000, 0x0000000718400000| Untracked 
| 183|0x0000000718600000, 0x0000000718600000, 0x0000000718800000|  0%| F|  |TAMS 0x0000000718600000, 0x0000000718600000| Untracked 
| 184|0x0000000718800000, 0x0000000718800000, 0x0000000718a00000|  0%| F|  |TAMS 0x0000000718800000, 0x0000000718800000| Untracked 
| 185|0x0000000718a00000, 0x0000000718a00000, 0x0000000718c00000|  0%| F|  |TAMS 0x0000000718a00000, 0x0000000718a00000| Untracked 
| 186|0x0000000718c00000, 0x0000000718c00000, 0x0000000718e00000|  0%| F|  |TAMS 0x0000000718c00000, 0x0000000718c00000| Untracked 
| 187|0x0000000718e00000, 0x0000000718e00000, 0x0000000719000000|  0%| F|  |TAMS 0x0000000718e00000, 0x0000000718e00000| Untracked 
| 188|0x0000000719000000, 0x0000000719000000, 0x0000000719200000|  0%| F|  |TAMS 0x0000000719000000, 0x0000000719000000| Untracked 
| 189|0x0000000719200000, 0x0000000719200000, 0x0000000719400000|  0%| F|  |TAMS 0x0000000719200000, 0x0000000719200000| Untracked 
| 190|0x0000000719400000, 0x0000000719400000, 0x0000000719600000|  0%| F|  |TAMS 0x0000000719400000, 0x0000000719400000| Untracked 
| 191|0x0000000719600000, 0x0000000719600000, 0x0000000719800000|  0%| F|  |TAMS 0x0000000719600000, 0x0000000719600000| Untracked 
| 192|0x0000000719800000, 0x0000000719800000, 0x0000000719a00000|  0%| F|  |TAMS 0x0000000719800000, 0x0000000719800000| Untracked 
| 193|0x0000000719a00000, 0x0000000719a00000, 0x0000000719c00000|  0%| F|  |TAMS 0x0000000719a00000, 0x0000000719a00000| Untracked 
| 194|0x0000000719c00000, 0x0000000719c00000, 0x0000000719e00000|  0%| F|  |TAMS 0x0000000719c00000, 0x0000000719c00000| Untracked 
| 195|0x0000000719e00000, 0x0000000719e00000, 0x000000071a000000|  0%| F|  |TAMS 0x0000000719e00000, 0x0000000719e00000| Untracked 
| 196|0x000000071a000000, 0x000000071a000000, 0x000000071a200000|  0%| F|  |TAMS 0x000000071a000000, 0x000000071a000000| Untracked 
| 197|0x000000071a200000, 0x000000071a200000, 0x000000071a400000|  0%| F|  |TAMS 0x000000071a200000, 0x000000071a200000| Untracked 
| 198|0x000000071a400000, 0x000000071a400000, 0x000000071a600000|  0%| F|  |TAMS 0x000000071a400000, 0x000000071a400000| Untracked 
| 199|0x000000071a600000, 0x000000071a600000, 0x000000071a800000|  0%| F|  |TAMS 0x000000071a600000, 0x000000071a600000| Untracked 
| 200|0x000000071a800000, 0x000000071a800000, 0x000000071aa00000|  0%| F|  |TAMS 0x000000071a800000, 0x000000071a800000| Untracked 
| 201|0x000000071aa00000, 0x000000071aa00000, 0x000000071ac00000|  0%| F|  |TAMS 0x000000071aa00000, 0x000000071aa00000| Untracked 
| 202|0x000000071ac00000, 0x000000071ac00000, 0x000000071ae00000|  0%| F|  |TAMS 0x000000071ac00000, 0x000000071ac00000| Untracked 
| 203|0x000000071ae00000, 0x000000071ae00000, 0x000000071b000000|  0%| F|  |TAMS 0x000000071ae00000, 0x000000071ae00000| Untracked 
| 204|0x000000071b000000, 0x000000071b000000, 0x000000071b200000|  0%| F|  |TAMS 0x000000071b000000, 0x000000071b000000| Untracked 
| 205|0x000000071b200000, 0x000000071b200000, 0x000000071b400000|  0%| F|  |TAMS 0x000000071b200000, 0x000000071b200000| Untracked 
| 206|0x000000071b400000, 0x000000071b400000, 0x000000071b600000|  0%| F|  |TAMS 0x000000071b400000, 0x000000071b400000| Untracked 
| 207|0x000000071b600000, 0x000000071b600000, 0x000000071b800000|  0%| F|  |TAMS 0x000000071b600000, 0x000000071b600000| Untracked 
| 208|0x000000071b800000, 0x000000071b800000, 0x000000071ba00000|  0%| F|  |TAMS 0x000000071b800000, 0x000000071b800000| Untracked 
| 209|0x000000071ba00000, 0x000000071ba00000, 0x000000071bc00000|  0%| F|  |TAMS 0x000000071ba00000, 0x000000071ba00000| Untracked 
| 210|0x000000071bc00000, 0x000000071bc00000, 0x000000071be00000|  0%| F|  |TAMS 0x000000071bc00000, 0x000000071bc00000| Untracked 
| 211|0x000000071be00000, 0x000000071be00000, 0x000000071c000000|  0%| F|  |TAMS 0x000000071be00000, 0x000000071be00000| Untracked 
| 212|0x000000071c000000, 0x000000071c000000, 0x000000071c200000|  0%| F|  |TAMS 0x000000071c000000, 0x000000071c000000| Untracked 
| 213|0x000000071c200000, 0x000000071c200000, 0x000000071c400000|  0%| F|  |TAMS 0x000000071c200000, 0x000000071c200000| Untracked 
| 214|0x000000071c400000, 0x000000071c600000, 0x000000071c600000|100%| O|  |TAMS 0x000000071c600000, 0x000000071c400000| Untracked 
| 215|0x000000071c600000, 0x000000071c639f68, 0x000000071c800000| 11%| O|  |TAMS 0x000000071c600000, 0x000000071c600000| Untracked 
| 216|0x000000071c800000, 0x000000071c800000, 0x000000071ca00000|  0%| F|  |TAMS 0x000000071c800000, 0x000000071c800000| Untracked 
| 217|0x000000071ca00000, 0x000000071ca00000, 0x000000071cc00000|  0%| F|  |TAMS 0x000000071ca00000, 0x000000071ca00000| Untracked 
| 218|0x000000071cc00000, 0x000000071cc00000, 0x000000071ce00000|  0%| F|  |TAMS 0x000000071cc00000, 0x000000071cc00000| Untracked 
| 219|0x000000071ce00000, 0x000000071ce00000, 0x000000071d000000|  0%| F|  |TAMS 0x000000071ce00000, 0x000000071ce00000| Untracked 
| 220|0x000000071d000000, 0x000000071d000000, 0x000000071d200000|  0%| F|  |TAMS 0x000000071d000000, 0x000000071d000000| Untracked 
| 221|0x000000071d200000, 0x000000071d200000, 0x000000071d400000|  0%| F|  |TAMS 0x000000071d200000, 0x000000071d200000| Untracked 
| 222|0x000000071d400000, 0x000000071d400000, 0x000000071d600000|  0%| F|  |TAMS 0x000000071d400000, 0x000000071d400000| Untracked 
| 223|0x000000071d600000, 0x000000071d600000, 0x000000071d800000|  0%| F|  |TAMS 0x000000071d600000, 0x000000071d600000| Untracked 
| 224|0x000000071d800000, 0x000000071d8bdf68, 0x000000071da00000| 37%| O|  |TAMS 0x000000071d800000, 0x000000071d800000| Untracked 
| 225|0x000000071da00000, 0x000000071da00000, 0x000000071dc00000|  0%| F|  |TAMS 0x000000071da00000, 0x000000071da00000| Untracked 
| 226|0x000000071dc00000, 0x000000071dc00000, 0x000000071de00000|  0%| F|  |TAMS 0x000000071dc00000, 0x000000071dc00000| Untracked 
| 227|0x000000071de00000, 0x000000071de00000, 0x000000071e000000|  0%| F|  |TAMS 0x000000071de00000, 0x000000071de00000| Untracked 
| 228|0x000000071e000000, 0x000000071e000000, 0x000000071e200000|  0%| F|  |TAMS 0x000000071e000000, 0x000000071e000000| Untracked 
| 229|0x000000071e200000, 0x000000071e200000, 0x000000071e400000|  0%| F|  |TAMS 0x000000071e200000, 0x000000071e200000| Untracked 
| 230|0x000000071e400000, 0x000000071e400000, 0x000000071e600000|  0%| F|  |TAMS 0x000000071e400000, 0x000000071e400000| Untracked 
| 231|0x000000071e600000, 0x000000071e600000, 0x000000071e800000|  0%| F|  |TAMS 0x000000071e600000, 0x000000071e600000| Untracked 
| 232|0x000000071e800000, 0x000000071e800000, 0x000000071ea00000|  0%| F|  |TAMS 0x000000071e800000, 0x000000071e800000| Untracked 
| 233|0x000000071ea00000, 0x000000071ea00000, 0x000000071ec00000|  0%| F|  |TAMS 0x000000071ea00000, 0x000000071ea00000| Untracked 
| 234|0x000000071ec00000, 0x000000071ec00000, 0x000000071ee00000|  0%| F|  |TAMS 0x000000071ec00000, 0x000000071ec00000| Untracked 
| 235|0x000000071ee00000, 0x000000071ee00000, 0x000000071f000000|  0%| F|  |TAMS 0x000000071ee00000, 0x000000071ee00000| Untracked 
| 236|0x000000071f000000, 0x000000071f000000, 0x000000071f200000|  0%| F|  |TAMS 0x000000071f000000, 0x000000071f000000| Untracked 
| 237|0x000000071f200000, 0x000000071f291028, 0x000000071f400000| 28%| O|  |TAMS 0x000000071f200000, 0x000000071f200000| Untracked 
| 238|0x000000071f400000, 0x000000071f400000, 0x000000071f600000|  0%| F|  |TAMS 0x000000071f400000, 0x000000071f400000| Untracked 
| 239|0x000000071f600000, 0x000000071f600000, 0x000000071f800000|  0%| F|  |TAMS 0x000000071f600000, 0x000000071f600000| Untracked 
| 240|0x000000071f800000, 0x000000071f800000, 0x000000071fa00000|  0%| F|  |TAMS 0x000000071f800000, 0x000000071f800000| Untracked 
| 241|0x000000071fa00000, 0x000000071fa00000, 0x000000071fc00000|  0%| F|  |TAMS 0x000000071fa00000, 0x000000071fa00000| Untracked 
| 242|0x000000071fc00000, 0x000000071fc00000, 0x000000071fe00000|  0%| F|  |TAMS 0x000000071fc00000, 0x000000071fc00000| Untracked 
| 243|0x000000071fe00000, 0x000000071fe00000, 0x0000000720000000|  0%| F|  |TAMS 0x000000071fe00000, 0x000000071fe00000| Untracked 
| 244|0x0000000720000000, 0x0000000720000000, 0x0000000720200000|  0%| F|  |TAMS 0x0000000720000000, 0x0000000720000000| Untracked 
| 245|0x0000000720200000, 0x000000072024c360, 0x0000000720400000| 14%| E|  |TAMS 0x0000000720200000, 0x0000000720200000| Complete 
| 246|0x0000000720400000, 0x0000000720600000, 0x0000000720600000|100%| E|CS|TAMS 0x0000000720400000, 0x0000000720400000| Complete 
| 247|0x0000000720600000, 0x0000000720800000, 0x0000000720800000|100%| E|CS|TAMS 0x0000000720600000, 0x0000000720600000| Complete 
| 248|0x0000000720800000, 0x0000000720a00000, 0x0000000720a00000|100%| E|CS|TAMS 0x0000000720800000, 0x0000000720800000| Complete 
| 249|0x0000000720a00000, 0x0000000720c00000, 0x0000000720c00000|100%| E|CS|TAMS 0x0000000720a00000, 0x0000000720a00000| Complete 
| 250|0x0000000720c00000, 0x0000000720e00000, 0x0000000720e00000|100%| E|CS|TAMS 0x0000000720c00000, 0x0000000720c00000| Complete 
| 251|0x0000000720e00000, 0x0000000721000000, 0x0000000721000000|100%| E|CS|TAMS 0x0000000720e00000, 0x0000000720e00000| Complete 
| 252|0x0000000721000000, 0x0000000721200000, 0x0000000721200000|100%| E|CS|TAMS 0x0000000721000000, 0x0000000721000000| Complete 
| 253|0x0000000721200000, 0x0000000721400000, 0x0000000721400000|100%| E|CS|TAMS 0x0000000721200000, 0x0000000721200000| Complete 
| 254|0x0000000721400000, 0x0000000721600000, 0x0000000721600000|100%| E|CS|TAMS 0x0000000721400000, 0x0000000721400000| Complete 
| 255|0x0000000721600000, 0x0000000721800000, 0x0000000721800000|100%| E|CS|TAMS 0x0000000721600000, 0x0000000721600000| Complete 

Card table byte_map: [0x000001de79ae0000,0x000001de7a2e0000] _byte_map_base: 0x000001de762d4000

Marking Bits (Prev, Next): (CMBitMap*) 0x000001de61321a70, (CMBitMap*) 0x000001de61321a30
 Prev Bits: [0x000001de00000000, 0x000001de03fa0000)
 Next Bits: [0x000001de7aae0000, 0x000001de7ea80000)

Polling page: 0x000001de594b0000

Metaspace:

Usage:
  Non-class:     66.09 MB used.
      Class:     10.88 MB used.
       Both:     76.97 MB used.

Virtual space:
  Non-class space:      128.00 MB reserved,      66.31 MB ( 52%) committed,  2 nodes.
      Class space:        1.00 GB reserved,      11.12 MB (  1%) committed,  1 nodes.
             Both:        1.12 GB reserved,      77.44 MB (  7%) committed. 

Chunk freelists:
   Non-Class:  13.27 MB
       Class:  4.90 MB
        Both:  18.16 MB

MaxMetaspaceSize: unlimited
CompressedClassSpaceSize: 1.00 GB
Initial GC threshold: 21.00 MB
Current GC threshold: 129.00 MB
CDS: on
MetaspaceReclaimPolicy: balanced
 - commit_granule_bytes: 65536.
 - commit_granule_words: 8192.
 - virtual_space_node_default_size: 8388608.
 - enlarge_chunks_in_place: 1.
 - new_chunks_are_fully_committed: 0.
 - uncommit_free_chunks: 1.
 - use_allocation_guard: 0.
 - handle_deallocations: 1.


Internal statistics:

num_allocs_failed_limit: 6.
num_arena_births: 822.
num_arena_deaths: 0.
num_vsnodes_births: 3.
num_vsnodes_deaths: 0.
num_space_committed: 1233.
num_space_uncommitted: 0.
num_chunks_returned_to_freelist: 6.
num_chunks_taken_from_freelist: 2826.
num_chunk_merges: 6.
num_chunk_splits: 2140.
num_chunks_enlarged: 1655.
num_inconsistent_stats: 0.

CodeHeap 'non-profiled nmethods': size=120000Kb used=10807Kb max_used=10807Kb free=109192Kb
 bounds [0x000001de71db0000, 0x000001de72840000, 0x000001de792e0000]
CodeHeap 'profiled nmethods': size=120000Kb used=23950Kb max_used=25041Kb free=96049Kb
 bounds [0x000001de6a2e0000, 0x000001de6bb80000, 0x000001de71810000]
CodeHeap 'non-nmethods': size=5760Kb used=1633Kb max_used=1792Kb free=4126Kb
 bounds [0x000001de71810000, 0x000001de71a80000, 0x000001de71db0000]
 total_blobs=12646 nmethods=11588 adapters=964
 compilation: enabled
              stopped_count=0, restarted_count=0
 full_count=0

Compilation events (20 events):
Event: 80.285 Thread 0x000001de6269f7b0 14636       3       com.google.protobuf.IntArrayList::emptyList (4 bytes)
Event: 80.285 Thread 0x000001de6269f7b0 nmethod 14636 0x000001de6a5c2f90 code [0x000001de6a5c3120, 0x000001de6a5c3218]
Event: 80.286 Thread 0x000001de6269d290 14637       4       com.google.protobuf.CodedInputStream$ArrayDecoder::recomputeBufferSizeAfterLimit (63 bytes)
Event: 80.286 Thread 0x000001de6269f7b0 14638       1       ui.data.q.d.a$aB::eIM (5 bytes)
Event: 80.286 Thread 0x000001de6269f7b0 nmethod 14638 0x000001de7283d010 code [0x000001de7283d1a0, 0x000001de7283d278]
Event: 80.286 Thread 0x000001de6269f7b0 14639       1       ui.data.q.d.a$aB::eIS (5 bytes)
Event: 80.286 Thread 0x000001de6269f7b0 nmethod 14639 0x000001de7283d310 code [0x000001de7283d4a0, 0x000001de7283d578]
Event: 80.286 Thread 0x000001de6269d290 nmethod 14637 0x000001de7283d610 code [0x000001de7283d780, 0x000001de7283d838]
Event: 80.286 Thread 0x000001de6269f7b0 14640       1       ui.data.q.d.a$aB::eIU (5 bytes)
Event: 80.286 Thread 0x000001de6269f7b0 nmethod 14640 0x000001de7283d910 code [0x000001de7283daa0, 0x000001de7283db78]
Event: 80.286 Thread 0x000001de6269f7b0 14644       3       com.google.protobuf.IntArrayList::getInt (12 bytes)
Event: 80.287 Thread 0x000001de6269f7b0 nmethod 14644 0x000001de6b989790 code [0x000001de6b989960, 0x000001de6b989c98]
Event: 80.287 Thread 0x000001de6269f7b0 14642   !   3       ui.data.q.e.c::a (506 bytes)
Event: 80.288 Thread 0x000001de6269f7b0 nmethod 14642 0x000001de6b107b90 code [0x000001de6b108280, 0x000001de6b10c8f8]
Event: 80.288 Thread 0x000001de6269f7b0 14643       3       com.google.protobuf.AbstractProtobufList::makeImmutable (6 bytes)
Event: 80.289 Thread 0x000001de6269f7b0 nmethod 14643 0x000001de6b702010 code [0x000001de6b7021a0, 0x000001de6b7022b8]
Event: 80.289 Thread 0x000001de6269f7b0 14645       3       com.google.protobuf.IntArrayList::<init> (15 bytes)
Event: 80.289 Thread 0x000001de6269f7b0 nmethod 14645 0x000001de6b7a7d10 code [0x000001de6b7a7ec0, 0x000001de6b7a81b8]
Event: 80.289 Thread 0x000001de6269f7b0 14641       1       ui.data.q.d.a$aB::eIW (5 bytes)
Event: 80.289 Thread 0x000001de6269f7b0 nmethod 14641 0x000001de7283dc10 code [0x000001de7283dda0, 0x000001de7283de78]

GC Heap History (20 events):
Event: 15.044 GC heap before
{Heap before GC invocations=8 (full 0):
 garbage-first heap   total 524288K, used 114535K [0x0000000701800000, 0x0000000800000000)
  region size 2048K, 26 young (53248K), 5 survivors (10240K)
 Metaspace       used 55040K, committed 55424K, reserved 1114112K
  class space    used 7313K, committed 7488K, reserved 1048576K
}
Event: 15.097 GC heap after
{Heap after GC invocations=9 (full 1):
 garbage-first heap   total 524288K, used 70154K [0x0000000701800000, 0x0000000800000000)
  region size 2048K, 0 young (0K), 0 survivors (0K)
 Metaspace       used 55040K, committed 55424K, reserved 1114112K
  class space    used 7313K, committed 7488K, reserved 1048576K
}
Event: 39.505 GC heap before
{Heap before GC invocations=9 (full 1):
 garbage-first heap   total 524288K, used 152074K [0x0000000701800000, 0x0000000800000000)
  region size 2048K, 40 young (81920K), 0 survivors (0K)
 Metaspace       used 63446K, committed 63872K, reserved 1114112K
  class space    used 8759K, committed 8960K, reserved 1048576K
}
Event: 39.507 GC heap after
{Heap after GC invocations=10 (full 1):
 garbage-first heap   total 524288K, used 72418K [0x0000000701800000, 0x0000000800000000)
  region size 2048K, 2 young (4096K), 2 survivors (4096K)
 Metaspace       used 63446K, committed 63872K, reserved 1114112K
  class space    used 8759K, committed 8960K, reserved 1048576K
}
Event: 41.514 GC heap before
{Heap before GC invocations=10 (full 1):
 garbage-first heap   total 524288K, used 150242K [0x0000000701800000, 0x0000000800000000)
  region size 2048K, 40 young (81920K), 2 survivors (4096K)
 Metaspace       used 70104K, committed 70592K, reserved 1114112K
  class space    used 10130K, committed 10368K, reserved 1048576K
}
Event: 41.524 GC heap after
{Heap after GC invocations=11 (full 1):
 garbage-first heap   total 524288K, used 78847K [0x0000000701800000, 0x0000000800000000)
  region size 2048K, 5 young (10240K), 5 survivors (10240K)
 Metaspace       used 70104K, committed 70592K, reserved 1114112K
  class space    used 10130K, committed 10368K, reserved 1048576K
}
Event: 42.438 GC heap before
{Heap before GC invocations=11 (full 1):
 garbage-first heap   total 524288K, used 150527K [0x0000000701800000, 0x0000000800000000)
  region size 2048K, 40 young (81920K), 5 survivors (10240K)
 Metaspace       used 70924K, committed 71360K, reserved 1114112K
  class space    used 10230K, committed 10432K, reserved 1048576K
}
Event: 42.450 GC heap after
{Heap after GC invocations=12 (full 1):
 garbage-first heap   total 524288K, used 80664K [0x0000000701800000, 0x0000000800000000)
  region size 2048K, 2 young (4096K), 2 survivors (4096K)
 Metaspace       used 70924K, committed 71360K, reserved 1114112K
  class space    used 10230K, committed 10432K, reserved 1048576K
}
Event: 42.731 GC heap before
{Heap before GC invocations=12 (full 1):
 garbage-first heap   total 524288K, used 90904K [0x0000000701800000, 0x0000000800000000)
  region size 2048K, 8 young (16384K), 2 survivors (4096K)
 Metaspace       used 71146K, committed 71616K, reserved 1114112K
  class space    used 10253K, committed 10496K, reserved 1048576K
}
Event: 42.791 GC heap after
{Heap after GC invocations=13 (full 2):
 garbage-first heap   total 524288K, used 75347K [0x0000000701800000, 0x0000000800000000)
  region size 2048K, 0 young (0K), 0 survivors (0K)
 Metaspace       used 71146K, committed 71616K, reserved 1114112K
  class space    used 10253K, committed 10496K, reserved 1048576K
}
Event: 43.570 GC heap before
{Heap before GC invocations=13 (full 2):
 garbage-first heap   total 524288K, used 157267K [0x0000000701800000, 0x0000000800000000)
  region size 2048K, 40 young (81920K), 0 survivors (0K)
 Metaspace       used 71781K, committed 72256K, reserved 1114112K
  class space    used 10297K, committed 10496K, reserved 1048576K
}
Event: 43.572 GC heap after
{Heap after GC invocations=14 (full 2):
 garbage-first heap   total 524288K, used 76223K [0x0000000701800000, 0x0000000800000000)
  region size 2048K, 1 young (2048K), 1 survivors (2048K)
 Metaspace       used 71781K, committed 72256K, reserved 1114112K
  class space    used 10297K, committed 10496K, reserved 1048576K
}
Event: 47.489 GC heap before
{Heap before GC invocations=14 (full 2):
 garbage-first heap   total 524288K, used 156095K [0x0000000701800000, 0x0000000800000000)
  region size 2048K, 40 young (81920K), 1 survivors (2048K)
 Metaspace       used 72124K, committed 72576K, reserved 1114112K
  class space    used 10306K, committed 10496K, reserved 1048576K
}
Event: 47.491 GC heap after
{Heap after GC invocations=15 (full 2):
 garbage-first heap   total 524288K, used 76878K [0x0000000701800000, 0x0000000800000000)
  region size 2048K, 1 young (2048K), 1 survivors (2048K)
 Metaspace       used 72124K, committed 72576K, reserved 1114112K
  class space    used 10306K, committed 10496K, reserved 1048576K
}
Event: 58.319 GC heap before
{Heap before GC invocations=15 (full 2):
 garbage-first heap   total 524288K, used 156750K [0x0000000701800000, 0x0000000800000000)
  region size 2048K, 40 young (81920K), 1 survivors (2048K)
 Metaspace       used 73227K, committed 73664K, reserved 1114112K
  class space    used 10354K, committed 10560K, reserved 1048576K
}
Event: 58.321 GC heap after
{Heap after GC invocations=16 (full 2):
 garbage-first heap   total 524288K, used 77019K [0x0000000701800000, 0x0000000800000000)
  region size 2048K, 1 young (2048K), 1 survivors (2048K)
 Metaspace       used 73227K, committed 73664K, reserved 1114112K
  class space    used 10354K, committed 10560K, reserved 1048576K
}
Event: 71.157 GC heap before
{Heap before GC invocations=16 (full 2):
 garbage-first heap   total 524288K, used 156891K [0x0000000701800000, 0x0000000800000000)
  region size 2048K, 40 young (81920K), 1 survivors (2048K)
 Metaspace       used 74824K, committed 75264K, reserved 1114112K
  class space    used 10609K, committed 10816K, reserved 1048576K
}
Event: 71.163 GC heap after
{Heap after GC invocations=17 (full 2):
 garbage-first heap   total 524288K, used 80541K [0x0000000701800000, 0x0000000800000000)
  region size 2048K, 3 young (6144K), 3 survivors (6144K)
 Metaspace       used 74824K, committed 75264K, reserved 1114112K
  class space    used 10609K, committed 10816K, reserved 1048576K
}
Event: 72.973 GC heap before
{Heap before GC invocations=17 (full 2):
 garbage-first heap   total 524288K, used 144029K [0x0000000701800000, 0x0000000800000000)
  region size 2048K, 35 young (71680K), 3 survivors (6144K)
 Metaspace       used 78699K, committed 79232K, reserved 1179648K
  class space    used 11137K, committed 11392K, reserved 1048576K
}
Event: 73.045 GC heap after
{Heap after GC invocations=18 (full 3):
 garbage-first heap   total 524288K, used 80798K [0x0000000701800000, 0x0000000800000000)
  region size 2048K, 0 young (0K), 0 survivors (0K)
 Metaspace       used 78699K, committed 79232K, reserved 1179648K
  class space    used 11137K, committed 11392K, reserved 1048576K
}

Dll operation events (20 events):
Event: 1.460 Loaded shared library D:\Vivado\2023.2\lib\win64.o\librdi_ipservicestasks.dll
Event: 1.463 Loaded shared library D:\Vivado\2023.2\lib\win64.o\librdi_vivadotasks.dll
Event: 1.464 Loaded shared library D:\Vivado\2023.2\lib\win64.o\librdi_board.dll
Event: 1.464 Loaded shared library D:\Vivado\2023.2\lib\win64.o\librdi_boarddep.dll
Event: 1.466 Loaded shared library D:\Vivado\2023.2\lib\win64.o\librdi_boardcommontasks.dll
Event: 1.466 Loaded shared library D:\Vivado\2023.2\lib\win64.o\librdi_ptgen.dll
Event: 1.467 Loaded shared library D:\Vivado\2023.2\lib\win64.o\librdi_ip.dll
Event: 1.468 Loaded shared library D:\Vivado\2023.2\lib\win64.o\librdi_mig.dll
Event: 1.470 Loaded shared library D:\Vivado\2023.2\lib\win64.o\librdi_implflow.dll
Event: 1.471 Loaded shared library D:\Vivado\2023.2\lib\win64.o\librdi_xhubtasks.dll
Event: 1.495 Loaded shared library D:\Vivado\2023.2\lib\win64.o\librdi_iptasks.dll
Event: 1.497 Loaded shared library D:\Vivado\2023.2\lib\win64.o\librdi_synth.dll
Event: 2.964 Loaded shared library D:\Vivado\2023.2\tps\win64\jre17.0.7_7\bin\verify.dll
Event: 3.287 Loaded shared library D:\Vivado\2023.2\tps\win64\jre17.0.7_7\bin\javajpeg.dll
Event: 3.298 Loaded shared library D:\Vivado\2023.2\tps\win64\jre17.0.7_7\bin\lcms.dll
Event: 3.700 Loaded shared library D:\Vivado\2023.2\tps\win64\jre17.0.7_7\bin\freetype.dll
Event: 3.702 Loaded shared library D:\Vivado\2023.2\tps\win64\jre17.0.7_7\bin\fontmanager.dll
Event: 7.881 Loaded shared library D:\Vivado\2023.2\lib\win64.o\librdi_xhub.dll
Event: 14.056 Loaded shared library D:\Vivado\2023.2\tps\win64\jre17.0.7_7\bin\management.dll
Event: 14.061 Loaded shared library D:\Vivado\2023.2\tps\win64\jre17.0.7_7\bin\management_ext.dll

Deoptimization events (20 events):
Event: 73.203 Thread 0x000001de62692040 DEOPT PACKING pc=0x000001de7281f7f4 sp=0x000000b61daf9940
Event: 73.203 Thread 0x000001de62692040 DEOPT UNPACKING pc=0x000001de718669a3 sp=0x000000b61daf9958 mode 2
Event: 73.203 Thread 0x000001de62692040 Uncommon trap: trap_request=0xffffffbe fr.pc=0x000001de7281f7f4 relative=0x0000000000007354
Event: 73.203 Thread 0x000001de62692040 Uncommon trap: reason=profile_predicate action=maybe_recompile pc=0x000001de7281f7f4 method=de.javasoft.plaf.synthetica.painter.ImagePainter.drawImage(Ljava/awt/Image;Ljava/awt/Graphics;IIIIIIIIII)V @ 603 c2
Event: 73.203 Thread 0x000001de62692040 DEOPT PACKING pc=0x000001de7281f7f4 sp=0x000000b61daf9930
Event: 73.203 Thread 0x000001de62692040 DEOPT UNPACKING pc=0x000001de718669a3 sp=0x000000b61daf9948 mode 2
Event: 73.203 Thread 0x000001de62692040 Uncommon trap: trap_request=0xffffffbe fr.pc=0x000001de7281f7f4 relative=0x0000000000007354
Event: 73.203 Thread 0x000001de62692040 Uncommon trap: reason=profile_predicate action=maybe_recompile pc=0x000001de7281f7f4 method=de.javasoft.plaf.synthetica.painter.ImagePainter.drawImage(Ljava/awt/Image;Ljava/awt/Graphics;IIIIIIIIII)V @ 603 c2
Event: 73.203 Thread 0x000001de62692040 DEOPT PACKING pc=0x000001de7281f7f4 sp=0x000000b61daf9930
Event: 73.203 Thread 0x000001de62692040 DEOPT UNPACKING pc=0x000001de718669a3 sp=0x000000b61daf9948 mode 2
Event: 78.863 Thread 0x000001de62692040 DEOPT PACKING pc=0x000001de6b729e53 sp=0x000000b61dafc300
Event: 78.863 Thread 0x000001de62692040 DEOPT UNPACKING pc=0x000001de71867143 sp=0x000000b61dafb748 mode 0
Event: 78.872 Thread 0x000001de62692040 Uncommon trap: trap_request=0xffffffd6 fr.pc=0x000001de720230a4 relative=0x0000000000002b84
Event: 78.872 Thread 0x000001de62692040 Uncommon trap: reason=array_check action=maybe_recompile pc=0x000001de720230a4 method=java.util.TimSort.reverseRange([Ljava/lang/Object;II)V @ 20 c2
Event: 78.872 Thread 0x000001de62692040 DEOPT PACKING pc=0x000001de720230a4 sp=0x000000b61dafa250
Event: 78.872 Thread 0x000001de62692040 DEOPT UNPACKING pc=0x000001de718669a3 sp=0x000000b61dafa118 mode 2
Event: 78.872 Thread 0x000001de62692040 Uncommon trap: trap_request=0xffffff76 fr.pc=0x000001de72020a8c relative=0x000000000000056c
Event: 78.872 Thread 0x000001de62692040 Uncommon trap: reason=predicate action=maybe_recompile pc=0x000001de72020a8c method=java.util.TimSort.binarySort([Ljava/lang/Object;IIILjava/util/Comparator;)V @ 34 c2
Event: 78.872 Thread 0x000001de62692040 DEOPT PACKING pc=0x000001de72020a8c sp=0x000000b61dafa380
Event: 78.872 Thread 0x000001de62692040 DEOPT UNPACKING pc=0x000001de718669a3 sp=0x000000b61dafa2a8 mode 2

Classes unloaded (0 events):
No events

Classes redefined (0 events):
No events

Internal exceptions (20 events):
Event: 72.100 Thread 0x000001de62692040 Exception <a 'java/lang/ClassNotFoundException'{0x000000071f61e740}: java/awt/ComponentBeanInfo> (0x000000071f61e740) 
thrown [s\src\hotspot\share\classfile\systemDictionary.cpp, line 256]
Event: 72.111 Thread 0x000001de62692040 Exception <a 'java/lang/ClassNotFoundException'{0x000000071f642200}: java/lang/ObjectBeanInfo> (0x000000071f642200) 
thrown [s\src\hotspot\share\classfile\systemDictionary.cpp, line 256]
Event: 72.111 Thread 0x000001de62692040 Exception <a 'java/lang/ClassNotFoundException'{0x000000071f644560}: java/lang/ObjectCustomizer> (0x000000071f644560) 
thrown [s\src\hotspot\share\classfile\systemDictionary.cpp, line 256]
Event: 72.116 Thread 0x000001de62692040 Exception <a 'java/lang/IncompatibleClassChangeError'{0x000000071f6491b8}: Found class java.lang.Object, but interface was expected> (0x000000071f6491b8) 
thrown [s\src\hotspot\share\interpreter\linkResolver.cpp, line 826]
Event: 72.121 Thread 0x000001de62692040 Exception <a 'java/lang/ClassNotFoundException'{0x000000071f65a8e8}: java/awt/ComponentCustomizer> (0x000000071f65a8e8) 
thrown [s\src\hotspot\share\classfile\systemDictionary.cpp, line 256]
Event: 72.129 Thread 0x000001de62692040 Exception <a 'java/lang/ClassNotFoundException'{0x000000071f6b9f88}: java/awt/ContainerCustomizer> (0x000000071f6b9f88) 
thrown [s\src\hotspot\share\classfile\systemDictionary.cpp, line 256]
Event: 72.133 Thread 0x000001de62692040 Exception <a 'java/lang/ClassNotFoundException'{0x000000071f6f5638}: javax/swing/JComponentCustomizer> (0x000000071f6f5638) 
thrown [s\src\hotspot\share\classfile\systemDictionary.cpp, line 256]
Event: 72.148 Thread 0x000001de62692040 Exception <a 'java/lang/ClassNotFoundException'{0x000000071f79f280}: javax/swing/JPanelCustomizer> (0x000000071f79f280) 
thrown [s\src\hotspot\share\classfile\systemDictionary.cpp, line 256]
Event: 72.149 Thread 0x000001de62692040 Exception <a 'java/lang/ClassNotFoundException'{0x000000071f7c30a0}: org/jdesktop/swingx/JXPanelCustomizer> (0x000000071f7c30a0) 
thrown [s\src\hotspot\share\classfile\systemDictionary.cpp, line 256]
Event: 72.151 Thread 0x000001de62692040 Exception <a 'java/lang/ClassNotFoundException'{0x000000071f7efb70}: org/jdesktop/swingx/JXTitledPanelCustomizer> (0x000000071f7efb70) 
thrown [s\src\hotspot\share\classfile\systemDictionary.cpp, line 256]
Event: 72.152 Thread 0x000001de62692040 Exception <a 'java/lang/ClassNotFoundException'{0x000000071f41d588}: ui/utils/swing/n/c/fCustomizer> (0x000000071f41d588) 
thrown [s\src\hotspot\share\classfile\systemDictionary.cpp, line 256]
Event: 72.154 Thread 0x000001de62692040 Exception <a 'java/lang/ClassNotFoundException'{0x000000071f446768}: ui/views/waveform/g/vCustomizer> (0x000000071f446768) 
thrown [s\src\hotspot\share\classfile\systemDictionary.cpp, line 256]
Event: 72.160 Thread 0x000001de62692040 Implicit null exception at 0x000001de7235394b to 0x000001de72354520
Event: 72.264 Thread 0x000001de62692040 Exception <a 'java/lang/NoSuchMethodError'{0x000000071f02de40}: 'java.lang.Object java.lang.invoke.DirectMethodHandle$Holder.invokeSpecial(java.lang.Object, java.lang.Object, long, long, long)'> (0x000000071f02de40) 
thrown [s\src\hotspot\share\interpreter\linkResolver.cpp, line 759]
Event: 72.300 Thread 0x000001de62692040 Implicit null exception at 0x000001de7270e2a4 to 0x000001de7270ecf8
Event: 72.411 Thread 0x000001de0c2365c0 Implicit null exception at 0x000001de725e8c42 to 0x000001de725eb5dc
Event: 72.644 Thread 0x000001de62692040 Exception <a 'java/lang/NoSuchMethodError'{0x000000071e2fdb08}: 'java.lang.Object java.lang.invoke.DirectMethodHandle$Holder.invokeSpecial(java.lang.Object, java.lang.Object, long, java.lang.Object, java.lang.Object, java.lang.Object, java.lang.Object, java.lang.Object, int, java.lang.Object, java.lang.Object, int, int)'> (0x000000071e2fdb08) 
thrown [s\src\hotspot\share\interpreter\linkResolver.cpp, line 759]
Event: 72.644 Thread 0x000001de62692040 Exception <a 'java/lang/NoSuchMethodError'{0x000000071e305230}: 'java.lang.Object java.lang.invoke.DelegatingMethodHandle$Holder.reinvoke_L(java.lang.Object, long, java.lang.Object, java.lang.Object, java.lang.Object, java.lang.Object, java.lang.Object, int, java.lang.Object, java.lang.Object, int, int)'> (0x000000071e305230) 
thrown [s\src\hotspot\share\interpreter\linkResolver.cpp, line 759]
Event: 75.355 Thread 0x000001de62692040 Exception <a 'java/io/FileNotFoundException'{0x00000007208c6ec8}> (0x00000007208c6ec8) 
thrown [s\src\hotspot\share\prims\jni.cpp, line 516]
Event: 75.405 Thread 0x000001de62692040 Exception <a 'java/io/FileNotFoundException'{0x00000007208dade0}> (0x00000007208dade0) 
thrown [s\src\hotspot\share\prims\jni.cpp, line 516]

VM Operations (20 events):
Event: 72.307 Executing VM operation: HandshakeAllThreads
Event: 72.307 Executing VM operation: HandshakeAllThreads done
Event: 72.407 Executing VM operation: ICBufferFull
Event: 72.410 Executing VM operation: ICBufferFull done
Event: 72.411 Executing VM operation: HandshakeAllThreads
Event: 72.430 Executing VM operation: HandshakeAllThreads done
Event: 72.647 Executing VM operation: HandshakeAllThreads
Event: 72.648 Executing VM operation: HandshakeAllThreads done
Event: 72.973 Executing VM operation: G1CollectFull
Event: 73.046 Executing VM operation: G1CollectFull done
Event: 74.058 Executing VM operation: Cleanup
Event: 74.059 Executing VM operation: Cleanup done
Event: 76.059 Executing VM operation: Cleanup
Event: 76.059 Executing VM operation: Cleanup done
Event: 77.059 Executing VM operation: Cleanup
Event: 77.059 Executing VM operation: Cleanup done
Event: 79.060 Executing VM operation: Cleanup
Event: 79.063 Executing VM operation: Cleanup done
Event: 80.063 Executing VM operation: Cleanup
Event: 80.064 Executing VM operation: Cleanup done

Events (20 events):
Event: 75.053 Thread 0x000001de0c235c20 Thread added: 0x000001de0c235c20
Event: 75.057 Thread 0x000001de0c235c20 Thread exited: 0x000001de0c235c20
Event: 76.054 Thread 0x000001de0c237dd0 Thread added: 0x000001de0c237dd0
Event: 76.058 Thread 0x000001de0c237dd0 Thread exited: 0x000001de0c237dd0
Event: 77.055 Thread 0x000001de0c235750 Thread added: 0x000001de0c235750
Event: 77.059 Thread 0x000001de0c235750 Thread exited: 0x000001de0c235750
Event: 77.190 Thread 0x000001de0c237900 Thread added: 0x000001de0c237900
Event: 77.194 Thread 0x000001de0c237900 Thread exited: 0x000001de0c237900
Event: 77.422 Thread 0x000001de0c2365c0 Thread exited: 0x000001de0c2365c0
Event: 77.428 Thread 0x000001de0c236a90 Thread exited: 0x000001de0c236a90
Event: 77.436 Thread 0x000001de0c236f60 Thread exited: 0x000001de0c236f60
Event: 77.444 Thread 0x000001de0c235280 Thread exited: 0x000001de0c235280
Event: 78.056 Thread 0x000001de0c2365c0 Thread added: 0x000001de0c2365c0
Event: 78.060 Thread 0x000001de0c2365c0 Thread exited: 0x000001de0c2365c0
Event: 78.860 loading class jdk/internal/reflect/UnsafeBooleanFieldAccessorImpl
Event: 78.860 loading class jdk/internal/reflect/UnsafeBooleanFieldAccessorImpl done
Event: 78.905 Thread 0x000001de1f04a550 Thread added: 0x000001de1f04a550
Event: 79.058 Thread 0x000001de0c237dd0 Thread added: 0x000001de0c237dd0
Event: 79.064 Thread 0x000001de0c237dd0 Thread exited: 0x000001de0c237dd0
Event: 79.308 Thread 0x000001de1f04a550 Thread exited: 0x000001de1f04a550


Dynamic libraries:
0x00007ff66fd30000 - 0x00007ff66fd61000 	D:\Vivado\2023.2\bin\unwrapped\win64.o\vivado.exe
0x00007ff9c9600000 - 0x00007ff9c9863000 	C:\WINDOWS\SYSTEM32\ntdll.dll
0x00007ff9c7c70000 - 0x00007ff9c7d37000 	C:\WINDOWS\System32\KERNEL32.DLL
0x00007ff9c6a30000 - 0x00007ff9c6df7000 	C:\WINDOWS\System32\KERNELBASE.dll
0x00007ff9c7150000 - 0x00007ff9c729c000 	C:\WINDOWS\System32\ucrtbase.dll
0x00007ff9b0810000 - 0x00007ff9b089d000 	C:\WINDOWS\SYSTEM32\MSVCP140.dll
0x00007ff9b07e0000 - 0x00007ff9b07fe000 	C:\WINDOWS\SYSTEM32\VCRUNTIME140.dll
0x00007ff9b0940000 - 0x00007ff9b094c000 	C:\WINDOWS\SYSTEM32\VCRUNTIME140_1.dll
0x00007ff9c1670000 - 0x00007ff9c168c000 	D:\Vivado\2023.2\lib\win64.o\librdi_commonmain.dll
0x00007ff95d0f0000 - 0x00007ff95e79a000 	D:\Vivado\2023.2\lib\win64.o\librdi_common.dll
0x00007ff9c7440000 - 0x00007ff9c7609000 	C:\WINDOWS\System32\USER32.dll
0x00007ff9c72a0000 - 0x00007ff9c72c7000 	C:\WINDOWS\System32\win32u.dll
0x00007ff9c7a00000 - 0x00007ff9c7a2a000 	C:\WINDOWS\System32\GDI32.dll
0x00007ff9c6ea0000 - 0x00007ff9c6fcb000 	C:\WINDOWS\System32\gdi32full.dll
0x00007ff9c72d0000 - 0x00007ff9c7373000 	C:\WINDOWS\System32\msvcp_win.dll
0x00007ff9c7bb0000 - 0x00007ff9c7c64000 	C:\WINDOWS\System32\ADVAPI32.dll
0x00007ff9bc4f0000 - 0x00007ff9bc511000 	D:\Vivado\2023.2\lib\win64.o\libboost_filesystem.dll
0x00007ff9c8f00000 - 0x00007ff9c8fa9000 	C:\WINDOWS\System32\msvcrt.dll
0x00007ff9c8730000 - 0x00007ff9c87d6000 	C:\WINDOWS\System32\sechost.dll
0x00007ff96fae0000 - 0x00007ff96ff10000 	D:\Vivado\2023.2\lib\win64.o\python38.dll
0x00007ff9c7a30000 - 0x00007ff9c7b46000 	C:\WINDOWS\System32\RPCRT4.dll
0x00007ff9c7d40000 - 0x00007ff9c8444000 	C:\WINDOWS\System32\SHELL32.dll
0x00007ff9bfb50000 - 0x00007ff9bfb59000 	D:\Vivado\2023.2\lib\win64.o\librdi_commonversion.dll
0x00007ff9c69a0000 - 0x00007ff9c6a1f000 	C:\WINDOWS\System32\WINTRUST.dll
0x00007ff9c84e0000 - 0x00007ff9c8554000 	C:\WINDOWS\System32\WS2_32.dll
0x00007ff9c7b50000 - 0x00007ff9c7bad000 	C:\WINDOWS\System32\SHLWAPI.dll
0x00007ff972490000 - 0x00007ff972646000 	D:\Vivado\2023.2\lib\win64.o\librdi_commonxillic.dll
0x0000000073610000 - 0x000000007373c000 	D:\Vivado\2023.2\lib\win64.o\tcl85t.dll
0x00007ff96f770000 - 0x00007ff96fade000 	D:\Vivado\2023.2\lib\win64.o\libCOIN-all.dll
0x00007ff9bf690000 - 0x00007ff9bf6a1000 	D:\Vivado\2023.2\lib\win64.o\libboost_date_time.dll
0x00007ff976e20000 - 0x00007ff976e99000 	D:\Vivado\2023.2\lib\win64.o\libboost_program_options.dll
0x00007ff9bf5d0000 - 0x00007ff9bf5ec000 	D:\Vivado\2023.2\lib\win64.o\libboost_thread.dll
0x00007ff972370000 - 0x00007ff972484000 	D:\Vivado\2023.2\lib\win64.o\libboost_regex.dll
0x00007ff9bf2b0000 - 0x00007ff9bf2bc000 	D:\Vivado\2023.2\lib\win64.o\libboost_xilinx.dll
0x00007ff972b80000 - 0x00007ff972c02000 	D:\Vivado\2023.2\lib\win64.o\libhdlpsolve.dll
0x00007ff972f60000 - 0x00007ff973005000 	D:\Vivado\2023.2\lib\win64.o\libhdxml.dll
0x00007ff9b2820000 - 0x00007ff9b284a000 	D:\Vivado\2023.2\lib\win64.o\libisl_sysinfo.dll
0x00007ff95c0c0000 - 0x00007ff95d0e4600 	D:\Vivado\2023.2\lib\win64.o\libisl_iostreams.dll
0x00007ff972ea0000 - 0x00007ff972f05000 	D:\Vivado\2023.2\lib\win64.o\liblmx6.0.dll
0x00007ff9bc730000 - 0x00007ff9bc74a000 	D:\Vivado\2023.2\lib\win64.o\pthreadVC2.dll
0x00007ff9b40e0000 - 0x00007ff9b40fc000 	D:\Vivado\2023.2\lib\win64.o\librdiconfig.dll
0x00007ff9b2700000 - 0x00007ff9b2721000 	D:\Vivado\2023.2\lib\win64.o\librdizlib.dll
0x00007ff96f4a0000 - 0x00007ff96f761000 	D:\Vivado\2023.2\lib\win64.o\xerces-c_3_2.dll
0x00007ff9b29a0000 - 0x00007ff9b29ba000 	C:\WINDOWS\SYSTEM32\NETAPI32.dll
0x00007ff9ae900000 - 0x00007ff9aeb83000 	C:\WINDOWS\SYSTEM32\WININET.dll
0x00007ff9bc890000 - 0x00007ff9bc9ae000 	C:\WINDOWS\SYSTEM32\WINHTTP.dll
0x00007ff9b3220000 - 0x00007ff9b33fd000 	C:\WINDOWS\SYSTEM32\urlmon.dll
0x00007ff9bcbb0000 - 0x00007ff9bcbbb000 	C:\WINDOWS\SYSTEM32\VERSION.dll
0x00007ff9b0960000 - 0x00007ff9b096a000 	C:\WINDOWS\SYSTEM32\WSOCK32.dll
0x00007ff9aaef0000 - 0x00007ff9aaf20000 	C:\WINDOWS\SYSTEM32\VCOMP140.DLL
0x00007ff9c6260000 - 0x00007ff9c6286000 	C:\WINDOWS\SYSTEM32\bcrypt.dll
0x00007ff952660000 - 0x00007ff954577000 	D:\Vivado\2023.2\lib\win64.o\gurobi90.dll
0x00007ff9c6fd0000 - 0x00007ff9c7146000 	C:\WINDOWS\System32\CRYPT32.dll
0x00007ff96f170000 - 0x00007ff96f49d000 	D:\Vivado\2023.2\lib\win64.o\libXil_lmgr11.dll
0x00007ff9c8450000 - 0x00007ff9c84c3000 	C:\WINDOWS\System32\WLDAP32.dll
0x00007ff9c8d10000 - 0x00007ff9c8dff000 	C:\WINDOWS\System32\COMDLG32.dll
0x00007ff9c8980000 - 0x00007ff9c8cfe000 	C:\WINDOWS\System32\combase.dll
0x00007ff9c9440000 - 0x00007ff9c9448000 	C:\WINDOWS\System32\Normaliz.dll
0x00007ff9c8e10000 - 0x00007ff9c8ef9000 	C:\WINDOWS\System32\shcore.dll
0x00007ff9c9450000 - 0x00007ff9c9526000 	C:\WINDOWS\System32\OLEAUT32.dll
0x00007ff9c87e0000 - 0x00007ff9c8975000 	C:\WINDOWS\System32\ole32.dll
0x00007ff9b2940000 - 0x00007ff9b2958000 	D:\Vivado\2023.2\lib\win64.o\libboost_iostreams.dll
0x00007ff9aa950000 - 0x00007ff9aa974000 	D:\Vivado\2023.2\lib\win64.o\libisl_iosutils.dll
0x00007ff9b2f50000 - 0x00007ff9b3219000 	C:\WINDOWS\SYSTEM32\iertutil.dll
0x00007ff9c4680000 - 0x00007ff9c4eb7000 	C:\WINDOWS\SYSTEM32\windows.storage.dll
0x00007ff999550000 - 0x00007ff999604000 	C:\WINDOWS\WinSxS\amd64_microsoft.windows.common-controls_6595b64144ccf1df_5.82.26100.1882_none_87f34cef7a28f535\COMCTL32.dll
0x00007ff9bcbc0000 - 0x00007ff9bcbe5000 	C:\WINDOWS\SYSTEM32\dhcpcsvc.DLL
0x00007ff9c5d70000 - 0x00007ff9c5d9b000 	C:\WINDOWS\SYSTEM32\USERENV.dll
0x00007ff9b2f20000 - 0x00007ff9b2f49000 	C:\WINDOWS\SYSTEM32\srvcli.dll
0x00007ff9c51a0000 - 0x00007ff9c51ad000 	C:\WINDOWS\SYSTEM32\netutils.dll
0x00007ff9c5cb0000 - 0x00007ff9c5d18000 	C:\WINDOWS\SYSTEM32\MSWSOCK.DLL
0x00007ff9c7910000 - 0x00007ff9c793f000 	C:\WINDOWS\System32\IMM32.DLL
0x00007ff9c61b0000 - 0x00007ff9c61c3000 	C:\WINDOWS\SYSTEM32\MSASN1.dll
0x00007ff9c57a0000 - 0x00007ff9c57ba000 	C:\WINDOWS\SYSTEM32\kernel.appcore.dll
0x00007ff9c5ff0000 - 0x00007ff9c600c000 	C:\WINDOWS\SYSTEM32\CRYPTSP.dll
0x00007ff9c5700000 - 0x00007ff9c5738000 	C:\WINDOWS\system32\rsaenh.dll
0x00007ff9c6050000 - 0x00007ff9c605c000 	C:\WINDOWS\SYSTEM32\CRYPTBASE.dll
0x00007ff9c6e00000 - 0x00007ff9c6e99000 	C:\WINDOWS\System32\bcryptPrimitives.dll
0x00007ff9c79b0000 - 0x00007ff9c79d0000 	C:\WINDOWS\System32\imagehlp.dll
0x00007ff96ec20000 - 0x00007ff96f16d000 	D:\Vivado\2023.2\lib\win64.o\librdi_commontasks.dll
0x00007ff96e500000 - 0x00007ff96e82b800 	D:\Vivado\2023.2\lib\win64.o\librdi_sio.dll
0x00007ff96b230000 - 0x00007ff96be78000 	D:\Vivado\2023.2\tps\win64\jre17.0.7_7\bin\server\jvm.dll
0x00007ff9c51b0000 - 0x00007ff9c51e2000 	C:\WINDOWS\SYSTEM32\IPHLPAPI.DLL
0x00007ff9b39d0000 - 0x00007ff9b3a06000 	C:\WINDOWS\SYSTEM32\WINMM.dll
0x00007ff9c5d40000 - 0x00007ff9c5d67000 	C:\WINDOWS\SYSTEM32\gpapi.dll
0x00007ff9b9810000 - 0x00007ff9b984b000 	C:\Windows\System32\cryptnet.dll
0x00007ff9c68b0000 - 0x00007ff9c68de000 	C:\WINDOWS\SYSTEM32\profapi.dll
0x00007ff9c17e0000 - 0x00007ff9c17ee000 	C:\WINDOWS\SYSTEM32\WINNSI.DLL
0x00007ff9c9530000 - 0x00007ff9c953a000 	C:\WINDOWS\System32\NSI.dll
0x00007ff9c5a50000 - 0x00007ff9c5a98000 	C:\WINDOWS\SYSTEM32\SspiCli.dll
0x00007ff9af2b0000 - 0x00007ff9af2c8000 	C:\WINDOWS\system32\napinsp.dll
0x00007ff9c52a0000 - 0x00007ff9c53c5000 	C:\WINDOWS\SYSTEM32\DNSAPI.dll
0x00007ff9af290000 - 0x00007ff9af2a2000 	C:\WINDOWS\System32\winrnr.dll
0x00007ff9af220000 - 0x00007ff9af242000 	C:\WINDOWS\system32\nlansp_c.dll
0x00007ff9bd290000 - 0x00007ff9bd2a6000 	C:\WINDOWS\system32\wshbth.dll
0x00007ff94f890000 - 0x00007ff952656000 	D:\Vivado\2023.2\lib\win64.o\librdi_tcltasks.dll
0x00007ff96a880000 - 0x00007ff96ad61000 	D:\Vivado\2023.2\lib\win64.o\librdi_bitstream.dll
0x00007ff971180000 - 0x00007ff971380000 	D:\Vivado\2023.2\lib\win64.o\librdi_board.dll
0x00007ff972950000 - 0x00007ff9729d3000 	D:\Vivado\2023.2\lib\win64.o\librdi_boarddep.dll
0x00007ff972120000 - 0x00007ff97224a000 	D:\Vivado\2023.2\lib\win64.o\librdi_chipscope.dll
0x00007ff970310000 - 0x00007ff970517000 	D:\Vivado\2023.2\lib\win64.o\librdi_chipscopeimpl.dll
0x00007ff94d190000 - 0x00007ff94f885000 	D:\Vivado\2023.2\lib\win64.o\librdi_constraints.dll
0x00007ff944400000 - 0x00007ff946b36000 	D:\Vivado\2023.2\lib\win64.o\librdi_coregen.dll
0x00007ff96eab0000 - 0x00007ff96ec1e000 	D:\Vivado\2023.2\lib\win64.o\librdi_containers.dll
0x00007ff926cb0000 - 0x00007ff928ab7000 	D:\Vivado\2023.2\lib\win64.o\librdi_designutils.dll
0x00007ff9256a0000 - 0x00007ff926ca3000 	D:\Vivado\2023.2\lib\win64.o\librdi_device.dll
0x00007ff964cf0000 - 0x00007ff96508f000 	D:\Vivado\2023.2\lib\win64.o\librdi_dlyest.dll
0x00007ff963c80000 - 0x00007ff9643b6000 	D:\Vivado\2023.2\lib\win64.o\librdi_drc.dll
0x00007ff971f80000 - 0x00007ff972034000 	D:\Vivado\2023.2\lib\win64.o\librdi_dsp.dll
0x00007ff972ad0000 - 0x00007ff972b3b000 	D:\Vivado\2023.2\lib\win64.o\librdi_hdf.dll
0x00007ff94c9d0000 - 0x00007ff94d18f000 	D:\Vivado\2023.2\lib\win64.o\librdi_filemgmt.dll
0x00007ff965b80000 - 0x00007ff965e64000 	D:\Vivado\2023.2\lib\win64.o\librdi_hip_devdesign.dll
0x00007ff970810000 - 0x00007ff970958000 	D:\Vivado\2023.2\lib\win64.o\librdi_hip_perf_analysis.dll
0x00007ff91c1f0000 - 0x00007ff91d333000 	D:\Vivado\2023.2\lib\win64.o\librdi_implflow.dll
0x00007ff91b340000 - 0x00007ff91c1f0000 	D:\Vivado\2023.2\lib\win64.o\librdi_ippcw.dll
0x00007ff922e70000 - 0x00007ff925694000 	D:\Vivado\2023.2\lib\win64.o\librdi_cdoutil.dll
0x00007ff9485d0000 - 0x00007ff948e6a000 	D:\Vivado\2023.2\lib\win64.o\librdi_lopt.dll
0x00007ff95b500000 - 0x00007ff95bb56000 	D:\Vivado\2023.2\lib\win64.o\librdi_memdata.dll
0x00007ff971a80000 - 0x00007ff971afd000 	D:\Vivado\2023.2\lib\win64.o\librdi_memoryarray.dll
0x00007ff900cd0000 - 0x00007ff903711000 	D:\Vivado\2023.2\lib\win64.o\librdi_mig.dll
0x00007ff946d60000 - 0x00007ff947564000 	D:\Vivado\2023.2\lib\win64.o\librdi_netlist.dll
0x00007ff971120000 - 0x00007ff97117c000 	D:\Vivado\2023.2\lib\win64.o\librdi_pfi.dll
0x00007ff9715d0000 - 0x00007ff971642000 	D:\Vivado\2023.2\lib\win64.o\librdi_noc_frameworks.dll
0x00007ff8f71e0000 - 0x00007ff8fa09c000 	D:\Vivado\2023.2\lib\win64.o\librdi_place.dll
0x00007ff943f80000 - 0x00007ff9443fe000 	D:\Vivado\2023.2\lib\win64.o\librdi_platform.dll
0x00007ff922570000 - 0x00007ff922e62000 	D:\Vivado\2023.2\lib\win64.o\librdi_power.dll
0x00007ff91aab0000 - 0x00007ff91b33b000 	D:\Vivado\2023.2\lib\win64.o\librdi_project.dll
0x00007ff928f80000 - 0x00007ff9296f7000 	D:\Vivado\2023.2\lib\win64.o\librdi_psta.dll

dbghelp: loaded successfully - version: 4.0.5 - missing functions: none
symbol engine: initialized successfully - sym options: 0x614 - pdb path: .;D:\Vivado\2023.2\bin\unwrapped\win64.o;C:\WINDOWS\SYSTEM32;D:\Vivado\2023.2\lib\win64.o;C:\WINDOWS\WinSxS\amd64_microsoft.windows.common-controls_6595b64144ccf1df_5.82.26100.1882_none_87f34cef7a28f535;D:\Vivado\2023.2\tps\win64\jre17.0.7_7\bin\server;D:\Vivado\2023.2\tps\win64\jre17.0.7_7\bin;C:\WINDOWS\WinSxS\amd64_microsoft.windows.common-controls_6595b64144ccf1df_6.0.26100.3037_none_3e09262ce333c378

VM Arguments:
jvm_args: -Dsun.java2d.pmoffscreen=false -Dhttps.protocols=TLSv1,TLSv1.1,TLSv1.2 -Dsun.java2d.xrender=false -Dsun.java2d.d3d=false -Dsun.awt.nopixfmt=true -Dsun.java2d.dpiaware=true -Dsun.java2d.uiScale.enabled=false -Dswing.aatext=true -XX:-UsePerfData -Djdk.map.althashing.threshold=512 -XX:StringTableSize=4072 -XX:+UseStringDeduplication -XX:MaxGCPauseMillis=200 -XX:+ParallelRefProcEnabled --add-opens=java.desktop/javax.swing.plaf.synth=ALL-UNNAMED --add-opens=java.base/java.nio=ALL-UNNAMED --add-opens=java.desktop/sun.swing=ALL-UNNAMED --add-opens=java.desktop/javax.swing=ALL-UNNAMED --add-opens=java.desktop/javax.swing.tree=ALL-UNNAMED --add-opens=java.desktop/javax.swing.plaf.basic=ALL-UNNAMED --add-opens=java.desktop/javax.swing.plaf.synth=ALL-UNNAMED --add-opens=java.desktop/javax.swing.plaf.basic=ALL-UNNAMED --add-opens=java.desktop/javax.swing=ALL-UNNAMED --add-opens=java.desktop/javax.swing.tree=ALL-UNNAMED --add-opens=java.desktop/java.awt.event=ALL-UNNAMED --add-exports=java.desktop/javax.swing.plaf.synth=ALL-UNNAMED --add-exports=java.base/java.nio=ALL-UNNAMED --add-exports=java.desktop/sun.swing=ALL-UNNAMED --add-exports=java.desktop/javax.swing=ALL-UNNAMED --add-exports=java.desktop/javax.swing.tree=ALL-UNNAMED --add-exports=java.desktop/javax.swing.plaf.basic=ALL-UNNAMED --add-exports=java.desktop/sun.swing=ALL-UNNAMED --add-exports=java.desktop/sun.swing.table=ALL-UNNAMED --add-exports=java.desktop/sun.swing.plaf.synth=ALL-UNNAMED --add-exports=java.desktop/sun.awt.shell=ALL-UNNAMED --add-exports=java.base/sun.security.action=ALL-UNNAMED --add-exports=java.desktop/sun.font=ALL-UNNAMED -XX:NewSize=80m -XX:MaxNewSize=80m -Xms512m -Xmx4072m -Xss10m 
java_command: <unknown>
java_class_path (initial): D:/Vivado/2023.2\lib\classes\alloy.jar;D:/Vivado/2023.2\lib\classes\asm-9.3.jar;D:/Vivado/2023.2\lib\classes\asm-analysis-9.3.jar;D:/Vivado/2023.2\lib\classes\asm-commons-9.3.jar;D:/Vivado/2023.2\lib\classes\asm-tree-9.3.jar;D:/Vivado/2023.2\lib\classes\autoesl-models.jar;D:/Vivado/2023.2\lib\classes\batik-anim.jar;D:/Vivado/2023.2\lib\classes\batik-awt-util.jar;D:/Vivado/2023.2\lib\classes\batik-bridge.jar;D:/Vivado/2023.2\lib\classes\batik-codec.jar;D:/Vivado/2023.2\lib\classes\batik-constants.jar;D:/Vivado/2023.2\lib\classes\batik-css.jar;D:/Vivado/2023.2\lib\classes\batik-dom.jar;D:/Vivado/2023.2\lib\classes\batik-ext.jar;D:/Vivado/2023.2\lib\classes\batik-gui-util.jar;D:/Vivado/2023.2\lib\classes\batik-gvt.jar;D:/Vivado/2023.2\lib\classes\batik-i18n.jar;D:/Vivado/2023.2\lib\classes\batik-parser.jar;D:/Vivado/2023.2\lib\classes\batik-script.jar;D:/Vivado/2023.2\lib\classes\batik-svg-dom.jar;D:/Vivado/2023.2\lib\classes\batik-svggen.jar;D:/Vivado/2023.2\lib\classes\batik-swing.jar;D:/Vivado/2023.2\lib\classes\batik-transcoder.jar;D:/Vivado/2023.2\lib\classes\batik-util.jar;D:/Vivado/2023.2\lib\classes\batik-xml.jar;D:/Vivado/2023.2\lib\classes\com.fasterxml.jackson.core.jackson-annotations_2.12.1.v20210128-1726.jar;D:/Vivado/2023.2\lib\classes\com.fasterxml.jackson.core.jackson-core_2.12.1.v20210128-1726.jar;D:/Vivado/2023.2\lib\classes\com.fasterxml.jackson.core.jackson-databind_2.12.1.v20210128-1726.jar;D:/Vivado/2023.2\lib\classes\com.google.gson_2.8.9.v20220111-1409.jar;D:/Vivado/2023.2\lib\classes\com.google.guava_30.1.0.v20210127-2300.jar;D:/Vivado/2023.2\lib\classes\com.sigasi.hdt.connection_4.17.2.202304211001.jar;D:/Vivado/2023.2\lib\classes\com.sigasi.hdt.epl_4.17.2.202304211001.jar;D:/Vivado/2023.2\lib\classes\com.sigasi.hdt.project_4.17.2.202304211001.jar;D:/Vivado/2023.2\lib\classes\com.sigasi.hdt.readonlyfilesystem_4.17.2.202304211001.jar;D:/Vivado/2023.2\lib\classes\com.sigasi.hdt.shared_4.17.2.202304211001.jar;D:/Vivad
Launcher Type: generic

[Global flags]
     intx CICompilerCount                          = 4                                         {product} {ergonomic}
     uint ConcGCThreads                            = 2                                         {product} {ergonomic}
     uint G1ConcRefinementThreads                  = 8                                         {product} {ergonomic}
   size_t G1HeapRegionSize                         = 2097152                                   {product} {ergonomic}
    uintx GCDrainStackTargetSize                   = 64                                        {product} {ergonomic}
   size_t InitialHeapSize                          = 536870912                                 {product} {command line}
   size_t MarkStackSize                            = 4194304                                   {product} {ergonomic}
    uintx MaxGCPauseMillis                         = 200                                       {product} {command line}
   size_t MaxHeapSize                              = 4269801472                                {product} {command line}
   size_t MaxNewSize                               = 83886080                                  {product} {command line}
   size_t MinHeapDeltaBytes                        = 2097152                                   {product} {ergonomic}
   size_t MinHeapSize                              = 536870912                                 {product} {command line}
   size_t NewSize                                  = 83886080                                  {product} {command line}
    uintx NonNMethodCodeHeapSize                   = 5839372                                {pd product} {ergonomic}
    uintx NonProfiledCodeHeapSize                  = 122909434                              {pd product} {ergonomic}
     bool ParallelRefProcEnabled                   = true                                      {product} {command line}
    uintx ProfiledCodeHeapSize                     = 122909434                              {pd product} {ergonomic}
    uintx ReservedCodeCacheSize                    = 251658240                              {pd product} {ergonomic}
     bool SegmentedCodeCache                       = true                                      {product} {ergonomic}
   size_t SoftMaxHeapSize                          = 4269801472                             {manageable} {ergonomic}
    uintx StringTableSize                          = 4072                                      {product} {command line}
     intx ThreadStackSize                          = 10240                                  {pd product} {command line}
     bool UseCompressedClassPointers               = true                           {product lp64_product} {ergonomic}
     bool UseCompressedOops                        = true                           {product lp64_product} {ergonomic}
     bool UseG1GC                                  = true                                      {product} {ergonomic}
     bool UseLargePagesIndividualAllocation        = false                                  {pd product} {ergonomic}
     bool UsePerfData                              = false                                     {product} {command line}
     bool UseStringDeduplication                   = true                                      {product} {command line}

Logging:
Log output configuration:
 #0: stdout all=warning uptime,level,tags
 #1: stderr all=off uptime,level,tags

Environment Variables:
JAVA_HOME=C:\Users\debab\AppData\Local\Programs\Eclipse Adoptium\jdk-17.0.11.9-hotspot\
PATH=D:/Vivado/2023.2/bin;D:/Vivado/2023.2/tps/win64/java-cef-95.0.4638.69/bin/lib/win64;D:/Vivado/2023.2/tps/win64/javafx-sdk-17.0.1/lib;D:/Vivado/2023.2/tps/win64/javafx-sdk-17.0.1/bin;D:/Vivado/2023.2/lib/win64.o;D:/Vivado/2023.2/tps/win64/jre17.0.7_7/bin/server;D:/Vivado/2023.2/tps/win64/jre17.0.7_7/bin;D:/Vivado/2023.2/ids_lite/ISE/bin/nt64;D:/Vivado/2023.2/ids_lite/ISE/lib/nt64;D:/Vitis_HLS/2023.2/bin;C:\Program Files (x86)\Common Files\Oracle\Java\java8path;C:\Program Files (x86)\Common Files\Oracle\Java\javapath;C:\Python312\Scripts\;C:\Python312\;C:\oraclexe\app\oracle\product\11.2.0\server\bin;C:\ProgramData\Oracle\Java\javapath;C:\Windows\system32;C:\Windows;C:\Windows\System32\Wbem;C:\Windows\System32\WindowsPowerShell\v1.0\;C:\Windows\System32\OpenSSH\;C:\Program Files (x86)\NVIDIA Corporation\PhysX\Common;C:\Program Files\NVIDIA Corporation\NVIDIA NvDLISR;C:\Program Files\PuTTY\;C:\Program Files\nodejs\;C:\ProgramData\chocolatey\bin;C:\Program Files\Git\cmd;C:\Program Files\dotnet\;C:\Users\debab\AppData\Local\Programs\Eclipse Adoptium\jdk-17.0.11.9-hotspot\bin;C:\Program Files\MySQL\MySQL Shell 8.0\bin\;C:\Users\debab\AppData\Local\Microsoft\WindowsApps;C:\Users\debab\AppData\Local\Programs\Python\Python310;C:\Users\debab\AppData\Local\Programs\Python\Python310\Scripts;C:\Users\debab\AppData\Local\Programs\Microsoft VS Code\bin;C:\Users\debab\AppData\Roaming\npm;;D:/Vivado/2023.2\tps\mingw\6.2.0\win64.o\nt\bin;D:/Vivado/2023.2\tps\mingw\6.2.0\win64.o\nt\libexec\gcc\x86_64-w64-mingw32\6.2.0;D:/Vivado/2023.2\tps\win64\python-3.8.3;D:/Vivado/2023.2\tps\win64\python-3.8.3\bin;D:/Vivado/2023.2\tps\win64\python-3.8.3\lib;D:/Vivado/2023.2\tps\win64\python-3.8.3\lib\site-packages
USERNAME=debab
OS=Windows_NT
PROCESSOR_IDENTIFIER=Intel64 Family 6 Model 165 Stepping 2, GenuineIntel
TMP=C:\Users\debab\AppData\Local\Temp
TEMP=C:\Users\debab\AppData\Local\Temp



---------------  S Y S T E M  ---------------

OS:
 Windows 11 , 64 bit Build 26100 (10.0.26100.3037)
OS uptime: 0 days 18:48 hours
Hyper-V role detected

CPU: total 8 (initial active 8) (4 cores per cpu, 2 threads per core) family 6 model 165 stepping 2 microcode 0xe2, cx8, cmov, fxsr, ht, mmx, 3dnowpref, sse, sse2, sse3, ssse3, sse4.1, sse4.2, popcnt, lzcnt, tsc, tscinvbit, avx, avx2, aes, erms, clmul, bmi1, bmi2, adx, fma, vzeroupper, clflush, clflushopt, hv

Memory: 4k page, system-wide physical 8023M (2101M free)
TotalPageFile size 21335M (AvailPageFile size 7661M)
current process WorkingSet (physical memory assigned to process): 1327M, peak: 1327M
current process commit charge ("private bytes"): 1828M, peak: 1828M

vm_info: OpenJDK 64-Bit Server VM (17.0.7+7) for windows-amd64 JRE (17.0.7+7), built on Apr 18 2023 22:10:42 by "temurin" with MS VC++ 16.7 (VS2019)

END.
