#
# A fatal error has been detected by the Java Runtime Environment:
#
#  EXCEPTION_ACCESS_VIOLATION (0xc0000005) at pc=0x00007ffa0235d61f, pid=9512, tid=17756
#
# JRE version: OpenJDK Runtime Environment Temurin-17.0.7+7 (17.0.7+7) (build 17.0.7+7)
# Java VM: OpenJDK 64-Bit Server VM Temurin-17.0.7+7 (17.0.7+7, mixed mode, sharing, tiered, compressed oops, compressed class ptrs, g1 gc, windows-amd64)
# Problematic frame:
# C  0x00007ffa0235d61f
#
# No core dump will be written. Minidumps are not enabled by default on client versions of Windows
#
# If you would like to submit a bug report, please visit:
#   https://github.com/adoptium/adoptium-support/issues
# The crash happened outside the Java Virtual Machine in native code.
# See problematic frame for where to report the bug.
#

---------------  S U M M A R Y ------------

Command Line: -Dsun.java2d.pmoffscreen=false -Dhttps.protocols=TLSv1,TLSv1.1,TLSv1.2 -Dsun.java2d.xrender=false -Dsun.java2d.d3d=false -Dsun.awt.nopixfmt=true -Dsun.java2d.dpiaware=true -Dsun.java2d.uiScale.enabled=false -Dswing.aatext=true -XX:-UsePerfData -Djdk.map.althashing.threshold=512 -XX:StringTableSize=4072 -XX:+UseStringDeduplication -XX:MaxGCPauseMillis=200 -XX:+ParallelRefProcEnabled --add-opens=java.desktop/javax.swing.plaf.synth=ALL-UNNAMED --add-opens=java.base/java.nio=ALL-UNNAMED --add-opens=java.desktop/sun.swing=ALL-UNNAMED --add-opens=java.desktop/javax.swing=ALL-UNNAMED --add-opens=java.desktop/javax.swing.tree=ALL-UNNAMED --add-opens=java.desktop/javax.swing.plaf.basic=ALL-UNNAMED --add-opens=java.desktop/javax.swing.plaf.synth=ALL-UNNAMED --add-opens=java.desktop/javax.swing.plaf.basic=ALL-UNNAMED --add-opens=java.desktop/javax.swing=ALL-UNNAMED --add-opens=java.desktop/javax.swing.tree=ALL-UNNAMED --add-opens=java.desktop/java.awt.event=ALL-UNNAMED --add-exports=java.desktop/javax.swing.plaf.synth=ALL-UNNAMED --add-exports=java.base/java.nio=ALL-UNNAMED --add-exports=java.desktop/sun.swing=ALL-UNNAMED --add-exports=java.desktop/javax.swing=ALL-UNNAMED --add-exports=java.desktop/javax.swing.tree=ALL-UNNAMED --add-exports=java.desktop/javax.swing.plaf.basic=ALL-UNNAMED --add-exports=java.desktop/sun.swing=ALL-UNNAMED --add-exports=java.desktop/sun.swing.table=ALL-UNNAMED --add-exports=java.desktop/sun.swing.plaf.synth=ALL-UNNAMED --add-exports=java.desktop/sun.awt.shell=ALL-UNNAMED --add-exports=java.base/sun.security.action=ALL-UNNAMED --add-exports=java.desktop/sun.font=ALL-UNNAMED -XX:NewSize=80m -XX:MaxNewSize=80m -Xms512m -Xmx4072m -Xss10m 

Host: Intel(R) Core(TM) i5-10300H CPU @ 2.50GHz, 8 cores, 7G,  Windows 11 , 64 bit Build 26100 (10.0.26100.3912)
Time: Mon Apr 28 17:07:47 2025 India Standard Time elapsed time: 230.767700 seconds (0d 0h 3m 50s)

---------------  T H R E A D  ---------------

Current thread (0x0000023d194e1510):  JavaThread "AWT-EventQueue-0" [_thread_in_native, id=17756, stack(0x0000008923d00000,0x0000008924700000)]

Stack: [0x0000008923d00000,0x0000008924700000],  sp=0x00000089246fab38,  free space=10218k
Native frames: (J=compiled Java code, j=interpreted, Vv=VM code, C=native code)
C  0x00007ffa0235d61f

Java frames: (J=compiled Java code, j=interpreted, Vv=VM code)
j  ui.views.waveform.waveformi.WVExecutive_getGraphicsDataSize(J)J+0
j  ui.views.waveform.executive.a.kYk()Ljava/io/ByteArrayInputStream;+10
j  ui.views.waveform.c.a.kXF()V+7
j  ui.views.waveform.c.a.jZx()V+1
j  ui.views.waveform.a.kVY()V+4
j  ui.views.waveform.a.Kp(Z)V+11
j  ui.views.waveform.u.aS(ZZ)V+30
J 17331 c1 ui.views.waveform.d.b.j(Lui/frmwork/a/k;)V (605 bytes) @ 0x0000023d01b2c17c [0x0000023d01b25ca0+0x00000000000064dc]
J 17330 c1 ui.views.waveform.u.handleTclEvent(Lui/frmwork/a/k;)V (17 bytes) @ 0x0000023d018b771c [0x0000023d018b7640+0x00000000000000dc]
J 15197 c1 ui.frmwork.a.m.c(Lui/frmwork/a/k;)V (61 bytes) @ 0x0000023d0193d1c4 [0x0000023d0193c840+0x0000000000000984]
J 15182 c1 ui.frmwork.F.i(JZ)V (471 bytes) @ 0x0000023d019116dc [0x0000023d0190e5a0+0x000000000000313c]
J 15183 c1 ui.frmwork.F.fireTclEvent(J)I (113 bytes) @ 0x0000023d01915afc [0x0000023d01915180+0x000000000000097c]
v  ~StubRoutines::call_stub
j  ui.views.waveform.waveformi.WVExecutive_processModelEvent(JJ)V+0
j  ui.views.waveform.executive.a.fU(J)V+5
j  ui.views.waveform.d.b.fS(J)V+8
J 17331 c1 ui.views.waveform.d.b.j(Lui/frmwork/a/k;)V (605 bytes) @ 0x0000023d01b2ce84 [0x0000023d01b25ca0+0x00000000000071e4]
J 17330 c1 ui.views.waveform.u.handleTclEvent(Lui/frmwork/a/k;)V (17 bytes) @ 0x0000023d018b771c [0x0000023d018b7640+0x00000000000000dc]
J 15197 c1 ui.frmwork.a.m.c(Lui/frmwork/a/k;)V (61 bytes) @ 0x0000023d0193d1c4 [0x0000023d0193c840+0x0000000000000984]
J 15182 c1 ui.frmwork.F.i(JZ)V (471 bytes) @ 0x0000023d019116dc [0x0000023d0190e5a0+0x000000000000313c]
J 17546 c1 ui.frmwork.F.dv(J)V (15 bytes) @ 0x0000023d01bc3c6c [0x0000023d01bc3be0+0x000000000000008c]
J 17545 c1 ui.frmwork.F$$Lambda$220+0x000000080172e7d0.run()V (12 bytes) @ 0x0000023d01bc3844 [0x0000023d01bc37c0+0x0000000000000084]
J 13994 c2 java.awt.EventQueue$4.run()Ljava/lang/Object; java.desktop@17.0.7 (5 bytes) @ 0x0000023d08555878 [0x0000023d085552c0+0x00000000000005b8]
J 16579 c2 java.awt.EventQueue.dispatchEvent(Ljava/awt/AWTEvent;)V java.desktop@17.0.7 (80 bytes) @ 0x0000023d0882c868 [0x0000023d0882c280+0x00000000000005e8]
J 16973 c2 ui.frmwork.a.d.dispatchEvent(Ljava/awt/AWTEvent;)V (42 bytes) @ 0x0000023d086e982c [0x0000023d086e9740+0x00000000000000ec]
J 17150 c2 java.awt.EventDispatchThread.pumpOneEventForFilters(I)V java.desktop@17.0.7 (113 bytes) @ 0x0000023d08727348 [0x0000023d08726f40+0x0000000000000408]
j  java.awt.EventDispatchThread.pumpEventsForFilter(ILjava/awt/Conditional;Ljava/awt/EventFilter;)V+35 java.desktop@17.0.7
j  java.awt.EventDispatchThread.pumpEventsForFilter(Ljava/awt/Conditional;Ljava/awt/EventFilter;)V+4 java.desktop@17.0.7
j  java.awt.WaitDispatchSupport$2.run()V+59 java.desktop@17.0.7
j  java.awt.WaitDispatchSupport$4.run()Ljava/lang/Void;+4 java.desktop@17.0.7
j  java.awt.WaitDispatchSupport$4.run()Ljava/lang/Object;+1 java.desktop@17.0.7
J 1351 c1 java.security.AccessController.doPrivileged(Ljava/security/PrivilegedAction;)Ljava/lang/Object; java.base@17.0.7 (9 bytes) @ 0x0000023d0026a9c4 [0x0000023d0026a860+0x0000000000000164]
j  java.awt.WaitDispatchSupport.enter()Z+260 java.desktop@17.0.7
j  java.awt.Dialog.show()V+225 java.desktop@17.0.7
J 10100 c1 java.awt.Component.setVisible(Z)V java.desktop@17.0.7 (6 bytes) @ 0x0000023d001e575c [0x0000023d001e5560+0x00000000000001fc]
j  java.awt.Window.setVisible(Z)V+2 java.desktop@17.0.7
j  java.awt.Dialog.setVisible(Z)V+2 java.desktop@17.0.7
j  ui.dlg.c.e.setVisible(Z)V+2
j  ui.dlg.c.bq.bCa()V+65
j  ui.dlg.c.bq$c.actionPerformed(Ljava/awt/event/ActionEvent;)V+8
j  ui.dlg.c.bq.eTh()V+422
j  ui.views.c.w.b.f.run()V+4
j  ui.views.S.W.a(Ljava/lang/String;ZLjava/lang/Runnable;Ljava/lang/Runnable;)Z+275
j  ui.views.S.W.a(Ljava/lang/String;Ljava/lang/Runnable;Ljava/lang/Runnable;)Z+5
j  ui.views.S.W.c(Ljava/lang/String;Ljava/lang/Runnable;)Z+4
j  ui.views.c.w.b.d.b(Lui/data/design/B;Ljava/lang/String;Ljava/lang/String;)V+472
j  ui.views.c.w.b.d.E(Lui/data/design/B;)V+6
j  ui.views.c.w.b.d.F(Lui/data/design/B;)V+134
j  ui.views.c.w.b.d.run()V+249
j  ui.frmwork.cmd.a.hnk()Z+96
j  ui.utils.ad.actionPerformed(Ljava/awt/event/ActionEvent;)V+4
j  javax.swing.AbstractButton.fireActionPerformed(Ljava/awt/event/ActionEvent;)V+84 java.desktop@17.0.7
j  javax.swing.AbstractButton$Handler.actionPerformed(Ljava/awt/event/ActionEvent;)V+5 java.desktop@17.0.7
j  javax.swing.DefaultButtonModel.fireActionPerformed(Ljava/awt/event/ActionEvent;)V+34 java.desktop@17.0.7
j  javax.swing.DefaultButtonModel.setPressed(Z)V+117 java.desktop@17.0.7
j  javax.swing.AbstractButton.doClick(I)V+60 java.desktop@17.0.7
j  javax.swing.plaf.basic.BasicMenuItemUI.doClick(Ljavax/swing/MenuSelectionManager;)V+47 java.desktop@17.0.7
j  javax.swing.plaf.basic.BasicMenuItemUI$Handler.mouseReleased(Ljava/awt/event/MouseEvent;)V+76 java.desktop@17.0.7
j  java.awt.AWTEventMulticaster.mouseReleased(Ljava/awt/event/MouseEvent;)V+8 java.desktop@17.0.7
j  java.awt.AWTEventMulticaster.mouseReleased(Ljava/awt/event/MouseEvent;)V+8 java.desktop@17.0.7
J 14785 c1 java.awt.Component.processMouseEvent(Ljava/awt/event/MouseEvent;)V java.desktop@17.0.7 (100 bytes) @ 0x0000023d006c639c [0x0000023d006c5f20+0x000000000000047c]
J 14786 c1 javax.swing.JComponent.processMouseEvent(Ljava/awt/event/MouseEvent;)V java.desktop@17.0.7 (27 bytes) @ 0x0000023d0088c074 [0x0000023d0088be60+0x0000000000000214]
J 14184 c2 java.awt.Container.processEvent(Ljava/awt/AWTEvent;)V java.desktop@17.0.7 (22 bytes) @ 0x0000023d085af83c [0x0000023d085af700+0x000000000000013c]
j  java.awt.Component.dispatchEventImpl(Ljava/awt/AWTEvent;)V+496 java.desktop@17.0.7
J 14976 c1 java.awt.Container.dispatchEventImpl(Ljava/awt/AWTEvent;)V java.desktop@17.0.7 (129 bytes) @ 0x0000023d00cd8bec [0x0000023d00cd8ac0+0x000000000000012c]
J 13777 c2 java.awt.LightweightDispatcher.retargetMouseEvent(Ljava/awt/Component;ILjava/awt/event/MouseEvent;)V java.desktop@17.0.7 (372 bytes) @ 0x0000023d0849d44c [0x0000023d0849d0a0+0x00000000000003ac]
J 12837 c1 java.awt.LightweightDispatcher.processMouseEvent(Ljava/awt/event/MouseEvent;)Z java.desktop@17.0.7 (265 bytes) @ 0x0000023d007631a4 [0x0000023d007621a0+0x0000000000001004]
J 12531 c1 java.awt.LightweightDispatcher.dispatchEvent(Ljava/awt/AWTEvent;)Z java.desktop@17.0.7 (73 bytes) @ 0x0000023d0163d1d4 [0x0000023d0163cd80+0x0000000000000454]
J 14976 c1 java.awt.Container.dispatchEventImpl(Ljava/awt/AWTEvent;)V java.desktop@17.0.7 (129 bytes) @ 0x0000023d00cd8b8c [0x0000023d00cd8ac0+0x00000000000000cc]
J 12434 c1 java.awt.Window.dispatchEventImpl(Ljava/awt/AWTEvent;)V java.desktop@17.0.7 (23 bytes) @ 0x0000023d01617c14 [0x0000023d01617600+0x0000000000000614]
J 13994 c2 java.awt.EventQueue$4.run()Ljava/lang/Object; java.desktop@17.0.7 (5 bytes) @ 0x0000023d08555708 [0x0000023d085552c0+0x0000000000000448]
J 13914 c2 ui.frmwork.a.d.dispatchEvent(Ljava/awt/AWTEvent;)V (42 bytes) @ 0x0000023d085131d8 [0x0000023d085120a0+0x0000000000001138]
J 13931 c2 java.awt.EventDispatchThread.pumpOneEventForFilters(I)V java.desktop@17.0.7 (113 bytes) @ 0x0000023d0852bd8c [0x0000023d0852ae40+0x0000000000000f4c]
j  java.awt.EventDispatchThread.pumpEventsForFilter(ILjava/awt/Conditional;Ljava/awt/EventFilter;)V+35 java.desktop@17.0.7
j  java.awt.EventDispatchThread.pumpEventsForHierarchy(ILjava/awt/Conditional;Ljava/awt/Component;)V+11 java.desktop@17.0.7
j  java.awt.EventDispatchThread.pumpEvents(ILjava/awt/Conditional;)V+4 java.desktop@17.0.7
j  java.awt.EventDispatchThread.pumpEvents(Ljava/awt/Conditional;)V+3 java.desktop@17.0.7
j  java.awt.EventDispatchThread.run()V+9 java.desktop@17.0.7
v  ~StubRoutines::call_stub

siginfo: EXCEPTION_ACCESS_VIOLATION (0xc0000005), reading address 0x0000000000000010


Register to memory mapping:

RIP=0x00007ffa0235d61f points into unknown readable memory: 83
RAX=0x0 is NULL
RBX=0x00000089246fad78 is pointing into the stack for thread: 0x0000023d194e1510
RCX=0x0000023d39d16850 points into unknown readable memory: 0x0000000000000000 | 00 00 00 00 00 00 00 00
RDX=0x0 is NULL
RSP=0x00000089246fab38 is pointing into the stack for thread: 0x0000023d194e1510
RBP=0x0000023d39d16850 points into unknown readable memory: 0x0000000000000000 | 00 00 00 00 00 00 00 00
RSI=0x0000023d88c0d0f0 points into unknown readable memory: 0x0000000000045a66 | 66 5a 04 00 00 00 00 00
RDI=0x00000089246fad60 is pointing into the stack for thread: 0x0000023d194e1510
R8 =0x0000023d65531200 points into unknown readable memory: 0x0000023d65530cc0 | c0 0c 53 65 3d 02 00 00
R9 =0x0000000000000040 is an unknown value
R10=0x0000023d65530000 points into unknown readable memory: 0x0000000000000000 | 00 00 00 00 00 00 00 00
R11=0x00007ffa41f916d1 VCRUNTIME140.dll
R12=0x00000089246fabd8 is pointing into the stack for thread: 0x0000023d194e1510
R13=0x00000089246fae00 is pointing into the stack for thread: 0x0000023d194e1510
R14=0x0000000000000001 is an unknown value
R15=0x0000023d34fd7b88 points into unknown readable memory: 0x0000023d1a6c9fe0 | e0 9f 6c 1a 3d 02 00 00


Registers:
RAX=0x0000000000000000, RBX=0x00000089246fad78, RCX=0x0000023d39d16850, RDX=0x0000000000000000
RSP=0x00000089246fab38, RBP=0x0000023d39d16850, RSI=0x0000023d88c0d0f0, RDI=0x00000089246fad60
R8 =0x0000023d65531200, R9 =0x0000000000000040, R10=0x0000023d65530000, R11=0x00007ffa41f916d1
R12=0x00000089246fabd8, R13=0x00000089246fae00, R14=0x0000000000000001, R15=0x0000023d34fd7b88
RIP=0x00007ffa0235d61f, EFLAGS=0x0000000000010246

Top of Stack: (sp=0x00000089246fab38)
0x00000089246fab38:   00007ffa0233d981 00000089246fad78
0x00000089246fab48:   0000023d39d179d0 0000023d88c0d0f0
0x00000089246fab58:   00000089246fae40 00000000000001b2
0x00000089246fab68:   00000089246fae40 00000089246fae00
0x00000089246fab78:   0000000000045a60 0000000000000002
0x00000089246fab88:   00007ff9af17bf7a 00000089246fabf0
0x00000089246fab98:   0000023d39d16850 0000023d3bdb07a0
0x00000089246faba8:   0000000000045a62 0000000000045a66
0x00000089246fabb8:   0000000000000002 fffffffffffffffe
0x00000089246fabc8:   0000000000045a60 0000226700000008
0x00000089246fabd8:   0000023d88c0d0e0 0000023d88c0d100
0x00000089246fabe8:   0000023d88c0d100 0000023d34fd7b70
0x00000089246fabf8:   00000089246faf18 00000089246fae40
0x00000089246fac08:   00000089246fae00 0000000000000600
0x00000089246fac18:   00007ff9af17bd50 0000023d00040000
0x00000089246fac28:   000000000000044d 0000000000000002 

Instructions: (pc=0x00007ffa0235d61f)
0x00007ffa0235d51f:   c8 e9 6b ff ff ff cc cc cc cc cc cc cc cc cc cc
0x00007ffa0235d52f:   cc 48 89 5c 24 10 56 48 8b 99 f8 00 00 00 33 f6
0x00007ffa0235d53f:   89 b1 f0 00 00 00 48 85 db 74 78 44 8b 43 10 8b
0x00007ffa0235d54f:   c6 41 83 e8 01 48 89 7c 24 10 44 8b ce 40 0f b6
0x00007ffa0235d55f:   fe 78 34 4c 8b 59 20 66 66 0f 1f 84 00 00 00 00
0x00007ffa0235d56f:   00 43 8d 04 08 99 2b c2 d1 f8 4c 3b 5c c3 18 7e
0x00007ffa0235d57f:   06 44 8d 48 01 eb 06 7d 0b 44 8d 40 ff 45 3b c8
0x00007ffa0235d58f:   7e df eb 03 40 b7 01 40 84 ff 48 8b 7c 24 10 74
0x00007ffa0235d59f:   0d 89 81 f0 00 00 00 48 8b 5c 24 18 5e c3 45 3b
0x00007ffa0235d5af:   c8 45 0f 4c c1 45 85 c0 44 0f 48 c6 44 89 81 f0
0x00007ffa0235d5bf:   00 00 00 48 8b 5c 24 18 5e c3 cc cc cc cc cc cc
0x00007ffa0235d5cf:   cc 83 79 38 ff 0f 95 c0 c3 cc cc cc cc cc cc cc
0x00007ffa0235d5df:   cc 8b 51 5c 85 d2 74 43 83 ea 01 74 3b 83 ea 01
0x00007ffa0235d5ef:   74 2a 83 fa 01 75 34 48 8b 49 68 80 b9 49 48 00
0x00007ffa0235d5ff:   00 00 74 06 83 79 30 00 75 1e 48 8b 81 68 48 00
0x00007ffa0235d60f:   00 48 39 81 60 48 00 00 0f 94 c0 c3 48 8b 41 60
0x00007ffa0235d61f:   83 78 10 00 0f 94 c0 c3 32 c0 c3 b0 01 c3 cc cc
0x00007ffa0235d62f:   cc 40 53 48 83 ec 20 48 8b d9 e8 42 fd ff ff 48
0x00007ffa0235d63f:   8b 43 40 48 39 43 38 74 2c 48 8b c8 48 8b 43 30
0x00007ffa0235d64f:   48 85 c0 7e 0e 48 8b 51 d8 48 85 d2 7e 05 48 3b
0x00007ffa0235d65f:   c2 7d 2e 8b 41 f8 3b 41 e8 74 0a 48 8b 94 c1 d8
0x00007ffa0235d66f:   bf ff ff eb 02 33 d2 48 8b 4b 08 4c 8d 43 50 41
0x00007ffa0235d67f:   b9 20 48 00 00 48 8b 01 48 83 c4 20 5b 48 ff 60
0x00007ffa0235d68f:   10 48 83 c4 20 5b c3 cc cc cc cc cc cc cc cc cc
0x00007ffa0235d69f:   cc 40 57 48 83 ec 20 80 79 59 00 48 8b f9 0f 85
0x00007ffa0235d6af:   86 01 00 00 8b 81 f0 00 00 00 ff c0 89 81 f0 00
0x00007ffa0235d6bf:   00 00 48 8b 89 f8 00 00 00 48 85 c9 74 0d 84 d2
0x00007ffa0235d6cf:   75 09 3b 41 10 0f 82 5f 01 00 00 48 89 5c 24 30
0x00007ffa0235d6df:   48 89 74 24 38 48 8d b7 00 01 00 00 48 8b ce c6
0x00007ffa0235d6ef:   47 59 01 48 c7 87 f8 00 00 00 00 00 00 00 c7 87
0x00007ffa0235d6ff:   f0 00 00 00 00 00 00 00 e8 74 fc ff ff 48 8b 46
0x00007ffa0235d70f:   40 48 39 46 38 74 46 48 8b c8 0f 1f 80 00 00 00 


Stack slot to memory mapping:
stack at sp + 0 slots: 0x00007ffa0233d981 points into unknown readable memory: 84 c0 0f 84 85 00 00
stack at sp + 1 slots: 0x00000089246fad78 is pointing into the stack for thread: 0x0000023d194e1510
stack at sp + 2 slots: 0x0000023d39d179d0 points into unknown readable memory: 0x0000000000000000 | 00 00 00 00 00 00 00 00
stack at sp + 3 slots: 0x0000023d88c0d0f0 points into unknown readable memory: 0x0000000000045a66 | 66 5a 04 00 00 00 00 00
stack at sp + 4 slots: 0x00000089246fae40 is pointing into the stack for thread: 0x0000023d194e1510
stack at sp + 5 slots: 0x00000000000001b2 is an unknown value
stack at sp + 6 slots: 0x00000089246fae40 is pointing into the stack for thread: 0x0000023d194e1510
stack at sp + 7 slots: 0x00000089246fae00 is pointing into the stack for thread: 0x0000023d194e1510


---------------  P R O C E S S  ---------------

Threads class SMR info:
_java_thread_list=0x0000023d89d23450, length=47, elements={
0x0000023d70270a60, 0x0000023d70548ca0, 0x0000023d70549560, 0x0000023d70569430,
0x0000023d7056a910, 0x0000023d7056b9e0, 0x0000023d70570ee0, 0x0000023d70574f70,
0x0000023d7057b4b0, 0x0000023d7057b9c0, 0x0000023d707003c0, 0x0000023d7070d0c0,
0x0000023d1787b390, 0x0000023d17817460, 0x0000023d19aad370, 0x0000023d194e1040,
0x0000023d194e1510, 0x0000023d19e080d0, 0x0000023d19e04710, 0x0000023d19e050b0,
0x0000023d19e063f0, 0x0000023d1b73a3e0, 0x0000023d1b738700, 0x0000023d1b2d9370,
0x0000023d1b2d9d10, 0x0000023d1b2ddba0, 0x0000023d1a280f20, 0x0000023d2fee4f40,
0x0000023d2fee5db0, 0x0000023d2fee2d90, 0x0000023d2feea110, 0x0000023d2fee92a0,
0x0000023d2fee70f0, 0x0000023d2fee8900, 0x0000023d2fee75c0, 0x0000023d2feea5e0,
0x0000023d2fee6750, 0x0000023d2fee6280, 0x0000023d2feec790, 0x0000023d2feebdf0,
0x0000023d2feedad0, 0x0000023d2feedfa0, 0x0000023d1a27e8a0, 0x0000023d394bd240,
0x0000023d394bc8a0, 0x0000023d394c28e0, 0x0000023d394bfd90
}

Java Threads: ( => current thread )
  0x0000023d70270a60 JavaThread "main" [_thread_blocked, id=23988, stack(0x000000891ae00000,0x000000891af00000)]
  0x0000023d70548ca0 JavaThread "Reference Handler" daemon [_thread_blocked, id=6880, stack(0x000000891b800000,0x000000891c200000)]
  0x0000023d70549560 JavaThread "Finalizer" daemon [_thread_blocked, id=23176, stack(0x000000891c200000,0x000000891cc00000)]
  0x0000023d70569430 JavaThread "Signal Dispatcher" daemon [_thread_blocked, id=6136, stack(0x000000891cc00000,0x000000891d600000)]
  0x0000023d7056a910 JavaThread "Attach Listener" daemon [_thread_blocked, id=2672, stack(0x000000891d600000,0x000000891e000000)]
  0x0000023d7056b9e0 JavaThread "Service Thread" daemon [_thread_blocked, id=22680, stack(0x000000891e000000,0x000000891ea00000)]
  0x0000023d70570ee0 JavaThread "Monitor Deflation Thread" daemon [_thread_blocked, id=14800, stack(0x000000891ea00000,0x000000891f400000)]
  0x0000023d70574f70 JavaThread "C2 CompilerThread0" daemon [_thread_blocked, id=7088, stack(0x000000891f400000,0x000000891f500000)]
  0x0000023d7057b4b0 JavaThread "C1 CompilerThread0" daemon [_thread_blocked, id=2044, stack(0x000000891f500000,0x000000891f600000)]
  0x0000023d7057b9c0 JavaThread "Sweeper thread" daemon [_thread_blocked, id=9108, stack(0x000000891f600000,0x0000008920000000)]
  0x0000023d707003c0 JavaThread "Common-Cleaner" daemon [_thread_blocked, id=14092, stack(0x0000008920000000,0x0000008920a00000)]
  0x0000023d7070d0c0 JavaThread "Notification Thread" daemon [_thread_blocked, id=23604, stack(0x0000008920a00000,0x0000008921400000)]
  0x0000023d1787b390 JavaThread "Java2D Disposer" daemon [_thread_blocked, id=22392, stack(0x0000008921500000,0x0000008921f00000)]
  0x0000023d17817460 JavaThread "AWT-Windows" daemon [_thread_in_native, id=1496, stack(0x0000008922900000,0x0000008923300000)]
  0x0000023d19aad370 JavaThread "TimerQueue" daemon [_thread_blocked, id=14696, stack(0x0000008921f00000,0x0000008922900000)]
  0x0000023d194e1040 JavaThread "AWT-Shutdown" [_thread_blocked, id=11088, stack(0x0000008923300000,0x0000008923d00000)]
=>0x0000023d194e1510 JavaThread "AWT-EventQueue-0" [_thread_in_native, id=17756, stack(0x0000008923d00000,0x0000008924700000)]
  0x0000023d19e080d0 JavaThread "Thread-1" [_thread_in_native, id=18544, stack(0x0000008919600000,0x000000891aa00000)]
  0x0000023d19e04710 JavaThread "Process Messages Thread" [_thread_blocked, id=24180, stack(0x0000008926500000,0x0000008926f00000)]
  0x0000023d19e050b0 JavaThread "Batik CleanerThread" daemon [_thread_blocked, id=22388, stack(0x0000008925a00000,0x0000008926400000)]
  0x0000023d19e063f0 JavaThread "SyntheticaCleanerThread" daemon [_thread_blocked, id=22164, stack(0x0000008927a00000,0x0000008928400000)]
  0x0000023d1b73a3e0 JavaThread "Timer-0" [_thread_blocked, id=6312, stack(0x000000892a300000,0x000000892ad00000)]
  0x0000023d1b738700 JavaThread "Monitor File Timestamp Swing Worker Thread" [_thread_blocked, id=14988, stack(0x000000892ad00000,0x000000892b700000)]
  0x0000023d1b2d9370 JavaThread "Monitor HEventQueue Thread" [_thread_blocked, id=19692, stack(0x000000892b800000,0x000000892c200000)]
  0x0000023d1b2d9d10 JavaThread "SyntheticaAnimation 50" daemon [_thread_blocked, id=2260, stack(0x000000892c200000,0x000000892cc00000)]
  0x0000023d1b2ddba0 JavaThread "SyntheticaAnimation 25" daemon [_thread_blocked, id=22516, stack(0x0000008928500000,0x0000008928f00000)]
  0x0000023d1a280f20 JavaThread "SyntheticaAnimation 70" daemon [_thread_blocked, id=6936, stack(0x0000008929900000,0x000000892a300000)]
  0x0000023d2fee4f40 JavaThread "Refresh Filesets Swing Worker Thread" [_thread_blocked, id=6672, stack(0x0000008924700000,0x0000008925100000)]
  0x0000023d2fee5db0 JavaThread "hw_ila_monitor" [_thread_blocked, id=23068, stack(0x0000008928f00000,0x0000008929900000)]
  0x0000023d2fee2d90 JavaThread "pool-1-thread-1" [_thread_blocked, id=7644, stack(0x000000892e000000,0x000000892ea00000)]
  0x0000023d2feea110 JavaThread "Timer-1" [_thread_blocked, id=23456, stack(0x000000892ea00000,0x000000892f400000)]
  0x0000023d2fee92a0 JavaThread "pool-2-thread-1" [_thread_blocked, id=5884, stack(0x000000892f400000,0x000000892fe00000)]
  0x0000023d2fee70f0 JavaThread "Timer-2" [_thread_blocked, id=21580, stack(0x000000892fe00000,0x0000008930800000)]
  0x0000023d2fee8900 JavaThread "pool-3-thread-1" [_thread_blocked, id=23044, stack(0x0000008930800000,0x0000008931200000)]
  0x0000023d2fee75c0 JavaThread "Timer-3" [_thread_blocked, id=9720, stack(0x0000008931200000,0x0000008931c00000)]
  0x0000023d2feea5e0 JavaThread "Update Runs Swing Worker Thread" [_thread_blocked, id=11288, stack(0x0000008932600000,0x0000008933000000)]
  0x0000023d2fee6750 JavaThread "SyntheticaAnimation 50" daemon [_thread_blocked, id=9068, stack(0x0000008931c00000,0x0000008932600000)]
  0x0000023d2fee6280 JavaThread "Image Animator 3" daemon [_thread_blocked, id=3384, stack(0x000000892cc00000,0x000000892d600000)]
  0x0000023d2feec790 JavaThread "Timer-4" [_thread_blocked, id=13944, stack(0x000000892d600000,0x000000892e000000)]
  0x0000023d2feebdf0 JavaThread "Monitor File Timestamp Swing Worker Thread" [_thread_blocked, id=8904, stack(0x0000008933000000,0x0000008933a00000)]
  0x0000023d2feedad0 JavaThread "Timer-5" [_thread_blocked, id=20500, stack(0x0000008933a00000,0x0000008934400000)]
  0x0000023d2feedfa0 JavaThread "Monitor File Timestamp Swing Worker Thread" [_thread_blocked, id=15648, stack(0x0000008934400000,0x0000008934e00000)]
  0x0000023d1a27e8a0 JavaThread "Timer-6" [_thread_blocked, id=19184, stack(0x0000008934e00000,0x0000008935800000)]
  0x0000023d394bd240 JavaThread "Timer-8" [_thread_blocked, id=15988, stack(0x0000008937600000,0x0000008938000000)]
  0x0000023d394bc8a0 JavaThread "Timer-10" [_thread_blocked, id=5232, stack(0x0000008939e00000,0x000000893a800000)]
  0x0000023d394c28e0 JavaThread "Timer-12" [_thread_blocked, id=21540, stack(0x000000893d000000,0x000000893da00000)]
  0x0000023d394bfd90 JavaThread "Run Simulation Thread" [_thread_blocked, id=19556, stack(0x0000008935800000,0x0000008936200000)]

Other Threads:
  0x0000023d6f37c300 VMThread "VM Thread" [stack: 0x000000891b700000,0x000000891b800000] [id=11956]
  0x0000023d7033b380 WatcherThread [stack: 0x0000008921400000,0x0000008921500000] [id=22672]
  0x0000023d6ee6ec20 GCTaskThread "GC Thread#0" [stack: 0x000000891b100000,0x000000891b200000] [id=21668]
  0x0000023d6ee6c3d0 GCTaskThread "GC Thread#1" [stack: 0x0000008925100000,0x0000008925200000] [id=13792]
  0x0000023d6ee6f430 GCTaskThread "GC Thread#2" [stack: 0x0000008925200000,0x0000008925300000] [id=15608]
  0x0000023d6ee6f990 GCTaskThread "GC Thread#3" [stack: 0x0000008925300000,0x0000008925400000] [id=14712]
  0x0000023d6ee6be70 GCTaskThread "GC Thread#4" [stack: 0x0000008925400000,0x0000008925500000] [id=10156]
  0x0000023d6ee6bbc0 GCTaskThread "GC Thread#5" [stack: 0x0000008925500000,0x0000008925600000] [id=11972]
  0x0000023d6ee6fc40 GCTaskThread "GC Thread#6" [stack: 0x0000008925600000,0x0000008925700000] [id=11380]
  0x0000023d6ee6fef0 GCTaskThread "GC Thread#7" [stack: 0x0000008925700000,0x0000008925800000] [id=9832]
  0x0000023d70286ca0 ConcurrentGCThread "G1 Main Marker" [stack: 0x000000891b200000,0x000000891b300000] [id=22592]
  0x0000023d6ee6e970 ConcurrentGCThread "G1 Conc#0" [stack: 0x000000891b300000,0x000000891b400000] [id=14780]
  0x0000023d6ee701a0 ConcurrentGCThread "G1 Conc#1" [stack: 0x0000008925900000,0x0000008925a00000] [id=8988]
  0x0000023d70467150 ConcurrentGCThread "G1 Refine#0" [stack: 0x000000891b400000,0x000000891b500000] [id=21992]
  0x0000023d18fee020 ConcurrentGCThread "G1 Refine#1" [stack: 0x0000008925800000,0x0000008925900000] [id=5468]
  0x0000023d17996170 ConcurrentGCThread "G1 Refine#2" [stack: 0x0000008926f00000,0x0000008927000000] [id=17796]
  0x0000023d6f362280 ConcurrentGCThread "G1 Service" [stack: 0x000000891b500000,0x000000891b600000] [id=16968]
  0x0000023d6ee6dc00 ConcurrentGCThread "StringDedupProcessor" [stack: 0x000000891b600000,0x000000891b700000] [id=23760]

Threads with active compile tasks:

VM state: not at safepoint (normal execution)

VM Mutex/Monitor currently owned by a thread: None

Heap address: 0x0000000701800000, size: 4072 MB, Compressed Oops mode: Zero based, Oop shift amount: 3

CDS archive(s) mapped at: [0x0000000800000000-0x0000000800bc0000-0x0000000800bc0000), size 12320768, SharedBaseAddress: 0x0000000800000000, ArchiveRelocationMode: 0.
Compressed class space mapped at: 0x0000000801000000-0x0000000841000000, reserved size: 1073741824
Narrow klass base: 0x0000000800000000, Narrow klass shift: 0, Narrow klass range: 0x100000000

GC Precious Log:
 CPUs: 8 total, 8 available
 Memory: 8023M
 Large Page Support: Disabled
 NUMA Support: Disabled
 Compressed Oops: Enabled (Zero based)
 Heap Region Size: 2M
 Heap Min Capacity: 512M
 Heap Initial Capacity: 512M
 Heap Max Capacity: 4072M
 Pre-touch: Disabled
 Parallel Workers: 8
 Concurrent Workers: 2
 Concurrent Refinement Workers: 8
 Periodic GC: Disabled
 String Deduplication is enabled

Heap:
 garbage-first heap   total 524288K, used 123376K [0x0000000701800000, 0x0000000800000000)
  region size 2048K, 12 young (24576K), 2 survivors (4096K)
 Metaspace       used 82294K, committed 83008K, reserved 1179648K
  class space    used 11503K, committed 11840K, reserved 1048576K

Heap Regions: E=young(eden), S=young(survivor), O=old, HS=humongous(starts), HC=humongous(continues), CS=collection set, F=free, OA=open archive, CA=closed archive, TAMS=top-at-mark-start (previous, next)
|   0|0x0000000701800000, 0x0000000701a00000, 0x0000000701a00000|100%|HS|  |TAMS 0x0000000701a00000, 0x0000000701800000| Untracked 
|   1|0x0000000701a00000, 0x0000000701bffe60, 0x0000000701c00000| 99%| O|  |TAMS 0x0000000701bffe60, 0x0000000701a00000| Untracked 
|   2|0x0000000701c00000, 0x0000000701e00000, 0x0000000701e00000|100%| O|  |TAMS 0x0000000701e00000, 0x0000000701c00000| Untracked 
|   3|0x0000000701e00000, 0x0000000701fffff8, 0x0000000702000000| 99%| O|  |TAMS 0x0000000701fffff8, 0x0000000701e00000| Untracked 
|   4|0x0000000702000000, 0x00000007021fffe8, 0x0000000702200000| 99%| O|  |TAMS 0x00000007021fffe8, 0x0000000702000000| Untracked 
|   5|0x0000000702200000, 0x00000007023d2168, 0x0000000702400000| 91%| O|  |TAMS 0x0000000702200000, 0x0000000702200000| Untracked 
|   6|0x0000000702400000, 0x00000007025ffff0, 0x0000000702600000| 99%| O|  |TAMS 0x00000007025ffff0, 0x0000000702400000| Untracked 
|   7|0x0000000702600000, 0x00000007027fffd8, 0x0000000702800000| 99%| O|  |TAMS 0x00000007027fffd8, 0x0000000702600000| Untracked 
|   8|0x0000000702800000, 0x0000000702a00000, 0x0000000702a00000|100%| O|  |TAMS 0x0000000702a00000, 0x0000000702800000| Untracked 
|   9|0x0000000702a00000, 0x0000000702bfffe8, 0x0000000702c00000| 99%| O|  |TAMS 0x0000000702bfffe8, 0x0000000702a00000| Untracked 
|  10|0x0000000702c00000, 0x0000000702e00000, 0x0000000702e00000|100%| O|  |TAMS 0x0000000702e00000, 0x0000000702c00000| Untracked 
|  11|0x0000000702e00000, 0x0000000702ffffd8, 0x0000000703000000| 99%| O|  |TAMS 0x0000000702ffffd8, 0x0000000702e00000| Untracked 
|  12|0x0000000703000000, 0x00000007031ffff8, 0x0000000703200000| 99%| O|  |TAMS 0x00000007031ffff8, 0x0000000703000000| Untracked 
|  13|0x0000000703200000, 0x00000007033fffe8, 0x0000000703400000| 99%| O|  |TAMS 0x00000007033fffe8, 0x0000000703200000| Untracked 
|  14|0x0000000703400000, 0x00000007035ffe08, 0x0000000703600000| 99%| O|  |TAMS 0x00000007035ffe08, 0x0000000703400000| Untracked 
|  15|0x0000000703600000, 0x0000000703800000, 0x0000000703800000|100%|HS|  |TAMS 0x0000000703800000, 0x0000000703600000| Untracked 
|  16|0x0000000703800000, 0x0000000703a00000, 0x0000000703a00000|100%|HC|  |TAMS 0x0000000703a00000, 0x0000000703800000| Untracked 
|  17|0x0000000703a00000, 0x0000000703c00000, 0x0000000703c00000|100%|HC|  |TAMS 0x0000000703c00000, 0x0000000703a00000| Untracked 
|  18|0x0000000703c00000, 0x0000000703e00000, 0x0000000703e00000|100%|HC|  |TAMS 0x0000000703e00000, 0x0000000703c00000| Untracked 
|  19|0x0000000703e00000, 0x0000000704000000, 0x0000000704000000|100%|HC|  |TAMS 0x0000000704000000, 0x0000000703e00000| Untracked 
|  20|0x0000000704000000, 0x0000000704200000, 0x0000000704200000|100%|HC|  |TAMS 0x0000000704200000, 0x0000000704000000| Untracked 
|  21|0x0000000704200000, 0x00000007043ffff8, 0x0000000704400000| 99%| O|  |TAMS 0x00000007043ffff8, 0x0000000704200000| Untracked 
|  22|0x0000000704400000, 0x0000000704600000, 0x0000000704600000|100%|HS|  |TAMS 0x0000000704600000, 0x0000000704400000| Untracked 
|  23|0x0000000704600000, 0x0000000704800000, 0x0000000704800000|100%|HC|  |TAMS 0x0000000704800000, 0x0000000704600000| Untracked 
|  24|0x0000000704800000, 0x0000000704a00000, 0x0000000704a00000|100%|HC|  |TAMS 0x0000000704a00000, 0x0000000704800000| Untracked 
|  25|0x0000000704a00000, 0x0000000704c00000, 0x0000000704c00000|100%|HC|  |TAMS 0x0000000704c00000, 0x0000000704a00000| Untracked 
|  26|0x0000000704c00000, 0x0000000704dffff8, 0x0000000704e00000| 99%| O|  |TAMS 0x0000000704dffff8, 0x0000000704c00000| Untracked 
|  27|0x0000000704e00000, 0x0000000704fff2b8, 0x0000000705000000| 99%| O|  |TAMS 0x0000000704fff2b8, 0x0000000704e00000| Untracked 
|  28|0x0000000705000000, 0x00000007051efd38, 0x0000000705200000| 96%| O|  |TAMS 0x00000007051efd38, 0x0000000705000000| Untracked 
|  29|0x0000000705200000, 0x00000007053fffc0, 0x0000000705400000| 99%| O|  |TAMS 0x00000007053fffc0, 0x0000000705200000| Untracked 
|  30|0x0000000705400000, 0x00000007055fff28, 0x0000000705600000| 99%| O|  |TAMS 0x00000007055fff28, 0x0000000705400000| Untracked 
|  31|0x0000000705600000, 0x00000007057ffff8, 0x0000000705800000| 99%| O|  |TAMS 0x00000007057ffff8, 0x0000000705600000| Untracked 
|  32|0x0000000705800000, 0x00000007059ffeb0, 0x0000000705a00000| 99%| O|  |TAMS 0x00000007059ffeb0, 0x0000000705800000| Untracked 
|  33|0x0000000705a00000, 0x0000000705c00000, 0x0000000705c00000|100%| O|  |TAMS 0x0000000705c00000, 0x0000000705a00000| Untracked 
|  34|0x0000000705c00000, 0x0000000705dfffe8, 0x0000000705e00000| 99%| O|  |TAMS 0x0000000705dfffe8, 0x0000000705c00000| Untracked 
|  35|0x0000000705e00000, 0x0000000705fe5bf0, 0x0000000706000000| 94%| O|  |TAMS 0x0000000705e00000, 0x0000000705e00000| Untracked 
|  36|0x0000000706000000, 0x00000007061ffff8, 0x0000000706200000| 99%| O|  |TAMS 0x00000007061ffff8, 0x0000000706000000| Untracked 
|  37|0x0000000706200000, 0x00000007063fffc8, 0x0000000706400000| 99%| O|  |TAMS 0x00000007063fffc8, 0x0000000706200000| Untracked 
|  38|0x0000000706400000, 0x00000007065fe438, 0x0000000706600000| 99%| O|  |TAMS 0x0000000706400000, 0x0000000706400000| Untracked 
|  39|0x0000000706600000, 0x00000007067c1030, 0x0000000706800000| 87%| O|  |TAMS 0x0000000706600000, 0x0000000706600000| Untracked 
|  40|0x0000000706800000, 0x00000007069b0ac0, 0x0000000706a00000| 84%| O|  |TAMS 0x0000000706800000, 0x0000000706800000| Untracked 
|  41|0x0000000706a00000, 0x0000000706c00000, 0x0000000706c00000|100%| O|  |TAMS 0x0000000706c00000, 0x0000000706a00000| Untracked 
|  42|0x0000000706c00000, 0x0000000706dfffe0, 0x0000000706e00000| 99%| O|  |TAMS 0x0000000706dfffe0, 0x0000000706c00000| Untracked 
|  43|0x0000000706e00000, 0x0000000706fdc068, 0x0000000707000000| 92%| O|  |TAMS 0x0000000706e00000, 0x0000000706e00000| Untracked 
|  44|0x0000000707000000, 0x000000070715d3d8, 0x0000000707200000| 68%| O|  |TAMS 0x0000000707000000, 0x0000000707000000| Untracked 
|  45|0x0000000707200000, 0x0000000707200000, 0x0000000707400000|  0%| F|  |TAMS 0x0000000707200000, 0x0000000707200000| Untracked 
|  46|0x0000000707400000, 0x0000000707400000, 0x0000000707600000|  0%| F|  |TAMS 0x0000000707400000, 0x0000000707400000| Untracked 
|  47|0x0000000707600000, 0x0000000707600000, 0x0000000707800000|  0%| F|  |TAMS 0x0000000707600000, 0x0000000707600000| Untracked 
|  48|0x0000000707800000, 0x0000000707800000, 0x0000000707a00000|  0%| F|  |TAMS 0x0000000707800000, 0x0000000707800000| Untracked 
|  49|0x0000000707a00000, 0x0000000707c00000, 0x0000000707c00000|100%|HS|  |TAMS 0x0000000707c00000, 0x0000000707a00000| Untracked 
|  50|0x0000000707c00000, 0x0000000707e00000, 0x0000000707e00000|100%|HC|  |TAMS 0x0000000707e00000, 0x0000000707c00000| Untracked 
|  51|0x0000000707e00000, 0x0000000708000000, 0x0000000708000000|100%|HS|  |TAMS 0x0000000708000000, 0x0000000707e00000| Untracked 
|  52|0x0000000708000000, 0x0000000708200000, 0x0000000708200000|100%|HC|  |TAMS 0x0000000708200000, 0x0000000708000000| Untracked 
|  53|0x0000000708200000, 0x0000000708200000, 0x0000000708400000|  0%| F|  |TAMS 0x0000000708200000, 0x0000000708200000| Untracked 
|  54|0x0000000708400000, 0x0000000708400000, 0x0000000708600000|  0%| F|  |TAMS 0x0000000708400000, 0x0000000708400000| Untracked 
|  55|0x0000000708600000, 0x0000000708600000, 0x0000000708800000|  0%| F|  |TAMS 0x0000000708600000, 0x0000000708600000| Untracked 
|  56|0x0000000708800000, 0x0000000708800000, 0x0000000708a00000|  0%| F|  |TAMS 0x0000000708800000, 0x0000000708800000| Untracked 
|  57|0x0000000708a00000, 0x0000000708a00000, 0x0000000708c00000|  0%| F|  |TAMS 0x0000000708a00000, 0x0000000708a00000| Untracked 
|  58|0x0000000708c00000, 0x0000000708c00000, 0x0000000708e00000|  0%| F|  |TAMS 0x0000000708c00000, 0x0000000708c00000| Untracked 
|  59|0x0000000708e00000, 0x0000000708e00000, 0x0000000709000000|  0%| F|  |TAMS 0x0000000708e00000, 0x0000000708e00000| Untracked 
|  60|0x0000000709000000, 0x0000000709000000, 0x0000000709200000|  0%| F|  |TAMS 0x0000000709000000, 0x0000000709000000| Untracked 
|  61|0x0000000709200000, 0x0000000709200000, 0x0000000709400000|  0%| F|  |TAMS 0x0000000709200000, 0x0000000709200000| Untracked 
|  62|0x0000000709400000, 0x0000000709400000, 0x0000000709600000|  0%| F|  |TAMS 0x0000000709400000, 0x0000000709400000| Untracked 
|  63|0x0000000709600000, 0x0000000709600000, 0x0000000709800000|  0%| F|  |TAMS 0x0000000709600000, 0x0000000709600000| Untracked 
|  64|0x0000000709800000, 0x0000000709800000, 0x0000000709a00000|  0%| F|  |TAMS 0x0000000709800000, 0x0000000709800000| Untracked 
|  65|0x0000000709a00000, 0x0000000709a00000, 0x0000000709c00000|  0%| F|  |TAMS 0x0000000709a00000, 0x0000000709a00000| Untracked 
|  66|0x0000000709c00000, 0x0000000709c00000, 0x0000000709e00000|  0%| F|  |TAMS 0x0000000709c00000, 0x0000000709c00000| Untracked 
|  67|0x0000000709e00000, 0x0000000709e00000, 0x000000070a000000|  0%| F|  |TAMS 0x0000000709e00000, 0x0000000709e00000| Untracked 
|  68|0x000000070a000000, 0x000000070a000000, 0x000000070a200000|  0%| F|  |TAMS 0x000000070a000000, 0x000000070a000000| Untracked 
|  69|0x000000070a200000, 0x000000070a200000, 0x000000070a400000|  0%| F|  |TAMS 0x000000070a200000, 0x000000070a200000| Untracked 
|  70|0x000000070a400000, 0x000000070a400000, 0x000000070a600000|  0%| F|  |TAMS 0x000000070a400000, 0x000000070a400000| Untracked 
|  71|0x000000070a600000, 0x000000070a600000, 0x000000070a800000|  0%| F|  |TAMS 0x000000070a600000, 0x000000070a600000| Untracked 
|  72|0x000000070a800000, 0x000000070a800000, 0x000000070aa00000|  0%| F|  |TAMS 0x000000070a800000, 0x000000070a800000| Untracked 
|  73|0x000000070aa00000, 0x000000070aa00000, 0x000000070ac00000|  0%| F|  |TAMS 0x000000070aa00000, 0x000000070aa00000| Untracked 
|  74|0x000000070ac00000, 0x000000070ac00000, 0x000000070ae00000|  0%| F|  |TAMS 0x000000070ac00000, 0x000000070ac00000| Untracked 
|  75|0x000000070ae00000, 0x000000070ae00000, 0x000000070b000000|  0%| F|  |TAMS 0x000000070ae00000, 0x000000070ae00000| Untracked 
|  76|0x000000070b000000, 0x000000070b000000, 0x000000070b200000|  0%| F|  |TAMS 0x000000070b000000, 0x000000070b000000| Untracked 
|  77|0x000000070b200000, 0x000000070b200000, 0x000000070b400000|  0%| F|  |TAMS 0x000000070b200000, 0x000000070b200000| Untracked 
|  78|0x000000070b400000, 0x000000070b400000, 0x000000070b600000|  0%| F|  |TAMS 0x000000070b400000, 0x000000070b400000| Untracked 
|  79|0x000000070b600000, 0x000000070b600000, 0x000000070b800000|  0%| F|  |TAMS 0x000000070b600000, 0x000000070b600000| Untracked 
|  80|0x000000070b800000, 0x000000070b800000, 0x000000070ba00000|  0%| F|  |TAMS 0x000000070b800000, 0x000000070b800000| Untracked 
|  81|0x000000070ba00000, 0x000000070ba00000, 0x000000070bc00000|  0%| F|  |TAMS 0x000000070ba00000, 0x000000070ba00000| Untracked 
|  82|0x000000070bc00000, 0x000000070bc00000, 0x000000070be00000|  0%| F|  |TAMS 0x000000070bc00000, 0x000000070bc00000| Untracked 
|  83|0x000000070be00000, 0x000000070be00000, 0x000000070c000000|  0%| F|  |TAMS 0x000000070be00000, 0x000000070be00000| Untracked 
|  84|0x000000070c000000, 0x000000070c000000, 0x000000070c200000|  0%| F|  |TAMS 0x000000070c000000, 0x000000070c000000| Untracked 
|  85|0x000000070c200000, 0x000000070c200000, 0x000000070c400000|  0%| F|  |TAMS 0x000000070c200000, 0x000000070c200000| Untracked 
|  86|0x000000070c400000, 0x000000070c400000, 0x000000070c600000|  0%| F|  |TAMS 0x000000070c400000, 0x000000070c400000| Untracked 
|  87|0x000000070c600000, 0x000000070c600000, 0x000000070c800000|  0%| F|  |TAMS 0x000000070c600000, 0x000000070c600000| Untracked 
|  88|0x000000070c800000, 0x000000070c800000, 0x000000070ca00000|  0%| F|  |TAMS 0x000000070c800000, 0x000000070c800000| Untracked 
|  89|0x000000070ca00000, 0x000000070ca00000, 0x000000070cc00000|  0%| F|  |TAMS 0x000000070ca00000, 0x000000070ca00000| Untracked 
|  90|0x000000070cc00000, 0x000000070cc00000, 0x000000070ce00000|  0%| F|  |TAMS 0x000000070cc00000, 0x000000070cc00000| Untracked 
|  91|0x000000070ce00000, 0x000000070ce00000, 0x000000070d000000|  0%| F|  |TAMS 0x000000070ce00000, 0x000000070ce00000| Untracked 
|  92|0x000000070d000000, 0x000000070d000000, 0x000000070d200000|  0%| F|  |TAMS 0x000000070d000000, 0x000000070d000000| Untracked 
|  93|0x000000070d200000, 0x000000070d200000, 0x000000070d400000|  0%| F|  |TAMS 0x000000070d200000, 0x000000070d200000| Untracked 
|  94|0x000000070d400000, 0x000000070d400000, 0x000000070d600000|  0%| F|  |TAMS 0x000000070d400000, 0x000000070d400000| Untracked 
|  95|0x000000070d600000, 0x000000070d600000, 0x000000070d800000|  0%| F|  |TAMS 0x000000070d600000, 0x000000070d600000| Untracked 
|  96|0x000000070d800000, 0x000000070d800000, 0x000000070da00000|  0%| F|  |TAMS 0x000000070d800000, 0x000000070d800000| Untracked 
|  97|0x000000070da00000, 0x000000070da00000, 0x000000070dc00000|  0%| F|  |TAMS 0x000000070da00000, 0x000000070da00000| Untracked 
|  98|0x000000070dc00000, 0x000000070dc00000, 0x000000070de00000|  0%| F|  |TAMS 0x000000070dc00000, 0x000000070dc00000| Untracked 
|  99|0x000000070de00000, 0x000000070de00000, 0x000000070e000000|  0%| F|  |TAMS 0x000000070de00000, 0x000000070de00000| Untracked 
| 100|0x000000070e000000, 0x000000070e000000, 0x000000070e200000|  0%| F|  |TAMS 0x000000070e000000, 0x000000070e000000| Untracked 
| 101|0x000000070e200000, 0x000000070e200000, 0x000000070e400000|  0%| F|  |TAMS 0x000000070e200000, 0x000000070e200000| Untracked 
| 102|0x000000070e400000, 0x000000070e400000, 0x000000070e600000|  0%| F|  |TAMS 0x000000070e400000, 0x000000070e400000| Untracked 
| 103|0x000000070e600000, 0x000000070e600000, 0x000000070e800000|  0%| F|  |TAMS 0x000000070e600000, 0x000000070e600000| Untracked 
| 104|0x000000070e800000, 0x000000070e800000, 0x000000070ea00000|  0%| F|  |TAMS 0x000000070e800000, 0x000000070e800000| Untracked 
| 105|0x000000070ea00000, 0x000000070ea00000, 0x000000070ec00000|  0%| F|  |TAMS 0x000000070ea00000, 0x000000070ea00000| Untracked 
| 106|0x000000070ec00000, 0x000000070ec00000, 0x000000070ee00000|  0%| F|  |TAMS 0x000000070ec00000, 0x000000070ec00000| Untracked 
| 107|0x000000070ee00000, 0x000000070ee00000, 0x000000070f000000|  0%| F|  |TAMS 0x000000070ee00000, 0x000000070ee00000| Untracked 
| 108|0x000000070f000000, 0x000000070f000000, 0x000000070f200000|  0%| F|  |TAMS 0x000000070f000000, 0x000000070f000000| Untracked 
| 109|0x000000070f200000, 0x000000070f200000, 0x000000070f400000|  0%| F|  |TAMS 0x000000070f200000, 0x000000070f200000| Untracked 
| 110|0x000000070f400000, 0x000000070f400000, 0x000000070f600000|  0%| F|  |TAMS 0x000000070f400000, 0x000000070f400000| Untracked 
| 111|0x000000070f600000, 0x000000070f600000, 0x000000070f800000|  0%| F|  |TAMS 0x000000070f600000, 0x000000070f600000| Untracked 
| 112|0x000000070f800000, 0x000000070f800000, 0x000000070fa00000|  0%| F|  |TAMS 0x000000070f800000, 0x000000070f800000| Untracked 
| 113|0x000000070fa00000, 0x000000070fa00000, 0x000000070fc00000|  0%| F|  |TAMS 0x000000070fa00000, 0x000000070fa00000| Untracked 
| 114|0x000000070fc00000, 0x000000070fc00000, 0x000000070fe00000|  0%| F|  |TAMS 0x000000070fc00000, 0x000000070fc00000| Untracked 
| 115|0x000000070fe00000, 0x000000070fe00000, 0x0000000710000000|  0%| F|  |TAMS 0x000000070fe00000, 0x000000070fe00000| Untracked 
| 116|0x0000000710000000, 0x0000000710000000, 0x0000000710200000|  0%| F|  |TAMS 0x0000000710000000, 0x0000000710000000| Untracked 
| 117|0x0000000710200000, 0x0000000710200000, 0x0000000710400000|  0%| F|  |TAMS 0x0000000710200000, 0x0000000710200000| Untracked 
| 118|0x0000000710400000, 0x0000000710400000, 0x0000000710600000|  0%| F|  |TAMS 0x0000000710400000, 0x0000000710400000| Untracked 
| 119|0x0000000710600000, 0x0000000710600000, 0x0000000710800000|  0%| F|  |TAMS 0x0000000710600000, 0x0000000710600000| Untracked 
| 120|0x0000000710800000, 0x0000000710800000, 0x0000000710a00000|  0%| F|  |TAMS 0x0000000710800000, 0x0000000710800000| Untracked 
| 121|0x0000000710a00000, 0x0000000710a00000, 0x0000000710c00000|  0%| F|  |TAMS 0x0000000710a00000, 0x0000000710a00000| Untracked 
| 122|0x0000000710c00000, 0x0000000710c00000, 0x0000000710e00000|  0%| F|  |TAMS 0x0000000710c00000, 0x0000000710c00000| Untracked 
| 123|0x0000000710e00000, 0x0000000710e00000, 0x0000000711000000|  0%| F|  |TAMS 0x0000000710e00000, 0x0000000710e00000| Untracked 
| 124|0x0000000711000000, 0x0000000711000000, 0x0000000711200000|  0%| F|  |TAMS 0x0000000711000000, 0x0000000711000000| Untracked 
| 125|0x0000000711200000, 0x0000000711200000, 0x0000000711400000|  0%| F|  |TAMS 0x0000000711200000, 0x0000000711200000| Untracked 
| 126|0x0000000711400000, 0x0000000711400000, 0x0000000711600000|  0%| F|  |TAMS 0x0000000711400000, 0x0000000711400000| Untracked 
| 127|0x0000000711600000, 0x0000000711600000, 0x0000000711800000|  0%| F|  |TAMS 0x0000000711600000, 0x0000000711600000| Untracked 
| 128|0x0000000711800000, 0x0000000711800000, 0x0000000711a00000|  0%| F|  |TAMS 0x0000000711800000, 0x0000000711800000| Untracked 
| 129|0x0000000711a00000, 0x0000000711a00000, 0x0000000711c00000|  0%| F|  |TAMS 0x0000000711a00000, 0x0000000711a00000| Untracked 
| 130|0x0000000711c00000, 0x0000000711c00000, 0x0000000711e00000|  0%| F|  |TAMS 0x0000000711c00000, 0x0000000711c00000| Untracked 
| 131|0x0000000711e00000, 0x0000000711e00000, 0x0000000712000000|  0%| F|  |TAMS 0x0000000711e00000, 0x0000000711e00000| Untracked 
| 132|0x0000000712000000, 0x0000000712000000, 0x0000000712200000|  0%| F|  |TAMS 0x0000000712000000, 0x0000000712000000| Untracked 
| 133|0x0000000712200000, 0x0000000712200000, 0x0000000712400000|  0%| F|  |TAMS 0x0000000712200000, 0x0000000712200000| Untracked 
| 134|0x0000000712400000, 0x0000000712400000, 0x0000000712600000|  0%| F|  |TAMS 0x0000000712400000, 0x0000000712400000| Untracked 
| 135|0x0000000712600000, 0x0000000712600000, 0x0000000712800000|  0%| F|  |TAMS 0x0000000712600000, 0x0000000712600000| Untracked 
| 136|0x0000000712800000, 0x0000000712800000, 0x0000000712a00000|  0%| F|  |TAMS 0x0000000712800000, 0x0000000712800000| Untracked 
| 137|0x0000000712a00000, 0x0000000712a00000, 0x0000000712c00000|  0%| F|  |TAMS 0x0000000712a00000, 0x0000000712a00000| Untracked 
| 138|0x0000000712c00000, 0x0000000712c00000, 0x0000000712e00000|  0%| F|  |TAMS 0x0000000712c00000, 0x0000000712c00000| Untracked 
| 139|0x0000000712e00000, 0x0000000712e00000, 0x0000000713000000|  0%| F|  |TAMS 0x0000000712e00000, 0x0000000712e00000| Untracked 
| 140|0x0000000713000000, 0x0000000713000000, 0x0000000713200000|  0%| F|  |TAMS 0x0000000713000000, 0x0000000713000000| Untracked 
| 141|0x0000000713200000, 0x0000000713200000, 0x0000000713400000|  0%| F|  |TAMS 0x0000000713200000, 0x0000000713200000| Untracked 
| 142|0x0000000713400000, 0x0000000713400000, 0x0000000713600000|  0%| F|  |TAMS 0x0000000713400000, 0x0000000713400000| Untracked 
| 143|0x0000000713600000, 0x0000000713600000, 0x0000000713800000|  0%| F|  |TAMS 0x0000000713600000, 0x0000000713600000| Untracked 
| 144|0x0000000713800000, 0x0000000713800000, 0x0000000713a00000|  0%| F|  |TAMS 0x0000000713800000, 0x0000000713800000| Untracked 
| 145|0x0000000713a00000, 0x0000000713a00000, 0x0000000713c00000|  0%| F|  |TAMS 0x0000000713a00000, 0x0000000713a00000| Untracked 
| 146|0x0000000713c00000, 0x0000000713c00000, 0x0000000713e00000|  0%| F|  |TAMS 0x0000000713c00000, 0x0000000713c00000| Untracked 
| 147|0x0000000713e00000, 0x0000000713e00000, 0x0000000714000000|  0%| F|  |TAMS 0x0000000713e00000, 0x0000000713e00000| Untracked 
| 148|0x0000000714000000, 0x0000000714000000, 0x0000000714200000|  0%| F|  |TAMS 0x0000000714000000, 0x0000000714000000| Untracked 
| 149|0x0000000714200000, 0x0000000714200000, 0x0000000714400000|  0%| F|  |TAMS 0x0000000714200000, 0x0000000714200000| Untracked 
| 150|0x0000000714400000, 0x0000000714400000, 0x0000000714600000|  0%| F|  |TAMS 0x0000000714400000, 0x0000000714400000| Untracked 
| 151|0x0000000714600000, 0x0000000714600000, 0x0000000714800000|  0%| F|  |TAMS 0x0000000714600000, 0x0000000714600000| Untracked 
| 152|0x0000000714800000, 0x0000000714800000, 0x0000000714a00000|  0%| F|  |TAMS 0x0000000714800000, 0x0000000714800000| Untracked 
| 153|0x0000000714a00000, 0x0000000714a00000, 0x0000000714c00000|  0%| F|  |TAMS 0x0000000714a00000, 0x0000000714a00000| Untracked 
| 154|0x0000000714c00000, 0x0000000714c00000, 0x0000000714e00000|  0%| F|  |TAMS 0x0000000714c00000, 0x0000000714c00000| Untracked 
| 155|0x0000000714e00000, 0x0000000714e00000, 0x0000000715000000|  0%| F|  |TAMS 0x0000000714e00000, 0x0000000714e00000| Untracked 
| 156|0x0000000715000000, 0x0000000715000000, 0x0000000715200000|  0%| F|  |TAMS 0x0000000715000000, 0x0000000715000000| Untracked 
| 157|0x0000000715200000, 0x0000000715200000, 0x0000000715400000|  0%| F|  |TAMS 0x0000000715200000, 0x0000000715200000| Untracked 
| 158|0x0000000715400000, 0x0000000715400000, 0x0000000715600000|  0%| F|  |TAMS 0x0000000715400000, 0x0000000715400000| Untracked 
| 159|0x0000000715600000, 0x0000000715600000, 0x0000000715800000|  0%| F|  |TAMS 0x0000000715600000, 0x0000000715600000| Untracked 
| 160|0x0000000715800000, 0x0000000715800000, 0x0000000715a00000|  0%| F|  |TAMS 0x0000000715800000, 0x0000000715800000| Untracked 
| 161|0x0000000715a00000, 0x0000000715a00000, 0x0000000715c00000|  0%| F|  |TAMS 0x0000000715a00000, 0x0000000715a00000| Untracked 
| 162|0x0000000715c00000, 0x0000000715c00000, 0x0000000715e00000|  0%| F|  |TAMS 0x0000000715c00000, 0x0000000715c00000| Untracked 
| 163|0x0000000715e00000, 0x0000000715e00000, 0x0000000716000000|  0%| F|  |TAMS 0x0000000715e00000, 0x0000000715e00000| Untracked 
| 164|0x0000000716000000, 0x0000000716000000, 0x0000000716200000|  0%| F|  |TAMS 0x0000000716000000, 0x0000000716000000| Untracked 
| 165|0x0000000716200000, 0x0000000716200000, 0x0000000716400000|  0%| F|  |TAMS 0x0000000716200000, 0x0000000716200000| Untracked 
| 166|0x0000000716400000, 0x0000000716400000, 0x0000000716600000|  0%| F|  |TAMS 0x0000000716400000, 0x0000000716400000| Untracked 
| 167|0x0000000716600000, 0x0000000716600000, 0x0000000716800000|  0%| F|  |TAMS 0x0000000716600000, 0x0000000716600000| Untracked 
| 168|0x0000000716800000, 0x0000000716800000, 0x0000000716a00000|  0%| F|  |TAMS 0x0000000716800000, 0x0000000716800000| Untracked 
| 169|0x0000000716a00000, 0x0000000716a00000, 0x0000000716c00000|  0%| F|  |TAMS 0x0000000716a00000, 0x0000000716a00000| Untracked 
| 170|0x0000000716c00000, 0x0000000716c00000, 0x0000000716e00000|  0%| F|  |TAMS 0x0000000716c00000, 0x0000000716c00000| Untracked 
| 171|0x0000000716e00000, 0x0000000716e00000, 0x0000000717000000|  0%| F|  |TAMS 0x0000000716e00000, 0x0000000716e00000| Untracked 
| 172|0x0000000717000000, 0x0000000717000000, 0x0000000717200000|  0%| F|  |TAMS 0x0000000717000000, 0x0000000717000000| Untracked 
| 173|0x0000000717200000, 0x0000000717200000, 0x0000000717400000|  0%| F|  |TAMS 0x0000000717200000, 0x0000000717200000| Untracked 
| 174|0x0000000717400000, 0x0000000717400000, 0x0000000717600000|  0%| F|  |TAMS 0x0000000717400000, 0x0000000717400000| Untracked 
| 175|0x0000000717600000, 0x0000000717600000, 0x0000000717800000|  0%| F|  |TAMS 0x0000000717600000, 0x0000000717600000| Untracked 
| 176|0x0000000717800000, 0x0000000717800000, 0x0000000717a00000|  0%| F|  |TAMS 0x0000000717800000, 0x0000000717800000| Untracked 
| 177|0x0000000717a00000, 0x0000000717a00000, 0x0000000717c00000|  0%| F|  |TAMS 0x0000000717a00000, 0x0000000717a00000| Untracked 
| 178|0x0000000717c00000, 0x0000000717c00000, 0x0000000717e00000|  0%| F|  |TAMS 0x0000000717c00000, 0x0000000717c00000| Untracked 
| 179|0x0000000717e00000, 0x0000000717e00000, 0x0000000718000000|  0%| F|  |TAMS 0x0000000717e00000, 0x0000000717e00000| Untracked 
| 180|0x0000000718000000, 0x0000000718000000, 0x0000000718200000|  0%| F|  |TAMS 0x0000000718000000, 0x0000000718000000| Untracked 
| 181|0x0000000718200000, 0x0000000718200000, 0x0000000718400000|  0%| F|  |TAMS 0x0000000718200000, 0x0000000718200000| Untracked 
| 182|0x0000000718400000, 0x0000000718400000, 0x0000000718600000|  0%| F|  |TAMS 0x0000000718400000, 0x0000000718400000| Untracked 
| 183|0x0000000718600000, 0x0000000718600000, 0x0000000718800000|  0%| F|  |TAMS 0x0000000718600000, 0x0000000718600000| Untracked 
| 184|0x0000000718800000, 0x0000000718800000, 0x0000000718a00000|  0%| F|  |TAMS 0x0000000718800000, 0x0000000718800000| Untracked 
| 185|0x0000000718a00000, 0x0000000718a00000, 0x0000000718c00000|  0%| F|  |TAMS 0x0000000718a00000, 0x0000000718a00000| Untracked 
| 186|0x0000000718c00000, 0x0000000718c00000, 0x0000000718e00000|  0%| F|  |TAMS 0x0000000718c00000, 0x0000000718c00000| Untracked 
| 187|0x0000000718e00000, 0x0000000718e00000, 0x0000000719000000|  0%| F|  |TAMS 0x0000000718e00000, 0x0000000718e00000| Untracked 
| 188|0x0000000719000000, 0x0000000719000000, 0x0000000719200000|  0%| F|  |TAMS 0x0000000719000000, 0x0000000719000000| Untracked 
| 189|0x0000000719200000, 0x0000000719200000, 0x0000000719400000|  0%| F|  |TAMS 0x0000000719200000, 0x0000000719200000| Untracked 
| 190|0x0000000719400000, 0x0000000719400000, 0x0000000719600000|  0%| F|  |TAMS 0x0000000719400000, 0x0000000719400000| Untracked 
| 191|0x0000000719600000, 0x0000000719600000, 0x0000000719800000|  0%| F|  |TAMS 0x0000000719600000, 0x0000000719600000| Untracked 
| 192|0x0000000719800000, 0x0000000719800000, 0x0000000719a00000|  0%| F|  |TAMS 0x0000000719800000, 0x0000000719800000| Untracked 
| 193|0x0000000719a00000, 0x0000000719a00000, 0x0000000719c00000|  0%| F|  |TAMS 0x0000000719a00000, 0x0000000719a00000| Untracked 
| 194|0x0000000719c00000, 0x0000000719c00000, 0x0000000719e00000|  0%| F|  |TAMS 0x0000000719c00000, 0x0000000719c00000| Untracked 
| 195|0x0000000719e00000, 0x0000000719e00000, 0x000000071a000000|  0%| F|  |TAMS 0x0000000719e00000, 0x0000000719e00000| Untracked 
| 196|0x000000071a000000, 0x000000071a181aa8, 0x000000071a200000| 75%| O|  |TAMS 0x000000071a000000, 0x000000071a000000| Untracked 
| 197|0x000000071a200000, 0x000000071a200000, 0x000000071a400000|  0%| F|  |TAMS 0x000000071a200000, 0x000000071a200000| Untracked 
| 198|0x000000071a400000, 0x000000071a400000, 0x000000071a600000|  0%| F|  |TAMS 0x000000071a400000, 0x000000071a400000| Untracked 
| 199|0x000000071a600000, 0x000000071a600000, 0x000000071a800000|  0%| F|  |TAMS 0x000000071a600000, 0x000000071a600000| Untracked 
| 200|0x000000071a800000, 0x000000071a800000, 0x000000071aa00000|  0%| F|  |TAMS 0x000000071a800000, 0x000000071a800000| Untracked 
| 201|0x000000071aa00000, 0x000000071aa00000, 0x000000071ac00000|  0%| F|  |TAMS 0x000000071aa00000, 0x000000071aa00000| Untracked 
| 202|0x000000071ac00000, 0x000000071ac00000, 0x000000071ae00000|  0%| F|  |TAMS 0x000000071ac00000, 0x000000071ac00000| Untracked 
| 203|0x000000071ae00000, 0x000000071ae00000, 0x000000071b000000|  0%| F|  |TAMS 0x000000071ae00000, 0x000000071ae00000| Untracked 
| 204|0x000000071b000000, 0x000000071b000000, 0x000000071b200000|  0%| F|  |TAMS 0x000000071b000000, 0x000000071b000000| Untracked 
| 205|0x000000071b200000, 0x000000071b200000, 0x000000071b400000|  0%| F|  |TAMS 0x000000071b200000, 0x000000071b200000| Untracked 
| 206|0x000000071b400000, 0x000000071b400000, 0x000000071b600000|  0%| F|  |TAMS 0x000000071b400000, 0x000000071b400000| Untracked 
| 207|0x000000071b600000, 0x000000071b600000, 0x000000071b800000|  0%| F|  |TAMS 0x000000071b600000, 0x000000071b600000| Untracked 
| 208|0x000000071b800000, 0x000000071b800000, 0x000000071ba00000|  0%| F|  |TAMS 0x000000071b800000, 0x000000071b800000| Untracked 
| 209|0x000000071ba00000, 0x000000071ba00000, 0x000000071bc00000|  0%| F|  |TAMS 0x000000071ba00000, 0x000000071ba00000| Untracked 
| 210|0x000000071bc00000, 0x000000071bc00000, 0x000000071be00000|  0%| F|  |TAMS 0x000000071bc00000, 0x000000071bc00000| Untracked 
| 211|0x000000071be00000, 0x000000071be00000, 0x000000071c000000|  0%| F|  |TAMS 0x000000071be00000, 0x000000071be00000| Untracked 
| 212|0x000000071c000000, 0x000000071c0aac78, 0x000000071c200000| 33%| S|CS|TAMS 0x000000071c000000, 0x000000071c000000| Complete 
| 213|0x000000071c200000, 0x000000071c200000, 0x000000071c400000|  0%| F|  |TAMS 0x000000071c200000, 0x000000071c200000| Untracked 
| 214|0x000000071c400000, 0x000000071c600000, 0x000000071c600000|100%| O|  |TAMS 0x000000071c600000, 0x000000071c400000| Untracked 
| 215|0x000000071c600000, 0x000000071c800000, 0x000000071c800000|100%| O|  |TAMS 0x000000071c800000, 0x000000071c600000| Untracked 
| 216|0x000000071c800000, 0x000000071ca00000, 0x000000071ca00000|100%| S|CS|TAMS 0x000000071c800000, 0x000000071c800000| Complete 
| 217|0x000000071ca00000, 0x000000071ca00000, 0x000000071cc00000|  0%| F|  |TAMS 0x000000071ca00000, 0x000000071ca00000| Untracked 
| 218|0x000000071cc00000, 0x000000071cc00000, 0x000000071ce00000|  0%| F|  |TAMS 0x000000071cc00000, 0x000000071cc00000| Untracked 
| 219|0x000000071ce00000, 0x000000071ce00000, 0x000000071d000000|  0%| F|  |TAMS 0x000000071ce00000, 0x000000071ce00000| Untracked 
| 220|0x000000071d000000, 0x000000071d000000, 0x000000071d200000|  0%| F|  |TAMS 0x000000071d000000, 0x000000071d000000| Untracked 
| 221|0x000000071d200000, 0x000000071d200000, 0x000000071d400000|  0%| F|  |TAMS 0x000000071d200000, 0x000000071d200000| Untracked 
| 222|0x000000071d400000, 0x000000071d400000, 0x000000071d600000|  0%| F|  |TAMS 0x000000071d400000, 0x000000071d400000| Untracked 
| 223|0x000000071d600000, 0x000000071d600000, 0x000000071d800000|  0%| F|  |TAMS 0x000000071d600000, 0x000000071d600000| Untracked 
| 224|0x000000071d800000, 0x000000071d800000, 0x000000071da00000|  0%| F|  |TAMS 0x000000071d800000, 0x000000071d800000| Untracked 
| 225|0x000000071da00000, 0x000000071da00000, 0x000000071dc00000|  0%| F|  |TAMS 0x000000071da00000, 0x000000071da00000| Untracked 
| 226|0x000000071dc00000, 0x000000071dc00000, 0x000000071de00000|  0%| F|  |TAMS 0x000000071dc00000, 0x000000071dc00000| Untracked 
| 227|0x000000071de00000, 0x000000071de00000, 0x000000071e000000|  0%| F|  |TAMS 0x000000071de00000, 0x000000071de00000| Untracked 
| 228|0x000000071e000000, 0x000000071e000000, 0x000000071e200000|  0%| F|  |TAMS 0x000000071e000000, 0x000000071e000000| Untracked 
| 229|0x000000071e200000, 0x000000071e200000, 0x000000071e400000|  0%| F|  |TAMS 0x000000071e200000, 0x000000071e200000| Untracked 
| 230|0x000000071e400000, 0x000000071e400000, 0x000000071e600000|  0%| F|  |TAMS 0x000000071e400000, 0x000000071e400000| Untracked 
| 231|0x000000071e600000, 0x000000071e600000, 0x000000071e800000|  0%| F|  |TAMS 0x000000071e600000, 0x000000071e600000| Untracked 
| 232|0x000000071e800000, 0x000000071e800000, 0x000000071ea00000|  0%| F|  |TAMS 0x000000071e800000, 0x000000071e800000| Untracked 
| 233|0x000000071ea00000, 0x000000071ea00000, 0x000000071ec00000|  0%| F|  |TAMS 0x000000071ea00000, 0x000000071ea00000| Untracked 
| 234|0x000000071ec00000, 0x000000071ec00000, 0x000000071ee00000|  0%| F|  |TAMS 0x000000071ec00000, 0x000000071ec00000| Untracked 
| 235|0x000000071ee00000, 0x000000071ee00000, 0x000000071f000000|  0%| F|  |TAMS 0x000000071ee00000, 0x000000071ee00000| Untracked 
| 236|0x000000071f000000, 0x000000071f000000, 0x000000071f200000|  0%| F|  |TAMS 0x000000071f000000, 0x000000071f000000| Untracked 
| 237|0x000000071f200000, 0x000000071f200000, 0x000000071f400000|  0%| F|  |TAMS 0x000000071f200000, 0x000000071f200000| Untracked 
| 238|0x000000071f400000, 0x000000071f400000, 0x000000071f600000|  0%| F|  |TAMS 0x000000071f400000, 0x000000071f400000| Untracked 
| 239|0x000000071f600000, 0x000000071f600000, 0x000000071f800000|  0%| F|  |TAMS 0x000000071f600000, 0x000000071f600000| Untracked 
| 240|0x000000071f800000, 0x000000071f800000, 0x000000071fa00000|  0%| F|  |TAMS 0x000000071f800000, 0x000000071f800000| Untracked 
| 241|0x000000071fa00000, 0x000000071fa00000, 0x000000071fc00000|  0%| F|  |TAMS 0x000000071fa00000, 0x000000071fa00000| Untracked 
| 242|0x000000071fc00000, 0x000000071fc00000, 0x000000071fe00000|  0%| F|  |TAMS 0x000000071fc00000, 0x000000071fc00000| Untracked 
| 243|0x000000071fe00000, 0x000000071fe00000, 0x0000000720000000|  0%| F|  |TAMS 0x000000071fe00000, 0x000000071fe00000| Untracked 
| 244|0x0000000720000000, 0x0000000720000000, 0x0000000720200000|  0%| F|  |TAMS 0x0000000720000000, 0x0000000720000000| Untracked 
| 245|0x0000000720200000, 0x0000000720200000, 0x0000000720400000|  0%| F|  |TAMS 0x0000000720200000, 0x0000000720200000| Untracked 
| 246|0x0000000720400000, 0x000000072043d3b0, 0x0000000720600000| 11%| E|  |TAMS 0x0000000720400000, 0x0000000720400000| Complete 
| 247|0x0000000720600000, 0x0000000720800000, 0x0000000720800000|100%| E|CS|TAMS 0x0000000720600000, 0x0000000720600000| Complete 
| 248|0x0000000720800000, 0x0000000720a00000, 0x0000000720a00000|100%| E|CS|TAMS 0x0000000720800000, 0x0000000720800000| Complete 
| 249|0x0000000720a00000, 0x0000000720c00000, 0x0000000720c00000|100%| E|CS|TAMS 0x0000000720a00000, 0x0000000720a00000| Complete 
| 250|0x0000000720c00000, 0x0000000720e00000, 0x0000000720e00000|100%| E|CS|TAMS 0x0000000720c00000, 0x0000000720c00000| Complete 
| 251|0x0000000720e00000, 0x0000000721000000, 0x0000000721000000|100%| E|  |TAMS 0x0000000720e00000, 0x0000000720e00000| Complete 
| 252|0x0000000721000000, 0x0000000721200000, 0x0000000721200000|100%| E|CS|TAMS 0x0000000721000000, 0x0000000721000000| Complete 
| 253|0x0000000721200000, 0x0000000721400000, 0x0000000721400000|100%| E|CS|TAMS 0x0000000721200000, 0x0000000721200000| Complete 
| 254|0x0000000721400000, 0x0000000721600000, 0x0000000721600000|100%| E|CS|TAMS 0x0000000721400000, 0x0000000721400000| Complete 
| 255|0x0000000721600000, 0x0000000721800000, 0x0000000721800000|100%| E|CS|TAMS 0x0000000721600000, 0x0000000721600000| Complete 

Card table byte_map: [0x0000023d78130000,0x0000023d78930000] _byte_map_base: 0x0000023d74924000

Marking Bits (Prev, Next): (CMBitMap*) 0x0000023d702d8730, (CMBitMap*) 0x0000023d702d8770
 Prev Bits: [0x0000023d79130000, 0x0000023d7d0d0000)
 Next Bits: [0x0000023d0f000000, 0x0000023d12fa0000)

Polling page: 0x0000023d658d0000

Metaspace:

Usage:
  Non-class:     69.13 MB used.
      Class:     11.23 MB used.
       Both:     80.37 MB used.

Virtual space:
  Non-class space:      128.00 MB reserved,      69.50 MB ( 54%) committed,  2 nodes.
      Class space:        1.00 GB reserved,      11.56 MB (  1%) committed,  1 nodes.
             Both:        1.12 GB reserved,      81.06 MB (  7%) committed. 

Chunk freelists:
   Non-Class:  10.55 MB
       Class:  4.33 MB
        Both:  14.88 MB

MaxMetaspaceSize: unlimited
CompressedClassSpaceSize: 1.00 GB
Initial GC threshold: 21.00 MB
Current GC threshold: 134.94 MB
CDS: on
MetaspaceReclaimPolicy: balanced
 - commit_granule_bytes: 65536.
 - commit_granule_words: 8192.
 - virtual_space_node_default_size: 8388608.
 - enlarge_chunks_in_place: 1.
 - new_chunks_are_fully_committed: 0.
 - uncommit_free_chunks: 1.
 - use_allocation_guard: 0.
 - handle_deallocations: 1.


Internal statistics:

num_allocs_failed_limit: 6.
num_arena_births: 1022.
num_arena_deaths: 0.
num_vsnodes_births: 3.
num_vsnodes_deaths: 0.
num_space_committed: 1291.
num_space_uncommitted: 0.
num_chunks_returned_to_freelist: 6.
num_chunks_taken_from_freelist: 3171.
num_chunk_merges: 6.
num_chunk_splits: 2382.
num_chunks_enlarged: 1826.
num_inconsistent_stats: 0.

CodeHeap 'non-profiled nmethods': size=120000Kb used=13979Kb max_used=13979Kb free=106020Kb
 bounds [0x0000023d07ad0000, 0x0000023d08880000, 0x0000023d0f000000]
CodeHeap 'profiled nmethods': size=120000Kb used=28595Kb max_used=28595Kb free=91404Kb
 bounds [0x0000023d00000000, 0x0000023d01c00000, 0x0000023d07530000]
CodeHeap 'non-nmethods': size=5760Kb used=1651Kb max_used=1741Kb free=4108Kb
 bounds [0x0000023d07530000, 0x0000023d077a0000, 0x0000023d07ad0000]
 total_blobs=14744 nmethods=13668 adapters=985
 compilation: enabled
              stopped_count=0, restarted_count=0
 full_count=0

Compilation events (20 events):
Event: 227.096 Thread 0x0000023d7057b4b0 17582       3       ui.utils.lnf.l::paint (47 bytes)
Event: 227.096 Thread 0x0000023d7057b4b0 nmethod 17582 0x0000023d01bea290 code [0x0000023d01bea460, 0x0000023d01bea888]
Event: 227.096 Thread 0x0000023d7057b4b0 17583       3       ui.views.ct$a::getMarkerColor (50 bytes)
Event: 227.097 Thread 0x0000023d7057b4b0 nmethod 17583 0x0000023d01beaa10 code [0x0000023d01beac00, 0x0000023d01beaff8]
Event: 227.097 Thread 0x0000023d7057b4b0 17584       3       ui.utils.lnf.h::paintFoldingEnd (96 bytes)
Event: 227.097 Thread 0x0000023d7057b4b0 nmethod 17584 0x0000023d01beb190 code [0x0000023d01beb380, 0x0000023d01beb958]
Event: 227.097 Thread 0x0000023d7057b4b0 17585       3       ui.utils.lnf.h::paintFoldingLine (64 bytes)
Event: 227.098 Thread 0x0000023d7057b4b0 nmethod 17585 0x0000023d01bebb90 code [0x0000023d01bebdc0, 0x0000023d01bec388]
Event: 228.074 Thread 0x0000023d7057b4b0 17586       3       de.javasoft.plaf.synthetica.SyntheticaLookAndFeel::findComponent (66 bytes)
Event: 228.076 Thread 0x0000023d7057b4b0 nmethod 17586 0x0000023d01bec610 code [0x0000023d01bec820, 0x0000023d01bed098]
Event: 228.785 Thread 0x0000023d7057b4b0 17587       3       com.jidesoft.grid.JideTable$z::setValueIsAdjusting (33 bytes)
Event: 228.786 Thread 0x0000023d7057b4b0 nmethod 17587 0x0000023d01bed310 code [0x0000023d01bed4e0, 0x0000023d01bed9b8]
Event: 229.393 Thread 0x0000023d7057b4b0 17588       3       ui.views.cB::caretUpdated (34 bytes)
Event: 229.395 Thread 0x0000023d7057b4b0 nmethod 17588 0x0000023d01bedb10 code [0x0000023d01bedda0, 0x0000023d01beeab8]
Event: 229.549 Thread 0x0000023d7057b4b0 17589   !   3       com.jidesoft.editor.folding.DefaultFoldingModel$b::rebuild (411 bytes)
Event: 229.551 Thread 0x0000023d7057b4b0 nmethod 17589 0x0000023d01bef010 code [0x0000023d01bef400, 0x0000023d01bf2108]
Event: 229.719 Thread 0x0000023d70574f70 17590       4       ui.project.n::ink (23 bytes)
Event: 229.719 Thread 0x0000023d70574f70 nmethod 17590 0x0000023d08876b10 code [0x0000023d08876ca0, 0x0000023d08876d68]
Event: 229.992 Thread 0x0000023d7057b4b0 17591       3       javax.swing.text.GapContent$MarkVector::allocateArray (5 bytes)
Event: 229.993 Thread 0x0000023d7057b4b0 nmethod 17591 0x0000023d01bf3010 code [0x0000023d01bf31a0, 0x0000023d01bf3358]

GC Heap History (20 events):
Event: 227.250 GC heap before
{Heap before GC invocations=200 (full 26):
 garbage-first heap   total 524288K, used 184426K [0x0000000701800000, 0x0000000800000000)
  region size 2048K, 40 young (81920K), 1 survivors (2048K)
 Metaspace       used 82292K, committed 83008K, reserved 1179648K
  class space    used 11503K, committed 11840K, reserved 1048576K
}
Event: 227.251 GC heap after
{Heap after GC invocations=201 (full 26):
 garbage-first heap   total 524288K, used 104485K [0x0000000701800000, 0x0000000800000000)
  region size 2048K, 1 young (2048K), 1 survivors (2048K)
 Metaspace       used 82292K, committed 83008K, reserved 1179648K
  class space    used 11503K, committed 11840K, reserved 1048576K
}
Event: 227.453 GC heap before
{Heap before GC invocations=201 (full 26):
 garbage-first heap   total 524288K, used 184357K [0x0000000701800000, 0x0000000800000000)
  region size 2048K, 40 young (81920K), 1 survivors (2048K)
 Metaspace       used 82292K, committed 83008K, reserved 1179648K
  class space    used 11503K, committed 11840K, reserved 1048576K
}
Event: 227.454 GC heap after
{Heap after GC invocations=202 (full 26):
 garbage-first heap   total 524288K, used 104480K [0x0000000701800000, 0x0000000800000000)
  region size 2048K, 1 young (2048K), 1 survivors (2048K)
 Metaspace       used 82292K, committed 83008K, reserved 1179648K
  class space    used 11503K, committed 11840K, reserved 1048576K
}
Event: 227.655 GC heap before
{Heap before GC invocations=202 (full 26):
 garbage-first heap   total 524288K, used 184352K [0x0000000701800000, 0x0000000800000000)
  region size 2048K, 40 young (81920K), 1 survivors (2048K)
 Metaspace       used 82292K, committed 83008K, reserved 1179648K
  class space    used 11503K, committed 11840K, reserved 1048576K
}
Event: 227.657 GC heap after
{Heap after GC invocations=203 (full 26):
 garbage-first heap   total 524288K, used 104484K [0x0000000701800000, 0x0000000800000000)
  region size 2048K, 1 young (2048K), 1 survivors (2048K)
 Metaspace       used 82292K, committed 83008K, reserved 1179648K
  class space    used 11503K, committed 11840K, reserved 1048576K
}
Event: 227.855 GC heap before
{Heap before GC invocations=203 (full 26):
 garbage-first heap   total 524288K, used 184356K [0x0000000701800000, 0x0000000800000000)
  region size 2048K, 40 young (81920K), 1 survivors (2048K)
 Metaspace       used 82292K, committed 83008K, reserved 1179648K
  class space    used 11503K, committed 11840K, reserved 1048576K
}
Event: 227.856 GC heap after
{Heap after GC invocations=204 (full 26):
 garbage-first heap   total 524288K, used 104490K [0x0000000701800000, 0x0000000800000000)
  region size 2048K, 1 young (2048K), 1 survivors (2048K)
 Metaspace       used 82292K, committed 83008K, reserved 1179648K
  class space    used 11503K, committed 11840K, reserved 1048576K
}
Event: 228.049 GC heap before
{Heap before GC invocations=204 (full 26):
 garbage-first heap   total 524288K, used 184362K [0x0000000701800000, 0x0000000800000000)
  region size 2048K, 40 young (81920K), 1 survivors (2048K)
 Metaspace       used 82292K, committed 83008K, reserved 1179648K
  class space    used 11503K, committed 11840K, reserved 1048576K
}
Event: 228.050 GC heap after
{Heap after GC invocations=205 (full 26):
 garbage-first heap   total 524288K, used 104488K [0x0000000701800000, 0x0000000800000000)
  region size 2048K, 1 young (2048K), 1 survivors (2048K)
 Metaspace       used 82292K, committed 83008K, reserved 1179648K
  class space    used 11503K, committed 11840K, reserved 1048576K
}
Event: 228.950 GC heap before
{Heap before GC invocations=205 (full 26):
 garbage-first heap   total 524288K, used 184360K [0x0000000701800000, 0x0000000800000000)
  region size 2048K, 40 young (81920K), 1 survivors (2048K)
 Metaspace       used 82293K, committed 83008K, reserved 1179648K
  class space    used 11503K, committed 11840K, reserved 1048576K
}
Event: 228.952 GC heap after
{Heap after GC invocations=206 (full 26):
 garbage-first heap   total 524288K, used 104525K [0x0000000701800000, 0x0000000800000000)
  region size 2048K, 1 young (2048K), 1 survivors (2048K)
 Metaspace       used 82293K, committed 83008K, reserved 1179648K
  class space    used 11503K, committed 11840K, reserved 1048576K
}
Event: 229.141 GC heap before
{Heap before GC invocations=206 (full 26):
 garbage-first heap   total 524288K, used 184397K [0x0000000701800000, 0x0000000800000000)
  region size 2048K, 40 young (81920K), 1 survivors (2048K)
 Metaspace       used 82293K, committed 83008K, reserved 1179648K
  class space    used 11503K, committed 11840K, reserved 1048576K
}
Event: 229.143 GC heap after
{Heap after GC invocations=207 (full 26):
 garbage-first heap   total 524288K, used 104528K [0x0000000701800000, 0x0000000800000000)
  region size 2048K, 1 young (2048K), 1 survivors (2048K)
 Metaspace       used 82293K, committed 83008K, reserved 1179648K
  class space    used 11503K, committed 11840K, reserved 1048576K
}
Event: 229.332 GC heap before
{Heap before GC invocations=207 (full 26):
 garbage-first heap   total 524288K, used 184400K [0x0000000701800000, 0x0000000800000000)
  region size 2048K, 40 young (81920K), 1 survivors (2048K)
 Metaspace       used 82293K, committed 83008K, reserved 1179648K
  class space    used 11503K, committed 11840K, reserved 1048576K
}
Event: 229.333 GC heap after
{Heap after GC invocations=208 (full 26):
 garbage-first heap   total 524288K, used 104528K [0x0000000701800000, 0x0000000800000000)
  region size 2048K, 1 young (2048K), 1 survivors (2048K)
 Metaspace       used 82293K, committed 83008K, reserved 1179648K
  class space    used 11503K, committed 11840K, reserved 1048576K
}
Event: 229.525 GC heap before
{Heap before GC invocations=208 (full 26):
 garbage-first heap   total 524288K, used 184400K [0x0000000701800000, 0x0000000800000000)
  region size 2048K, 40 young (81920K), 1 survivors (2048K)
 Metaspace       used 82293K, committed 83008K, reserved 1179648K
  class space    used 11503K, committed 11840K, reserved 1048576K
}
Event: 229.526 GC heap after
{Heap after GC invocations=209 (full 26):
 garbage-first heap   total 524288K, used 104530K [0x0000000701800000, 0x0000000800000000)
  region size 2048K, 1 young (2048K), 1 survivors (2048K)
 Metaspace       used 82293K, committed 83008K, reserved 1179648K
  class space    used 11503K, committed 11840K, reserved 1048576K
}
Event: 229.997 GC heap before
{Heap before GC invocations=209 (full 26):
 garbage-first heap   total 524288K, used 184402K [0x0000000701800000, 0x0000000800000000)
  region size 2048K, 40 young (81920K), 1 survivors (2048K)
 Metaspace       used 82294K, committed 83008K, reserved 1179648K
  class space    used 11503K, committed 11840K, reserved 1048576K
}
Event: 229.999 GC heap after
{Heap after GC invocations=210 (full 26):
 garbage-first heap   total 524288K, used 106992K [0x0000000701800000, 0x0000000800000000)
  region size 2048K, 2 young (4096K), 2 survivors (4096K)
 Metaspace       used 82294K, committed 83008K, reserved 1179648K
  class space    used 11503K, committed 11840K, reserved 1048576K
}

Dll operation events (20 events):
Event: 7.251 Loaded shared library D:\Vivado\2023.2\lib\win64.o\librdi_ipservicestasks.dll
Event: 7.252 Loaded shared library D:\Vivado\2023.2\lib\win64.o\librdi_vivadotasks.dll
Event: 7.253 Loaded shared library D:\Vivado\2023.2\lib\win64.o\librdi_board.dll
Event: 7.253 Loaded shared library D:\Vivado\2023.2\lib\win64.o\librdi_boarddep.dll
Event: 7.254 Loaded shared library D:\Vivado\2023.2\lib\win64.o\librdi_boardcommontasks.dll
Event: 7.255 Loaded shared library D:\Vivado\2023.2\lib\win64.o\librdi_ptgen.dll
Event: 7.255 Loaded shared library D:\Vivado\2023.2\lib\win64.o\librdi_ip.dll
Event: 7.256 Loaded shared library D:\Vivado\2023.2\lib\win64.o\librdi_mig.dll
Event: 7.257 Loaded shared library D:\Vivado\2023.2\lib\win64.o\librdi_implflow.dll
Event: 7.258 Loaded shared library D:\Vivado\2023.2\lib\win64.o\librdi_xhubtasks.dll
Event: 7.337 Loaded shared library D:\Vivado\2023.2\lib\win64.o\librdi_iptasks.dll
Event: 7.338 Loaded shared library D:\Vivado\2023.2\lib\win64.o\librdi_synth.dll
Event: 8.660 Loaded shared library D:\Vivado\2023.2\tps\win64\jre17.0.7_7\bin\verify.dll
Event: 8.965 Loaded shared library D:\Vivado\2023.2\tps\win64\jre17.0.7_7\bin\javajpeg.dll
Event: 9.003 Loaded shared library D:\Vivado\2023.2\tps\win64\jre17.0.7_7\bin\lcms.dll
Event: 9.428 Loaded shared library D:\Vivado\2023.2\tps\win64\jre17.0.7_7\bin\freetype.dll
Event: 9.464 Loaded shared library D:\Vivado\2023.2\tps\win64\jre17.0.7_7\bin\fontmanager.dll
Event: 16.006 Loaded shared library D:\Vivado\2023.2\lib\win64.o\librdi_xhub.dll
Event: 22.070 Loaded shared library D:\Vivado\2023.2\tps\win64\jre17.0.7_7\bin\management.dll
Event: 22.114 Loaded shared library D:\Vivado\2023.2\tps\win64\jre17.0.7_7\bin\management_ext.dll

Deoptimization events (20 events):
Event: 182.360 Thread 0x0000023d194e1510 DEOPT PACKING pc=0x0000023d007fd84c sp=0x00000089246fce80
Event: 182.360 Thread 0x0000023d194e1510 DEOPT UNPACKING pc=0x0000023d07587143 sp=0x00000089246fc388 mode 0
Event: 186.244 Thread 0x0000023d194e1510 Uncommon trap: trap_request=0xffffff45 fr.pc=0x0000023d08411ad4 relative=0x0000000000000434
Event: 186.244 Thread 0x0000023d194e1510 Uncommon trap: reason=unstable_if action=reinterpret pc=0x0000023d08411ad4 method=com.jidesoft.editor.SyntaxDocument.getLineStartOffset(I)I @ 20 c2
Event: 186.244 Thread 0x0000023d194e1510 DEOPT PACKING pc=0x0000023d08411ad4 sp=0x00000089246fc920
Event: 186.244 Thread 0x0000023d194e1510 DEOPT UNPACKING pc=0x0000023d075869a3 sp=0x00000089246fc7c0 mode 2
Event: 186.247 Thread 0x0000023d194e1510 Uncommon trap: trap_request=0xffffff45 fr.pc=0x0000023d0843de60 relative=0x0000000000000800
Event: 186.247 Thread 0x0000023d194e1510 Uncommon trap: reason=unstable_if action=reinterpret pc=0x0000023d0843de60 method=javax.swing.text.GapContent.shiftGap(I)V @ 33 c2
Event: 186.247 Thread 0x0000023d194e1510 DEOPT PACKING pc=0x0000023d0843de60 sp=0x00000089246fcdb0
Event: 186.247 Thread 0x0000023d194e1510 DEOPT UNPACKING pc=0x0000023d075869a3 sp=0x00000089246fcd48 mode 2
Event: 200.016 Thread 0x0000023d194e1510 DEOPT PACKING pc=0x0000023d01b4a8b8 sp=0x00000089246fcec0
Event: 200.016 Thread 0x0000023d194e1510 DEOPT UNPACKING pc=0x0000023d07587143 sp=0x00000089246fc3c0 mode 0
Event: 200.022 Thread 0x0000023d194e1510 DEOPT PACKING pc=0x0000023d01b4a8b8 sp=0x00000089246fce50
Event: 200.022 Thread 0x0000023d194e1510 DEOPT UNPACKING pc=0x0000023d07587143 sp=0x00000089246fc350 mode 0
Event: 201.836 Thread 0x0000023d194e1510 DEOPT PACKING pc=0x0000023d00695242 sp=0x00000089246fcea0
Event: 201.836 Thread 0x0000023d194e1510 DEOPT UNPACKING pc=0x0000023d07587143 sp=0x00000089246fc338 mode 0
Event: 209.221 Thread 0x0000023d70549560 DEOPT PACKING pc=0x0000023d00590243 sp=0x000000891cbff140
Event: 209.221 Thread 0x0000023d70549560 DEOPT UNPACKING pc=0x0000023d07587143 sp=0x000000891cbfe628 mode 0
Event: 216.921 Thread 0x0000023d194e1510 DEOPT PACKING pc=0x0000023d01b4c60e sp=0x00000089246fcf90
Event: 216.922 Thread 0x0000023d194e1510 DEOPT UNPACKING pc=0x0000023d07587143 sp=0x00000089246fc450 mode 0

Classes unloaded (0 events):
No events

Classes redefined (0 events):
No events

Internal exceptions (20 events):
Event: 132.774 Thread 0x0000023d194e1510 Exception <a 'java/io/FileNotFoundException'{0x00000007206a89b0}> (0x00000007206a89b0) 
thrown [s\src\hotspot\share\prims\jni.cpp, line 516]
Event: 137.775 Thread 0x0000023d194e1510 Exception <a 'java/io/FileNotFoundException'{0x000000072067eec8}> (0x000000072067eec8) 
thrown [s\src\hotspot\share\prims\jni.cpp, line 516]
Event: 142.775 Thread 0x0000023d194e1510 Exception <a 'java/io/FileNotFoundException'{0x0000000720685d70}> (0x0000000720685d70) 
thrown [s\src\hotspot\share\prims\jni.cpp, line 516]
Event: 147.777 Thread 0x0000023d194e1510 Exception <a 'java/io/FileNotFoundException'{0x000000072f694858}> (0x000000072f694858) 
thrown [s\src\hotspot\share\prims\jni.cpp, line 516]
Event: 152.778 Thread 0x0000023d194e1510 Exception <a 'java/io/FileNotFoundException'{0x00000007204b6ff8}> (0x00000007204b6ff8) 
thrown [s\src\hotspot\share\prims\jni.cpp, line 516]
Event: 157.823 Thread 0x0000023d194e1510 Exception <a 'java/io/FileNotFoundException'{0x0000000720955858}> (0x0000000720955858) 
thrown [s\src\hotspot\share\prims\jni.cpp, line 516]
Event: 162.929 Thread 0x0000023d194e1510 Exception <a 'java/io/FileNotFoundException'{0x000000072e323188}> (0x000000072e323188) 
thrown [s\src\hotspot\share\prims\jni.cpp, line 516]
Event: 167.780 Thread 0x0000023d194e1510 Exception <a 'java/io/FileNotFoundException'{0x00000007206ee7f8}> (0x00000007206ee7f8) 
thrown [s\src\hotspot\share\prims\jni.cpp, line 516]
Event: 172.942 Thread 0x0000023d194e1510 Exception <a 'java/io/FileNotFoundException'{0x000000071d376900}> (0x000000071d376900) 
thrown [s\src\hotspot\share\prims\jni.cpp, line 516]
Event: 177.849 Thread 0x0000023d194e1510 Exception <a 'java/io/FileNotFoundException'{0x00000007217c1b68}> (0x00000007217c1b68) 
thrown [s\src\hotspot\share\prims\jni.cpp, line 516]
Event: 183.468 Thread 0x0000023d194e1510 Exception <a 'java/io/FileNotFoundException'{0x00000007217827e0}> (0x00000007217827e0) 
thrown [s\src\hotspot\share\prims\jni.cpp, line 516]
Event: 187.794 Thread 0x0000023d194e1510 Exception <a 'java/io/FileNotFoundException'{0x000000071eaf0a40}> (0x000000071eaf0a40) 
thrown [s\src\hotspot\share\prims\jni.cpp, line 516]
Event: 193.282 Thread 0x0000023d194e1510 Exception <a 'java/io/FileNotFoundException'{0x000000071e9860f8}> (0x000000071e9860f8) 
thrown [s\src\hotspot\share\prims\jni.cpp, line 516]
Event: 198.082 Thread 0x0000023d194e1510 Exception <a 'java/io/FileNotFoundException'{0x000000071fcfa300}> (0x000000071fcfa300) 
thrown [s\src\hotspot\share\prims\jni.cpp, line 516]
Event: 203.111 Thread 0x0000023d194e1510 Exception <a 'java/io/FileNotFoundException'{0x000000071e1c1d48}> (0x000000071e1c1d48) 
thrown [s\src\hotspot\share\prims\jni.cpp, line 516]
Event: 208.347 Thread 0x0000023d194e1510 Exception <a 'java/io/FileNotFoundException'{0x00000007201d0cd8}> (0x00000007201d0cd8) 
thrown [s\src\hotspot\share\prims\jni.cpp, line 516]
Event: 212.801 Thread 0x0000023d194e1510 Exception <a 'java/io/FileNotFoundException'{0x00000007214da918}> (0x00000007214da918) 
thrown [s\src\hotspot\share\prims\jni.cpp, line 516]
Event: 217.959 Thread 0x0000023d194e1510 Exception <a 'java/io/FileNotFoundException'{0x0000000720b608f0}> (0x0000000720b608f0) 
thrown [s\src\hotspot\share\prims\jni.cpp, line 516]
Event: 223.134 Thread 0x0000023d194e1510 Exception <a 'java/io/FileNotFoundException'{0x000000071e362e10}> (0x000000071e362e10) 
thrown [s\src\hotspot\share\prims\jni.cpp, line 516]
Event: 228.071 Thread 0x0000023d194e1510 Exception <a 'java/io/FileNotFoundException'{0x000000072112c810}> (0x000000072112c810) 
thrown [s\src\hotspot\share\prims\jni.cpp, line 516]

VM Operations (20 events):
Event: 227.250 Executing VM operation: G1CollectForAllocation
Event: 227.251 Executing VM operation: G1CollectForAllocation done
Event: 227.453 Executing VM operation: G1CollectForAllocation
Event: 227.454 Executing VM operation: G1CollectForAllocation done
Event: 227.655 Executing VM operation: G1CollectForAllocation
Event: 227.657 Executing VM operation: G1CollectForAllocation done
Event: 227.855 Executing VM operation: G1CollectForAllocation
Event: 227.856 Executing VM operation: G1CollectForAllocation done
Event: 228.049 Executing VM operation: G1CollectForAllocation
Event: 228.050 Executing VM operation: G1CollectForAllocation done
Event: 228.950 Executing VM operation: G1CollectForAllocation
Event: 228.952 Executing VM operation: G1CollectForAllocation done
Event: 229.141 Executing VM operation: G1CollectForAllocation
Event: 229.143 Executing VM operation: G1CollectForAllocation done
Event: 229.332 Executing VM operation: G1CollectForAllocation
Event: 229.333 Executing VM operation: G1CollectForAllocation done
Event: 229.525 Executing VM operation: G1CollectForAllocation
Event: 229.526 Executing VM operation: G1CollectForAllocation done
Event: 229.997 Executing VM operation: G1CollectForAllocation
Event: 230.000 Executing VM operation: G1CollectForAllocation done

Events (20 events):
Event: 224.346 Thread 0x0000023d394c10d0 Thread added: 0x0000023d394c10d0
Event: 224.352 Thread 0x0000023d394c10d0 Thread exited: 0x0000023d394c10d0
Event: 224.855 Thread 0x0000023d394c10d0 Thread added: 0x0000023d394c10d0
Event: 224.860 Thread 0x0000023d394c10d0 Thread exited: 0x0000023d394c10d0
Event: 226.524 Thread 0x0000023d394c10d0 Thread added: 0x0000023d394c10d0
Event: 226.525 Thread 0x0000023d394be0b0 Thread added: 0x0000023d394be0b0
Event: 226.529 Thread 0x0000023d394c1f40 Thread added: 0x0000023d394c1f40
Event: 226.529 Thread 0x0000023d394c10d0 Thread exited: 0x0000023d394c10d0
Event: 226.535 Thread 0x0000023d394c10d0 Thread added: 0x0000023d394c10d0
Event: 226.541 Thread 0x0000023d394c1f40 Thread exited: 0x0000023d394c1f40
Event: 226.553 Thread 0x0000023d394c10d0 Thread exited: 0x0000023d394c10d0
Event: 226.622 Thread 0x0000023d394be0b0 Thread exited: 0x0000023d394be0b0
Event: 227.588 Thread 0x0000023d394bea50 Thread added: 0x0000023d394bea50
Event: 227.593 Thread 0x0000023d394bea50 Thread exited: 0x0000023d394bea50
Event: 228.071 Thread 0x0000023d394bea50 Thread added: 0x0000023d394bea50
Event: 228.077 Thread 0x0000023d394bea50 Thread exited: 0x0000023d394bea50
Event: 229.240 Thread 0x0000023d394c10d0 Thread added: 0x0000023d394c10d0
Event: 229.246 Thread 0x0000023d394c10d0 Thread exited: 0x0000023d394c10d0
Event: 229.717 Thread 0x0000023d394be0b0 Thread added: 0x0000023d394be0b0
Event: 229.722 Thread 0x0000023d394be0b0 Thread exited: 0x0000023d394be0b0


Dynamic libraries:
0x00007ff77bf40000 - 0x00007ff77bf71000 	D:\Vivado\2023.2\bin\unwrapped\win64.o\vivado.exe
0x00007ffa5b040000 - 0x00007ffa5b2a6000 	C:\WINDOWS\SYSTEM32\ntdll.dll
0x00007ffa58e00000 - 0x00007ffa58ec9000 	C:\WINDOWS\System32\KERNEL32.DLL
0x00007ffa586b0000 - 0x00007ffa58a7c000 	C:\WINDOWS\System32\KERNELBASE.dll
0x00007ffa58270000 - 0x00007ffa583bb000 	C:\WINDOWS\System32\ucrtbase.dll
0x00007ffa41ee0000 - 0x00007ffa41f6d000 	C:\WINDOWS\SYSTEM32\MSVCP140.dll
0x00007ffa41f80000 - 0x00007ffa41f9e000 	C:\WINDOWS\SYSTEM32\VCRUNTIME140.dll
0x00007ffa41f70000 - 0x00007ffa41f7c000 	C:\WINDOWS\SYSTEM32\VCRUNTIME140_1.dll
0x00007ffa41970000 - 0x00007ffa4198c000 	D:\Vivado\2023.2\lib\win64.o\librdi_commonmain.dll
0x00007ffa404c0000 - 0x00007ffa404e1000 	D:\Vivado\2023.2\lib\win64.o\libboost_filesystem.dll
0x00007ffa59f70000 - 0x00007ffa5a022000 	C:\WINDOWS\System32\ADVAPI32.dll
0x00007ffa59100000 - 0x00007ffa591a9000 	C:\WINDOWS\System32\msvcrt.dll
0x00007ffa59050000 - 0x00007ffa590f6000 	C:\WINDOWS\System32\sechost.dll
0x00007ffa58ed0000 - 0x00007ffa58fe6000 	C:\WINDOWS\System32\RPCRT4.dll
0x00007ffa1f1e0000 - 0x00007ffa1f610000 	D:\Vivado\2023.2\lib\win64.o\python38.dll
0x00007ffa5a600000 - 0x00007ffa5a669000 	C:\WINDOWS\System32\SHLWAPI.dll
0x00007ffa5a380000 - 0x00007ffa5a3f4000 	C:\WINDOWS\System32\WS2_32.dll
0x00007ffa0cce0000 - 0x00007ffa0e38a000 	D:\Vivado\2023.2\lib\win64.o\librdi_common.dll
0x00007ffa59b30000 - 0x00007ffa59cfa000 	C:\WINDOWS\System32\USER32.dll
0x00007ffa58470000 - 0x00007ffa58497000 	C:\WINDOWS\System32\win32u.dll
0x00007ffa591b0000 - 0x00007ffa591db000 	C:\WINDOWS\System32\GDI32.dll
0x00007ffa58cc0000 - 0x00007ffa58df2000 	C:\WINDOWS\System32\gdi32full.dll
0x00007ffa583c0000 - 0x00007ffa58463000 	C:\WINDOWS\System32\msvcp_win.dll
0x00007ffa59400000 - 0x00007ffa59b2d000 	C:\WINDOWS\System32\SHELL32.dll
0x00007ffa58a80000 - 0x00007ffa58bf4000 	C:\WINDOWS\System32\wintypes.dll
0x00007ffa5a670000 - 0x00007ffa5a9f4000 	C:\WINDOWS\System32\combase.dll
0x00007ffa58620000 - 0x00007ffa586a0000 	C:\WINDOWS\System32\WINTRUST.dll
0x00007ffa4f370000 - 0x00007ffa4f379000 	D:\Vivado\2023.2\lib\win64.o\librdi_commonversion.dll
0x00007ffa515d0000 - 0x00007ffa515db000 	C:\WINDOWS\SYSTEM32\VERSION.dll
0x00007ffa16d60000 - 0x00007ffa16f16000 	D:\Vivado\2023.2\lib\win64.o\librdi_commonxillic.dll
0x00007ffa154a0000 - 0x00007ffa1580e000 	D:\Vivado\2023.2\lib\win64.o\libCOIN-all.dll
0x00007ffa41950000 - 0x00007ffa41961000 	D:\Vivado\2023.2\lib\win64.o\libboost_date_time.dll
0x0000000076280000 - 0x00000000763ac000 	D:\Vivado\2023.2\lib\win64.o\tcl85t.dll
0x00007ffa41220000 - 0x00007ffa4123c000 	D:\Vivado\2023.2\lib\win64.o\libboost_thread.dll
0x00007ffa2f440000 - 0x00007ffa2f4b9000 	D:\Vivado\2023.2\lib\win64.o\libboost_program_options.dll
0x00007ffa1d750000 - 0x00007ffa1d864000 	D:\Vivado\2023.2\lib\win64.o\libboost_regex.dll
0x00007ffa46af0000 - 0x00007ffa46afc000 	D:\Vivado\2023.2\lib\win64.o\libboost_xilinx.dll
0x00007ffa2f3b0000 - 0x00007ffa2f432000 	D:\Vivado\2023.2\lib\win64.o\libhdlpsolve.dll
0x00007ffa1d200000 - 0x00007ffa1d2a5000 	D:\Vivado\2023.2\lib\win64.o\libhdxml.dll
0x00007ffa2ef30000 - 0x00007ffa2ef95000 	D:\Vivado\2023.2\lib\win64.o\liblmx6.0.dll
0x00007ffa40490000 - 0x00007ffa404ba000 	D:\Vivado\2023.2\lib\win64.o\libisl_sysinfo.dll
0x00007ffa3d6c0000 - 0x00007ffa3d6dc000 	D:\Vivado\2023.2\lib\win64.o\librdiconfig.dll
0x00007ffa3b410000 - 0x00007ffa3b42a000 	D:\Vivado\2023.2\lib\win64.o\pthreadVC2.dll
0x00007ffa3b3e0000 - 0x00007ffa3b401000 	D:\Vivado\2023.2\lib\win64.o\librdizlib.dll
0x00007ffa45620000 - 0x00007ffa4563a000 	C:\WINDOWS\SYSTEM32\NETAPI32.dll
0x00007ffa42a90000 - 0x00007ffa42d13000 	C:\WINDOWS\SYSTEM32\WININET.dll
0x00007ffa508a0000 - 0x00007ffa509be000 	C:\WINDOWS\SYSTEM32\WINHTTP.dll
0x00007ffa46870000 - 0x00007ffa46a4c000 	C:\WINDOWS\SYSTEM32\urlmon.dll
0x00007ffa141f0000 - 0x00007ffa144b1000 	D:\Vivado\2023.2\lib\win64.o\xerces-c_3_2.dll
0x00007ffa3e370000 - 0x00007ffa3e37a000 	C:\WINDOWS\SYSTEM32\WSOCK32.dll
0x00007ffa3b310000 - 0x00007ffa3b340000 	C:\WINDOWS\SYSTEM32\VCOMP140.DLL
0x00007ffa580b0000 - 0x00007ffa580d6000 	C:\WINDOWS\SYSTEM32\bcrypt.dll
0x00007ffa09a40000 - 0x00007ffa0b957000 	D:\Vivado\2023.2\lib\win64.o\gurobi90.dll
0x00007ffa584a0000 - 0x00007ffa58617000 	C:\WINDOWS\System32\CRYPT32.dll
0x00007ffa5af80000 - 0x00007ffa5aff4000 	C:\WINDOWS\System32\WLDAP32.dll
0x00007ffa59f60000 - 0x00007ffa59f68000 	C:\WINDOWS\System32\Normaliz.dll
0x00007ffa0c9b0000 - 0x00007ffa0ccdd000 	D:\Vivado\2023.2\lib\win64.o\libXil_lmgr11.dll
0x00007ffa5a500000 - 0x00007ffa5a5f4000 	C:\WINDOWS\System32\COMDLG32.dll
0x00007ffa5a400000 - 0x00007ffa5a4ef000 	C:\WINDOWS\System32\shcore.dll
0x00007ffa5aa00000 - 0x00007ffa5aae0000 	C:\WINDOWS\System32\OLEAUT32.dll
0x00007ffa59d20000 - 0x00007ffa59ebf000 	C:\WINDOWS\System32\ole32.dll
0x00007ffa46110000 - 0x00007ffa463da000 	C:\WINDOWS\SYSTEM32\iertutil.dll
0x00007ffa55e20000 - 0x00007ffa56676000 	C:\WINDOWS\SYSTEM32\windows.storage.dll
0x00007ffa2b420000 - 0x00007ffa2b4d4000 	C:\WINDOWS\WinSxS\amd64_microsoft.windows.common-controls_6595b64144ccf1df_5.82.26100.1882_none_87f34cef7a28f535\COMCTL32.dll
0x00007ffa503b0000 - 0x00007ffa503d5000 	C:\WINDOWS\SYSTEM32\dhcpcsvc.DLL
0x00007ffa57610000 - 0x00007ffa5763b000 	C:\WINDOWS\SYSTEM32\USERENV.dll
0x00007ffa45f80000 - 0x00007ffa45fa9000 	C:\WINDOWS\SYSTEM32\srvcli.dll
0x00007ffa56960000 - 0x00007ffa5696d000 	C:\WINDOWS\SYSTEM32\netutils.dll
0x00007ffa04e40000 - 0x00007ffa05e64600 	D:\Vivado\2023.2\lib\win64.o\libisl_iostreams.dll
0x00007ffa574e0000 - 0x00007ffa5754a000 	C:\WINDOWS\SYSTEM32\MSWSOCK.DLL
0x00007ffa38390000 - 0x00007ffa383a8000 	D:\Vivado\2023.2\lib\win64.o\libboost_iostreams.dll
0x00007ffa37c90000 - 0x00007ffa37cb4000 	D:\Vivado\2023.2\lib\win64.o\libisl_iosutils.dll
0x00007ffa592a0000 - 0x00007ffa592d0000 	C:\WINDOWS\System32\IMM32.DLL
0x00007ffa579e0000 - 0x00007ffa579f3000 	C:\WINDOWS\SYSTEM32\MSASN1.dll
0x00007ffa57850000 - 0x00007ffa5786c000 	C:\WINDOWS\SYSTEM32\CRYPTSP.dll
0x00007ffa56ec0000 - 0x00007ffa56efa000 	C:\WINDOWS\system32\rsaenh.dll
0x00007ffa57870000 - 0x00007ffa5787c000 	C:\WINDOWS\SYSTEM32\CRYPTBASE.dll
0x00007ffa581d0000 - 0x00007ffa58269000 	C:\WINDOWS\System32\bcryptPrimitives.dll
0x00007ffa59270000 - 0x00007ffa59290000 	C:\WINDOWS\System32\imagehlp.dll
0x00007ffa56f60000 - 0x00007ffa56f7a000 	C:\WINDOWS\SYSTEM32\kernel.appcore.dll
0x00007ffa575c0000 - 0x00007ffa575e7000 	C:\WINDOWS\SYSTEM32\gpapi.dll
0x00007ffa0c460000 - 0x00007ffa0c9ad000 	D:\Vivado\2023.2\lib\win64.o\librdi_commontasks.dll
0x00007ffa03ca0000 - 0x00007ffa048e8000 	D:\Vivado\2023.2\tps\win64\jre17.0.7_7\bin\server\jvm.dll
0x00007ffa44020000 - 0x00007ffa44056000 	C:\WINDOWS\SYSTEM32\WINMM.dll
0x00007ffa0c130000 - 0x00007ffa0c45b800 	D:\Vivado\2023.2\lib\win64.o\librdi_sio.dll
0x00007ffa56970000 - 0x00007ffa569a3000 	C:\WINDOWS\SYSTEM32\IPHLPAPI.DLL
0x00007ffa4fa80000 - 0x00007ffa4fabb000 	C:\Windows\System32\cryptnet.dll
0x00007ffa580e0000 - 0x00007ffa5810f000 	C:\WINDOWS\SYSTEM32\profapi.dll
0x00007ffa55150000 - 0x00007ffa5515e000 	C:\WINDOWS\SYSTEM32\WINNSI.DLL
0x00007ffa59340000 - 0x00007ffa5934a000 	C:\WINDOWS\System32\NSI.dll
0x00007ffa57210000 - 0x00007ffa57258000 	C:\WINDOWS\SYSTEM32\SspiCli.dll
0x00007ffa41bd0000 - 0x00007ffa41be8000 	C:\WINDOWS\system32\napinsp.dll
0x00007ffa56a00000 - 0x00007ffa56b27000 	C:\WINDOWS\SYSTEM32\DNSAPI.dll
0x00007ffa41860000 - 0x00007ffa41872000 	C:\WINDOWS\System32\winrnr.dll
0x00007ffa3a880000 - 0x00007ffa3a8b0000 	C:\WINDOWS\system32\nlansp_c.dll
0x00007ffa50190000 - 0x00007ffa501a6000 	C:\WINDOWS\system32\wshbth.dll
0x00007ff9e81c0000 - 0x00007ff9eaf86000 	D:\Vivado\2023.2\lib\win64.o\librdi_tcltasks.dll
0x00007ffa1cf90000 - 0x00007ffa1d013000 	D:\Vivado\2023.2\lib\win64.o\librdi_boarddep.dll
0x00007ffa16b60000 - 0x00007ffa16d60000 	D:\Vivado\2023.2\lib\win64.o\librdi_board.dll
0x00007ffa09550000 - 0x00007ffa09a31000 	D:\Vivado\2023.2\lib\win64.o\librdi_bitstream.dll
0x00007ffa1a200000 - 0x00007ffa1a32a000 	D:\Vivado\2023.2\lib\win64.o\librdi_chipscope.dll
0x00007ffa09340000 - 0x00007ffa09547000 	D:\Vivado\2023.2\lib\win64.o\librdi_chipscopeimpl.dll
0x00007ffa18830000 - 0x00007ffa1899e000 	D:\Vivado\2023.2\lib\win64.o\librdi_containers.dll
0x00007ff9e63b0000 - 0x00007ff9e81b7000 	D:\Vivado\2023.2\lib\win64.o\librdi_designutils.dll
0x00007ffa08fa0000 - 0x00007ffa0933f000 	D:\Vivado\2023.2\lib\win64.o\librdi_dlyest.dll
0x00007ff9e3cb0000 - 0x00007ff9e63a5000 	D:\Vivado\2023.2\lib\win64.o\librdi_constraints.dll
0x00007ffa03560000 - 0x00007ffa03c96000 	D:\Vivado\2023.2\lib\win64.o\librdi_drc.dll
0x00007ffa19a60000 - 0x00007ffa19b14000 	D:\Vivado\2023.2\lib\win64.o\librdi_dsp.dll
0x00007ff9e26a0000 - 0x00007ff9e3ca3000 	D:\Vivado\2023.2\lib\win64.o\librdi_device.dll
0x00007ffa1f170000 - 0x00007ffa1f1db000 	D:\Vivado\2023.2\lib\win64.o\librdi_hdf.dll
0x00007ffa04b50000 - 0x00007ffa04e34000 	D:\Vivado\2023.2\lib\win64.o\librdi_hip_devdesign.dll
0x00007ffa02da0000 - 0x00007ffa0355f000 	D:\Vivado\2023.2\lib\win64.o\librdi_filemgmt.dll
0x00007ff9dff60000 - 0x00007ff9e2696000 	D:\Vivado\2023.2\lib\win64.o\librdi_coregen.dll
0x00007ffa181c0000 - 0x00007ffa18308000 	D:\Vivado\2023.2\lib\win64.o\librdi_hip_perf_analysis.dll
0x00007ff9ffa90000 - 0x00007ffa00940000 	D:\Vivado\2023.2\lib\win64.o\librdi_ippcw.dll
0x00007ffa02500000 - 0x00007ffa02d9a000 	D:\Vivado\2023.2\lib\win64.o\librdi_lopt.dll
0x00007ff9dee10000 - 0x00007ff9dff53000 	D:\Vivado\2023.2\lib\win64.o\librdi_implflow.dll
0x00007ffa01830000 - 0x00007ffa01e86000 	D:\Vivado\2023.2\lib\win64.o\librdi_memdata.dll
0x00007ffa191c0000 - 0x00007ffa1923d000 	D:\Vivado\2023.2\lib\win64.o\librdi_memoryarray.dll
0x00007ffa18e90000 - 0x00007ffa18f02000 	D:\Vivado\2023.2\lib\win64.o\librdi_noc_frameworks.dll
0x00007ff9fb520000 - 0x00007ff9fbd24000 	D:\Vivado\2023.2\lib\win64.o\librdi_netlist.dll
0x00007ff9dc3c0000 - 0x00007ff9dee01000 	D:\Vivado\2023.2\lib\win64.o\librdi_mig.dll
0x00007ffa1e5c0000 - 0x00007ffa1e61c000 	D:\Vivado\2023.2\lib\win64.o\librdi_pfi.dll
0x00007ff9dbac0000 - 0x00007ff9dc3b2000 	D:\Vivado\2023.2\lib\win64.o\librdi_power.dll
0x00007ffa00de0000 - 0x00007ffa0125e000 	D:\Vivado\2023.2\lib\win64.o\librdi_platform.dll
0x00007ff9ab580000 - 0x00007ff9ae43c000 	D:\Vivado\2023.2\lib\win64.o\librdi_place.dll
0x00007ff9db230000 - 0x00007ff9dbabb000 	D:\Vivado\2023.2\lib\win64.o\librdi_project.dll
0x00007ff9f22c0000 - 0x00007ff9f2a37000 	D:\Vivado\2023.2\lib\win64.o\librdi_psta.dll

dbghelp: loaded successfully - version: 4.0.5 - missing functions: none
symbol engine: initialized successfully - sym options: 0x614 - pdb path: .;D:\Vivado\2023.2\bin\unwrapped\win64.o;C:\WINDOWS\SYSTEM32;D:\Vivado\2023.2\lib\win64.o;C:\WINDOWS\WinSxS\amd64_microsoft.windows.common-controls_6595b64144ccf1df_5.82.26100.1882_none_87f34cef7a28f535;D:\Vivado\2023.2\tps\win64\jre17.0.7_7\bin\server;D:\Vivado\2023.2\tps\win64\jre17.0.7_7\bin;C:\WINDOWS\WinSxS\amd64_microsoft.windows.common-controls_6595b64144ccf1df_6.0.26100.3912_none_3e07963ce335137e

VM Arguments:
jvm_args: -Dsun.java2d.pmoffscreen=false -Dhttps.protocols=TLSv1,TLSv1.1,TLSv1.2 -Dsun.java2d.xrender=false -Dsun.java2d.d3d=false -Dsun.awt.nopixfmt=true -Dsun.java2d.dpiaware=true -Dsun.java2d.uiScale.enabled=false -Dswing.aatext=true -XX:-UsePerfData -Djdk.map.althashing.threshold=512 -XX:StringTableSize=4072 -XX:+UseStringDeduplication -XX:MaxGCPauseMillis=200 -XX:+ParallelRefProcEnabled --add-opens=java.desktop/javax.swing.plaf.synth=ALL-UNNAMED --add-opens=java.base/java.nio=ALL-UNNAMED --add-opens=java.desktop/sun.swing=ALL-UNNAMED --add-opens=java.desktop/javax.swing=ALL-UNNAMED --add-opens=java.desktop/javax.swing.tree=ALL-UNNAMED --add-opens=java.desktop/javax.swing.plaf.basic=ALL-UNNAMED --add-opens=java.desktop/javax.swing.plaf.synth=ALL-UNNAMED --add-opens=java.desktop/javax.swing.plaf.basic=ALL-UNNAMED --add-opens=java.desktop/javax.swing=ALL-UNNAMED --add-opens=java.desktop/javax.swing.tree=ALL-UNNAMED --add-opens=java.desktop/java.awt.event=ALL-UNNAMED --add-exports=java.desktop/javax.swing.plaf.synth=ALL-UNNAMED --add-exports=java.base/java.nio=ALL-UNNAMED --add-exports=java.desktop/sun.swing=ALL-UNNAMED --add-exports=java.desktop/javax.swing=ALL-UNNAMED --add-exports=java.desktop/javax.swing.tree=ALL-UNNAMED --add-exports=java.desktop/javax.swing.plaf.basic=ALL-UNNAMED --add-exports=java.desktop/sun.swing=ALL-UNNAMED --add-exports=java.desktop/sun.swing.table=ALL-UNNAMED --add-exports=java.desktop/sun.swing.plaf.synth=ALL-UNNAMED --add-exports=java.desktop/sun.awt.shell=ALL-UNNAMED --add-exports=java.base/sun.security.action=ALL-UNNAMED --add-exports=java.desktop/sun.font=ALL-UNNAMED -XX:NewSize=80m -XX:MaxNewSize=80m -Xms512m -Xmx4072m -Xss10m 
java_command: <unknown>
java_class_path (initial): D:/Vivado/2023.2\lib\classes\alloy.jar;D:/Vivado/2023.2\lib\classes\asm-9.3.jar;D:/Vivado/2023.2\lib\classes\asm-analysis-9.3.jar;D:/Vivado/2023.2\lib\classes\asm-commons-9.3.jar;D:/Vivado/2023.2\lib\classes\asm-tree-9.3.jar;D:/Vivado/2023.2\lib\classes\autoesl-models.jar;D:/Vivado/2023.2\lib\classes\batik-anim.jar;D:/Vivado/2023.2\lib\classes\batik-awt-util.jar;D:/Vivado/2023.2\lib\classes\batik-bridge.jar;D:/Vivado/2023.2\lib\classes\batik-codec.jar;D:/Vivado/2023.2\lib\classes\batik-constants.jar;D:/Vivado/2023.2\lib\classes\batik-css.jar;D:/Vivado/2023.2\lib\classes\batik-dom.jar;D:/Vivado/2023.2\lib\classes\batik-ext.jar;D:/Vivado/2023.2\lib\classes\batik-gui-util.jar;D:/Vivado/2023.2\lib\classes\batik-gvt.jar;D:/Vivado/2023.2\lib\classes\batik-i18n.jar;D:/Vivado/2023.2\lib\classes\batik-parser.jar;D:/Vivado/2023.2\lib\classes\batik-script.jar;D:/Vivado/2023.2\lib\classes\batik-svg-dom.jar;D:/Vivado/2023.2\lib\classes\batik-svggen.jar;D:/Vivado/2023.2\lib\classes\batik-swing.jar;D:/Vivado/2023.2\lib\classes\batik-transcoder.jar;D:/Vivado/2023.2\lib\classes\batik-util.jar;D:/Vivado/2023.2\lib\classes\batik-xml.jar;D:/Vivado/2023.2\lib\classes\com.fasterxml.jackson.core.jackson-annotations_2.12.1.v20210128-1726.jar;D:/Vivado/2023.2\lib\classes\com.fasterxml.jackson.core.jackson-core_2.12.1.v20210128-1726.jar;D:/Vivado/2023.2\lib\classes\com.fasterxml.jackson.core.jackson-databind_2.12.1.v20210128-1726.jar;D:/Vivado/2023.2\lib\classes\com.google.gson_2.8.9.v20220111-1409.jar;D:/Vivado/2023.2\lib\classes\com.google.guava_30.1.0.v20210127-2300.jar;D:/Vivado/2023.2\lib\classes\com.sigasi.hdt.connection_4.17.2.202304211001.jar;D:/Vivado/2023.2\lib\classes\com.sigasi.hdt.epl_4.17.2.202304211001.jar;D:/Vivado/2023.2\lib\classes\com.sigasi.hdt.project_4.17.2.202304211001.jar;D:/Vivado/2023.2\lib\classes\com.sigasi.hdt.readonlyfilesystem_4.17.2.202304211001.jar;D:/Vivado/2023.2\lib\classes\com.sigasi.hdt.shared_4.17.2.202304211001.jar;D:/Vivad
Launcher Type: generic

[Global flags]
     intx CICompilerCount                          = 4                                         {product} {ergonomic}
     uint ConcGCThreads                            = 2                                         {product} {ergonomic}
     uint G1ConcRefinementThreads                  = 8                                         {product} {ergonomic}
   size_t G1HeapRegionSize                         = 2097152                                   {product} {ergonomic}
    uintx GCDrainStackTargetSize                   = 64                                        {product} {ergonomic}
   size_t InitialHeapSize                          = 536870912                                 {product} {command line}
   size_t MarkStackSize                            = 4194304                                   {product} {ergonomic}
    uintx MaxGCPauseMillis                         = 200                                       {product} {command line}
   size_t MaxHeapSize                              = 4269801472                                {product} {command line}
   size_t MaxNewSize                               = 83886080                                  {product} {command line}
   size_t MinHeapDeltaBytes                        = 2097152                                   {product} {ergonomic}
   size_t MinHeapSize                              = 536870912                                 {product} {command line}
   size_t NewSize                                  = 83886080                                  {product} {command line}
    uintx NonNMethodCodeHeapSize                   = 5839372                                {pd product} {ergonomic}
    uintx NonProfiledCodeHeapSize                  = 122909434                              {pd product} {ergonomic}
     bool ParallelRefProcEnabled                   = true                                      {product} {command line}
    uintx ProfiledCodeHeapSize                     = 122909434                              {pd product} {ergonomic}
    uintx ReservedCodeCacheSize                    = 251658240                              {pd product} {ergonomic}
     bool SegmentedCodeCache                       = true                                      {product} {ergonomic}
   size_t SoftMaxHeapSize                          = 4269801472                             {manageable} {ergonomic}
    uintx StringTableSize                          = 4072                                      {product} {command line}
     intx ThreadStackSize                          = 10240                                  {pd product} {command line}
     bool UseCompressedClassPointers               = true                           {product lp64_product} {ergonomic}
     bool UseCompressedOops                        = true                           {product lp64_product} {ergonomic}
     bool UseG1GC                                  = true                                      {product} {ergonomic}
     bool UseLargePagesIndividualAllocation        = false                                  {pd product} {ergonomic}
     bool UsePerfData                              = false                                     {product} {command line}
     bool UseStringDeduplication                   = true                                      {product} {command line}

Logging:
Log output configuration:
 #0: stdout all=warning uptime,level,tags
 #1: stderr all=off uptime,level,tags

Environment Variables:
JAVA_HOME=C:\Users\debab\AppData\Local\Programs\Eclipse Adoptium\jdk-17.0.11.9-hotspot\
PATH=D:/Vivado/2023.2/bin;D:/Vivado/2023.2/tps/win64/java-cef-95.0.4638.69/bin/lib/win64;D:/Vivado/2023.2/tps/win64/javafx-sdk-17.0.1/lib;D:/Vivado/2023.2/tps/win64/javafx-sdk-17.0.1/bin;D:/Vivado/2023.2/lib/win64.o;D:/Vivado/2023.2/tps/win64/jre17.0.7_7/bin/server;D:/Vivado/2023.2/tps/win64/jre17.0.7_7/bin;D:/Vivado/2023.2/ids_lite/ISE/bin/nt64;D:/Vivado/2023.2/ids_lite/ISE/lib/nt64;D:/Vitis_HLS/2023.2/bin;C:\Program Files (x86)\Common Files\Oracle\Java\java8path;C:\Program Files (x86)\Common Files\Oracle\Java\javapath;C:\Python312\Scripts\;C:\Python312\;C:\oraclexe\app\oracle\product\11.2.0\server\bin;C:\ProgramData\Oracle\Java\javapath;C:\Windows\system32;C:\Windows;C:\Windows\System32\Wbem;C:\Windows\System32\WindowsPowerShell\v1.0\;C:\Windows\System32\OpenSSH\;C:\Program Files (x86)\NVIDIA Corporation\PhysX\Common;C:\Program Files\NVIDIA Corporation\NVIDIA NvDLISR;C:\Program Files\PuTTY\;C:\Program Files\nodejs\;C:\ProgramData\chocolatey\bin;C:\Program Files\dotnet\;C:\Users\debab\AppData\Local\Programs\Eclipse Adoptium\jdk-17.0.11.9-hotspot\bin;C:\Program Files\MySQL\MySQL Shell 8.0\bin\;C:\Users\debab\AppData\Local\Microsoft\WindowsApps;C:\Users\debab\AppData\Local\Programs\Python\Python310;C:\Users\debab\AppData\Local\Programs\Python\Python310\Scripts;C:\Users\debab\AppData\Local\Programs\Microsoft VS Code\bin;C:\Users\debab\AppData\Roaming\npm;;D:/Vivado/2023.2\tps\mingw\6.2.0\win64.o\nt\bin;D:/Vivado/2023.2\tps\mingw\6.2.0\win64.o\nt\libexec\gcc\x86_64-w64-mingw32\6.2.0;D:/Vivado/2023.2\tps\win64\python-3.8.3;D:/Vivado/2023.2\tps\win64\python-3.8.3\bin;D:/Vivado/2023.2\tps\win64\python-3.8.3\lib;D:/Vivado/2023.2\tps\win64\python-3.8.3\lib\site-packages
USERNAME=debab
OS=Windows_NT
PROCESSOR_IDENTIFIER=Intel64 Family 6 Model 165 Stepping 2, GenuineIntel
TMP=C:\Users\debab\AppData\Local\Temp
TEMP=C:\Users\debab\AppData\Local\Temp



---------------  S Y S T E M  ---------------

OS:
 Windows 11 , 64 bit Build 26100 (10.0.26100.3912)
OS uptime: 1 days 14:05 hours
Hyper-V role detected

CPU: total 8 (initial active 8) (4 cores per cpu, 2 threads per core) family 6 model 165 stepping 2 microcode 0xe2, cx8, cmov, fxsr, ht, mmx, 3dnowpref, sse, sse2, sse3, ssse3, sse4.1, sse4.2, popcnt, lzcnt, tsc, tscinvbit, avx, avx2, aes, erms, clmul, bmi1, bmi2, adx, fma, vzeroupper, clflush, clflushopt, hv

Memory: 4k page, system-wide physical 8023M (836M free)
TotalPageFile size 22316M (AvailPageFile size 1450M)
current process WorkingSet (physical memory assigned to process): 4176M, peak: 4434M
current process commit charge ("private bytes"): 12837M, peak: 12837M

vm_info: OpenJDK 64-Bit Server VM (17.0.7+7) for windows-amd64 JRE (17.0.7+7), built on Apr 18 2023 22:10:42 by "temurin" with MS VC++ 16.7 (VS2019)

END.
