#
# A fatal error has been detected by the Java Runtime Environment:
#
#  EXCEPTION_ACCESS_VIOLATION (0xc0000005) at pc=0x00007ffe38a2d61f, pid=9808, tid=4680
#
# JRE version: OpenJDK Runtime Environment Temurin-17.0.7+7 (17.0.7+7) (build 17.0.7+7)
# Java VM: OpenJDK 64-Bit Server VM Temurin-17.0.7+7 (17.0.7+7, mixed mode, sharing, tiered, compressed oops, compressed class ptrs, g1 gc, windows-amd64)
# Problematic frame:
# C  0x00007ffe38a2d61f
#
# No core dump will be written. Minidumps are not enabled by default on client versions of Windows
#
# If you would like to submit a bug report, please visit:
#   https://github.com/adoptium/adoptium-support/issues
# The crash happened outside the Java Virtual Machine in native code.
# See problematic frame for where to report the bug.
#

---------------  S U M M A R Y ------------

Command Line: -Dsun.java2d.pmoffscreen=false -Dhttps.protocols=TLSv1,TLSv1.1,TLSv1.2 -Dsun.java2d.xrender=false -Dsun.java2d.d3d=false -Dsun.awt.nopixfmt=true -Dsun.java2d.dpiaware=true -Dsun.java2d.uiScale.enabled=false -Dswing.aatext=true -XX:-UsePerfData -Djdk.map.althashing.threshold=512 -XX:StringTableSize=4072 -XX:+UseStringDeduplication -XX:MaxGCPauseMillis=200 -XX:+ParallelRefProcEnabled --add-opens=java.desktop/javax.swing.plaf.synth=ALL-UNNAMED --add-opens=java.base/java.nio=ALL-UNNAMED --add-opens=java.desktop/sun.swing=ALL-UNNAMED --add-opens=java.desktop/javax.swing=ALL-UNNAMED --add-opens=java.desktop/javax.swing.tree=ALL-UNNAMED --add-opens=java.desktop/javax.swing.plaf.basic=ALL-UNNAMED --add-opens=java.desktop/javax.swing.plaf.synth=ALL-UNNAMED --add-opens=java.desktop/javax.swing.plaf.basic=ALL-UNNAMED --add-opens=java.desktop/javax.swing=ALL-UNNAMED --add-opens=java.desktop/javax.swing.tree=ALL-UNNAMED --add-opens=java.desktop/java.awt.event=ALL-UNNAMED --add-exports=java.desktop/javax.swing.plaf.synth=ALL-UNNAMED --add-exports=java.base/java.nio=ALL-UNNAMED --add-exports=java.desktop/sun.swing=ALL-UNNAMED --add-exports=java.desktop/javax.swing=ALL-UNNAMED --add-exports=java.desktop/javax.swing.tree=ALL-UNNAMED --add-exports=java.desktop/javax.swing.plaf.basic=ALL-UNNAMED --add-exports=java.desktop/sun.swing=ALL-UNNAMED --add-exports=java.desktop/sun.swing.table=ALL-UNNAMED --add-exports=java.desktop/sun.swing.plaf.synth=ALL-UNNAMED --add-exports=java.desktop/sun.awt.shell=ALL-UNNAMED --add-exports=java.base/sun.security.action=ALL-UNNAMED --add-exports=java.desktop/sun.font=ALL-UNNAMED -XX:NewSize=80m -XX:MaxNewSize=80m -Xms512m -Xmx4072m -Xss10m 

Host: Intel(R) Core(TM) i5-10300H CPU @ 2.50GHz, 8 cores, 7G,  Windows 11 , 64 bit Build 26100 (10.0.26100.3775)
Time: Fri Apr 11 11:26:21 2025 India Standard Time elapsed time: 7905.618879 seconds (0d 2h 11m 45s)

---------------  T H R E A D  ---------------

Current thread (0x000001ff3c877030):  JavaThread "AWT-EventQueue-0" [_thread_in_native, id=4680, stack(0x0000000cb8f00000,0x0000000cb9900000)]

Stack: [0x0000000cb8f00000,0x0000000cb9900000],  sp=0x0000000cb98fb718,  free space=10221k
Native frames: (J=compiled Java code, j=interpreted, Vv=VM code, C=native code)
C  0x00007ffe38a2d61f

Java frames: (J=compiled Java code, j=interpreted, Vv=VM code)
J 28245  ui.views.waveform.waveformi.WVExecutive_getValueDataSize(J)J (0 bytes) @ 0x000001ff24e7c9e9 [0x000001ff24e7c9a0+0x0000000000000049]
J 28244 c1 ui.views.waveform.executive.a.kYC()Lui/views/waveform/executive/protobuf/WVNameValue$WVValueTreeMessage; (70 bytes) @ 0x000001ff1e076b7c [0x000001ff1e076b00+0x000000000000007c]
J 26951 c1 ui.views.waveform.g.D.laE()[Ljava/lang/String; (53 bytes) @ 0x000001ff1ba3e914 [0x000001ff1ba3e880+0x0000000000000094]
J 24918 c1 ui.views.waveform.g.D.Kp(Z)V (64 bytes) @ 0x000001ff1dbd5264 [0x000001ff1dbd4f40+0x0000000000000324]
J 24917 c1 ui.views.waveform.g.u.Kp(Z)V (36 bytes) @ 0x000001ff1dbd48d4 [0x000001ff1dbd4680+0x0000000000000254]
J 25760 c1 ui.views.waveform.u.aS(ZZ)V (53 bytes) @ 0x000001ff1de7ae6c [0x000001ff1de7a8c0+0x00000000000005ac]
J 20631 c1 ui.views.waveform.d.b.j(Lui/frmwork/a/k;)V (605 bytes) @ 0x000001ff1d74857c [0x000001ff1d7416e0+0x0000000000006e9c]
J 20630 c1 ui.views.waveform.u.handleTclEvent(Lui/frmwork/a/k;)V (17 bytes) @ 0x000001ff1d74049c [0x000001ff1d7403c0+0x00000000000000dc]
J 20226 c2 ui.frmwork.a.m.c(Lui/frmwork/a/k;)V (61 bytes) @ 0x000001ff243f3140 [0x000001ff243f2be0+0x0000000000000560]
J 20228 c2 ui.frmwork.F.i(JZ)V (471 bytes) @ 0x000001ff243f50e8 [0x000001ff243f46c0+0x0000000000000a28]
J 24707 c2 ui.frmwork.F.fireTclEvent(J)I (113 bytes) @ 0x000001ff242f6f58 [0x000001ff242f5140+0x0000000000001e18]
v  ~StubRoutines::call_stub
J 20640  ui.views.waveform.waveformi.WVExecutive_processModelEvent(JJ)V (0 bytes) @ 0x000001ff2448bdec [0x000001ff2448bda0+0x000000000000004c]
J 20926 c1 ui.views.waveform.d.b.fS(J)V (109 bytes) @ 0x000001ff1d82bacc [0x000001ff1d82ba00+0x00000000000000cc]
J 20631 c1 ui.views.waveform.d.b.j(Lui/frmwork/a/k;)V (605 bytes) @ 0x000001ff1d749284 [0x000001ff1d7416e0+0x0000000000007ba4]
J 20630 c1 ui.views.waveform.u.handleTclEvent(Lui/frmwork/a/k;)V (17 bytes) @ 0x000001ff1d74049c [0x000001ff1d7403c0+0x00000000000000dc]
J 20226 c2 ui.frmwork.a.m.c(Lui/frmwork/a/k;)V (61 bytes) @ 0x000001ff243f3140 [0x000001ff243f2be0+0x0000000000000560]
J 20228 c2 ui.frmwork.F.i(JZ)V (471 bytes) @ 0x000001ff243f50e8 [0x000001ff243f46c0+0x0000000000000a28]
J 20634 c1 ui.frmwork.F.dv(J)V (15 bytes) @ 0x000001ff1d7519ec [0x000001ff1d751960+0x000000000000008c]
J 20633 c1 ui.frmwork.F$$Lambda$220+0x0000000801726ac8.run()V (12 bytes) @ 0x000001ff1d7515c4 [0x000001ff1d751540+0x0000000000000084]
J 12902 c2 java.awt.EventQueue.dispatchEvent(Ljava/awt/AWTEvent;)V java.desktop@17.0.7 (80 bytes) @ 0x000001ff23b15df4 [0x000001ff23b151e0+0x0000000000000c14]
J 14197 c2 ui.frmwork.a.d.dispatchEvent(Ljava/awt/AWTEvent;)V (42 bytes) @ 0x000001ff2347112c [0x000001ff23471040+0x00000000000000ec]
J 16348 c2 java.awt.EventDispatchThread.pumpOneEventForFilters(I)V java.desktop@17.0.7 (113 bytes) @ 0x000001ff23f55a50 [0x000001ff23f55640+0x0000000000000410]
J 22276 c2 java.awt.EventDispatchThread.pumpEventsForFilter(ILjava/awt/Conditional;Ljava/awt/EventFilter;)V java.desktop@17.0.7 (47 bytes) @ 0x000001ff246ee3e4 [0x000001ff246ee200+0x00000000000001e4]
j  java.awt.EventDispatchThread.pumpEventsForFilter(Ljava/awt/Conditional;Ljava/awt/EventFilter;)V+4 java.desktop@17.0.7
j  java.awt.WaitDispatchSupport$2.run()V+59 java.desktop@17.0.7
j  java.awt.WaitDispatchSupport$4.run()Ljava/lang/Void;+4 java.desktop@17.0.7
j  java.awt.WaitDispatchSupport$4.run()Ljava/lang/Object;+1 java.desktop@17.0.7
J 24402 c2 java.security.AccessController.doPrivileged(Ljava/security/PrivilegedAction;)Ljava/lang/Object; java.base@17.0.7 (9 bytes) @ 0x000001ff240d20d0 [0x000001ff240d20a0+0x0000000000000030]
j  java.awt.WaitDispatchSupport.enter()Z+260 java.desktop@17.0.7
j  java.awt.Dialog.show()V+225 java.desktop@17.0.7
J 29075 c1 java.awt.Dialog.setVisible(Z)V java.desktop@17.0.7 (6 bytes) @ 0x000001ff1cab096c [0x000001ff1cab0700+0x000000000000026c]
j  ui.dlg.c.e.setVisible(Z)V+2
j  ui.dlg.c.bq.bCa()V+65
j  ui.dlg.c.bq$c.actionPerformed(Ljava/awt/event/ActionEvent;)V+8
j  ui.dlg.c.bq.eTh()V+422
j  ui.views.c.w.b.f.run()V+4
j  ui.views.S.W.a(Ljava/lang/String;ZLjava/lang/Runnable;Ljava/lang/Runnable;)Z+275
j  ui.views.S.W.a(Ljava/lang/String;Ljava/lang/Runnable;Ljava/lang/Runnable;)Z+5
j  ui.views.S.W.c(Ljava/lang/String;Ljava/lang/Runnable;)Z+4
j  ui.views.c.w.b.d.b(Lui/data/design/B;Ljava/lang/String;Ljava/lang/String;)V+472
j  ui.views.c.w.b.d.E(Lui/data/design/B;)V+6
j  ui.views.c.w.b.d.F(Lui/data/design/B;)V+134
j  ui.views.c.w.b.d.run()V+249
j  ui.frmwork.cmd.a.hnk()Z+96
j  ui.utils.ad.actionPerformed(Ljava/awt/event/ActionEvent;)V+4
j  javax.swing.AbstractButton.fireActionPerformed(Ljava/awt/event/ActionEvent;)V+84 java.desktop@17.0.7
j  javax.swing.AbstractButton$Handler.actionPerformed(Ljava/awt/event/ActionEvent;)V+5 java.desktop@17.0.7
j  javax.swing.DefaultButtonModel.fireActionPerformed(Ljava/awt/event/ActionEvent;)V+34 java.desktop@17.0.7
J 27055 c1 javax.swing.DefaultButtonModel.setPressed(Z)V java.desktop@17.0.7 (125 bytes) @ 0x000001ff1cc1092c [0x000001ff1cc0f640+0x00000000000012ec]
j  javax.swing.AbstractButton.doClick(I)V+60 java.desktop@17.0.7
j  javax.swing.plaf.basic.BasicMenuItemUI.doClick(Ljavax/swing/MenuSelectionManager;)V+47 java.desktop@17.0.7
j  javax.swing.plaf.basic.BasicMenuItemUI$Handler.mouseReleased(Ljava/awt/event/MouseEvent;)V+76 java.desktop@17.0.7
J 19509 c1 java.awt.AWTEventMulticaster.mouseReleased(Ljava/awt/event/MouseEvent;)V java.desktop@17.0.7 (27 bytes) @ 0x000001ff1d653204 [0x000001ff1d652fe0+0x0000000000000224]
J 28044 c2 javax.swing.JComponent.processMouseEvent(Ljava/awt/event/MouseEvent;)V java.desktop@17.0.7 (27 bytes) @ 0x000001ff24e24acc [0x000001ff24e24720+0x00000000000003ac]
J 28364 c2 java.awt.Container.processEvent(Ljava/awt/AWTEvent;)V java.desktop@17.0.7 (22 bytes) @ 0x000001ff24eb0828 [0x000001ff24eb0680+0x00000000000001a8]
J 23331 c2 java.awt.Component.dispatchEventImpl(Ljava/awt/AWTEvent;)V java.desktop@17.0.7 (777 bytes) @ 0x000001ff248a1914 [0x000001ff248a0be0+0x0000000000000d34]
J 28325 c2 java.awt.Container.dispatchEventImpl(Ljava/awt/AWTEvent;)V java.desktop@17.0.7 (129 bytes) @ 0x000001ff24ea1a3c [0x000001ff24ea19e0+0x000000000000005c]
J 14901 c2 java.awt.LightweightDispatcher.retargetMouseEvent(Ljava/awt/Component;ILjava/awt/event/MouseEvent;)V java.desktop@17.0.7 (372 bytes) @ 0x000001ff23d7ab30 [0x000001ff23d7a6e0+0x0000000000000450]
J 28325 c2 java.awt.Container.dispatchEventImpl(Ljava/awt/AWTEvent;)V java.desktop@17.0.7 (129 bytes) @ 0x000001ff24ea2770 [0x000001ff24ea19e0+0x0000000000000d90]
J 25895 c2 java.awt.Window.dispatchEventImpl(Ljava/awt/AWTEvent;)V java.desktop@17.0.7 (23 bytes) @ 0x000001ff2451b60c [0x000001ff2451b5c0+0x000000000000004c]
J 12936 c2 java.awt.EventQueue$4.run()Ljava/lang/Void; java.desktop@17.0.7 (60 bytes) @ 0x000001ff232e7024 [0x000001ff232e6be0+0x0000000000000444]
J 14789 c2 java.awt.EventQueue$4.run()Ljava/lang/Object; java.desktop@17.0.7 (5 bytes) @ 0x000001ff23b01454 [0x000001ff23b01420+0x0000000000000034]
J 12902 c2 java.awt.EventQueue.dispatchEvent(Ljava/awt/AWTEvent;)V java.desktop@17.0.7 (80 bytes) @ 0x000001ff23b15cfc [0x000001ff23b151e0+0x0000000000000b1c]
J 14197 c2 ui.frmwork.a.d.dispatchEvent(Ljava/awt/AWTEvent;)V (42 bytes) @ 0x000001ff2347112c [0x000001ff23471040+0x00000000000000ec]
J 16348 c2 java.awt.EventDispatchThread.pumpOneEventForFilters(I)V java.desktop@17.0.7 (113 bytes) @ 0x000001ff23f55a50 [0x000001ff23f55640+0x0000000000000410]
J 22216% c2 java.awt.EventDispatchThread.pumpEventsForFilter(ILjava/awt/Conditional;Ljava/awt/EventFilter;)V java.desktop@17.0.7 (47 bytes) @ 0x000001ff246d9eb4 [0x000001ff246d9d80+0x0000000000000134]
j  java.awt.EventDispatchThread.pumpEventsForHierarchy(ILjava/awt/Conditional;Ljava/awt/Component;)V+11 java.desktop@17.0.7
j  java.awt.EventDispatchThread.pumpEvents(ILjava/awt/Conditional;)V+4 java.desktop@17.0.7
j  java.awt.EventDispatchThread.pumpEvents(Ljava/awt/Conditional;)V+3 java.desktop@17.0.7
j  java.awt.EventDispatchThread.run()V+9 java.desktop@17.0.7
v  ~StubRoutines::call_stub

siginfo: EXCEPTION_ACCESS_VIOLATION (0xc0000005), reading address 0x0000000000000010


Register to memory mapping:

RIP=0x00007ffe38a2d61f points into unknown readable memory: 83
RAX=0x0 is NULL
RBX=0x0000000cb98fb958 is pointing into the stack for thread: 0x000001ff3c877030
RCX=0x000001ff7153d6f0 points into unknown readable memory: 0x0000000000000000 | 00 00 00 00 00 00 00 00
RDX=0x0 is NULL
RSP=0x0000000cb98fb718 is pointing into the stack for thread: 0x000001ff3c877030
RBP=0x000001ff7153d6f0 points into unknown readable memory: 0x0000000000000000 | 00 00 00 00 00 00 00 00
RSI=0x000001ff65d2a030 points into unknown readable memory: 0x0000000000043ddb | db 3d 04 00 00 00 00 00
RDI=0x0000000cb98fb940 is pointing into the stack for thread: 0x000001ff3c877030
R8 =0x000001ff090e2d00 points into unknown readable memory: 0x000001ff090e0d20 | 20 0d 0e 09 ff 01 00 00
R9 =0x0000000000000040 is an unknown value
R10=0x000001ff090e0000 points into unknown readable memory: 0x0000000000000000 | 00 00 00 00 00 00 00 00
R11=0x00007fff041816d1 VCRUNTIME140.dll
R12=0x0000000cb98fb7b8 is pointing into the stack for thread: 0x000001ff3c877030
R13=0x0000000cb98fb900 is pointing into the stack for thread: 0x000001ff3c877030
R14=0x0 is NULL
R15=0x000001ffdff40488 points into unknown readable memory: 0x000001ff80ae3d20 | 20 3d ae 80 ff 01 00 00


Registers:
RAX=0x0000000000000000, RBX=0x0000000cb98fb958, RCX=0x000001ff7153d6f0, RDX=0x0000000000000000
RSP=0x0000000cb98fb718, RBP=0x000001ff7153d6f0, RSI=0x000001ff65d2a030, RDI=0x0000000cb98fb940
R8 =0x000001ff090e2d00, R9 =0x0000000000000040, R10=0x000001ff090e0000, R11=0x00007fff041816d1
R12=0x0000000cb98fb7b8, R13=0x0000000cb98fb900, R14=0x0000000000000000, R15=0x000001ffdff40488
RIP=0x00007ffe38a2d61f, EFLAGS=0x0000000000010246

Top of Stack: (sp=0x0000000cb98fb718)
0x0000000cb98fb718:   00007ffe38a0d981 0000000cb98fb958
0x0000000cb98fb728:   0000000cb98fb7d0 000001ff65d2a030
0x0000000cb98fb738:   0000000cb98fba20 0000000000000b1c
0x0000000cb98fb748:   0000000cb98fba20 0000000cb98fb9e0
0x0000000cb98fb758:   0000000000043dd8 0000000000000004
0x0000000cb98fb768:   00007ffe42f1bf7a 0000000cb98fb7d0
0x0000000cb98fb778:   000001ff7153d6f0 000001ff65c177c0
0x0000000cb98fb788:   0000000000043ddb 0000000000043ddf
0x0000000cb98fb798:   0000000000000004 fffffffffffffffe
0x0000000cb98fb7a8:   0000000000043dd8 00005fe500000008
0x0000000cb98fb7b8:   000001ff65d2a030 000001ff65d2a050
0x0000000cb98fb7c8:   000001ff65d2a050 000001ffdff40470
0x0000000cb98fb7d8:   0000000cb98fbae8 0000000cb98fba20
0x0000000cb98fb7e8:   0000000cb98fb9e0 0000000000002000
0x0000000cb98fb7f8:   00007ffe42f1bd50 0000000010000000
0x0000000cb98fb808:   00000000000014e3 0000000000000002 

Instructions: (pc=0x00007ffe38a2d61f)
0x00007ffe38a2d51f:   c8 e9 6b ff ff ff cc cc cc cc cc cc cc cc cc cc
0x00007ffe38a2d52f:   cc 48 89 5c 24 10 56 48 8b 99 f8 00 00 00 33 f6
0x00007ffe38a2d53f:   89 b1 f0 00 00 00 48 85 db 74 78 44 8b 43 10 8b
0x00007ffe38a2d54f:   c6 41 83 e8 01 48 89 7c 24 10 44 8b ce 40 0f b6
0x00007ffe38a2d55f:   fe 78 34 4c 8b 59 20 66 66 0f 1f 84 00 00 00 00
0x00007ffe38a2d56f:   00 43 8d 04 08 99 2b c2 d1 f8 4c 3b 5c c3 18 7e
0x00007ffe38a2d57f:   06 44 8d 48 01 eb 06 7d 0b 44 8d 40 ff 45 3b c8
0x00007ffe38a2d58f:   7e df eb 03 40 b7 01 40 84 ff 48 8b 7c 24 10 74
0x00007ffe38a2d59f:   0d 89 81 f0 00 00 00 48 8b 5c 24 18 5e c3 45 3b
0x00007ffe38a2d5af:   c8 45 0f 4c c1 45 85 c0 44 0f 48 c6 44 89 81 f0
0x00007ffe38a2d5bf:   00 00 00 48 8b 5c 24 18 5e c3 cc cc cc cc cc cc
0x00007ffe38a2d5cf:   cc 83 79 38 ff 0f 95 c0 c3 cc cc cc cc cc cc cc
0x00007ffe38a2d5df:   cc 8b 51 5c 85 d2 74 43 83 ea 01 74 3b 83 ea 01
0x00007ffe38a2d5ef:   74 2a 83 fa 01 75 34 48 8b 49 68 80 b9 49 48 00
0x00007ffe38a2d5ff:   00 00 74 06 83 79 30 00 75 1e 48 8b 81 68 48 00
0x00007ffe38a2d60f:   00 48 39 81 60 48 00 00 0f 94 c0 c3 48 8b 41 60
0x00007ffe38a2d61f:   83 78 10 00 0f 94 c0 c3 32 c0 c3 b0 01 c3 cc cc
0x00007ffe38a2d62f:   cc 40 53 48 83 ec 20 48 8b d9 e8 42 fd ff ff 48
0x00007ffe38a2d63f:   8b 43 40 48 39 43 38 74 2c 48 8b c8 48 8b 43 30
0x00007ffe38a2d64f:   48 85 c0 7e 0e 48 8b 51 d8 48 85 d2 7e 05 48 3b
0x00007ffe38a2d65f:   c2 7d 2e 8b 41 f8 3b 41 e8 74 0a 48 8b 94 c1 d8
0x00007ffe38a2d66f:   bf ff ff eb 02 33 d2 48 8b 4b 08 4c 8d 43 50 41
0x00007ffe38a2d67f:   b9 20 48 00 00 48 8b 01 48 83 c4 20 5b 48 ff 60
0x00007ffe38a2d68f:   10 48 83 c4 20 5b c3 cc cc cc cc cc cc cc cc cc
0x00007ffe38a2d69f:   cc 40 57 48 83 ec 20 80 79 59 00 48 8b f9 0f 85
0x00007ffe38a2d6af:   86 01 00 00 8b 81 f0 00 00 00 ff c0 89 81 f0 00
0x00007ffe38a2d6bf:   00 00 48 8b 89 f8 00 00 00 48 85 c9 74 0d 84 d2
0x00007ffe38a2d6cf:   75 09 3b 41 10 0f 82 5f 01 00 00 48 89 5c 24 30
0x00007ffe38a2d6df:   48 89 74 24 38 48 8d b7 00 01 00 00 48 8b ce c6
0x00007ffe38a2d6ef:   47 59 01 48 c7 87 f8 00 00 00 00 00 00 00 c7 87
0x00007ffe38a2d6ff:   f0 00 00 00 00 00 00 00 e8 74 fc ff ff 48 8b 46
0x00007ffe38a2d70f:   40 48 39 46 38 74 46 48 8b c8 0f 1f 80 00 00 00 


Stack slot to memory mapping:
stack at sp + 0 slots: 0x00007ffe38a0d981 points into unknown readable memory: 84 c0 0f 84 85 00 00
stack at sp + 1 slots: 0x0000000cb98fb958 is pointing into the stack for thread: 0x000001ff3c877030
stack at sp + 2 slots: 0x0000000cb98fb7d0 is pointing into the stack for thread: 0x000001ff3c877030
stack at sp + 3 slots: 0x000001ff65d2a030 points into unknown readable memory: 0x0000000000043ddb | db 3d 04 00 00 00 00 00
stack at sp + 4 slots: 0x0000000cb98fba20 is pointing into the stack for thread: 0x000001ff3c877030
stack at sp + 5 slots: 0x0000000000000b1c is an unknown value
stack at sp + 6 slots: 0x0000000cb98fba20 is pointing into the stack for thread: 0x000001ff3c877030
stack at sp + 7 slots: 0x0000000cb98fb9e0 is pointing into the stack for thread: 0x000001ff3c877030


---------------  P R O C E S S  ---------------

Threads class SMR info:
_java_thread_list=0x000001ff9f843320, length=65, elements={
0x000001ff12c45ae0, 0x000001ff13b70330, 0x000001ff13b70bf0, 0x000001ff13b89da0,
0x000001ff13b8a660, 0x000001ff13b91f90, 0x000001ff13b9a0e0, 0x000001ff13b9b0f0,
0x000001ff13b9be00, 0x000001ff13b9df20, 0x000001ff3b045d90, 0x000001ff3b04e290,
0x000001ff3bc86ad0, 0x000001ff3b9b0440, 0x000001ff3deee030, 0x000001ff3cfe2230,
0x000001ff3c877030, 0x000001ff3de5afc0, 0x000001ff3de5a620, 0x000001ff3de57fa0,
0x000001ff3de58940, 0x000001ff3f2e8680, 0x000001ff3f2e64d0, 0x000001ff3f2eceb0,
0x000001ff3f2eb1d0, 0x000001ff454a3d50, 0x000001ff403a8d40, 0x000001ff58ad5280,
0x000001ff58ad4db0, 0x000001ff58ad5750, 0x000001ff58adadf0, 0x000001ff58ad9f80,
0x000001ff58adb2c0, 0x000001ff58adcad0, 0x000001ff58adb790, 0x000001ff58ad95e0,
0x000001ff58ada450, 0x000001ff58ad8c40, 0x000001ff58add470, 0x000001ff58adffc0,
0x000001ff58ade2e0, 0x000001ffabda0d60, 0x000001ffabda1230, 0x000001ffabdaa290,
0x000001ffabda80e0, 0x000001ffabda0890, 0x000001ffabda4720, 0x000001ffabda9420,
0x000001ffabda5a60, 0x000001ffabdaac30, 0x000001ffabda7740, 0x000001ffabdac910,
0x000001ffabdacde0, 0x000001ffabda7270, 0x000001ffabda7c10, 0x000001ffabdaeac0,
0x000001ffabdb02d0, 0x000001ffabdabf70, 0x000001ffabdad780, 0x000001ffabdaf460,
0x000001ffabdadc50, 0x000001ffabdaf930, 0x000001ffabdb1140, 0x000001ffabdb1610,
0x000001ffabdafe00
}

Java Threads: ( => current thread )
  0x000001ff12c45ae0 JavaThread "main" [_thread_blocked, id=9084, stack(0x0000000cb0200000,0x0000000cb0300000)]
  0x000001ff13b70330 JavaThread "Reference Handler" daemon [_thread_blocked, id=18064, stack(0x0000000cb0a00000,0x0000000cb1400000)]
  0x000001ff13b70bf0 JavaThread "Finalizer" daemon [_thread_blocked, id=11448, stack(0x0000000cb1400000,0x0000000cb1e00000)]
  0x000001ff13b89da0 JavaThread "Signal Dispatcher" daemon [_thread_blocked, id=15756, stack(0x0000000cb1e00000,0x0000000cb2800000)]
  0x000001ff13b8a660 JavaThread "Attach Listener" daemon [_thread_blocked, id=4344, stack(0x0000000cb2800000,0x0000000cb3200000)]
  0x000001ff13b91f90 JavaThread "Service Thread" daemon [_thread_blocked, id=15384, stack(0x0000000cb3200000,0x0000000cb3c00000)]
  0x000001ff13b9a0e0 JavaThread "Monitor Deflation Thread" daemon [_thread_blocked, id=15748, stack(0x0000000cb3c00000,0x0000000cb4600000)]
  0x000001ff13b9b0f0 JavaThread "C2 CompilerThread0" daemon [_thread_blocked, id=17912, stack(0x0000000cb4600000,0x0000000cb4700000)]
  0x000001ff13b9be00 JavaThread "C1 CompilerThread0" daemon [_thread_blocked, id=7968, stack(0x0000000cb4700000,0x0000000cb4800000)]
  0x000001ff13b9df20 JavaThread "Sweeper thread" daemon [_thread_blocked, id=17216, stack(0x0000000cb4800000,0x0000000cb5200000)]
  0x000001ff3b045d90 JavaThread "Common-Cleaner" daemon [_thread_blocked, id=4932, stack(0x0000000cb5200000,0x0000000cb5c00000)]
  0x000001ff3b04e290 JavaThread "Notification Thread" daemon [_thread_blocked, id=15012, stack(0x0000000cb5c00000,0x0000000cb6600000)]
  0x000001ff3bc86ad0 JavaThread "Java2D Disposer" daemon [_thread_blocked, id=1196, stack(0x0000000cb6700000,0x0000000cb7100000)]
  0x000001ff3b9b0440 JavaThread "AWT-Windows" daemon [_thread_in_native, id=16580, stack(0x0000000cb7b00000,0x0000000cb8500000)]
  0x000001ff3deee030 JavaThread "TimerQueue" daemon [_thread_blocked, id=16996, stack(0x0000000cb7100000,0x0000000cb7b00000)]
  0x000001ff3cfe2230 JavaThread "AWT-Shutdown" [_thread_blocked, id=17440, stack(0x0000000cb8500000,0x0000000cb8f00000)]
=>0x000001ff3c877030 JavaThread "AWT-EventQueue-0" [_thread_in_native, id=4680, stack(0x0000000cb8f00000,0x0000000cb9900000)]
  0x000001ff3de5afc0 JavaThread "Thread-1" [_thread_in_native, id=11548, stack(0x0000000caea00000,0x0000000cafe00000)]
  0x000001ff3de5a620 JavaThread "Process Messages Thread" [_thread_blocked, id=18092, stack(0x0000000cbb700000,0x0000000cbc100000)]
  0x000001ff3de57fa0 JavaThread "Batik CleanerThread" daemon [_thread_blocked, id=1860, stack(0x0000000cbad00000,0x0000000cbb700000)]
  0x000001ff3de58940 JavaThread "SyntheticaCleanerThread" daemon [_thread_blocked, id=17812, stack(0x0000000cbd000000,0x0000000cbda00000)]
  0x000001ff3f2e8680 JavaThread "Timer-0" [_thread_blocked, id=4424, stack(0x0000000cbe400000,0x0000000cbee00000)]
  0x000001ff3f2e64d0 JavaThread "Monitor File Timestamp Swing Worker Thread" [_thread_blocked, id=9628, stack(0x0000000cbee00000,0x0000000cbf800000)]
  0x000001ff3f2eceb0 JavaThread "Monitor HEventQueue Thread" [_thread_blocked, id=8976, stack(0x0000000cb9900000,0x0000000cba300000)]
  0x000001ff3f2eb1d0 JavaThread "SyntheticaAnimation 50" daemon [_thread_blocked, id=15752, stack(0x0000000cbf800000,0x0000000cc0200000)]
  0x000001ff454a3d50 JavaThread "SyntheticaAnimation 25" daemon [_thread_blocked, id=15024, stack(0x0000000cbc200000,0x0000000cbcc00000)]
  0x000001ff403a8d40 JavaThread "SyntheticaAnimation 70" daemon [_thread_blocked, id=18292, stack(0x0000000cc0c00000,0x0000000cc1600000)]
  0x000001ff58ad5280 JavaThread "Refresh Filesets Swing Worker Thread" [_thread_blocked, id=5688, stack(0x0000000cbda00000,0x0000000cbe400000)]
  0x000001ff58ad4db0 JavaThread "hw_ila_monitor" [_thread_blocked, id=13924, stack(0x0000000cc1600000,0x0000000cc2000000)]
  0x000001ff58ad5750 JavaThread "pool-2-thread-1" [_thread_blocked, id=15308, stack(0x0000000cc3400000,0x0000000cc3e00000)]
  0x000001ff58adadf0 JavaThread "Timer-1" [_thread_blocked, id=1200, stack(0x0000000cc3e00000,0x0000000cc4800000)]
  0x000001ff58ad9f80 JavaThread "pool-3-thread-1" [_thread_blocked, id=8656, stack(0x0000000cc4800000,0x0000000cc5200000)]
  0x000001ff58adb2c0 JavaThread "Timer-2" [_thread_blocked, id=3904, stack(0x0000000cc5200000,0x0000000cc5c00000)]
  0x000001ff58adcad0 JavaThread "pool-4-thread-1" [_thread_blocked, id=10472, stack(0x0000000cc5c00000,0x0000000cc6600000)]
  0x000001ff58adb790 JavaThread "Timer-3" [_thread_blocked, id=17572, stack(0x0000000cc6600000,0x0000000cc7000000)]
  0x000001ff58ad95e0 JavaThread "Update Runs Swing Worker Thread" [_thread_blocked, id=17948, stack(0x0000000cc7a00000,0x0000000cc8400000)]
  0x000001ff58ada450 JavaThread "SyntheticaAnimation 50" daemon [_thread_blocked, id=18376, stack(0x0000000cc0200000,0x0000000cc0c00000)]
  0x000001ff58ad8c40 JavaThread "Image Animator 3" daemon [_thread_blocked, id=18344, stack(0x0000000cc2000000,0x0000000cc2a00000)]
  0x000001ff58add470 JavaThread "Timer-4" [_thread_blocked, id=3304, stack(0x0000000cc2a00000,0x0000000cc3400000)]
  0x000001ff58adffc0 JavaThread "Timer-6" [_thread_blocked, id=5740, stack(0x0000000cc9800000,0x0000000cca200000)]
  0x000001ff58ade2e0 JavaThread "Timer-9" [_thread_blocked, id=6800, stack(0x0000000ccac00000,0x0000000ccb600000)]
  0x000001ffabda0d60 JavaThread "Swing-Shell" daemon [_thread_blocked, id=5540, stack(0x0000000cccc00000,0x0000000ccd600000)]
  0x000001ffabda1230 JavaThread "Thread-2735" [_thread_in_native, id=14840, stack(0x0000000cae600000,0x0000000cae700000)]
  0x000001ffabdaa290 JavaThread "Thread-4809" [_thread_in_native, id=13232, stack(0x0000000cae400000,0x0000000cae500000)]
  0x000001ffabda80e0 JavaThread "Timer-46" [_thread_blocked, id=4388, stack(0x0000000ccf200000,0x0000000ccfc00000)]
  0x000001ffabda0890 JavaThread "Timer-58" [_thread_blocked, id=7048, stack(0x0000000cc7000000,0x0000000cc7a00000)]
  0x000001ffabda4720 JavaThread "Monitor File Timestamp Swing Worker Thread" [_thread_blocked, id=9976, stack(0x0000000cc8400000,0x0000000cc8e00000)]
  0x000001ffabda9420 JavaThread "Timer-60" [_thread_blocked, id=4792, stack(0x0000000ccb600000,0x0000000ccc000000)]
  0x000001ffabda5a60 JavaThread "Monitor File Timestamp Swing Worker Thread" [_thread_blocked, id=6872, stack(0x0000000ccc000000,0x0000000ccca00000)]
  0x000001ffabdaac30 JavaThread "Timer-61" [_thread_blocked, id=9864, stack(0x0000000ccd600000,0x0000000cce000000)]
  0x000001ffabda7740 JavaThread "Monitor File Timestamp Swing Worker Thread" [_thread_blocked, id=7988, stack(0x0000000cce000000,0x0000000ccea00000)]
  0x000001ffabdac910 JavaThread "Timer-62" [_thread_blocked, id=15044, stack(0x0000000ccfc00000,0x0000000cd0600000)]
  0x000001ffabdacde0 JavaThread "Monitor File Timestamp Swing Worker Thread" [_thread_blocked, id=9920, stack(0x0000000cd0600000,0x0000000cd1000000)]
  0x000001ffabda7270 JavaThread "Timer-71" [_thread_blocked, id=1780, stack(0x0000000cc8e00000,0x0000000cc9800000)]
  0x000001ffabda7c10 JavaThread "Monitor File Timestamp Swing Worker Thread" [_thread_blocked, id=4352, stack(0x0000000cca200000,0x0000000ccac00000)]
  0x000001ffabdaeac0 JavaThread "Timer-72" [_thread_blocked, id=15036, stack(0x0000000cd2400000,0x0000000cd2e00000)]
  0x000001ffabdb02d0 JavaThread "Monitor File Timestamp Swing Worker Thread" [_thread_blocked, id=9780, stack(0x0000000cd4200000,0x0000000cd4c00000)]
  0x000001ffabdabf70 JavaThread "Timer-75" [_thread_blocked, id=8476, stack(0x0000000cd6a00000,0x0000000cd7400000)]
  0x000001ffabdad780 JavaThread "Monitor File Timestamp Swing Worker Thread" [_thread_blocked, id=9192, stack(0x0000000cd7400000,0x0000000cd7e00000)]
  0x000001ffabdaf460 JavaThread "Thread-8898" [_thread_in_native, id=6328, stack(0x0000000cbcd00000,0x0000000cbce00000)]
  0x000001ffabdadc50 JavaThread "Thread-8899" [_thread_in_native, id=15704, stack(0x0000000caff00000,0x0000000cb0000000)]
  0x000001ffabdaf930 JavaThread "SyntheticaAnimation 50" daemon [_thread_blocked, id=17548, stack(0x0000000cd1000000,0x0000000cd1a00000)]
  0x000001ffabdb1140 JavaThread "Timer-80" [_thread_blocked, id=15932, stack(0x0000000cd1a00000,0x0000000cd2400000)]
  0x000001ffabdb1610 JavaThread "Monitor File Timestamp Swing Worker Thread" [_thread_blocked, id=8532, stack(0x0000000cd2e00000,0x0000000cd3800000)]
  0x000001ffabdafe00 JavaThread "Run Simulation Thread" [_thread_blocked, id=14656, stack(0x0000000cd3800000,0x0000000cd4200000)]

Other Threads:
  0x000001ff0bf8fc80 VMThread "VM Thread" [stack: 0x0000000cb0900000,0x0000000cb0a00000] [id=4308]
  0x000001ff138e5610 WatcherThread [stack: 0x0000000cb6600000,0x0000000cb6700000] [id=13372]
  0x000001ff124a9f70 GCTaskThread "GC Thread#0" [stack: 0x0000000cb0300000,0x0000000cb0400000] [id=15216]
  0x000001ff124ac260 GCTaskThread "GC Thread#1" [stack: 0x0000000cba300000,0x0000000cba400000] [id=12768]
  0x000001ff124ac7c0 GCTaskThread "GC Thread#2" [stack: 0x0000000cba400000,0x0000000cba500000] [id=17664]
  0x000001ff124a89f0 GCTaskThread "GC Thread#3" [stack: 0x0000000cba500000,0x0000000cba600000] [id=13204]
  0x000001ff124ad530 GCTaskThread "GC Thread#4" [stack: 0x0000000cba600000,0x0000000cba700000] [id=9880]
  0x000001ff124ae2a0 GCTaskThread "GC Thread#5" [stack: 0x0000000cba700000,0x0000000cba800000] [id=5696]
  0x000001ff124ad7e0 GCTaskThread "GC Thread#6" [stack: 0x0000000cba800000,0x0000000cba900000] [id=10792]
  0x000001ff124af010 GCTaskThread "GC Thread#7" [stack: 0x0000000cba900000,0x0000000cbaa00000] [id=1256]
  0x000001ff12d7cf00 ConcurrentGCThread "G1 Main Marker" [stack: 0x0000000cb0400000,0x0000000cb0500000] [id=3656]
  0x000001ff124ab240 ConcurrentGCThread "G1 Conc#0" [stack: 0x0000000cb0500000,0x0000000cb0600000] [id=6708]
  0x000001ff124afd80 ConcurrentGCThread "G1 Conc#1" [stack: 0x0000000cbc100000,0x0000000cbc200000] [id=17852]
  0x000001ff129b9b90 ConcurrentGCThread "G1 Refine#0" [stack: 0x0000000cb0600000,0x0000000cb0700000] [id=17332]
  0x000001ff129bb570 ConcurrentGCThread "G1 Refine#1" [stack: 0x0000000cbaa00000,0x0000000cbab00000] [id=17628]
  0x000001ff13a7cfb0 ConcurrentGCThread "G1 Service" [stack: 0x0000000cb0700000,0x0000000cb0800000] [id=2696]
  0x000001ff124ab4f0 ConcurrentGCThread "StringDedupProcessor" [stack: 0x0000000cb0800000,0x0000000cb0900000] [id=8564]

Threads with active compile tasks:

VM state: not at safepoint (normal execution)

VM Mutex/Monitor currently owned by a thread: None

Heap address: 0x0000000701800000, size: 4072 MB, Compressed Oops mode: Zero based, Oop shift amount: 3

CDS archive(s) mapped at: [0x0000000800000000-0x0000000800bc0000-0x0000000800bc0000), size 12320768, SharedBaseAddress: 0x0000000800000000, ArchiveRelocationMode: 0.
Compressed class space mapped at: 0x0000000801000000-0x0000000841000000, reserved size: 1073741824
Narrow klass base: 0x0000000800000000, Narrow klass shift: 0, Narrow klass range: 0x100000000

GC Precious Log:
 CPUs: 8 total, 8 available
 Memory: 8023M
 Large Page Support: Disabled
 NUMA Support: Disabled
 Compressed Oops: Enabled (Zero based)
 Heap Region Size: 2M
 Heap Min Capacity: 512M
 Heap Initial Capacity: 512M
 Heap Max Capacity: 4072M
 Pre-touch: Disabled
 Parallel Workers: 8
 Concurrent Workers: 2
 Concurrent Refinement Workers: 8
 Periodic GC: Disabled
 String Deduplication is enabled

Heap:
 garbage-first heap   total 690176K, used 228435K [0x0000000701800000, 0x0000000800000000)
  region size 2048K, 12 young (24576K), 5 survivors (10240K)
 Metaspace       used 94819K, committed 95680K, reserved 1179648K
  class space    used 12987K, committed 13632K, reserved 1048576K

Heap Regions: E=young(eden), S=young(survivor), O=old, HS=humongous(starts), HC=humongous(continues), CS=collection set, F=free, OA=open archive, CA=closed archive, TAMS=top-at-mark-start (previous, next)
|   0|0x0000000701800000, 0x0000000701a00000, 0x0000000701a00000|100%|HS|  |TAMS 0x0000000701a00000, 0x0000000701800000| Untracked 
|   1|0x0000000701a00000, 0x0000000701bffff0, 0x0000000701c00000| 99%| O|  |TAMS 0x0000000701bffff0, 0x0000000701a00000| Untracked 
|   2|0x0000000701c00000, 0x0000000701dfffe0, 0x0000000701e00000| 99%| O|  |TAMS 0x0000000701dfffe0, 0x0000000701c00000| Untracked 
|   3|0x0000000701e00000, 0x0000000702000000, 0x0000000702000000|100%| O|  |TAMS 0x0000000702000000, 0x0000000701e00000| Untracked 
|   4|0x0000000702000000, 0x00000007021fffe8, 0x0000000702200000| 99%| O|  |TAMS 0x00000007021fffe8, 0x0000000702000000| Untracked 
|   5|0x0000000702200000, 0x00000007023ffef8, 0x0000000702400000| 99%| O|  |TAMS 0x00000007023ffef8, 0x0000000702200000| Untracked 
|   6|0x0000000702400000, 0x0000000702600000, 0x0000000702600000|100%| O|  |TAMS 0x0000000702600000, 0x0000000702400000| Untracked 
|   7|0x0000000702600000, 0x0000000702800000, 0x0000000702800000|100%| O|  |TAMS 0x0000000702800000, 0x0000000702600000| Untracked 
|   8|0x0000000702800000, 0x0000000702a00000, 0x0000000702a00000|100%| O|  |TAMS 0x0000000702a00000, 0x0000000702800000| Untracked 
|   9|0x0000000702a00000, 0x0000000702c00000, 0x0000000702c00000|100%| O|  |TAMS 0x0000000702c00000, 0x0000000702a00000| Untracked 
|  10|0x0000000702c00000, 0x0000000702dfffe0, 0x0000000702e00000| 99%| O|  |TAMS 0x0000000702dfffe0, 0x0000000702c00000| Untracked 
|  11|0x0000000702e00000, 0x0000000702ffff40, 0x0000000703000000| 99%| O|  |TAMS 0x0000000702ffff40, 0x0000000702e00000| Untracked 
|  12|0x0000000703000000, 0x00000007031ff6e0, 0x0000000703200000| 99%| O|  |TAMS 0x00000007031ff6e0, 0x0000000703000000| Untracked 
|  13|0x0000000703200000, 0x00000007033ffff8, 0x0000000703400000| 99%| O|  |TAMS 0x00000007033ffff8, 0x0000000703200000| Untracked 
|  14|0x0000000703400000, 0x0000000703600000, 0x0000000703600000|100%| O|  |TAMS 0x0000000703600000, 0x0000000703400000| Untracked 
|  15|0x0000000703600000, 0x00000007037ffff8, 0x0000000703800000| 99%| O|  |TAMS 0x00000007037ffff8, 0x0000000703600000| Untracked 
|  16|0x0000000703800000, 0x00000007039fff80, 0x0000000703a00000| 99%| O|  |TAMS 0x00000007039fff80, 0x0000000703800000| Untracked 
|  17|0x0000000703a00000, 0x0000000703bfff38, 0x0000000703c00000| 99%| O|  |TAMS 0x0000000703bfff38, 0x0000000703a00000| Untracked 
|  18|0x0000000703c00000, 0x0000000703dfffe8, 0x0000000703e00000| 99%| O|  |TAMS 0x0000000703dfffe8, 0x0000000703c00000| Untracked 
|  19|0x0000000703e00000, 0x0000000704000000, 0x0000000704000000|100%| O|  |TAMS 0x0000000704000000, 0x0000000703e00000| Untracked 
|  20|0x0000000704000000, 0x00000007041fffe0, 0x0000000704200000| 99%| O|  |TAMS 0x00000007041fffe0, 0x0000000704000000| Untracked 
|  21|0x0000000704200000, 0x0000000704400000, 0x0000000704400000|100%| O|  |TAMS 0x0000000704400000, 0x0000000704200000| Untracked 
|  22|0x0000000704400000, 0x00000007045ffff8, 0x0000000704600000| 99%| O|  |TAMS 0x00000007045ffff8, 0x0000000704400000| Untracked 
|  23|0x0000000704600000, 0x00000007047fffe8, 0x0000000704800000| 99%| O|  |TAMS 0x00000007047fffe8, 0x0000000704600000| Untracked 
|  24|0x0000000704800000, 0x00000007049ffff8, 0x0000000704a00000| 99%| O|  |TAMS 0x00000007049ffff8, 0x0000000704800000| Untracked 
|  25|0x0000000704a00000, 0x0000000704bffff8, 0x0000000704c00000| 99%| O|  |TAMS 0x0000000704bffff8, 0x0000000704a00000| Untracked 
|  26|0x0000000704c00000, 0x0000000704e00000, 0x0000000704e00000|100%| O|  |TAMS 0x0000000704e00000, 0x0000000704c00000| Untracked 
|  27|0x0000000704e00000, 0x0000000704ffffe8, 0x0000000705000000| 99%| O|  |TAMS 0x0000000704ffffe8, 0x0000000704e00000| Untracked 
|  28|0x0000000705000000, 0x0000000705200000, 0x0000000705200000|100%| O|  |TAMS 0x0000000705200000, 0x0000000705000000| Untracked 
|  29|0x0000000705200000, 0x00000007053ff800, 0x0000000705400000| 99%| O|  |TAMS 0x00000007053ff800, 0x0000000705200000| Untracked 
|  30|0x0000000705400000, 0x00000007055ffff0, 0x0000000705600000| 99%| O|  |TAMS 0x00000007055ffff0, 0x0000000705400000| Untracked 
|  31|0x0000000705600000, 0x00000007057ffff8, 0x0000000705800000| 99%| O|  |TAMS 0x00000007057ffff8, 0x0000000705600000| Untracked 
|  32|0x0000000705800000, 0x00000007059ffff8, 0x0000000705a00000| 99%| O|  |TAMS 0x00000007059ffff8, 0x0000000705800000| Untracked 
|  33|0x0000000705a00000, 0x0000000705c00000, 0x0000000705c00000|100%| O|  |TAMS 0x0000000705c00000, 0x0000000705a00000| Untracked 
|  34|0x0000000705c00000, 0x0000000705dfffe0, 0x0000000705e00000| 99%| O|  |TAMS 0x0000000705dfffe0, 0x0000000705c00000| Untracked 
|  35|0x0000000705e00000, 0x0000000705fffff0, 0x0000000706000000| 99%| O|  |TAMS 0x0000000705fffff0, 0x0000000705e00000| Untracked 
|  36|0x0000000706000000, 0x0000000706200000, 0x0000000706200000|100%| O|  |TAMS 0x0000000706200000, 0x0000000706000000| Untracked 
|  37|0x0000000706200000, 0x00000007063ffff0, 0x0000000706400000| 99%| O|  |TAMS 0x00000007063ffff0, 0x0000000706200000| Untracked 
|  38|0x0000000706400000, 0x00000007065fe1c0, 0x0000000706600000| 99%| O|  |TAMS 0x00000007065fe1c0, 0x0000000706400000| Untracked 
|  39|0x0000000706600000, 0x00000007067fffe8, 0x0000000706800000| 99%| O|  |TAMS 0x00000007067fffe8, 0x0000000706600000| Untracked 
|  40|0x0000000706800000, 0x00000007069fffe8, 0x0000000706a00000| 99%| O|  |TAMS 0x00000007069fffe8, 0x0000000706800000| Untracked 
|  41|0x0000000706a00000, 0x0000000706c00000, 0x0000000706c00000|100%|HS|  |TAMS 0x0000000706c00000, 0x0000000706a00000| Untracked 
|  42|0x0000000706c00000, 0x0000000706e00000, 0x0000000706e00000|100%|HC|  |TAMS 0x0000000706e00000, 0x0000000706c00000| Untracked 
|  43|0x0000000706e00000, 0x0000000706ffef60, 0x0000000707000000| 99%| O|  |TAMS 0x0000000706ffef60, 0x0000000706e00000| Untracked 
|  44|0x0000000707000000, 0x00000007071fffe8, 0x0000000707200000| 99%| O|  |TAMS 0x00000007071fffe8, 0x0000000707000000| Untracked 
|  45|0x0000000707200000, 0x00000007073fffe0, 0x0000000707400000| 99%| O|  |TAMS 0x00000007073fffe0, 0x0000000707200000| Untracked 
|  46|0x0000000707400000, 0x00000007075fffe8, 0x0000000707600000| 99%| O|  |TAMS 0x00000007075fffe8, 0x0000000707400000| Untracked 
|  47|0x0000000707600000, 0x00000007077ffc70, 0x0000000707800000| 99%| O|  |TAMS 0x00000007077ffc70, 0x0000000707600000| Untracked 
|  48|0x0000000707800000, 0x00000007079ffff0, 0x0000000707a00000| 99%| O|  |TAMS 0x00000007079ffff0, 0x0000000707800000| Untracked 
|  49|0x0000000707a00000, 0x0000000707bffe88, 0x0000000707c00000| 99%| O|  |TAMS 0x0000000707bffe88, 0x0000000707a00000| Untracked 
|  50|0x0000000707c00000, 0x0000000707dffff8, 0x0000000707e00000| 99%| O|  |TAMS 0x0000000707dffff8, 0x0000000707c00000| Untracked 
|  51|0x0000000707e00000, 0x0000000707ffffe8, 0x0000000708000000| 99%| O|  |TAMS 0x0000000707ffffe8, 0x0000000707e00000| Untracked 
|  52|0x0000000708000000, 0x00000007081ffff0, 0x0000000708200000| 99%| O|  |TAMS 0x00000007081ffff0, 0x0000000708000000| Untracked 
|  53|0x0000000708200000, 0x0000000708400000, 0x0000000708400000|100%| O|  |TAMS 0x0000000708400000, 0x0000000708200000| Untracked 
|  54|0x0000000708400000, 0x00000007085fff70, 0x0000000708600000| 99%| O|  |TAMS 0x00000007085fff70, 0x0000000708400000| Untracked 
|  55|0x0000000708600000, 0x00000007087ffff0, 0x0000000708800000| 99%| O|  |TAMS 0x00000007087ffff0, 0x0000000708600000| Untracked 
|  56|0x0000000708800000, 0x00000007089fffd0, 0x0000000708a00000| 99%| O|  |TAMS 0x00000007089fffd0, 0x0000000708800000| Untracked 
|  57|0x0000000708a00000, 0x0000000708bffff0, 0x0000000708c00000| 99%| O|  |TAMS 0x0000000708bffff0, 0x0000000708a00000| Untracked 
|  58|0x0000000708c00000, 0x0000000708dffff8, 0x0000000708e00000| 99%| O|  |TAMS 0x0000000708dffff8, 0x0000000708c00000| Untracked 
|  59|0x0000000708e00000, 0x0000000708ffffe8, 0x0000000709000000| 99%| O|  |TAMS 0x0000000708ffffe8, 0x0000000708e00000| Untracked 
|  60|0x0000000709000000, 0x0000000709200000, 0x0000000709200000|100%| O|  |TAMS 0x0000000709000000, 0x0000000709000000| Untracked 
|  61|0x0000000709200000, 0x0000000709400000, 0x0000000709400000|100%| O|  |TAMS 0x0000000709200000, 0x0000000709200000| Untracked 
|  62|0x0000000709400000, 0x00000007095ffff0, 0x0000000709600000| 99%| O|  |TAMS 0x00000007095ffff0, 0x0000000709400000| Untracked 
|  63|0x0000000709600000, 0x0000000709800000, 0x0000000709800000|100%|HS|  |TAMS 0x0000000709800000, 0x0000000709600000| Untracked 
|  64|0x0000000709800000, 0x0000000709a00000, 0x0000000709a00000|100%| O|  |TAMS 0x0000000709800000, 0x0000000709800000| Untracked 
|  65|0x0000000709a00000, 0x0000000709c00000, 0x0000000709c00000|100%|HS|  |TAMS 0x0000000709c00000, 0x0000000709a00000| Untracked 
|  66|0x0000000709c00000, 0x0000000709e00000, 0x0000000709e00000|100%|HS|  |TAMS 0x0000000709e00000, 0x0000000709c00000| Untracked 
|  67|0x0000000709e00000, 0x000000070a000000, 0x000000070a000000|100%|HC|  |TAMS 0x000000070a000000, 0x0000000709e00000| Untracked 
|  68|0x000000070a000000, 0x000000070a200000, 0x000000070a200000|100%|HC|  |TAMS 0x000000070a200000, 0x000000070a000000| Untracked 
|  69|0x000000070a200000, 0x000000070a400000, 0x000000070a400000|100%|HC|  |TAMS 0x000000070a400000, 0x000000070a200000| Untracked 
|  70|0x000000070a400000, 0x000000070a600000, 0x000000070a600000|100%|HC|  |TAMS 0x000000070a600000, 0x000000070a400000| Untracked 
|  71|0x000000070a600000, 0x000000070a800000, 0x000000070a800000|100%|HC|  |TAMS 0x000000070a800000, 0x000000070a600000| Untracked 
|  72|0x000000070a800000, 0x000000070aa00000, 0x000000070aa00000|100%| O|  |TAMS 0x000000070aa00000, 0x000000070a800000| Untracked 
|  73|0x000000070aa00000, 0x000000070abf84a8, 0x000000070ac00000| 98%| O|  |TAMS 0x000000070abf84a8, 0x000000070aa00000| Untracked 
|  74|0x000000070ac00000, 0x000000070adffff0, 0x000000070ae00000| 99%| O|  |TAMS 0x000000070ac00000, 0x000000070ac00000| Untracked 
|  75|0x000000070ae00000, 0x000000070afffff8, 0x000000070b000000| 99%| O|  |TAMS 0x000000070ae00000, 0x000000070ae00000| Untracked 
|  76|0x000000070b000000, 0x000000070b200000, 0x000000070b200000|100%| O|  |TAMS 0x000000070b000000, 0x000000070b000000| Untracked 
|  77|0x000000070b200000, 0x000000070b400000, 0x000000070b400000|100%| O|  |TAMS 0x000000070b400000, 0x000000070b200000| Untracked 
|  78|0x000000070b400000, 0x000000070b5fffe8, 0x000000070b600000| 99%| O|  |TAMS 0x000000070b400000, 0x000000070b400000| Untracked 
|  79|0x000000070b600000, 0x000000070b7ffff0, 0x000000070b800000| 99%| O|  |TAMS 0x000000070b600000, 0x000000070b600000| Untracked 
|  80|0x000000070b800000, 0x000000070b969848, 0x000000070ba00000| 70%| O|  |TAMS 0x000000070b800000, 0x000000070b800000| Untracked 
|  81|0x000000070ba00000, 0x000000070bb93c10, 0x000000070bc00000| 78%| O|  |TAMS 0x000000070ba00000, 0x000000070ba00000| Untracked 
|  82|0x000000070bc00000, 0x000000070bdfffe8, 0x000000070be00000| 99%| O|  |TAMS 0x000000070bc00000, 0x000000070bc00000| Untracked 
|  83|0x000000070be00000, 0x000000070bfffff0, 0x000000070c000000| 99%| O|  |TAMS 0x000000070be00000, 0x000000070be00000| Untracked 
|  84|0x000000070c000000, 0x000000070c1ffff0, 0x000000070c200000| 99%| O|  |TAMS 0x000000070c000000, 0x000000070c000000| Untracked 
|  85|0x000000070c200000, 0x000000070c400000, 0x000000070c400000|100%|HS|  |TAMS 0x000000070c400000, 0x000000070c200000| Untracked 
|  86|0x000000070c400000, 0x000000070c5ffec0, 0x000000070c600000| 99%| O|  |TAMS 0x000000070c400000, 0x000000070c400000| Untracked 
|  87|0x000000070c600000, 0x000000070c7ef460, 0x000000070c800000| 96%| O|  |TAMS 0x000000070c600000, 0x000000070c600000| Untracked 
|  88|0x000000070c800000, 0x000000070c8b0e00, 0x000000070ca00000| 34%| O|  |TAMS 0x000000070c800000, 0x000000070c800000| Untracked 
|  89|0x000000070ca00000, 0x000000070ca00000, 0x000000070cc00000|  0%| F|  |TAMS 0x000000070ca00000, 0x000000070ca00000| Untracked 
|  90|0x000000070cc00000, 0x000000070cd4ea58, 0x000000070ce00000| 65%| O|  |TAMS 0x000000070cc00000, 0x000000070cc00000| Untracked 
|  91|0x000000070ce00000, 0x000000070d000000, 0x000000070d000000|100%| O|  |TAMS 0x000000070d000000, 0x000000070ce00000| Untracked 
|  92|0x000000070d000000, 0x000000070d07c600, 0x000000070d200000| 24%| O|  |TAMS 0x000000070d000000, 0x000000070d000000| Untracked 
|  93|0x000000070d200000, 0x000000070d400000, 0x000000070d400000|100%|HS|  |TAMS 0x000000070d400000, 0x000000070d200000| Untracked 
|  94|0x000000070d400000, 0x000000070d600000, 0x000000070d600000|100%|HC|  |TAMS 0x000000070d600000, 0x000000070d400000| Untracked 
|  95|0x000000070d600000, 0x000000070d800000, 0x000000070d800000|100%|HC|  |TAMS 0x000000070d800000, 0x000000070d600000| Untracked 
|  96|0x000000070d800000, 0x000000070da00000, 0x000000070da00000|100%|HC|  |TAMS 0x000000070da00000, 0x000000070d800000| Untracked 
|  97|0x000000070da00000, 0x000000070dc00000, 0x000000070dc00000|100%| O|  |TAMS 0x000000070dc00000, 0x000000070da00000| Untracked 
|  98|0x000000070dc00000, 0x000000070dcb1af8, 0x000000070de00000| 34%| O|  |TAMS 0x000000070dc00000, 0x000000070dc00000| Untracked 
|  99|0x000000070de00000, 0x000000070de412d8, 0x000000070e000000| 12%| O|  |TAMS 0x000000070de00000, 0x000000070de00000| Untracked 
| 100|0x000000070e000000, 0x000000070e000000, 0x000000070e200000|  0%| F|  |TAMS 0x000000070e000000, 0x000000070e000000| Untracked 
| 101|0x000000070e200000, 0x000000070e200000, 0x000000070e400000|  0%| F|  |TAMS 0x000000070e200000, 0x000000070e200000| Untracked 
| 102|0x000000070e400000, 0x000000070e400000, 0x000000070e600000|  0%| F|  |TAMS 0x000000070e400000, 0x000000070e400000| Untracked 
| 103|0x000000070e600000, 0x000000070e800000, 0x000000070e800000|100%|HS|  |TAMS 0x000000070e600000, 0x000000070e600000| Complete 
| 104|0x000000070e800000, 0x000000070ea00000, 0x000000070ea00000|100%|HC|  |TAMS 0x000000070e800000, 0x000000070e800000| Complete 
| 105|0x000000070ea00000, 0x000000070ea00000, 0x000000070ec00000|  0%| F|  |TAMS 0x000000070ea00000, 0x000000070ea00000| Untracked 
| 106|0x000000070ec00000, 0x000000070ec00000, 0x000000070ee00000|  0%| F|  |TAMS 0x000000070ec00000, 0x000000070ec00000| Untracked 
| 107|0x000000070ee00000, 0x000000070eec6000, 0x000000070f000000| 38%| O|  |TAMS 0x000000070ee00000, 0x000000070ee00000| Untracked 
| 108|0x000000070f000000, 0x000000070f000000, 0x000000070f200000|  0%| F|  |TAMS 0x000000070f000000, 0x000000070f000000| Untracked 
| 109|0x000000070f200000, 0x000000070f200000, 0x000000070f400000|  0%| F|  |TAMS 0x000000070f200000, 0x000000070f200000| Untracked 
| 110|0x000000070f400000, 0x000000070f400000, 0x000000070f600000|  0%| F|  |TAMS 0x000000070f400000, 0x000000070f400000| Untracked 
| 111|0x000000070f600000, 0x000000070f600000, 0x000000070f800000|  0%| F|  |TAMS 0x000000070f600000, 0x000000070f600000| Untracked 
| 112|0x000000070f800000, 0x000000070f800000, 0x000000070fa00000|  0%| F|  |TAMS 0x000000070f800000, 0x000000070f800000| Untracked 
| 113|0x000000070fa00000, 0x000000070fa00000, 0x000000070fc00000|  0%| F|  |TAMS 0x000000070fa00000, 0x000000070fa00000| Untracked 
| 114|0x000000070fc00000, 0x000000070fc00000, 0x000000070fe00000|  0%| F|  |TAMS 0x000000070fc00000, 0x000000070fc00000| Untracked 
| 115|0x000000070fe00000, 0x000000070fe00000, 0x0000000710000000|  0%| F|  |TAMS 0x000000070fe00000, 0x000000070fe00000| Untracked 
| 116|0x0000000710000000, 0x0000000710000000, 0x0000000710200000|  0%| F|  |TAMS 0x0000000710000000, 0x0000000710000000| Untracked 
| 117|0x0000000710200000, 0x0000000710200000, 0x0000000710400000|  0%| F|  |TAMS 0x0000000710200000, 0x0000000710200000| Untracked 
| 118|0x0000000710400000, 0x0000000710400000, 0x0000000710600000|  0%| F|  |TAMS 0x0000000710400000, 0x0000000710400000| Untracked 
| 119|0x0000000710600000, 0x0000000710600000, 0x0000000710800000|  0%| F|  |TAMS 0x0000000710600000, 0x0000000710600000| Untracked 
| 120|0x0000000710800000, 0x0000000710800000, 0x0000000710a00000|  0%| F|  |TAMS 0x0000000710800000, 0x0000000710800000| Untracked 
| 121|0x0000000710a00000, 0x0000000710a00000, 0x0000000710c00000|  0%| F|  |TAMS 0x0000000710a00000, 0x0000000710a00000| Untracked 
| 122|0x0000000710c00000, 0x0000000710c00000, 0x0000000710e00000|  0%| F|  |TAMS 0x0000000710c00000, 0x0000000710c00000| Untracked 
| 123|0x0000000710e00000, 0x0000000710e00000, 0x0000000711000000|  0%| F|  |TAMS 0x0000000710e00000, 0x0000000710e00000| Untracked 
| 124|0x0000000711000000, 0x0000000711000000, 0x0000000711200000|  0%| F|  |TAMS 0x0000000711000000, 0x0000000711000000| Untracked 
| 125|0x0000000711200000, 0x0000000711200000, 0x0000000711400000|  0%| F|  |TAMS 0x0000000711200000, 0x0000000711200000| Untracked 
| 126|0x0000000711400000, 0x0000000711400000, 0x0000000711600000|  0%| F|  |TAMS 0x0000000711400000, 0x0000000711400000| Untracked 
| 127|0x0000000711600000, 0x0000000711600000, 0x0000000711800000|  0%| F|  |TAMS 0x0000000711600000, 0x0000000711600000| Untracked 
| 128|0x0000000711800000, 0x0000000711800000, 0x0000000711a00000|  0%| F|  |TAMS 0x0000000711800000, 0x0000000711800000| Untracked 
| 129|0x0000000711a00000, 0x0000000711a00000, 0x0000000711c00000|  0%| F|  |TAMS 0x0000000711a00000, 0x0000000711a00000| Untracked 
| 130|0x0000000711c00000, 0x0000000711c00000, 0x0000000711e00000|  0%| F|  |TAMS 0x0000000711c00000, 0x0000000711c00000| Untracked 
| 131|0x0000000711e00000, 0x0000000711e00000, 0x0000000712000000|  0%| F|  |TAMS 0x0000000711e00000, 0x0000000711e00000| Untracked 
| 132|0x0000000712000000, 0x0000000712000000, 0x0000000712200000|  0%| F|  |TAMS 0x0000000712000000, 0x0000000712000000| Untracked 
| 133|0x0000000712200000, 0x0000000712200000, 0x0000000712400000|  0%| F|  |TAMS 0x0000000712200000, 0x0000000712200000| Untracked 
| 134|0x0000000712400000, 0x0000000712400000, 0x0000000712600000|  0%| F|  |TAMS 0x0000000712400000, 0x0000000712400000| Untracked 
| 135|0x0000000712600000, 0x0000000712600000, 0x0000000712800000|  0%| F|  |TAMS 0x0000000712600000, 0x0000000712600000| Untracked 
| 136|0x0000000712800000, 0x0000000712800000, 0x0000000712a00000|  0%| F|  |TAMS 0x0000000712800000, 0x0000000712800000| Untracked 
| 137|0x0000000712a00000, 0x0000000712a00000, 0x0000000712c00000|  0%| F|  |TAMS 0x0000000712a00000, 0x0000000712a00000| Untracked 
| 138|0x0000000712c00000, 0x0000000712c00000, 0x0000000712e00000|  0%| F|  |TAMS 0x0000000712c00000, 0x0000000712c00000| Untracked 
| 139|0x0000000712e00000, 0x0000000712e00000, 0x0000000713000000|  0%| F|  |TAMS 0x0000000712e00000, 0x0000000712e00000| Untracked 
| 140|0x0000000713000000, 0x0000000713000000, 0x0000000713200000|  0%| F|  |TAMS 0x0000000713000000, 0x0000000713000000| Untracked 
| 141|0x0000000713200000, 0x0000000713200000, 0x0000000713400000|  0%| F|  |TAMS 0x0000000713200000, 0x0000000713200000| Untracked 
| 142|0x0000000713400000, 0x0000000713400000, 0x0000000713600000|  0%| F|  |TAMS 0x0000000713400000, 0x0000000713400000| Untracked 
| 143|0x0000000713600000, 0x0000000713600000, 0x0000000713800000|  0%| F|  |TAMS 0x0000000713600000, 0x0000000713600000| Untracked 
| 144|0x0000000713800000, 0x0000000713800000, 0x0000000713a00000|  0%| F|  |TAMS 0x0000000713800000, 0x0000000713800000| Untracked 
| 145|0x0000000713a00000, 0x0000000713a00000, 0x0000000713c00000|  0%| F|  |TAMS 0x0000000713a00000, 0x0000000713a00000| Untracked 
| 146|0x0000000713c00000, 0x0000000713c00000, 0x0000000713e00000|  0%| F|  |TAMS 0x0000000713c00000, 0x0000000713c00000| Untracked 
| 147|0x0000000713e00000, 0x0000000713e00000, 0x0000000714000000|  0%| F|  |TAMS 0x0000000713e00000, 0x0000000713e00000| Untracked 
| 148|0x0000000714000000, 0x0000000714000000, 0x0000000714200000|  0%| F|  |TAMS 0x0000000714000000, 0x0000000714000000| Untracked 
| 149|0x0000000714200000, 0x0000000714200000, 0x0000000714400000|  0%| F|  |TAMS 0x0000000714200000, 0x0000000714200000| Untracked 
| 150|0x0000000714400000, 0x0000000714400000, 0x0000000714600000|  0%| F|  |TAMS 0x0000000714400000, 0x0000000714400000| Untracked 
| 151|0x0000000714600000, 0x0000000714600000, 0x0000000714800000|  0%| F|  |TAMS 0x0000000714600000, 0x0000000714600000| Untracked 
| 152|0x0000000714800000, 0x0000000714800000, 0x0000000714a00000|  0%| F|  |TAMS 0x0000000714800000, 0x0000000714800000| Untracked 
| 153|0x0000000714a00000, 0x0000000714a00000, 0x0000000714c00000|  0%| F|  |TAMS 0x0000000714a00000, 0x0000000714a00000| Untracked 
| 154|0x0000000714c00000, 0x0000000714c00000, 0x0000000714e00000|  0%| F|  |TAMS 0x0000000714c00000, 0x0000000714c00000| Untracked 
| 155|0x0000000714e00000, 0x0000000714e00000, 0x0000000715000000|  0%| F|  |TAMS 0x0000000714e00000, 0x0000000714e00000| Untracked 
| 156|0x0000000715000000, 0x0000000715000000, 0x0000000715200000|  0%| F|  |TAMS 0x0000000715000000, 0x0000000715000000| Untracked 
| 157|0x0000000715200000, 0x0000000715200000, 0x0000000715400000|  0%| F|  |TAMS 0x0000000715200000, 0x0000000715200000| Untracked 
| 158|0x0000000715400000, 0x0000000715400000, 0x0000000715600000|  0%| F|  |TAMS 0x0000000715400000, 0x0000000715400000| Untracked 
| 159|0x0000000715600000, 0x0000000715600000, 0x0000000715800000|  0%| F|  |TAMS 0x0000000715600000, 0x0000000715600000| Untracked 
| 160|0x0000000715800000, 0x0000000715800000, 0x0000000715a00000|  0%| F|  |TAMS 0x0000000715800000, 0x0000000715800000| Untracked 
| 161|0x0000000715a00000, 0x0000000715a00000, 0x0000000715c00000|  0%| F|  |TAMS 0x0000000715a00000, 0x0000000715a00000| Untracked 
| 162|0x0000000715c00000, 0x0000000715c00000, 0x0000000715e00000|  0%| F|  |TAMS 0x0000000715c00000, 0x0000000715c00000| Untracked 
| 163|0x0000000715e00000, 0x0000000715e00000, 0x0000000716000000|  0%| F|  |TAMS 0x0000000715e00000, 0x0000000715e00000| Untracked 
| 164|0x0000000716000000, 0x0000000716000000, 0x0000000716200000|  0%| F|  |TAMS 0x0000000716000000, 0x0000000716000000| Untracked 
| 165|0x0000000716200000, 0x0000000716200000, 0x0000000716400000|  0%| F|  |TAMS 0x0000000716200000, 0x0000000716200000| Untracked 
| 166|0x0000000716400000, 0x0000000716400000, 0x0000000716600000|  0%| F|  |TAMS 0x0000000716400000, 0x0000000716400000| Untracked 
| 167|0x0000000716600000, 0x0000000716600000, 0x0000000716800000|  0%| F|  |TAMS 0x0000000716600000, 0x0000000716600000| Untracked 
| 168|0x0000000716800000, 0x0000000716800000, 0x0000000716a00000|  0%| F|  |TAMS 0x0000000716800000, 0x0000000716800000| Untracked 
| 169|0x0000000716a00000, 0x0000000716c00000, 0x0000000716c00000|100%| O|  |TAMS 0x0000000716c00000, 0x0000000716a00000| Untracked 
| 170|0x0000000716c00000, 0x0000000716c00000, 0x0000000716e00000|  0%| F|  |TAMS 0x0000000716c00000, 0x0000000716c00000| Untracked 
| 171|0x0000000716e00000, 0x0000000717000000, 0x0000000717000000|100%| O|  |TAMS 0x0000000717000000, 0x0000000716e00000| Untracked 
| 172|0x0000000717000000, 0x0000000717000000, 0x0000000717200000|  0%| F|  |TAMS 0x0000000717000000, 0x0000000717000000| Untracked 
| 173|0x0000000717200000, 0x0000000717200000, 0x0000000717400000|  0%| F|  |TAMS 0x0000000717200000, 0x0000000717200000| Untracked 
| 174|0x0000000717400000, 0x0000000717400000, 0x0000000717600000|  0%| F|  |TAMS 0x0000000717400000, 0x0000000717400000| Untracked 
| 175|0x0000000717600000, 0x0000000717800000, 0x0000000717800000|100%| O|  |TAMS 0x0000000717800000, 0x0000000717600000| Untracked 
| 176|0x0000000717800000, 0x0000000717800000, 0x0000000717a00000|  0%| F|  |TAMS 0x0000000717800000, 0x0000000717800000| Untracked 
| 177|0x0000000717a00000, 0x0000000717a00000, 0x0000000717c00000|  0%| F|  |TAMS 0x0000000717a00000, 0x0000000717a00000| Untracked 
| 178|0x0000000717c00000, 0x0000000717c00000, 0x0000000717e00000|  0%| F|  |TAMS 0x0000000717c00000, 0x0000000717c00000| Untracked 
| 179|0x0000000717e00000, 0x0000000717e00000, 0x0000000718000000|  0%| F|  |TAMS 0x0000000717e00000, 0x0000000717e00000| Untracked 
| 180|0x0000000718000000, 0x0000000718000000, 0x0000000718200000|  0%| F|  |TAMS 0x0000000718000000, 0x0000000718000000| Untracked 
| 181|0x0000000718200000, 0x0000000718200000, 0x0000000718400000|  0%| F|  |TAMS 0x0000000718200000, 0x0000000718200000| Untracked 
| 182|0x0000000718400000, 0x0000000718400000, 0x0000000718600000|  0%| F|  |TAMS 0x0000000718400000, 0x0000000718400000| Untracked 
| 183|0x0000000718600000, 0x0000000718600000, 0x0000000718800000|  0%| F|  |TAMS 0x0000000718600000, 0x0000000718600000| Untracked 
| 184|0x0000000718800000, 0x0000000718800000, 0x0000000718a00000|  0%| F|  |TAMS 0x0000000718800000, 0x0000000718800000| Untracked 
| 185|0x0000000718a00000, 0x0000000718a00000, 0x0000000718c00000|  0%| F|  |TAMS 0x0000000718a00000, 0x0000000718a00000| Untracked 
| 186|0x0000000718c00000, 0x0000000718c00000, 0x0000000718e00000|  0%| F|  |TAMS 0x0000000718c00000, 0x0000000718c00000| Untracked 
| 187|0x0000000718e00000, 0x0000000718e00000, 0x0000000719000000|  0%| F|  |TAMS 0x0000000718e00000, 0x0000000718e00000| Untracked 
| 188|0x0000000719000000, 0x0000000719000000, 0x0000000719200000|  0%| F|  |TAMS 0x0000000719000000, 0x0000000719000000| Untracked 
| 189|0x0000000719200000, 0x0000000719200000, 0x0000000719400000|  0%| F|  |TAMS 0x0000000719200000, 0x0000000719200000| Untracked 
| 190|0x0000000719400000, 0x0000000719400000, 0x0000000719600000|  0%| F|  |TAMS 0x0000000719400000, 0x0000000719400000| Untracked 
| 191|0x0000000719600000, 0x0000000719600000, 0x0000000719800000|  0%| F|  |TAMS 0x0000000719600000, 0x0000000719600000| Untracked 
| 192|0x0000000719800000, 0x0000000719800000, 0x0000000719a00000|  0%| F|  |TAMS 0x0000000719800000, 0x0000000719800000| Untracked 
| 193|0x0000000719a00000, 0x0000000719a00000, 0x0000000719c00000|  0%| F|  |TAMS 0x0000000719a00000, 0x0000000719a00000| Untracked 
| 194|0x0000000719c00000, 0x0000000719c00000, 0x0000000719e00000|  0%| F|  |TAMS 0x0000000719c00000, 0x0000000719c00000| Untracked 
| 195|0x0000000719e00000, 0x0000000719e00000, 0x000000071a000000|  0%| F|  |TAMS 0x0000000719e00000, 0x0000000719e00000| Untracked 
| 196|0x000000071a000000, 0x000000071a000000, 0x000000071a200000|  0%| F|  |TAMS 0x000000071a000000, 0x000000071a000000| Untracked 
| 197|0x000000071a200000, 0x000000071a200000, 0x000000071a400000|  0%| F|  |TAMS 0x000000071a200000, 0x000000071a200000| Untracked 
| 198|0x000000071a400000, 0x000000071a400000, 0x000000071a600000|  0%| F|  |TAMS 0x000000071a400000, 0x000000071a400000| Untracked 
| 199|0x000000071a600000, 0x000000071a600000, 0x000000071a800000|  0%| F|  |TAMS 0x000000071a600000, 0x000000071a600000| Untracked 
| 200|0x000000071a800000, 0x000000071a800000, 0x000000071aa00000|  0%| F|  |TAMS 0x000000071a800000, 0x000000071a800000| Untracked 
| 201|0x000000071aa00000, 0x000000071aa00000, 0x000000071ac00000|  0%| F|  |TAMS 0x000000071aa00000, 0x000000071aa00000| Untracked 
| 202|0x000000071ac00000, 0x000000071ac00000, 0x000000071ae00000|  0%| F|  |TAMS 0x000000071ac00000, 0x000000071ac00000| Untracked 
| 203|0x000000071ae00000, 0x000000071ae00000, 0x000000071b000000|  0%| F|  |TAMS 0x000000071ae00000, 0x000000071ae00000| Untracked 
| 204|0x000000071b000000, 0x000000071b000000, 0x000000071b200000|  0%| F|  |TAMS 0x000000071b000000, 0x000000071b000000| Untracked 
| 205|0x000000071b200000, 0x000000071b200000, 0x000000071b400000|  0%| F|  |TAMS 0x000000071b200000, 0x000000071b200000| Untracked 
| 206|0x000000071b400000, 0x000000071b400000, 0x000000071b600000|  0%| F|  |TAMS 0x000000071b400000, 0x000000071b400000| Untracked 
| 207|0x000000071b600000, 0x000000071b600000, 0x000000071b800000|  0%| F|  |TAMS 0x000000071b600000, 0x000000071b600000| Untracked 
| 208|0x000000071b800000, 0x000000071b800000, 0x000000071ba00000|  0%| F|  |TAMS 0x000000071b800000, 0x000000071b800000| Untracked 
| 209|0x000000071ba00000, 0x000000071ba00000, 0x000000071bc00000|  0%| F|  |TAMS 0x000000071ba00000, 0x000000071ba00000| Untracked 
| 210|0x000000071bc00000, 0x000000071bc00000, 0x000000071be00000|  0%| F|  |TAMS 0x000000071bc00000, 0x000000071bc00000| Untracked 
| 211|0x000000071be00000, 0x000000071be00000, 0x000000071c000000|  0%| F|  |TAMS 0x000000071be00000, 0x000000071be00000| Untracked 
| 212|0x000000071c000000, 0x000000071c000000, 0x000000071c200000|  0%| F|  |TAMS 0x000000071c000000, 0x000000071c000000| Untracked 
| 213|0x000000071c200000, 0x000000071c200000, 0x000000071c400000|  0%| F|  |TAMS 0x000000071c200000, 0x000000071c200000| Untracked 
| 214|0x000000071c400000, 0x000000071c400000, 0x000000071c600000|  0%| F|  |TAMS 0x000000071c400000, 0x000000071c400000| Untracked 
| 215|0x000000071c600000, 0x000000071c600000, 0x000000071c800000|  0%| F|  |TAMS 0x000000071c600000, 0x000000071c600000| Untracked 
| 216|0x000000071c800000, 0x000000071c800000, 0x000000071ca00000|  0%| F|  |TAMS 0x000000071c800000, 0x000000071c800000| Untracked 
| 217|0x000000071ca00000, 0x000000071ca00000, 0x000000071cc00000|  0%| F|  |TAMS 0x000000071ca00000, 0x000000071ca00000| Untracked 
| 218|0x000000071cc00000, 0x000000071cc00000, 0x000000071ce00000|  0%| F|  |TAMS 0x000000071cc00000, 0x000000071cc00000| Untracked 
| 219|0x000000071ce00000, 0x000000071ce00000, 0x000000071d000000|  0%| F|  |TAMS 0x000000071ce00000, 0x000000071ce00000| Untracked 
| 220|0x000000071d000000, 0x000000071d000000, 0x000000071d200000|  0%| F|  |TAMS 0x000000071d000000, 0x000000071d000000| Untracked 
| 221|0x000000071d200000, 0x000000071d200000, 0x000000071d400000|  0%| F|  |TAMS 0x000000071d200000, 0x000000071d200000| Untracked 
| 222|0x000000071d400000, 0x000000071d400000, 0x000000071d600000|  0%| F|  |TAMS 0x000000071d400000, 0x000000071d400000| Untracked 
| 223|0x000000071d600000, 0x000000071d600000, 0x000000071d800000|  0%| F|  |TAMS 0x000000071d600000, 0x000000071d600000| Untracked 
| 224|0x000000071d800000, 0x000000071d800000, 0x000000071da00000|  0%| F|  |TAMS 0x000000071d800000, 0x000000071d800000| Untracked 
| 225|0x000000071da00000, 0x000000071da00000, 0x000000071dc00000|  0%| F|  |TAMS 0x000000071da00000, 0x000000071da00000| Untracked 
| 226|0x000000071dc00000, 0x000000071dc00000, 0x000000071de00000|  0%| F|  |TAMS 0x000000071dc00000, 0x000000071dc00000| Untracked 
| 227|0x000000071de00000, 0x000000071de00000, 0x000000071e000000|  0%| F|  |TAMS 0x000000071de00000, 0x000000071de00000| Untracked 
| 228|0x000000071e000000, 0x000000071e000000, 0x000000071e200000|  0%| F|  |TAMS 0x000000071e000000, 0x000000071e000000| Untracked 
| 229|0x000000071e200000, 0x000000071e200000, 0x000000071e400000|  0%| F|  |TAMS 0x000000071e200000, 0x000000071e200000| Untracked 
| 230|0x000000071e400000, 0x000000071e400000, 0x000000071e600000|  0%| F|  |TAMS 0x000000071e400000, 0x000000071e400000| Untracked 
| 231|0x000000071e600000, 0x000000071e600000, 0x000000071e800000|  0%| F|  |TAMS 0x000000071e600000, 0x000000071e600000| Untracked 
| 232|0x000000071e800000, 0x000000071e800000, 0x000000071ea00000|  0%| F|  |TAMS 0x000000071e800000, 0x000000071e800000| Untracked 
| 233|0x000000071ea00000, 0x000000071ea00000, 0x000000071ec00000|  0%| F|  |TAMS 0x000000071ea00000, 0x000000071ea00000| Untracked 
| 234|0x000000071ec00000, 0x000000071ec00000, 0x000000071ee00000|  0%| F|  |TAMS 0x000000071ec00000, 0x000000071ec00000| Untracked 
| 235|0x000000071ee00000, 0x000000071ee00000, 0x000000071f000000|  0%| F|  |TAMS 0x000000071ee00000, 0x000000071ee00000| Untracked 
| 236|0x000000071f000000, 0x000000071f000000, 0x000000071f200000|  0%| F|  |TAMS 0x000000071f000000, 0x000000071f000000| Untracked 
| 237|0x000000071f200000, 0x000000071f200000, 0x000000071f400000|  0%| F|  |TAMS 0x000000071f200000, 0x000000071f200000| Untracked 
| 238|0x000000071f400000, 0x000000071f400000, 0x000000071f600000|  0%| F|  |TAMS 0x000000071f400000, 0x000000071f400000| Untracked 
| 239|0x000000071f600000, 0x000000071f600000, 0x000000071f800000|  0%| F|  |TAMS 0x000000071f600000, 0x000000071f600000| Untracked 
| 240|0x000000071f800000, 0x000000071f800000, 0x000000071fa00000|  0%| F|  |TAMS 0x000000071f800000, 0x000000071f800000| Untracked 
| 241|0x000000071fa00000, 0x000000071fa00000, 0x000000071fc00000|  0%| F|  |TAMS 0x000000071fa00000, 0x000000071fa00000| Untracked 
| 242|0x000000071fc00000, 0x000000071fc00000, 0x000000071fe00000|  0%| F|  |TAMS 0x000000071fc00000, 0x000000071fc00000| Untracked 
| 243|0x000000071fe00000, 0x000000071fe00000, 0x0000000720000000|  0%| F|  |TAMS 0x000000071fe00000, 0x000000071fe00000| Untracked 
| 244|0x0000000720000000, 0x0000000720000000, 0x0000000720200000|  0%| F|  |TAMS 0x0000000720000000, 0x0000000720000000| Untracked 
| 245|0x0000000720200000, 0x0000000720200000, 0x0000000720400000|  0%| F|  |TAMS 0x0000000720200000, 0x0000000720200000| Untracked 
| 246|0x0000000720400000, 0x0000000720400000, 0x0000000720600000|  0%| F|  |TAMS 0x0000000720400000, 0x0000000720400000| Untracked 
| 247|0x0000000720600000, 0x0000000720600000, 0x0000000720800000|  0%| F|  |TAMS 0x0000000720600000, 0x0000000720600000| Untracked 
| 248|0x0000000720800000, 0x0000000720800000, 0x0000000720a00000|  0%| F|  |TAMS 0x0000000720800000, 0x0000000720800000| Untracked 
| 249|0x0000000720a00000, 0x0000000720a00000, 0x0000000720c00000|  0%| F|  |TAMS 0x0000000720a00000, 0x0000000720a00000| Untracked 
| 250|0x0000000720c00000, 0x0000000720c00000, 0x0000000720e00000|  0%| F|  |TAMS 0x0000000720c00000, 0x0000000720c00000| Untracked 
| 251|0x0000000720e00000, 0x0000000720e00000, 0x0000000721000000|  0%| F|  |TAMS 0x0000000720e00000, 0x0000000720e00000| Untracked 
| 252|0x0000000721000000, 0x0000000721000000, 0x0000000721200000|  0%| F|  |TAMS 0x0000000721000000, 0x0000000721000000| Untracked 
| 253|0x0000000721200000, 0x0000000721200000, 0x0000000721400000|  0%| F|  |TAMS 0x0000000721200000, 0x0000000721200000| Untracked 
| 254|0x0000000721400000, 0x0000000721400000, 0x0000000721600000|  0%| F|  |TAMS 0x0000000721400000, 0x0000000721400000| Untracked 
| 255|0x0000000721600000, 0x0000000721600000, 0x0000000721800000|  0%| F|  |TAMS 0x0000000721600000, 0x0000000721600000| Untracked 
| 256|0x0000000721800000, 0x0000000721800000, 0x0000000721a00000|  0%| F|  |TAMS 0x0000000721800000, 0x0000000721800000| Untracked 
| 257|0x0000000721a00000, 0x0000000721a00000, 0x0000000721c00000|  0%| F|  |TAMS 0x0000000721a00000, 0x0000000721a00000| Untracked 
| 258|0x0000000721c00000, 0x0000000721c00000, 0x0000000721e00000|  0%| F|  |TAMS 0x0000000721c00000, 0x0000000721c00000| Untracked 
| 259|0x0000000721e00000, 0x0000000721e00000, 0x0000000722000000|  0%| F|  |TAMS 0x0000000721e00000, 0x0000000721e00000| Untracked 
| 260|0x0000000722000000, 0x0000000722000000, 0x0000000722200000|  0%| F|  |TAMS 0x0000000722000000, 0x0000000722000000| Untracked 
| 261|0x0000000722200000, 0x0000000722200000, 0x0000000722400000|  0%| F|  |TAMS 0x0000000722200000, 0x0000000722200000| Untracked 
| 262|0x0000000722400000, 0x0000000722400000, 0x0000000722600000|  0%| F|  |TAMS 0x0000000722400000, 0x0000000722400000| Untracked 
| 263|0x0000000722600000, 0x0000000722600000, 0x0000000722800000|  0%| F|  |TAMS 0x0000000722600000, 0x0000000722600000| Untracked 
| 264|0x0000000722800000, 0x0000000722800000, 0x0000000722a00000|  0%| F|  |TAMS 0x0000000722800000, 0x0000000722800000| Untracked 
| 265|0x0000000722a00000, 0x0000000722a00000, 0x0000000722c00000|  0%| F|  |TAMS 0x0000000722a00000, 0x0000000722a00000| Untracked 
| 266|0x0000000722c00000, 0x0000000722c00000, 0x0000000722e00000|  0%| F|  |TAMS 0x0000000722c00000, 0x0000000722c00000| Untracked 
| 267|0x0000000722e00000, 0x0000000722e00000, 0x0000000723000000|  0%| F|  |TAMS 0x0000000722e00000, 0x0000000722e00000| Untracked 
| 268|0x0000000723000000, 0x0000000723000000, 0x0000000723200000|  0%| F|  |TAMS 0x0000000723000000, 0x0000000723000000| Untracked 
| 269|0x0000000723200000, 0x0000000723200000, 0x0000000723400000|  0%| F|  |TAMS 0x0000000723200000, 0x0000000723200000| Untracked 
| 270|0x0000000723400000, 0x0000000723400000, 0x0000000723600000|  0%| F|  |TAMS 0x0000000723400000, 0x0000000723400000| Untracked 
| 271|0x0000000723600000, 0x0000000723600000, 0x0000000723800000|  0%| F|  |TAMS 0x0000000723600000, 0x0000000723600000| Untracked 
| 272|0x0000000723800000, 0x0000000723800000, 0x0000000723a00000|  0%| F|  |TAMS 0x0000000723800000, 0x0000000723800000| Untracked 
| 273|0x0000000723a00000, 0x0000000723a00000, 0x0000000723c00000|  0%| F|  |TAMS 0x0000000723a00000, 0x0000000723a00000| Untracked 
| 274|0x0000000723c00000, 0x0000000723c00000, 0x0000000723e00000|  0%| F|  |TAMS 0x0000000723c00000, 0x0000000723c00000| Untracked 
| 275|0x0000000723e00000, 0x0000000723e00000, 0x0000000724000000|  0%| F|  |TAMS 0x0000000723e00000, 0x0000000723e00000| Untracked 
| 276|0x0000000724000000, 0x0000000724000000, 0x0000000724200000|  0%| F|  |TAMS 0x0000000724000000, 0x0000000724000000| Untracked 
| 277|0x0000000724200000, 0x0000000724200000, 0x0000000724400000|  0%| F|  |TAMS 0x0000000724200000, 0x0000000724200000| Untracked 
| 278|0x0000000724400000, 0x0000000724400000, 0x0000000724600000|  0%| F|  |TAMS 0x0000000724400000, 0x0000000724400000| Untracked 
| 279|0x0000000724600000, 0x0000000724600000, 0x0000000724800000|  0%| F|  |TAMS 0x0000000724600000, 0x0000000724600000| Untracked 
| 280|0x0000000724800000, 0x0000000724800000, 0x0000000724a00000|  0%| F|  |TAMS 0x0000000724800000, 0x0000000724800000| Untracked 
| 281|0x0000000724a00000, 0x0000000724a00000, 0x0000000724c00000|  0%| F|  |TAMS 0x0000000724a00000, 0x0000000724a00000| Untracked 
| 282|0x0000000724c00000, 0x0000000724c00000, 0x0000000724e00000|  0%| F|  |TAMS 0x0000000724c00000, 0x0000000724c00000| Untracked 
| 283|0x0000000724e00000, 0x0000000724e00000, 0x0000000725000000|  0%| F|  |TAMS 0x0000000724e00000, 0x0000000724e00000| Untracked 
| 284|0x0000000725000000, 0x0000000725000000, 0x0000000725200000|  0%| F|  |TAMS 0x0000000725000000, 0x0000000725000000| Untracked 
| 285|0x0000000725200000, 0x0000000725200000, 0x0000000725400000|  0%| F|  |TAMS 0x0000000725200000, 0x0000000725200000| Untracked 
| 286|0x0000000725400000, 0x0000000725400000, 0x0000000725600000|  0%| F|  |TAMS 0x0000000725400000, 0x0000000725400000| Untracked 
| 287|0x0000000725600000, 0x0000000725600000, 0x0000000725800000|  0%| F|  |TAMS 0x0000000725600000, 0x0000000725600000| Untracked 
| 288|0x0000000725800000, 0x0000000725800000, 0x0000000725a00000|  0%| F|  |TAMS 0x0000000725800000, 0x0000000725800000| Untracked 
| 289|0x0000000725a00000, 0x0000000725a00000, 0x0000000725c00000|  0%| F|  |TAMS 0x0000000725a00000, 0x0000000725a00000| Untracked 
| 290|0x0000000725c00000, 0x0000000725c00000, 0x0000000725e00000|  0%| F|  |TAMS 0x0000000725c00000, 0x0000000725c00000| Untracked 
| 291|0x0000000725e00000, 0x0000000725e00000, 0x0000000726000000|  0%| F|  |TAMS 0x0000000725e00000, 0x0000000725e00000| Untracked 
| 292|0x0000000726000000, 0x0000000726200000, 0x0000000726200000|100%| S|CS|TAMS 0x0000000726000000, 0x0000000726000000| Complete 
| 293|0x0000000726200000, 0x0000000726400000, 0x0000000726400000|100%| S|CS|TAMS 0x0000000726200000, 0x0000000726200000| Complete 
| 294|0x0000000726400000, 0x0000000726600000, 0x0000000726600000|100%| S|CS|TAMS 0x0000000726400000, 0x0000000726400000| Complete 
| 295|0x0000000726600000, 0x0000000726800000, 0x0000000726800000|100%| S|CS|TAMS 0x0000000726600000, 0x0000000726600000| Complete 
| 296|0x0000000726800000, 0x0000000726a00000, 0x0000000726a00000|100%| S|CS|TAMS 0x0000000726800000, 0x0000000726800000| Complete 
| 297|0x0000000726a00000, 0x0000000726a00000, 0x0000000726c00000|  0%| F|  |TAMS 0x0000000726a00000, 0x0000000726a00000| Untracked 
| 298|0x0000000726c00000, 0x0000000726c00000, 0x0000000726e00000|  0%| F|  |TAMS 0x0000000726c00000, 0x0000000726c00000| Untracked 
| 299|0x0000000726e00000, 0x0000000726e00000, 0x0000000727000000|  0%| F|  |TAMS 0x0000000726e00000, 0x0000000726e00000| Untracked 
| 300|0x0000000727000000, 0x0000000727000000, 0x0000000727200000|  0%| F|  |TAMS 0x0000000727000000, 0x0000000727000000| Untracked 
| 301|0x0000000727200000, 0x0000000727200000, 0x0000000727400000|  0%| F|  |TAMS 0x0000000727200000, 0x0000000727200000| Untracked 
| 302|0x0000000727400000, 0x0000000727400000, 0x0000000727600000|  0%| F|  |TAMS 0x0000000727400000, 0x0000000727400000| Untracked 
| 303|0x0000000727600000, 0x0000000727600000, 0x0000000727800000|  0%| F|  |TAMS 0x0000000727600000, 0x0000000727600000| Untracked 
| 304|0x0000000727800000, 0x0000000727800000, 0x0000000727a00000|  0%| F|  |TAMS 0x0000000727800000, 0x0000000727800000| Untracked 
| 305|0x0000000727a00000, 0x0000000727a00000, 0x0000000727c00000|  0%| F|  |TAMS 0x0000000727a00000, 0x0000000727a00000| Untracked 
| 306|0x0000000727c00000, 0x0000000727c00000, 0x0000000727e00000|  0%| F|  |TAMS 0x0000000727c00000, 0x0000000727c00000| Untracked 
| 307|0x0000000727e00000, 0x0000000727e00000, 0x0000000728000000|  0%| F|  |TAMS 0x0000000727e00000, 0x0000000727e00000| Untracked 
| 308|0x0000000728000000, 0x0000000728000000, 0x0000000728200000|  0%| F|  |TAMS 0x0000000728000000, 0x0000000728000000| Untracked 
| 309|0x0000000728200000, 0x0000000728200000, 0x0000000728400000|  0%| F|  |TAMS 0x0000000728200000, 0x0000000728200000| Untracked 
| 310|0x0000000728400000, 0x0000000728400000, 0x0000000728600000|  0%| F|  |TAMS 0x0000000728400000, 0x0000000728400000| Untracked 
| 311|0x0000000728600000, 0x0000000728600000, 0x0000000728800000|  0%| F|  |TAMS 0x0000000728600000, 0x0000000728600000| Untracked 
| 312|0x0000000728800000, 0x0000000728800000, 0x0000000728a00000|  0%| F|  |TAMS 0x0000000728800000, 0x0000000728800000| Untracked 
| 313|0x0000000728a00000, 0x0000000728a00000, 0x0000000728c00000|  0%| F|  |TAMS 0x0000000728a00000, 0x0000000728a00000| Untracked 
| 314|0x0000000728c00000, 0x0000000728c00000, 0x0000000728e00000|  0%| F|  |TAMS 0x0000000728c00000, 0x0000000728c00000| Untracked 
| 315|0x0000000728e00000, 0x0000000728e00000, 0x0000000729000000|  0%| F|  |TAMS 0x0000000728e00000, 0x0000000728e00000| Untracked 
| 316|0x0000000729000000, 0x0000000729000000, 0x0000000729200000|  0%| F|  |TAMS 0x0000000729000000, 0x0000000729000000| Untracked 
| 317|0x0000000729200000, 0x0000000729200000, 0x0000000729400000|  0%| F|  |TAMS 0x0000000729200000, 0x0000000729200000| Untracked 
| 318|0x0000000729400000, 0x0000000729400000, 0x0000000729600000|  0%| F|  |TAMS 0x0000000729400000, 0x0000000729400000| Untracked 
| 319|0x0000000729600000, 0x0000000729600000, 0x0000000729800000|  0%| F|  |TAMS 0x0000000729600000, 0x0000000729600000| Untracked 
| 320|0x0000000729800000, 0x0000000729800000, 0x0000000729a00000|  0%| F|  |TAMS 0x0000000729800000, 0x0000000729800000| Untracked 
| 321|0x0000000729a00000, 0x0000000729a00000, 0x0000000729c00000|  0%| F|  |TAMS 0x0000000729a00000, 0x0000000729a00000| Untracked 
| 322|0x0000000729c00000, 0x0000000729c00000, 0x0000000729e00000|  0%| F|  |TAMS 0x0000000729c00000, 0x0000000729c00000| Untracked 
| 323|0x0000000729e00000, 0x0000000729e00000, 0x000000072a000000|  0%| F|  |TAMS 0x0000000729e00000, 0x0000000729e00000| Untracked 
| 324|0x000000072a000000, 0x000000072a000000, 0x000000072a200000|  0%| F|  |TAMS 0x000000072a000000, 0x000000072a000000| Untracked 
| 325|0x000000072a200000, 0x000000072a200000, 0x000000072a400000|  0%| F|  |TAMS 0x000000072a200000, 0x000000072a200000| Untracked 
| 326|0x000000072a400000, 0x000000072a400000, 0x000000072a600000|  0%| F|  |TAMS 0x000000072a400000, 0x000000072a400000| Untracked 
| 327|0x000000072a600000, 0x000000072a600000, 0x000000072a800000|  0%| F|  |TAMS 0x000000072a600000, 0x000000072a600000| Untracked 
| 328|0x000000072a800000, 0x000000072a800000, 0x000000072aa00000|  0%| F|  |TAMS 0x000000072a800000, 0x000000072a800000| Untracked 
| 329|0x000000072aa00000, 0x000000072aa00000, 0x000000072ac00000|  0%| F|  |TAMS 0x000000072aa00000, 0x000000072aa00000| Untracked 
| 330|0x000000072ac00000, 0x000000072adf4c68, 0x000000072ae00000| 97%| E|  |TAMS 0x000000072ac00000, 0x000000072ac00000| Complete 
| 331|0x000000072ae00000, 0x000000072b000000, 0x000000072b000000|100%| E|CS|TAMS 0x000000072ae00000, 0x000000072ae00000| Complete 
| 332|0x000000072b000000, 0x000000072b200000, 0x000000072b200000|100%| E|CS|TAMS 0x000000072b000000, 0x000000072b000000| Complete 
| 333|0x000000072b200000, 0x000000072b400000, 0x000000072b400000|100%| E|CS|TAMS 0x000000072b200000, 0x000000072b200000| Complete 
| 334|0x000000072b400000, 0x000000072b600000, 0x000000072b600000|100%| E|CS|TAMS 0x000000072b400000, 0x000000072b400000| Complete 
| 335|0x000000072b600000, 0x000000072b800000, 0x000000072b800000|100%| E|CS|TAMS 0x000000072b600000, 0x000000072b600000| Complete 
| 362|0x000000072ec00000, 0x000000072ee00000, 0x000000072ee00000|100%| E|CS|TAMS 0x000000072ec00000, 0x000000072ec00000| Complete 

Card table byte_map: [0x000001ff2af70000,0x000001ff2b770000] _byte_map_base: 0x000001ff27764000

Marking Bits (Prev, Next): (CMBitMap*) 0x000001ff138d1850, (CMBitMap*) 0x000001ff138d1810
 Prev Bits: [0x000001ff2ff10000, 0x000001ff33eb0000)
 Next Bits: [0x000001ff2bf70000, 0x000001ff2ff10000)

Polling page: 0x000001ff0b2a0000

Metaspace:

Usage:
  Non-class:     79.91 MB used.
      Class:     12.68 MB used.
       Both:     92.60 MB used.

Virtual space:
  Non-class space:      128.00 MB reserved,      80.12 MB ( 63%) committed,  2 nodes.
      Class space:        1.00 GB reserved,      13.31 MB (  1%) committed,  1 nodes.
             Both:        1.12 GB reserved,      93.44 MB (  8%) committed. 

Chunk freelists:
   Non-Class:  15.94 MB
       Class:  3.17 MB
        Both:  19.11 MB

MaxMetaspaceSize: unlimited
CompressedClassSpaceSize: 1.00 GB
Initial GC threshold: 21.00 MB
Current GC threshold: 155.62 MB
CDS: on
MetaspaceReclaimPolicy: balanced
 - commit_granule_bytes: 65536.
 - commit_granule_words: 8192.
 - virtual_space_node_default_size: 8388608.
 - enlarge_chunks_in_place: 1.
 - new_chunks_are_fully_committed: 0.
 - uncommit_free_chunks: 1.
 - use_allocation_guard: 0.
 - handle_deallocations: 1.


Internal statistics:

num_allocs_failed_limit: 6.
num_arena_births: 1422.
num_arena_deaths: 914.
num_vsnodes_births: 3.
num_vsnodes_deaths: 0.
num_space_committed: 1489.
num_space_uncommitted: 0.
num_chunks_returned_to_freelist: 1081.
num_chunks_taken_from_freelist: 4222.
num_chunk_merges: 455.
num_chunk_splits: 2964.
num_chunks_enlarged: 2196.
num_inconsistent_stats: 0.

CodeHeap 'non-profiled nmethods': size=120000Kb used=31952Kb max_used=31952Kb free=88047Kb
 bounds [0x000001ff23240000, 0x000001ff25180000, 0x000001ff2a770000]
CodeHeap 'profiled nmethods': size=120000Kb used=43573Kb max_used=43573Kb free=76426Kb
 bounds [0x000001ff1b770000, 0x000001ff1e210000, 0x000001ff22ca0000]
CodeHeap 'non-nmethods': size=5760Kb used=1700Kb max_used=1797Kb free=4059Kb
 bounds [0x000001ff22ca0000, 0x000001ff22f10000, 0x000001ff23240000]
 total_blobs=22878 nmethods=21746 adapters=1037
 compilation: enabled
              stopped_count=0, restarted_count=0
 full_count=0

Compilation events (20 events):
Event: 7896.358 Thread 0x000001ff13b9be00 29821       1       ui.utils.i.i.A::O (6 bytes)
Event: 7896.358 Thread 0x000001ff13b9be00 nmethod 29821 0x000001ff25172890 code [0x000001ff25172a20, 0x000001ff25172b38]
Event: 7896.375 Thread 0x000001ff13b9be00 29822       3       com.jidesoft.grid.TreeTable::collapseAll (61 bytes)
Event: 7896.376 Thread 0x000001ff13b9be00 nmethod 29822 0x000001ff1e1fd690 code [0x000001ff1e1fd8c0, 0x000001ff1e1fe398]
Event: 7896.431 Thread 0x000001ff13b9be00 29823       3       ui.views.ai::componentHidden (1 bytes)
Event: 7896.431 Thread 0x000001ff13b9be00 nmethod 29823 0x000001ff1d367190 code [0x000001ff1d367320, 0x000001ff1d367438]
Event: 7896.453 Thread 0x000001ff13b9b0f0 29824   !   4       com.jidesoft.grid.JideTable::clearSelection (86 bytes)
Event: 7896.470 Thread 0x000001ff13b9b0f0 nmethod 29824 0x000001ff25172b90 code [0x000001ff25172dc0, 0x000001ff25173a18]
Event: 7896.531 Thread 0x000001ff13b9be00 29825       3       javax.swing.plaf.basic.BasicTreeUI::updateCellEditor (147 bytes)
Event: 7896.531 Thread 0x000001ff13b9be00 nmethod 29825 0x000001ff1e1fe610 code [0x000001ff1e1fe860, 0x000001ff1e1ff708]
Event: 7896.555 Thread 0x000001ff13b9be00 29826       3       com.jidesoft.docking.DockableFrame$MaximizeAction::isEnabled (63 bytes)
Event: 7896.556 Thread 0x000001ff13b9be00 nmethod 29826 0x000001ff1e1ff990 code [0x000001ff1e1ffb80, 0x000001ff1e2003f8]
Event: 7896.563 Thread 0x000001ff13b9be00 29827       3       ui.utils.swing.j.b::preferredLayoutSize (152 bytes)
Event: 7896.564 Thread 0x000001ff13b9be00 nmethod 29827 0x000001ff1e200610 code [0x000001ff1e200880, 0x000001ff1e2016a8]
Event: 7896.565 Thread 0x000001ff13b9be00 29828       3       com.jidesoft.plaf.basic.BasicCommandBarUI$b::stateChanged (104 bytes)
Event: 7896.566 Thread 0x000001ff13b9be00 nmethod 29828 0x000001ff1e201c10 code [0x000001ff1e201e80, 0x000001ff1e202f98]
Event: 7896.644 Thread 0x000001ff13b9be00 29829       3       ui.utils.swing.K::bt (37 bytes)
Event: 7896.648 Thread 0x000001ff13b9be00 nmethod 29829 0x000001ff1e203490 code [0x000001ff1e203660, 0x000001ff1e203cd8]
Event: 7902.394 Thread 0x000001ff13b9be00 29830       3       ui.views.W.a.a::ldG (51 bytes)
Event: 7902.395 Thread 0x000001ff13b9be00 nmethod 29830 0x000001ff1e203e90 code [0x000001ff1e2040a0, 0x000001ff1e2049a8]

GC Heap History (20 events):
Event: 7784.389 GC heap before
{Heap before GC invocations=1742 (full 205):
 garbage-first heap   total 690176K, used 287711K [0x0000000701800000, 0x0000000800000000)
  region size 2048K, 40 young (81920K), 1 survivors (2048K)
 Metaspace       used 94756K, committed 95616K, reserved 1179648K
  class space    used 12987K, committed 13632K, reserved 1048576K
}
Event: 7784.396 GC heap after
{Heap after GC invocations=1743 (full 205):
 garbage-first heap   total 690176K, used 216073K [0x0000000701800000, 0x0000000800000000)
  region size 2048K, 5 young (10240K), 5 survivors (10240K)
 Metaspace       used 94756K, committed 95616K, reserved 1179648K
  class space    used 12987K, committed 13632K, reserved 1048576K
}
Event: 7784.735 GC heap before
{Heap before GC invocations=1743 (full 205):
 garbage-first heap   total 690176K, used 287753K [0x0000000701800000, 0x0000000800000000)
  region size 2048K, 40 young (81920K), 5 survivors (10240K)
 Metaspace       used 94756K, committed 95616K, reserved 1179648K
  class space    used 12987K, committed 13632K, reserved 1048576K
}
Event: 7784.765 GC heap after
{Heap after GC invocations=1744 (full 205):
 garbage-first heap   total 690176K, used 216316K [0x0000000701800000, 0x0000000800000000)
  region size 2048K, 1 young (2048K), 1 survivors (2048K)
 Metaspace       used 94756K, committed 95616K, reserved 1179648K
  class space    used 12987K, committed 13632K, reserved 1048576K
}
Event: 7785.630 GC heap before
{Heap before GC invocations=1744 (full 205):
 garbage-first heap   total 690176K, used 296188K [0x0000000701800000, 0x0000000800000000)
  region size 2048K, 40 young (81920K), 1 survivors (2048K)
 Metaspace       used 94756K, committed 95616K, reserved 1179648K
  class space    used 12987K, committed 13632K, reserved 1048576K
}
Event: 7785.643 GC heap after
{Heap after GC invocations=1745 (full 205):
 garbage-first heap   total 690176K, used 215829K [0x0000000701800000, 0x0000000800000000)
  region size 2048K, 1 young (2048K), 1 survivors (2048K)
 Metaspace       used 94756K, committed 95616K, reserved 1179648K
  class space    used 12987K, committed 13632K, reserved 1048576K
}
Event: 7796.065 GC heap before
{Heap before GC invocations=1745 (full 205):
 garbage-first heap   total 690176K, used 295701K [0x0000000701800000, 0x0000000800000000)
  region size 2048K, 40 young (81920K), 1 survivors (2048K)
 Metaspace       used 94768K, committed 95680K, reserved 1179648K
  class space    used 12987K, committed 13632K, reserved 1048576K
}
Event: 7796.070 GC heap after
{Heap after GC invocations=1746 (full 205):
 garbage-first heap   total 690176K, used 218673K [0x0000000701800000, 0x0000000800000000)
  region size 2048K, 2 young (4096K), 2 survivors (4096K)
 Metaspace       used 94768K, committed 95680K, reserved 1179648K
  class space    used 12987K, committed 13632K, reserved 1048576K
}
Event: 7816.844 GC heap before
{Heap before GC invocations=1746 (full 205):
 garbage-first heap   total 690176K, used 245297K [0x0000000701800000, 0x0000000800000000)
  region size 2048K, 16 young (32768K), 2 survivors (4096K)
 Metaspace       used 94768K, committed 95680K, reserved 1179648K
  class space    used 12987K, committed 13632K, reserved 1048576K
}
Event: 7816.987 GC heap after
{Heap after GC invocations=1747 (full 206):
 garbage-first heap   total 690176K, used 202556K [0x0000000701800000, 0x0000000800000000)
  region size 2048K, 0 young (0K), 0 survivors (0K)
 Metaspace       used 94768K, committed 95680K, reserved 1179648K
  class space    used 12987K, committed 13632K, reserved 1048576K
}
Event: 7846.903 GC heap before
{Heap before GC invocations=1747 (full 206):
 garbage-first heap   total 690176K, used 239420K [0x0000000701800000, 0x0000000800000000)
  region size 2048K, 19 young (38912K), 0 survivors (0K)
 Metaspace       used 94768K, committed 95680K, reserved 1179648K
  class space    used 12987K, committed 13632K, reserved 1048576K
}
Event: 7847.039 GC heap after
{Heap after GC invocations=1748 (full 207):
 garbage-first heap   total 690176K, used 202363K [0x0000000701800000, 0x0000000800000000)
  region size 2048K, 0 young (0K), 0 survivors (0K)
 Metaspace       used 94768K, committed 95680K, reserved 1179648K
  class space    used 12987K, committed 13632K, reserved 1048576K
}
Event: 7876.984 GC heap before
{Heap before GC invocations=1748 (full 207):
 garbage-first heap   total 690176K, used 239227K [0x0000000701800000, 0x0000000800000000)
  region size 2048K, 19 young (38912K), 0 survivors (0K)
 Metaspace       used 94768K, committed 95680K, reserved 1179648K
  class space    used 12987K, committed 13632K, reserved 1048576K
}
Event: 7877.112 GC heap after
{Heap after GC invocations=1749 (full 208):
 garbage-first heap   total 690176K, used 202376K [0x0000000701800000, 0x0000000800000000)
  region size 2048K, 0 young (0K), 0 survivors (0K)
 Metaspace       used 94768K, committed 95680K, reserved 1179648K
  class space    used 12987K, committed 13632K, reserved 1048576K
}
Event: 7895.984 GC heap before
{Heap before GC invocations=1749 (full 208):
 garbage-first heap   total 690176K, used 284296K [0x0000000701800000, 0x0000000800000000)
  region size 2048K, 40 young (81920K), 0 survivors (0K)
 Metaspace       used 94794K, committed 95680K, reserved 1179648K
  class space    used 12987K, committed 13632K, reserved 1048576K
}
Event: 7895.990 GC heap after
{Heap after GC invocations=1750 (full 208):
 garbage-first heap   total 690176K, used 209156K [0x0000000701800000, 0x0000000800000000)
  region size 2048K, 4 young (8192K), 4 survivors (8192K)
 Metaspace       used 94794K, committed 95680K, reserved 1179648K
  class space    used 12987K, committed 13632K, reserved 1048576K
}
Event: 7896.591 GC heap before
{Heap before GC invocations=1750 (full 208):
 garbage-first heap   total 690176K, used 282884K [0x0000000701800000, 0x0000000800000000)
  region size 2048K, 40 young (81920K), 4 survivors (8192K)
 Metaspace       used 94818K, committed 95680K, reserved 1179648K
  class space    used 12987K, committed 13632K, reserved 1048576K
}
Event: 7896.602 GC heap after
{Heap after GC invocations=1751 (full 208):
 garbage-first heap   total 690176K, used 211587K [0x0000000701800000, 0x0000000800000000)
  region size 2048K, 2 young (4096K), 2 survivors (4096K)
 Metaspace       used 94818K, committed 95680K, reserved 1179648K
  class space    used 12987K, committed 13632K, reserved 1048576K
}
Event: 7896.653 GC heap before
{Heap before GC invocations=1751 (full 208):
 garbage-first heap   total 690176K, used 215683K [0x0000000701800000, 0x0000000800000000)
  region size 2048K, 5 young (10240K), 2 survivors (4096K)
 Metaspace       used 94818K, committed 95680K, reserved 1179648K
  class space    used 12987K, committed 13632K, reserved 1048576K
}
Event: 7896.812 GC heap after
{Heap after GC invocations=1752 (full 209):
 garbage-first heap   total 690176K, used 201019K [0x0000000701800000, 0x0000000800000000)
  region size 2048K, 0 young (0K), 0 survivors (0K)
 Metaspace       used 94818K, committed 95680K, reserved 1179648K
  class space    used 12987K, committed 13632K, reserved 1048576K
}

Dll operation events (20 events):
Event: 12.506 Loaded shared library D:\Vivado\2023.2\lib\win64.o\librdi_ipservicestasks.dll
Event: 12.508 Loaded shared library D:\Vivado\2023.2\lib\win64.o\librdi_vivadotasks.dll
Event: 12.510 Loaded shared library D:\Vivado\2023.2\lib\win64.o\librdi_board.dll
Event: 12.511 Loaded shared library D:\Vivado\2023.2\lib\win64.o\librdi_boarddep.dll
Event: 12.513 Loaded shared library D:\Vivado\2023.2\lib\win64.o\librdi_boardcommontasks.dll
Event: 12.514 Loaded shared library D:\Vivado\2023.2\lib\win64.o\librdi_ptgen.dll
Event: 12.515 Loaded shared library D:\Vivado\2023.2\lib\win64.o\librdi_ip.dll
Event: 12.518 Loaded shared library D:\Vivado\2023.2\lib\win64.o\librdi_mig.dll
Event: 12.523 Loaded shared library D:\Vivado\2023.2\lib\win64.o\librdi_implflow.dll
Event: 12.525 Loaded shared library D:\Vivado\2023.2\lib\win64.o\librdi_xhubtasks.dll
Event: 12.690 Loaded shared library D:\Vivado\2023.2\lib\win64.o\librdi_iptasks.dll
Event: 12.691 Loaded shared library D:\Vivado\2023.2\lib\win64.o\librdi_synth.dll
Event: 14.378 Loaded shared library D:\Vivado\2023.2\tps\win64\jre17.0.7_7\bin\verify.dll
Event: 14.855 Loaded shared library D:\Vivado\2023.2\tps\win64\jre17.0.7_7\bin\javajpeg.dll
Event: 14.904 Loaded shared library D:\Vivado\2023.2\tps\win64\jre17.0.7_7\bin\lcms.dll
Event: 15.447 Loaded shared library D:\Vivado\2023.2\tps\win64\jre17.0.7_7\bin\freetype.dll
Event: 15.499 Loaded shared library D:\Vivado\2023.2\tps\win64\jre17.0.7_7\bin\fontmanager.dll
Event: 24.955 Loaded shared library D:\Vivado\2023.2\lib\win64.o\librdi_xhub.dll
Event: 32.656 Loaded shared library D:\Vivado\2023.2\tps\win64\jre17.0.7_7\bin\management.dll
Event: 32.696 Loaded shared library D:\Vivado\2023.2\tps\win64\jre17.0.7_7\bin\management_ext.dll

Deoptimization events (20 events):
Event: 7229.275 Thread 0x000001ff3c877030 Uncommon trap: trap_request=0xffffffde fr.pc=0x000001ff23ede3e4 relative=0x0000000000001544
Event: 7229.275 Thread 0x000001ff3c877030 Uncommon trap: reason=class_check action=maybe_recompile pc=0x000001ff23ede3e4 method=java.util.HashMap.computeIfAbsent(Ljava/lang/Object;Ljava/util/function/Function;)Ljava/lang/Object; @ 142 c2
Event: 7229.275 Thread 0x000001ff3c877030 DEOPT PACKING pc=0x000001ff23ede3e4 sp=0x0000000cb98fdc20
Event: 7229.276 Thread 0x000001ff3c877030 DEOPT UNPACKING pc=0x000001ff22cf69a3 sp=0x0000000cb98fdbd0 mode 2
Event: 7229.678 Thread 0x000001ff3c877030 DEOPT PACKING pc=0x000001ff1df7786e sp=0x0000000cb98fdc70
Event: 7229.680 Thread 0x000001ff3c877030 DEOPT UNPACKING pc=0x000001ff22cf7143 sp=0x0000000cb98fd160 mode 0
Event: 7696.560 Thread 0x000001ff3c877030 Uncommon trap: trap_request=0xfffffff4 fr.pc=0x000001ff2358abcc relative=0x0000000000000bec
Event: 7696.561 Thread 0x000001ff3c877030 Uncommon trap: reason=null_check action=make_not_entrant pc=0x000001ff2358abcc method=java.util.jar.JarFile.getManifestFromReference()Ljava/util/jar/Manifest; @ 14 c2
Event: 7696.561 Thread 0x000001ff3c877030 DEOPT PACKING pc=0x000001ff2358abcc sp=0x0000000cb98fd3a0
Event: 7696.562 Thread 0x000001ff3c877030 DEOPT UNPACKING pc=0x000001ff22cf69a3 sp=0x0000000cb98fd300 mode 2
Event: 7699.745 Thread 0x000001ff3c877030 Uncommon trap: trap_request=0xffffff45 fr.pc=0x000001ff249d9b50 relative=0x00000000000015d0
Event: 7699.745 Thread 0x000001ff3c877030 Uncommon trap: reason=unstable_if action=reinterpret pc=0x000001ff249d9b50 method=javax.swing.text.DefaultCaret.handleSetDot(ILjavax/swing/text/Position$Bias;)V @ 62 c2
Event: 7699.745 Thread 0x000001ff3c877030 DEOPT PACKING pc=0x000001ff249d9b50 sp=0x0000000cb98fe2d0
Event: 7699.745 Thread 0x000001ff3c877030 DEOPT UNPACKING pc=0x000001ff22cf69a3 sp=0x0000000cb98fe2a8 mode 2
Event: 7700.841 Thread 0x000001ff3c877030 Uncommon trap: trap_request=0xffffff45 fr.pc=0x000001ff24e1f720 relative=0x0000000000000ba0
Event: 7700.841 Thread 0x000001ff3c877030 Uncommon trap: reason=unstable_if action=reinterpret pc=0x000001ff24e1f720 method=ui.utils.ai.h(Ljava/lang/String;C)Ljava/lang/String; @ 33 c2
Event: 7700.841 Thread 0x000001ff3c877030 DEOPT PACKING pc=0x000001ff24e1f720 sp=0x0000000cb98fe560
Event: 7700.841 Thread 0x000001ff3c877030 DEOPT UNPACKING pc=0x000001ff22cf69a3 sp=0x0000000cb98fe540 mode 2
Event: 7796.071 Thread 0x000001ff3bc86ad0 DEOPT PACKING pc=0x000001ff1e102007 sp=0x0000000cb70ff740
Event: 7796.071 Thread 0x000001ff3bc86ad0 DEOPT UNPACKING pc=0x000001ff22cf7143 sp=0x0000000cb70febf8 mode 0

Classes unloaded (20 events):
Event: 6762.948 Thread 0x000001ff0bf8fc80 Unloading class 0x0000000801549000 'java/lang/invoke/LambdaForm$MH+0x0000000801549000'
Event: 6762.948 Thread 0x000001ff0bf8fc80 Unloading class 0x0000000801548c00 'java/lang/invoke/LambdaForm$MH+0x0000000801548c00'
Event: 6762.948 Thread 0x000001ff0bf8fc80 Unloading class 0x0000000801548800 'java/lang/invoke/LambdaForm$MH+0x0000000801548800'
Event: 6762.948 Thread 0x000001ff0bf8fc80 Unloading class 0x0000000801548400 'java/lang/invoke/LambdaForm$MH+0x0000000801548400'
Event: 6762.948 Thread 0x000001ff0bf8fc80 Unloading class 0x0000000801548000 'java/lang/invoke/LambdaForm$MH+0x0000000801548000'
Event: 6762.948 Thread 0x000001ff0bf8fc80 Unloading class 0x0000000801460000 'jdk/internal/reflect/GeneratedConstructorAccessor12'
Event: 6762.948 Thread 0x000001ff0bf8fc80 Unloading class 0x00000008010ccc00 'java/lang/invoke/LambdaForm$MH+0x00000008010ccc00'
Event: 6762.948 Thread 0x000001ff0bf8fc80 Unloading class 0x00000008010cc800 'java/lang/invoke/LambdaForm$MH+0x00000008010cc800'
Event: 6762.948 Thread 0x000001ff0bf8fc80 Unloading class 0x00000008010cc400 'java/lang/invoke/LambdaForm$MH+0x00000008010cc400'
Event: 6762.948 Thread 0x000001ff0bf8fc80 Unloading class 0x0000000801013400 'java/lang/invoke/LambdaForm$MH+0x0000000801013400'
Event: 6762.948 Thread 0x000001ff0bf8fc80 Unloading class 0x0000000801013000 'java/lang/invoke/LambdaForm$MH+0x0000000801013000'
Event: 6762.948 Thread 0x000001ff0bf8fc80 Unloading class 0x0000000801012c00 'java/lang/invoke/LambdaForm$MH+0x0000000801012c00'
Event: 7748.722 Thread 0x000001ff0bf8fc80 Unloading class 0x0000000801012400 'java/lang/invoke/LambdaForm$MH+0x0000000801012400'
Event: 7748.722 Thread 0x000001ff0bf8fc80 Unloading class 0x0000000801012000 'java/lang/invoke/LambdaForm$MH+0x0000000801012000'
Event: 7748.722 Thread 0x000001ff0bf8fc80 Unloading class 0x0000000801011c00 'java/lang/invoke/LambdaForm$MH+0x0000000801011c00'
Event: 7748.722 Thread 0x000001ff0bf8fc80 Unloading class 0x0000000801011800 'java/lang/invoke/LambdaForm$MH+0x0000000801011800'
Event: 7748.722 Thread 0x000001ff0bf8fc80 Unloading class 0x0000000801011400 'java/lang/invoke/LambdaForm$MH+0x0000000801011400'
Event: 7748.722 Thread 0x000001ff0bf8fc80 Unloading class 0x0000000801011000 'java/lang/invoke/LambdaForm$MH+0x0000000801011000'
Event: 7748.722 Thread 0x000001ff0bf8fc80 Unloading class 0x0000000801010c00 'java/lang/invoke/LambdaForm$MH+0x0000000801010c00'
Event: 7748.722 Thread 0x000001ff0bf8fc80 Unloading class 0x0000000801010800 'java/lang/invoke/LambdaForm$MH+0x0000000801010800'

Classes redefined (0 events):
No events

Internal exceptions (20 events):
Event: 7807.673 Thread 0x000001ff3c877030 Exception <a 'java/io/FileNotFoundException'{0x000000072ad9fdf8}> (0x000000072ad9fdf8) 
thrown [s\src\hotspot\share\prims\jni.cpp, line 516]
Event: 7812.674 Thread 0x000001ff3c877030 Exception <a 'java/io/FileNotFoundException'{0x000000072a763ce0}> (0x000000072a763ce0) 
thrown [s\src\hotspot\share\prims\jni.cpp, line 516]
Event: 7817.675 Thread 0x000001ff3c877030 Exception <a 'java/io/FileNotFoundException'{0x000000072ec707d8}> (0x000000072ec707d8) 
thrown [s\src\hotspot\share\prims\jni.cpp, line 516]
Event: 7822.675 Thread 0x000001ff3c877030 Exception <a 'java/io/FileNotFoundException'{0x000000072b5b46c0}> (0x000000072b5b46c0) 
thrown [s\src\hotspot\share\prims\jni.cpp, line 516]
Event: 7827.676 Thread 0x000001ff3c877030 Exception <a 'java/io/FileNotFoundException'{0x000000072affdec0}> (0x000000072affdec0) 
thrown [s\src\hotspot\share\prims\jni.cpp, line 516]
Event: 7832.678 Thread 0x000001ff3c877030 Exception <a 'java/io/FileNotFoundException'{0x000000072a9f0d98}> (0x000000072a9f0d98) 
thrown [s\src\hotspot\share\prims\jni.cpp, line 516]
Event: 7837.678 Thread 0x000001ff3c877030 Exception <a 'java/io/FileNotFoundException'{0x000000072a3fcaf8}> (0x000000072a3fcaf8) 
thrown [s\src\hotspot\share\prims\jni.cpp, line 516]
Event: 7842.679 Thread 0x000001ff3c877030 Exception <a 'java/io/FileNotFoundException'{0x0000000729defea0}> (0x0000000729defea0) 
thrown [s\src\hotspot\share\prims\jni.cpp, line 516]
Event: 7847.681 Thread 0x000001ff3c877030 Exception <a 'java/io/FileNotFoundException'{0x000000072ec8a970}> (0x000000072ec8a970) 
thrown [s\src\hotspot\share\prims\jni.cpp, line 516]
Event: 7852.681 Thread 0x000001ff3c877030 Exception <a 'java/io/FileNotFoundException'{0x000000072b5b2778}> (0x000000072b5b2778) 
thrown [s\src\hotspot\share\prims\jni.cpp, line 516]
Event: 7857.682 Thread 0x000001ff3c877030 Exception <a 'java/io/FileNotFoundException'{0x000000072aff8e60}> (0x000000072aff8e60) 
thrown [s\src\hotspot\share\prims\jni.cpp, line 516]
Event: 7862.683 Thread 0x000001ff3c877030 Exception <a 'java/io/FileNotFoundException'{0x000000072a9fc950}> (0x000000072a9fc950) 
thrown [s\src\hotspot\share\prims\jni.cpp, line 516]
Event: 7867.684 Thread 0x000001ff3c877030 Exception <a 'java/io/FileNotFoundException'{0x000000072a3e9250}> (0x000000072a3e9250) 
thrown [s\src\hotspot\share\prims\jni.cpp, line 516]
Event: 7872.685 Thread 0x000001ff3c877030 Exception <a 'java/io/FileNotFoundException'{0x0000000729afaa68}> (0x0000000729afaa68) 
thrown [s\src\hotspot\share\prims\jni.cpp, line 516]
Event: 7877.686 Thread 0x000001ff3c877030 Exception <a 'java/io/FileNotFoundException'{0x000000072ec51b20}> (0x000000072ec51b20) 
thrown [s\src\hotspot\share\prims\jni.cpp, line 516]
Event: 7882.686 Thread 0x000001ff3c877030 Exception <a 'java/io/FileNotFoundException'{0x000000072b569998}> (0x000000072b569998) 
thrown [s\src\hotspot\share\prims\jni.cpp, line 516]
Event: 7887.687 Thread 0x000001ff3c877030 Exception <a 'java/io/FileNotFoundException'{0x000000072abdc7c0}> (0x000000072abdc7c0) 
thrown [s\src\hotspot\share\prims\jni.cpp, line 516]
Event: 7892.688 Thread 0x000001ff3c877030 Exception <a 'java/io/FileNotFoundException'{0x0000000729cc71b0}> (0x0000000729cc71b0) 
thrown [s\src\hotspot\share\prims\jni.cpp, line 516]
Event: 7897.689 Thread 0x000001ff3c877030 Exception <a 'java/io/FileNotFoundException'{0x000000072a8fc3f0}> (0x000000072a8fc3f0) 
thrown [s\src\hotspot\share\prims\jni.cpp, line 516]
Event: 7902.691 Thread 0x000001ff3c877030 Exception <a 'java/io/FileNotFoundException'{0x000000072a04abb0}> (0x000000072a04abb0) 
thrown [s\src\hotspot\share\prims\jni.cpp, line 516]

VM Operations (20 events):
Event: 7786.751 Executing VM operation: HandshakeAllThreads
Event: 7786.751 Executing VM operation: HandshakeAllThreads done
Event: 7787.752 Executing VM operation: Cleanup
Event: 7787.753 Executing VM operation: Cleanup done
Event: 7796.065 Executing VM operation: G1CollectForAllocation
Event: 7796.070 Executing VM operation: G1CollectForAllocation done
Event: 7816.789 Executing VM operation: G1CollectFull
Event: 7817.071 Executing VM operation: G1CollectFull done
Event: 7846.883 Executing VM operation: G1CollectFull
Event: 7847.105 Executing VM operation: G1CollectFull done
Event: 7876.937 Executing VM operation: G1CollectFull
Event: 7877.570 Executing VM operation: G1CollectFull done
Event: 7895.984 Executing VM operation: G1CollectForAllocation
Event: 7895.990 Executing VM operation: G1CollectForAllocation done
Event: 7896.591 Executing VM operation: G1CollectForAllocation
Event: 7896.602 Executing VM operation: G1CollectForAllocation done
Event: 7896.653 Executing VM operation: G1CollectFull
Event: 7896.813 Executing VM operation: G1CollectFull done
Event: 7898.813 Executing VM operation: Cleanup
Event: 7898.813 Executing VM operation: Cleanup done

Events (20 events):
Event: 7896.814 Thread 0x000001ffabdb1ae0 Thread exited: 0x000001ffabdb1ae0
Event: 7896.818 Thread 0x000001ffabdb1ae0 Thread added: 0x000001ffabdb1ae0
Event: 7896.823 Thread 0x000001ffabdb1ae0 Thread exited: 0x000001ffabdb1ae0
Event: 7897.819 Thread 0x000001ffabdb1ae0 Thread added: 0x000001ffabdb1ae0
Event: 7897.824 Thread 0x000001ffabdb1ae0 Thread exited: 0x000001ffabdb1ae0
Event: 7898.822 Thread 0x000001ffabdb1ae0 Thread added: 0x000001ffabdb1ae0
Event: 7898.827 Thread 0x000001ffabdb1ae0 Thread exited: 0x000001ffabdb1ae0
Event: 7899.823 Thread 0x000001ffabdb1ae0 Thread added: 0x000001ffabdb1ae0
Event: 7899.827 Thread 0x000001ffabdb1ae0 Thread exited: 0x000001ffabdb1ae0
Event: 7900.824 Thread 0x000001ffabdb1ae0 Thread added: 0x000001ffabdb1ae0
Event: 7900.829 Thread 0x000001ffabdb1ae0 Thread exited: 0x000001ffabdb1ae0
Event: 7901.025 Thread 0x000001ffabdae120 Thread exited: 0x000001ffabdae120
Event: 7902.364 Thread 0x000001ffabdae120 Thread added: 0x000001ffabdae120
Event: 7902.368 Thread 0x000001ffabdae120 Thread exited: 0x000001ffabdae120
Event: 7902.830 Thread 0x000001ffabdb1ae0 Thread added: 0x000001ffabdb1ae0
Event: 7902.834 Thread 0x000001ffabdb1ae0 Thread exited: 0x000001ffabdb1ae0
Event: 7904.042 Thread 0x000001ffabdb1ae0 Thread added: 0x000001ffabdb1ae0
Event: 7904.048 Thread 0x000001ffabdb1ae0 Thread exited: 0x000001ffabdb1ae0
Event: 7904.905 Thread 0x000001ffabdb1ae0 Thread added: 0x000001ffabdb1ae0
Event: 7904.910 Thread 0x000001ffabdb1ae0 Thread exited: 0x000001ffabdb1ae0


Dynamic libraries:
0x00007ff775080000 - 0x00007ff7750b1000 	D:\Vivado\2023.2\bin\unwrapped\win64.o\vivado.exe
0x00007fff1ab60000 - 0x00007fff1adc0000 	C:\WINDOWS\SYSTEM32\ntdll.dll
0x00007fff18a10000 - 0x00007fff18ad7000 	C:\WINDOWS\System32\KERNEL32.DLL
0x00007fff18450000 - 0x00007fff1881a000 	C:\WINDOWS\System32\KERNELBASE.dll
0x00007fff17ee0000 - 0x00007fff1802b000 	C:\WINDOWS\System32\ucrtbase.dll
0x00007fff04170000 - 0x00007fff0418e000 	C:\WINDOWS\SYSTEM32\VCRUNTIME140.dll
0x00007fff00700000 - 0x00007fff0078d000 	C:\WINDOWS\SYSTEM32\MSVCP140.dll
0x00007fff04160000 - 0x00007fff0416c000 	C:\WINDOWS\SYSTEM32\VCRUNTIME140_1.dll
0x00007ffede4e0000 - 0x00007ffede4fc000 	D:\Vivado\2023.2\lib\win64.o\librdi_commonmain.dll
0x00007ffebebf0000 - 0x00007ffebec11000 	D:\Vivado\2023.2\lib\win64.o\libboost_filesystem.dll
0x00007fff19390000 - 0x00007fff19442000 	C:\WINDOWS\System32\ADVAPI32.dll
0x00007fff194f0000 - 0x00007fff19599000 	C:\WINDOWS\System32\msvcrt.dll
0x00007fff19d20000 - 0x00007fff19dc6000 	C:\WINDOWS\System32\sechost.dll
0x00007fff18ae0000 - 0x00007fff18bf6000 	C:\WINDOWS\System32\RPCRT4.dll
0x00007ffe6c9b0000 - 0x00007ffe6cde0000 	D:\Vivado\2023.2\lib\win64.o\python38.dll
0x00007fff1a920000 - 0x00007fff1a984000 	C:\WINDOWS\System32\SHLWAPI.dll
0x00007fff18d20000 - 0x00007fff18d94000 	C:\WINDOWS\System32\WS2_32.dll
0x00007ffedf560000 - 0x00007ffedf569000 	D:\Vivado\2023.2\lib\win64.o\librdi_commonversion.dll
0x00007ffe90220000 - 0x00007ffe903d6000 	D:\Vivado\2023.2\lib\win64.o\librdi_commonxillic.dll
0x00007fff197c0000 - 0x00007fff1998c000 	C:\WINDOWS\System32\USER32.dll
0x00007fff17eb0000 - 0x00007fff17ed7000 	C:\WINDOWS\System32\win32u.dll
0x00007fff194a0000 - 0x00007fff194ca000 	C:\WINDOWS\System32\GDI32.dll
0x00007fff18820000 - 0x00007fff18951000 	C:\WINDOWS\System32\gdi32full.dll
0x00007fff18180000 - 0x00007fff18223000 	C:\WINDOWS\System32\msvcp_win.dll
0x000000006d2e0000 - 0x000000006d40c000 	D:\Vivado\2023.2\lib\win64.o\tcl85t.dll
0x00007fff10720000 - 0x00007fff1072b000 	C:\WINDOWS\SYSTEM32\VERSION.dll
0x00007ffe6b300000 - 0x00007ffe6c9aa000 	D:\Vivado\2023.2\lib\win64.o\librdi_common.dll
0x00007fff1a0f0000 - 0x00007fff1a819000 	C:\WINDOWS\System32\SHELL32.dll
0x00007fff17d40000 - 0x00007fff17ea8000 	C:\WINDOWS\System32\wintypes.dll
0x00007fff19990000 - 0x00007fff19d12000 	C:\WINDOWS\System32\combase.dll
0x00007fff18030000 - 0x00007fff180af000 	C:\WINDOWS\System32\WINTRUST.dll
0x00007ffe90100000 - 0x00007ffe90214000 	D:\Vivado\2023.2\lib\win64.o\libboost_regex.dll
0x00007fff17c20000 - 0x00007fff17c46000 	C:\WINDOWS\SYSTEM32\bcrypt.dll
0x00007ffe6afd0000 - 0x00007ffe6b2fd000 	D:\Vivado\2023.2\lib\win64.o\libXil_lmgr11.dll
0x00007fff1a9a0000 - 0x00007fff1aa94000 	C:\WINDOWS\System32\COMDLG32.dll
0x00007fff1a000000 - 0x00007fff1a0ed000 	C:\WINDOWS\System32\shcore.dll
0x00007fff1a840000 - 0x00007fff1a916000 	C:\WINDOWS\System32\OLEAUT32.dll
0x00007fff19620000 - 0x00007fff197b6000 	C:\WINDOWS\System32\ole32.dll
0x00007fff182d0000 - 0x00007fff18447000 	C:\WINDOWS\System32\CRYPT32.dll
0x00007ffeb2a20000 - 0x00007ffeb2a31000 	D:\Vivado\2023.2\lib\win64.o\libboost_date_time.dll
0x00007ffe66040000 - 0x00007ffe663ae000 	D:\Vivado\2023.2\lib\win64.o\libCOIN-all.dll
0x00007ffe6af50000 - 0x00007ffe6afc9000 	D:\Vivado\2023.2\lib\win64.o\libboost_program_options.dll
0x00007ffe90a60000 - 0x00007ffe90a7c000 	D:\Vivado\2023.2\lib\win64.o\libboost_thread.dll
0x00007ffede8e0000 - 0x00007ffede8ec000 	D:\Vivado\2023.2\lib\win64.o\libboost_xilinx.dll
0x00007ffe6aec0000 - 0x00007ffe6af42000 	D:\Vivado\2023.2\lib\win64.o\libhdlpsolve.dll
0x00007ffe65f90000 - 0x00007ffe66035000 	D:\Vivado\2023.2\lib\win64.o\libhdxml.dll
0x00007ffe90a30000 - 0x00007ffe90a5a000 	D:\Vivado\2023.2\lib\win64.o\libisl_sysinfo.dll
0x00007ffe64ef0000 - 0x00007ffe64f55000 	D:\Vivado\2023.2\lib\win64.o\liblmx6.0.dll
0x00007ffe64f60000 - 0x00007ffe65f84600 	D:\Vivado\2023.2\lib\win64.o\libisl_iostreams.dll
0x00007ffe90a10000 - 0x00007ffe90a2c000 	D:\Vivado\2023.2\lib\win64.o\librdiconfig.dll
0x00007ffe6e930000 - 0x00007ffe6e951000 	D:\Vivado\2023.2\lib\win64.o\librdizlib.dll
0x00007fff044f0000 - 0x00007fff0450a000 	C:\WINDOWS\SYSTEM32\NETAPI32.dll
0x00007fff02a30000 - 0x00007fff02cb3000 	C:\WINDOWS\SYSTEM32\WININET.dll
0x00007fff10200000 - 0x00007fff1031d000 	C:\WINDOWS\SYSTEM32\WINHTTP.dll
0x00007fff05f50000 - 0x00007fff0612c000 	C:\WINDOWS\SYSTEM32\urlmon.dll
0x00007ffe6aea0000 - 0x00007ffe6aeba000 	D:\Vivado\2023.2\lib\win64.o\pthreadVC2.dll
0x00007ffefe470000 - 0x00007ffefe47a000 	C:\WINDOWS\SYSTEM32\WSOCK32.dll
0x00007ffe6ae70000 - 0x00007ffe6aea0000 	C:\WINDOWS\SYSTEM32\VCOMP140.DLL
0x00007ffeefca0000 - 0x00007ffeefd54000 	C:\WINDOWS\WinSxS\amd64_microsoft.windows.common-controls_6595b64144ccf1df_5.82.26100.1882_none_87f34cef7a28f535\COMCTL32.dll
0x00007fff0fb90000 - 0x00007fff0fbb5000 	C:\WINDOWS\SYSTEM32\dhcpcsvc.DLL
0x00007fff17110000 - 0x00007fff1713b000 	C:\WINDOWS\SYSTEM32\USERENV.dll
0x00007ffe64ed0000 - 0x00007ffe64ee8000 	D:\Vivado\2023.2\lib\win64.o\libboost_iostreams.dll
0x00007ffe64c00000 - 0x00007ffe64ec1000 	D:\Vivado\2023.2\lib\win64.o\xerces-c_3_2.dll
0x00007fff05bf0000 - 0x00007fff05ebb000 	C:\WINDOWS\SYSTEM32\iertutil.dll
0x00007fff159c0000 - 0x00007fff16212000 	C:\WINDOWS\SYSTEM32\windows.storage.dll
0x00007fff05af0000 - 0x00007fff05b19000 	C:\WINDOWS\SYSTEM32\srvcli.dll
0x00007fff16510000 - 0x00007fff1651d000 	C:\WINDOWS\SYSTEM32\netutils.dll
0x00007ffe62ce0000 - 0x00007ffe64bf7000 	D:\Vivado\2023.2\lib\win64.o\gurobi90.dll
0x00007fff195a0000 - 0x00007fff19614000 	C:\WINDOWS\System32\WLDAP32.dll
0x00007ffe62cb0000 - 0x00007ffe62cd4000 	D:\Vivado\2023.2\lib\win64.o\libisl_iosutils.dll
0x00007fff1a830000 - 0x00007fff1a838000 	C:\WINDOWS\System32\Normaliz.dll
0x00007fff17050000 - 0x00007fff170ba000 	C:\WINDOWS\SYSTEM32\MSWSOCK.DLL
0x00007fff19460000 - 0x00007fff1948f000 	C:\WINDOWS\System32\IMM32.DLL
0x00007fff174a0000 - 0x00007fff174b3000 	C:\WINDOWS\SYSTEM32\MSASN1.dll
0x00007fff17310000 - 0x00007fff1732c000 	C:\WINDOWS\SYSTEM32\CRYPTSP.dll
0x00007fff16a80000 - 0x00007fff16aba000 	C:\WINDOWS\system32\rsaenh.dll
0x00007fff17330000 - 0x00007fff1733c000 	C:\WINDOWS\SYSTEM32\CRYPTBASE.dll
0x00007fff18230000 - 0x00007fff182c9000 	C:\WINDOWS\System32\bcryptPrimitives.dll
0x00007fff18cf0000 - 0x00007fff18d10000 	C:\WINDOWS\System32\imagehlp.dll
0x00007fff16b20000 - 0x00007fff16b3a000 	C:\WINDOWS\SYSTEM32\kernel.appcore.dll
0x00007ffe62760000 - 0x00007ffe62cad000 	D:\Vivado\2023.2\lib\win64.o\librdi_commontasks.dll
0x00007ffe61b10000 - 0x00007ffe62758000 	D:\Vivado\2023.2\tps\win64\jre17.0.7_7\bin\server\jvm.dll
0x00007fff04780000 - 0x00007fff047b6000 	C:\WINDOWS\SYSTEM32\WINMM.dll
0x00007ffe617e0000 - 0x00007ffe61b0b800 	D:\Vivado\2023.2\lib\win64.o\librdi_sio.dll
0x00007fff16520000 - 0x00007fff16553000 	C:\WINDOWS\SYSTEM32\IPHLPAPI.DLL
0x00007fff170e0000 - 0x00007fff17107000 	C:\WINDOWS\SYSTEM32\gpapi.dll
0x00007fff0f340000 - 0x00007fff0f37b000 	C:\Windows\System32\cryptnet.dll
0x00007fff17c50000 - 0x00007fff17c7f000 	C:\WINDOWS\SYSTEM32\profapi.dll
0x00007fff14cf0000 - 0x00007fff14cff000 	C:\WINDOWS\SYSTEM32\WINNSI.DLL
0x00007fff1a820000 - 0x00007fff1a82a000 	C:\WINDOWS\System32\NSI.dll
0x00007fff16dd0000 - 0x00007fff16e18000 	C:\WINDOWS\SYSTEM32\SspiCli.dll
0x00007fff03f00000 - 0x00007fff03f18000 	C:\WINDOWS\system32\napinsp.dll
0x00007fff16610000 - 0x00007fff16735000 	C:\WINDOWS\SYSTEM32\DNSAPI.dll
0x00007fff00020000 - 0x00007fff00032000 	C:\WINDOWS\System32\winrnr.dll
0x00007ffefc500000 - 0x00007ffefc530000 	C:\WINDOWS\system32\nlansp_c.dll
0x00007fff0f700000 - 0x00007fff0f716000 	C:\WINDOWS\system32\wshbth.dll
0x00007ffe5ea10000 - 0x00007ffe617d6000 	D:\Vivado\2023.2\lib\win64.o\librdi_tcltasks.dll
0x00007ffe5e980000 - 0x00007ffe5ea03000 	D:\Vivado\2023.2\lib\win64.o\librdi_boarddep.dll
0x00007ffe5e780000 - 0x00007ffe5e980000 	D:\Vivado\2023.2\lib\win64.o\librdi_board.dll
0x00007ffe5e290000 - 0x00007ffe5e771000 	D:\Vivado\2023.2\lib\win64.o\librdi_bitstream.dll
0x00007ffe5e160000 - 0x00007ffe5e28a000 	D:\Vivado\2023.2\lib\win64.o\librdi_chipscope.dll
0x00007ffe5df50000 - 0x00007ffe5e157000 	D:\Vivado\2023.2\lib\win64.o\librdi_chipscopeimpl.dll
0x00007ffe5dde0000 - 0x00007ffe5df4e000 	D:\Vivado\2023.2\lib\win64.o\librdi_containers.dll
0x00007ffe5beb0000 - 0x00007ffe5dcb7000 	D:\Vivado\2023.2\lib\win64.o\librdi_designutils.dll
0x00007ffe5bb10000 - 0x00007ffe5beaf000 	D:\Vivado\2023.2\lib\win64.o\librdi_dlyest.dll
0x00007ffe5b3d0000 - 0x00007ffe5bb06000 	D:\Vivado\2023.2\lib\win64.o\librdi_drc.dll
0x00007ffe59dc0000 - 0x00007ffe5b3c3000 	D:\Vivado\2023.2\lib\win64.o\librdi_device.dll
0x00007ffe576c0000 - 0x00007ffe59db5000 	D:\Vivado\2023.2\lib\win64.o\librdi_constraints.dll
0x00007ffe5dd20000 - 0x00007ffe5ddd4000 	D:\Vivado\2023.2\lib\win64.o\librdi_dsp.dll
0x00007ffe57650000 - 0x00007ffe576bb000 	D:\Vivado\2023.2\lib\win64.o\librdi_hdf.dll
0x00007ffe57360000 - 0x00007ffe57644000 	D:\Vivado\2023.2\lib\win64.o\librdi_hip_devdesign.dll
0x00007ffe57210000 - 0x00007ffe57358000 	D:\Vivado\2023.2\lib\win64.o\librdi_hip_perf_analysis.dll
0x00007ffe54ad0000 - 0x00007ffe57206000 	D:\Vivado\2023.2\lib\win64.o\librdi_coregen.dll
0x00007ffe54310000 - 0x00007ffe54acf000 	D:\Vivado\2023.2\lib\win64.o\librdi_filemgmt.dll
0x00007ffe531c0000 - 0x00007ffe54303000 	D:\Vivado\2023.2\lib\win64.o\librdi_implflow.dll
0x00007ffe52310000 - 0x00007ffe531c0000 	D:\Vivado\2023.2\lib\win64.o\librdi_ippcw.dll
0x00007ffe51410000 - 0x00007ffe51caa000 	D:\Vivado\2023.2\lib\win64.o\librdi_lopt.dll
0x00007ffe51cb0000 - 0x00007ffe52306000 	D:\Vivado\2023.2\lib\win64.o\librdi_memdata.dll
0x00007ffe51390000 - 0x00007ffe5140d000 	D:\Vivado\2023.2\lib\win64.o\librdi_memoryarray.dll
0x00007ffe51310000 - 0x00007ffe51382000 	D:\Vivado\2023.2\lib\win64.o\librdi_noc_frameworks.dll
0x00007ffe5dcc0000 - 0x00007ffe5dd1c000 	D:\Vivado\2023.2\lib\win64.o\librdi_pfi.dll
0x00007ffe4e8c0000 - 0x00007ffe51301000 	D:\Vivado\2023.2\lib\win64.o\librdi_mig.dll
0x00007ffe4e0b0000 - 0x00007ffe4e8b4000 	D:\Vivado\2023.2\lib\win64.o\librdi_netlist.dll
0x00007ffe4d7b0000 - 0x00007ffe4e0a2000 	D:\Vivado\2023.2\lib\win64.o\librdi_power.dll
0x00007ffe4d330000 - 0x00007ffe4d7ae000 	D:\Vivado\2023.2\lib\win64.o\librdi_platform.dll
0x00007ffe4a470000 - 0x00007ffe4d32c000 	D:\Vivado\2023.2\lib\win64.o\librdi_place.dll
0x00007ffe49be0000 - 0x00007ffe4a46b000 	D:\Vivado\2023.2\lib\win64.o\librdi_project.dll
0x00007ffe49460000 - 0x00007ffe49bd7000 	D:\Vivado\2023.2\lib\win64.o\librdi_psta.dll

dbghelp: loaded successfully - version: 4.0.5 - missing functions: none
symbol engine: initialized successfully - sym options: 0x614 - pdb path: .;D:\Vivado\2023.2\bin\unwrapped\win64.o;C:\WINDOWS\SYSTEM32;D:\Vivado\2023.2\lib\win64.o;C:\WINDOWS\WinSxS\amd64_microsoft.windows.common-controls_6595b64144ccf1df_5.82.26100.1882_none_87f34cef7a28f535;D:\Vivado\2023.2\tps\win64\jre17.0.7_7\bin\server;D:\Vivado\2023.2\tps\win64\jre17.0.7_7\bin;C:\WINDOWS\WinSxS\amd64_microsoft.windows.common-controls_6595b64144ccf1df_6.0.26100.3624_none_3e086962e3345f24

VM Arguments:
jvm_args: -Dsun.java2d.pmoffscreen=false -Dhttps.protocols=TLSv1,TLSv1.1,TLSv1.2 -Dsun.java2d.xrender=false -Dsun.java2d.d3d=false -Dsun.awt.nopixfmt=true -Dsun.java2d.dpiaware=true -Dsun.java2d.uiScale.enabled=false -Dswing.aatext=true -XX:-UsePerfData -Djdk.map.althashing.threshold=512 -XX:StringTableSize=4072 -XX:+UseStringDeduplication -XX:MaxGCPauseMillis=200 -XX:+ParallelRefProcEnabled --add-opens=java.desktop/javax.swing.plaf.synth=ALL-UNNAMED --add-opens=java.base/java.nio=ALL-UNNAMED --add-opens=java.desktop/sun.swing=ALL-UNNAMED --add-opens=java.desktop/javax.swing=ALL-UNNAMED --add-opens=java.desktop/javax.swing.tree=ALL-UNNAMED --add-opens=java.desktop/javax.swing.plaf.basic=ALL-UNNAMED --add-opens=java.desktop/javax.swing.plaf.synth=ALL-UNNAMED --add-opens=java.desktop/javax.swing.plaf.basic=ALL-UNNAMED --add-opens=java.desktop/javax.swing=ALL-UNNAMED --add-opens=java.desktop/javax.swing.tree=ALL-UNNAMED --add-opens=java.desktop/java.awt.event=ALL-UNNAMED --add-exports=java.desktop/javax.swing.plaf.synth=ALL-UNNAMED --add-exports=java.base/java.nio=ALL-UNNAMED --add-exports=java.desktop/sun.swing=ALL-UNNAMED --add-exports=java.desktop/javax.swing=ALL-UNNAMED --add-exports=java.desktop/javax.swing.tree=ALL-UNNAMED --add-exports=java.desktop/javax.swing.plaf.basic=ALL-UNNAMED --add-exports=java.desktop/sun.swing=ALL-UNNAMED --add-exports=java.desktop/sun.swing.table=ALL-UNNAMED --add-exports=java.desktop/sun.swing.plaf.synth=ALL-UNNAMED --add-exports=java.desktop/sun.awt.shell=ALL-UNNAMED --add-exports=java.base/sun.security.action=ALL-UNNAMED --add-exports=java.desktop/sun.font=ALL-UNNAMED -XX:NewSize=80m -XX:MaxNewSize=80m -Xms512m -Xmx4072m -Xss10m 
java_command: <unknown>
java_class_path (initial): D:/Vivado/2023.2\lib\classes\alloy.jar;D:/Vivado/2023.2\lib\classes\asm-9.3.jar;D:/Vivado/2023.2\lib\classes\asm-analysis-9.3.jar;D:/Vivado/2023.2\lib\classes\asm-commons-9.3.jar;D:/Vivado/2023.2\lib\classes\asm-tree-9.3.jar;D:/Vivado/2023.2\lib\classes\autoesl-models.jar;D:/Vivado/2023.2\lib\classes\batik-anim.jar;D:/Vivado/2023.2\lib\classes\batik-awt-util.jar;D:/Vivado/2023.2\lib\classes\batik-bridge.jar;D:/Vivado/2023.2\lib\classes\batik-codec.jar;D:/Vivado/2023.2\lib\classes\batik-constants.jar;D:/Vivado/2023.2\lib\classes\batik-css.jar;D:/Vivado/2023.2\lib\classes\batik-dom.jar;D:/Vivado/2023.2\lib\classes\batik-ext.jar;D:/Vivado/2023.2\lib\classes\batik-gui-util.jar;D:/Vivado/2023.2\lib\classes\batik-gvt.jar;D:/Vivado/2023.2\lib\classes\batik-i18n.jar;D:/Vivado/2023.2\lib\classes\batik-parser.jar;D:/Vivado/2023.2\lib\classes\batik-script.jar;D:/Vivado/2023.2\lib\classes\batik-svg-dom.jar;D:/Vivado/2023.2\lib\classes\batik-svggen.jar;D:/Vivado/2023.2\lib\classes\batik-swing.jar;D:/Vivado/2023.2\lib\classes\batik-transcoder.jar;D:/Vivado/2023.2\lib\classes\batik-util.jar;D:/Vivado/2023.2\lib\classes\batik-xml.jar;D:/Vivado/2023.2\lib\classes\com.fasterxml.jackson.core.jackson-annotations_2.12.1.v20210128-1726.jar;D:/Vivado/2023.2\lib\classes\com.fasterxml.jackson.core.jackson-core_2.12.1.v20210128-1726.jar;D:/Vivado/2023.2\lib\classes\com.fasterxml.jackson.core.jackson-databind_2.12.1.v20210128-1726.jar;D:/Vivado/2023.2\lib\classes\com.google.gson_2.8.9.v20220111-1409.jar;D:/Vivado/2023.2\lib\classes\com.google.guava_30.1.0.v20210127-2300.jar;D:/Vivado/2023.2\lib\classes\com.sigasi.hdt.connection_4.17.2.202304211001.jar;D:/Vivado/2023.2\lib\classes\com.sigasi.hdt.epl_4.17.2.202304211001.jar;D:/Vivado/2023.2\lib\classes\com.sigasi.hdt.project_4.17.2.202304211001.jar;D:/Vivado/2023.2\lib\classes\com.sigasi.hdt.readonlyfilesystem_4.17.2.202304211001.jar;D:/Vivado/2023.2\lib\classes\com.sigasi.hdt.shared_4.17.2.202304211001.jar;D:/Vivad
Launcher Type: generic

[Global flags]
     intx CICompilerCount                          = 4                                         {product} {ergonomic}
     uint ConcGCThreads                            = 2                                         {product} {ergonomic}
     uint G1ConcRefinementThreads                  = 8                                         {product} {ergonomic}
   size_t G1HeapRegionSize                         = 2097152                                   {product} {ergonomic}
    uintx GCDrainStackTargetSize                   = 64                                        {product} {ergonomic}
   size_t InitialHeapSize                          = 536870912                                 {product} {command line}
   size_t MarkStackSize                            = 4194304                                   {product} {ergonomic}
    uintx MaxGCPauseMillis                         = 200                                       {product} {command line}
   size_t MaxHeapSize                              = 4269801472                                {product} {command line}
   size_t MaxNewSize                               = 83886080                                  {product} {command line}
   size_t MinHeapDeltaBytes                        = 2097152                                   {product} {ergonomic}
   size_t MinHeapSize                              = 536870912                                 {product} {command line}
   size_t NewSize                                  = 83886080                                  {product} {command line}
    uintx NonNMethodCodeHeapSize                   = 5839372                                {pd product} {ergonomic}
    uintx NonProfiledCodeHeapSize                  = 122909434                              {pd product} {ergonomic}
     bool ParallelRefProcEnabled                   = true                                      {product} {command line}
    uintx ProfiledCodeHeapSize                     = 122909434                              {pd product} {ergonomic}
    uintx ReservedCodeCacheSize                    = 251658240                              {pd product} {ergonomic}
     bool SegmentedCodeCache                       = true                                      {product} {ergonomic}
   size_t SoftMaxHeapSize                          = 4269801472                             {manageable} {ergonomic}
    uintx StringTableSize                          = 4072                                      {product} {command line}
     intx ThreadStackSize                          = 10240                                  {pd product} {command line}
     bool UseCompressedClassPointers               = true                           {product lp64_product} {ergonomic}
     bool UseCompressedOops                        = true                           {product lp64_product} {ergonomic}
     bool UseG1GC                                  = true                                      {product} {ergonomic}
     bool UseLargePagesIndividualAllocation        = false                                  {pd product} {ergonomic}
     bool UsePerfData                              = false                                     {product} {command line}
     bool UseStringDeduplication                   = true                                      {product} {command line}

Logging:
Log output configuration:
 #0: stdout all=warning uptime,level,tags
 #1: stderr all=off uptime,level,tags

Environment Variables:
JAVA_HOME=C:\Users\debab\AppData\Local\Programs\Eclipse Adoptium\jdk-17.0.11.9-hotspot\
PATH=D:/Vivado/2023.2/bin;D:/Vivado/2023.2/tps/win64/java-cef-95.0.4638.69/bin/lib/win64;D:/Vivado/2023.2/tps/win64/javafx-sdk-17.0.1/lib;D:/Vivado/2023.2/tps/win64/javafx-sdk-17.0.1/bin;D:/Vivado/2023.2/lib/win64.o;D:/Vivado/2023.2/tps/win64/jre17.0.7_7/bin/server;D:/Vivado/2023.2/tps/win64/jre17.0.7_7/bin;D:/Vivado/2023.2/ids_lite/ISE/bin/nt64;D:/Vivado/2023.2/ids_lite/ISE/lib/nt64;D:/Vitis_HLS/2023.2/bin;C:\Program Files (x86)\Common Files\Oracle\Java\java8path;C:\Program Files (x86)\Common Files\Oracle\Java\javapath;C:\Python312\Scripts\;C:\Python312\;C:\oraclexe\app\oracle\product\11.2.0\server\bin;C:\ProgramData\Oracle\Java\javapath;C:\Windows\system32;C:\Windows;C:\Windows\System32\Wbem;C:\Windows\System32\WindowsPowerShell\v1.0\;C:\Windows\System32\OpenSSH\;C:\Program Files (x86)\NVIDIA Corporation\PhysX\Common;C:\Program Files\NVIDIA Corporation\NVIDIA NvDLISR;C:\Program Files\PuTTY\;C:\Program Files\nodejs\;C:\ProgramData\chocolatey\bin;C:\Program Files\Git\cmd;C:\Program Files\dotnet\;C:\Users\debab\AppData\Local\Programs\Eclipse Adoptium\jdk-17.0.11.9-hotspot\bin;C:\Program Files\MySQL\MySQL Shell 8.0\bin\;C:\Users\debab\AppData\Local\Microsoft\WindowsApps;C:\Users\debab\AppData\Local\Programs\Python\Python310;C:\Users\debab\AppData\Local\Programs\Python\Python310\Scripts;C:\Users\debab\AppData\Local\Programs\Microsoft VS Code\bin;C:\Users\debab\AppData\Roaming\npm;;D:/Vivado/2023.2\tps\mingw\6.2.0\win64.o\nt\bin;D:/Vivado/2023.2\tps\mingw\6.2.0\win64.o\nt\libexec\gcc\x86_64-w64-mingw32\6.2.0;D:/Vivado/2023.2\tps\win64\python-3.8.3;D:/Vivado/2023.2\tps\win64\python-3.8.3\bin;D:/Vivado/2023.2\tps\win64\python-3.8.3\lib;D:/Vivado/2023.2\tps\win64\python-3.8.3\lib\site-packages
USERNAME=debab
OS=Windows_NT
PROCESSOR_IDENTIFIER=Intel64 Family 6 Model 165 Stepping 2, GenuineIntel
TMP=C:\Users\debab\AppData\Local\Temp
TEMP=C:\Users\debab\AppData\Local\Temp



---------------  S Y S T E M  ---------------

OS:
 Windows 11 , 64 bit Build 26100 (10.0.26100.3775)
OS uptime: 0 days 7:55 hours
Hyper-V role detected

CPU: total 8 (initial active 8) (4 cores per cpu, 2 threads per core) family 6 model 165 stepping 2 microcode 0xe2, cx8, cmov, fxsr, ht, mmx, 3dnowpref, sse, sse2, sse3, ssse3, sse4.1, sse4.2, popcnt, lzcnt, tsc, tscinvbit, avx, avx2, aes, erms, clmul, bmi1, bmi2, adx, fma, vzeroupper, clflush, clflushopt, hv

Memory: 4k page, system-wide physical 8023M (2930M free)
TotalPageFile size 20311M (AvailPageFile size 7759M)
current process WorkingSet (physical memory assigned to process): 1146M, peak: 3437M
current process commit charge ("private bytes"): 2799M, peak: 10181M

vm_info: OpenJDK 64-Bit Server VM (17.0.7+7) for windows-amd64 JRE (17.0.7+7), built on Apr 18 2023 22:10:42 by "temurin" with MS VC++ 16.7 (VS2019)

END.
