#
# A fatal error has been detected by the Java Runtime Environment:
#
#  EXCEPTION_ACCESS_VIOLATION (0xc0000005) at pc=0x00007ffec35cd61f, pid=16288, tid=2144
#
# JRE version: OpenJDK Runtime Environment Temurin-17.0.7+7 (17.0.7+7) (build 17.0.7+7)
# Java VM: OpenJDK 64-Bit Server VM Temurin-17.0.7+7 (17.0.7+7, mixed mode, sharing, tiered, compressed oops, compressed class ptrs, g1 gc, windows-amd64)
# Problematic frame:
# C  0x00007ffec35cd61f
#
# No core dump will be written. Minidumps are not enabled by default on client versions of Windows
#
# If you would like to submit a bug report, please visit:
#   https://github.com/adoptium/adoptium-support/issues
# The crash happened outside the Java Virtual Machine in native code.
# See problematic frame for where to report the bug.
#

---------------  S U M M A R Y ------------

Command Line: -Dsun.java2d.pmoffscreen=false -Dhttps.protocols=TLSv1,TLSv1.1,TLSv1.2 -Dsun.java2d.xrender=false -Dsun.java2d.d3d=false -Dsun.awt.nopixfmt=true -Dsun.java2d.dpiaware=true -Dsun.java2d.uiScale.enabled=false -Dswing.aatext=true -XX:-UsePerfData -Djdk.map.althashing.threshold=512 -XX:StringTableSize=4072 -XX:+UseStringDeduplication -XX:MaxGCPauseMillis=200 -XX:+ParallelRefProcEnabled --add-opens=java.desktop/javax.swing.plaf.synth=ALL-UNNAMED --add-opens=java.base/java.nio=ALL-UNNAMED --add-opens=java.desktop/sun.swing=ALL-UNNAMED --add-opens=java.desktop/javax.swing=ALL-UNNAMED --add-opens=java.desktop/javax.swing.tree=ALL-UNNAMED --add-opens=java.desktop/javax.swing.plaf.basic=ALL-UNNAMED --add-opens=java.desktop/javax.swing.plaf.synth=ALL-UNNAMED --add-opens=java.desktop/javax.swing.plaf.basic=ALL-UNNAMED --add-opens=java.desktop/javax.swing=ALL-UNNAMED --add-opens=java.desktop/javax.swing.tree=ALL-UNNAMED --add-opens=java.desktop/java.awt.event=ALL-UNNAMED --add-exports=java.desktop/javax.swing.plaf.synth=ALL-UNNAMED --add-exports=java.base/java.nio=ALL-UNNAMED --add-exports=java.desktop/sun.swing=ALL-UNNAMED --add-exports=java.desktop/javax.swing=ALL-UNNAMED --add-exports=java.desktop/javax.swing.tree=ALL-UNNAMED --add-exports=java.desktop/javax.swing.plaf.basic=ALL-UNNAMED --add-exports=java.desktop/sun.swing=ALL-UNNAMED --add-exports=java.desktop/sun.swing.table=ALL-UNNAMED --add-exports=java.desktop/sun.swing.plaf.synth=ALL-UNNAMED --add-exports=java.desktop/sun.awt.shell=ALL-UNNAMED --add-exports=java.base/sun.security.action=ALL-UNNAMED --add-exports=java.desktop/sun.font=ALL-UNNAMED -XX:NewSize=80m -XX:MaxNewSize=80m -Xms512m -Xmx4072m -Xss10m 

Host: Intel(R) Core(TM) i5-10300H CPU @ 2.50GHz, 8 cores, 7G,  Windows 11 , 64 bit Build 26100 (10.0.26100.2454)
Time: Thu Jan 30 11:06:57 2025 India Standard Time elapsed time: 571.743107 seconds (0d 0h 9m 31s)

---------------  T H R E A D  ---------------

Current thread (0x000001c112506a90):  JavaThread "AWT-EventQueue-0" [_thread_in_native, id=2144, stack(0x0000002f38400000,0x0000002f38e00000)]

Stack: [0x0000002f38400000,0x0000002f38e00000],  sp=0x0000002f38dfae58,  free space=10219k
Native frames: (J=compiled Java code, j=interpreted, Vv=VM code, C=native code)
C  0x00007ffec35cd61f

Java frames: (J=compiled Java code, j=interpreted, Vv=VM code)
j  ui.views.waveform.waveformi.WVExecutive_getGraphicsDataSize(J)J+0
j  ui.views.waveform.executive.a.kYk()Ljava/io/ByteArrayInputStream;+10
j  ui.views.waveform.c.a.kXF()V+7
j  ui.views.waveform.c.a.jZx()V+1
j  ui.views.waveform.a.kVY()V+4
j  ui.views.waveform.a.Kp(Z)V+11
j  ui.views.waveform.u.aS(ZZ)V+30
J 18780 c1 ui.views.waveform.d.b.j(Lui/frmwork/a/k;)V (605 bytes) @ 0x000001c17282b1fc [0x000001c172824360+0x0000000000006e9c]
J 18779 c1 ui.views.waveform.u.handleTclEvent(Lui/frmwork/a/k;)V (17 bytes) @ 0x000001c17282311c [0x000001c172823040+0x00000000000000dc]
J 17970 c2 ui.frmwork.a.m.c(Lui/frmwork/a/k;)V (61 bytes) @ 0x000001c179104e5c [0x000001c179104860+0x00000000000005fc]
J 18591 c2 ui.frmwork.F.i(JZ)V (471 bytes) @ 0x000001c1791c50e8 [0x000001c1791c4640+0x0000000000000aa8]
J 20664 c2 ui.frmwork.F.fireTclEvent(J)I (113 bytes) @ 0x000001c1794eae80 [0x000001c1794e99c0+0x00000000000014c0]
v  ~StubRoutines::call_stub
j  ui.views.waveform.waveformi.WVExecutive_processModelEvent(JJ)V+0
j  ui.views.waveform.executive.a.fU(J)V+5
j  ui.views.waveform.d.b.fS(J)V+8
J 18780 c1 ui.views.waveform.d.b.j(Lui/frmwork/a/k;)V (605 bytes) @ 0x000001c17282bf04 [0x000001c172824360+0x0000000000007ba4]
J 18779 c1 ui.views.waveform.u.handleTclEvent(Lui/frmwork/a/k;)V (17 bytes) @ 0x000001c17282311c [0x000001c172823040+0x00000000000000dc]
J 17970 c2 ui.frmwork.a.m.c(Lui/frmwork/a/k;)V (61 bytes) @ 0x000001c179104e5c [0x000001c179104860+0x00000000000005fc]
J 18591 c2 ui.frmwork.F.i(JZ)V (471 bytes) @ 0x000001c1791c50e8 [0x000001c1791c4640+0x0000000000000aa8]
J 19687 c1 ui.frmwork.F.dv(J)V (15 bytes) @ 0x000001c171c8d96c [0x000001c171c8d8e0+0x000000000000008c]
J 19686 c1 ui.frmwork.F$$Lambda$220+0x0000000801717b18.run()V (12 bytes) @ 0x000001c1713344c4 [0x000001c171334440+0x0000000000000084]
J 14093 c2 java.awt.EventQueue.dispatchEvent(Ljava/awt/AWTEvent;)V java.desktop@17.0.7 (80 bytes) @ 0x000001c178d84af8 [0x000001c178d83f00+0x0000000000000bf8]
J 14655 c2 java.awt.EventDispatchThread.pumpOneEventForFilters(I)V java.desktop@17.0.7 (113 bytes) @ 0x000001c178cacfd0 [0x000001c178caca80+0x0000000000000550]
j  java.awt.EventDispatchThread.pumpEventsForFilter(ILjava/awt/Conditional;Ljava/awt/EventFilter;)V+35 java.desktop@17.0.7
j  java.awt.EventDispatchThread.pumpEventsForFilter(Ljava/awt/Conditional;Ljava/awt/EventFilter;)V+4 java.desktop@17.0.7
j  java.awt.WaitDispatchSupport$2.run()V+59 java.desktop@17.0.7
j  java.awt.WaitDispatchSupport$4.run()Ljava/lang/Void;+4 java.desktop@17.0.7
j  java.awt.WaitDispatchSupport$4.run()Ljava/lang/Object;+1 java.desktop@17.0.7
J 12167 c2 java.security.AccessController.doPrivileged(Ljava/security/PrivilegedAction;)Ljava/lang/Object; java.base@17.0.7 (9 bytes) @ 0x000001c178b1b4d0 [0x000001c178b1b4a0+0x0000000000000030]
j  java.awt.WaitDispatchSupport.enter()Z+260 java.desktop@17.0.7
j  java.awt.Dialog.show()V+225 java.desktop@17.0.7
J 7371 c1 java.awt.Component.setVisible(Z)V java.desktop@17.0.7 (6 bytes) @ 0x000001c170ef69dc [0x000001c170ef67e0+0x00000000000001fc]
j  java.awt.Window.setVisible(Z)V+2 java.desktop@17.0.7
j  java.awt.Dialog.setVisible(Z)V+2 java.desktop@17.0.7
j  ui.dlg.c.e.setVisible(Z)V+2
j  ui.dlg.c.bq.bCa()V+65
j  ui.dlg.c.bq$c.actionPerformed(Ljava/awt/event/ActionEvent;)V+8
j  ui.dlg.c.bq.eTh()V+422
j  ui.views.c.w.b.f.run()V+4
j  ui.views.S.W.a(Ljava/lang/String;ZLjava/lang/Runnable;Ljava/lang/Runnable;)Z+275
j  ui.views.S.W.a(Ljava/lang/String;Ljava/lang/Runnable;Ljava/lang/Runnable;)Z+5
j  ui.views.S.W.c(Ljava/lang/String;Ljava/lang/Runnable;)Z+4
j  ui.views.c.w.b.d.b(Lui/data/design/B;Ljava/lang/String;Ljava/lang/String;)V+472
j  ui.views.c.w.b.d.E(Lui/data/design/B;)V+6
j  ui.views.c.w.b.d.F(Lui/data/design/B;)V+134
j  ui.views.c.w.b.d.run()V+249
j  ui.frmwork.cmd.a.hnk()Z+96
j  ui.utils.ad.actionPerformed(Ljava/awt/event/ActionEvent;)V+4
j  javax.swing.AbstractButton.fireActionPerformed(Ljava/awt/event/ActionEvent;)V+84 java.desktop@17.0.7
j  javax.swing.AbstractButton$Handler.actionPerformed(Ljava/awt/event/ActionEvent;)V+5 java.desktop@17.0.7
j  javax.swing.DefaultButtonModel.fireActionPerformed(Ljava/awt/event/ActionEvent;)V+34 java.desktop@17.0.7
j  javax.swing.DefaultButtonModel.setPressed(Z)V+117 java.desktop@17.0.7
j  javax.swing.AbstractButton.doClick(I)V+60 java.desktop@17.0.7
j  javax.swing.plaf.basic.BasicMenuItemUI.doClick(Ljavax/swing/MenuSelectionManager;)V+47 java.desktop@17.0.7
j  javax.swing.plaf.basic.BasicMenuItemUI$Handler.mouseReleased(Ljava/awt/event/MouseEvent;)V+76 java.desktop@17.0.7
j  java.awt.AWTEventMulticaster.mouseReleased(Ljava/awt/event/MouseEvent;)V+8 java.desktop@17.0.7
j  java.awt.AWTEventMulticaster.mouseReleased(Ljava/awt/event/MouseEvent;)V+8 java.desktop@17.0.7
J 16805 c1 java.awt.Component.processMouseEvent(Ljava/awt/event/MouseEvent;)V java.desktop@17.0.7 (100 bytes) @ 0x000001c17199e89c [0x000001c17199e420+0x000000000000047c]
J 16807 c1 javax.swing.JComponent.processMouseEvent(Ljava/awt/event/MouseEvent;)V java.desktop@17.0.7 (27 bytes) @ 0x000001c171ebee74 [0x000001c171ebec60+0x0000000000000214]
J 15843 c2 java.awt.Container.processEvent(Ljava/awt/AWTEvent;)V java.desktop@17.0.7 (22 bytes) @ 0x000001c178f3c3bc [0x000001c178f3c280+0x000000000000013c]
J 18382 c2 java.awt.Component.dispatchEventImpl(Ljava/awt/AWTEvent;)V java.desktop@17.0.7 (777 bytes) @ 0x000001c17918b2cc [0x000001c179189f80+0x000000000000134c]
J 15627 c2 java.awt.Container.dispatchEventImpl(Ljava/awt/AWTEvent;)V java.desktop@17.0.7 (129 bytes) @ 0x000001c178ebd678 [0x000001c178ebd620+0x0000000000000058]
J 15778 c2 java.awt.LightweightDispatcher.retargetMouseEvent(Ljava/awt/Component;ILjava/awt/event/MouseEvent;)V java.desktop@17.0.7 (372 bytes) @ 0x000001c178f2234c [0x000001c178f21ee0+0x000000000000046c]
J 20366 c2 java.awt.LightweightDispatcher.processMouseEvent(Ljava/awt/event/MouseEvent;)Z java.desktop@17.0.7 (265 bytes) @ 0x000001c1791a9ea4 [0x000001c1791a9700+0x00000000000007a4]
J 15627 c2 java.awt.Container.dispatchEventImpl(Ljava/awt/AWTEvent;)V java.desktop@17.0.7 (129 bytes) @ 0x000001c178ebda58 [0x000001c178ebd620+0x0000000000000438]
J 20196 c2 java.awt.Window.dispatchEventImpl(Ljava/awt/AWTEvent;)V java.desktop@17.0.7 (23 bytes) @ 0x000001c179427e0c [0x000001c179427dc0+0x000000000000004c]
J 15830 c2 java.awt.EventQueue$4.run()Ljava/lang/Void; java.desktop@17.0.7 (60 bytes) @ 0x000001c178f3a2d8 [0x000001c178f39e60+0x0000000000000478]
J 16609 c2 java.awt.EventQueue$4.run()Ljava/lang/Object; java.desktop@17.0.7 (5 bytes) @ 0x000001c1787ae354 [0x000001c1787ae320+0x0000000000000034]
J 14093 c2 java.awt.EventQueue.dispatchEvent(Ljava/awt/AWTEvent;)V java.desktop@17.0.7 (80 bytes) @ 0x000001c178d848d0 [0x000001c178d83f00+0x00000000000009d0]
J 14655 c2 java.awt.EventDispatchThread.pumpOneEventForFilters(I)V java.desktop@17.0.7 (113 bytes) @ 0x000001c178cacfd0 [0x000001c178caca80+0x0000000000000550]
j  java.awt.EventDispatchThread.pumpEventsForFilter(ILjava/awt/Conditional;Ljava/awt/EventFilter;)V+35 java.desktop@17.0.7
j  java.awt.EventDispatchThread.pumpEventsForHierarchy(ILjava/awt/Conditional;Ljava/awt/Component;)V+11 java.desktop@17.0.7
j  java.awt.EventDispatchThread.pumpEvents(ILjava/awt/Conditional;)V+4 java.desktop@17.0.7
j  java.awt.EventDispatchThread.pumpEvents(Ljava/awt/Conditional;)V+3 java.desktop@17.0.7
j  java.awt.EventDispatchThread.run()V+9 java.desktop@17.0.7
v  ~StubRoutines::call_stub

siginfo: EXCEPTION_ACCESS_VIOLATION (0xc0000005), reading address 0x0000000000000010


Register to memory mapping:

RIP=0x00007ffec35cd61f points into unknown readable memory: 83
RAX=0x0 is NULL
RBX=0x0000002f38dfb098 is pointing into the stack for thread: 0x000001c112506a90
RCX=0x000001c200da7df0 points into unknown readable memory: 0x0000000000000000 | 00 00 00 00 00 00 00 00
RDX=0x0 is NULL
RSP=0x0000002f38dfae58 is pointing into the stack for thread: 0x000001c112506a90
RBP=0x000001c200da7df0 points into unknown readable memory: 0x0000000000000000 | 00 00 00 00 00 00 00 00
RSI=0x000001c202ac5760 points into unknown readable memory: 0x0000000000054da3 | a3 4d 05 00 00 00 00 00
RDI=0x0000002f38dfb080 is pointing into the stack for thread: 0x000001c112506a90
R8 =0x000001c15ddc2dc0 points into unknown readable memory: 0x000001c15ddc0db0 | b0 0d dc 5d c1 01 00 00
R9 =0x0000000000000040 is an unknown value
R10=0x000001c15ddc0000 points into unknown readable memory: 0x0000000000000000 | 00 00 00 00 00 00 00 00
R11=0x00007fff637a16d1 VCRUNTIME140.dll
R12=0x0000002f38dfaef8 is pointing into the stack for thread: 0x000001c112506a90
R13=0x0000002f38dfb100 is pointing into the stack for thread: 0x000001c112506a90
R14=0x0 is NULL
R15=0x000001c24a331568 points into unknown readable memory: 0x000001c11b2085d0 | d0 85 20 1b c1 01 00 00


Registers:
RAX=0x0000000000000000, RBX=0x0000002f38dfb098, RCX=0x000001c200da7df0, RDX=0x0000000000000000
RSP=0x0000002f38dfae58, RBP=0x000001c200da7df0, RSI=0x000001c202ac5760, RDI=0x0000002f38dfb080
R8 =0x000001c15ddc2dc0, R9 =0x0000000000000040, R10=0x000001c15ddc0000, R11=0x00007fff637a16d1
R12=0x0000002f38dfaef8, R13=0x0000002f38dfb100, R14=0x0000000000000000, R15=0x000001c24a331568
RIP=0x00007ffec35cd61f, EFLAGS=0x0000000000010246

Top of Stack: (sp=0x0000002f38dfae58)
0x0000002f38dfae58:   00007ffec35ad981 0000002f38dfb098
0x0000002f38dfae68:   0000002f38dfaf10 000001c202ac5760
0x0000002f38dfae78:   0000002f38dfb160 0000000000003d9c
0x0000002f38dfae88:   0000002f38dfb160 0000002f38dfb120
0x0000002f38dfae98:   0000000000054da0 0000000000000004
0x0000002f38dfaea8:   00007ffecc5cbf7a 0000002f38dfaf10
0x0000002f38dfaeb8:   000001c200da7df0 000001c24e527850
0x0000002f38dfaec8:   0000000000054da3 0000000000054da7
0x0000002f38dfaed8:   0000000000000004 fffffffffffffffe
0x0000002f38dfaee8:   0000000000054da0 00007b0f00000008
0x0000002f38dfaef8:   000001c202ac5760 000001c202ac5780
0x0000002f38dfaf08:   000001c202ac5780 000001c24a331550
0x0000002f38dfaf18:   0000002f38dfb238 0000002f38dfb160
0x0000002f38dfaf28:   0000002f38dfb120 000000000000b700
0x0000002f38dfaf38:   00007ffecc5cbd50 000001c110000000
0x0000002f38dfaf48:   0000000000007963 0000000000000002 

Instructions: (pc=0x00007ffec35cd61f)
0x00007ffec35cd51f:   c8 e9 6b ff ff ff cc cc cc cc cc cc cc cc cc cc
0x00007ffec35cd52f:   cc 48 89 5c 24 10 56 48 8b 99 f8 00 00 00 33 f6
0x00007ffec35cd53f:   89 b1 f0 00 00 00 48 85 db 74 78 44 8b 43 10 8b
0x00007ffec35cd54f:   c6 41 83 e8 01 48 89 7c 24 10 44 8b ce 40 0f b6
0x00007ffec35cd55f:   fe 78 34 4c 8b 59 20 66 66 0f 1f 84 00 00 00 00
0x00007ffec35cd56f:   00 43 8d 04 08 99 2b c2 d1 f8 4c 3b 5c c3 18 7e
0x00007ffec35cd57f:   06 44 8d 48 01 eb 06 7d 0b 44 8d 40 ff 45 3b c8
0x00007ffec35cd58f:   7e df eb 03 40 b7 01 40 84 ff 48 8b 7c 24 10 74
0x00007ffec35cd59f:   0d 89 81 f0 00 00 00 48 8b 5c 24 18 5e c3 45 3b
0x00007ffec35cd5af:   c8 45 0f 4c c1 45 85 c0 44 0f 48 c6 44 89 81 f0
0x00007ffec35cd5bf:   00 00 00 48 8b 5c 24 18 5e c3 cc cc cc cc cc cc
0x00007ffec35cd5cf:   cc 83 79 38 ff 0f 95 c0 c3 cc cc cc cc cc cc cc
0x00007ffec35cd5df:   cc 8b 51 5c 85 d2 74 43 83 ea 01 74 3b 83 ea 01
0x00007ffec35cd5ef:   74 2a 83 fa 01 75 34 48 8b 49 68 80 b9 49 48 00
0x00007ffec35cd5ff:   00 00 74 06 83 79 30 00 75 1e 48 8b 81 68 48 00
0x00007ffec35cd60f:   00 48 39 81 60 48 00 00 0f 94 c0 c3 48 8b 41 60
0x00007ffec35cd61f:   83 78 10 00 0f 94 c0 c3 32 c0 c3 b0 01 c3 cc cc
0x00007ffec35cd62f:   cc 40 53 48 83 ec 20 48 8b d9 e8 42 fd ff ff 48
0x00007ffec35cd63f:   8b 43 40 48 39 43 38 74 2c 48 8b c8 48 8b 43 30
0x00007ffec35cd64f:   48 85 c0 7e 0e 48 8b 51 d8 48 85 d2 7e 05 48 3b
0x00007ffec35cd65f:   c2 7d 2e 8b 41 f8 3b 41 e8 74 0a 48 8b 94 c1 d8
0x00007ffec35cd66f:   bf ff ff eb 02 33 d2 48 8b 4b 08 4c 8d 43 50 41
0x00007ffec35cd67f:   b9 20 48 00 00 48 8b 01 48 83 c4 20 5b 48 ff 60
0x00007ffec35cd68f:   10 48 83 c4 20 5b c3 cc cc cc cc cc cc cc cc cc
0x00007ffec35cd69f:   cc 40 57 48 83 ec 20 80 79 59 00 48 8b f9 0f 85
0x00007ffec35cd6af:   86 01 00 00 8b 81 f0 00 00 00 ff c0 89 81 f0 00
0x00007ffec35cd6bf:   00 00 48 8b 89 f8 00 00 00 48 85 c9 74 0d 84 d2
0x00007ffec35cd6cf:   75 09 3b 41 10 0f 82 5f 01 00 00 48 89 5c 24 30
0x00007ffec35cd6df:   48 89 74 24 38 48 8d b7 00 01 00 00 48 8b ce c6
0x00007ffec35cd6ef:   47 59 01 48 c7 87 f8 00 00 00 00 00 00 00 c7 87
0x00007ffec35cd6ff:   f0 00 00 00 00 00 00 00 e8 74 fc ff ff 48 8b 46
0x00007ffec35cd70f:   40 48 39 46 38 74 46 48 8b c8 0f 1f 80 00 00 00 


Stack slot to memory mapping:
stack at sp + 0 slots: 0x00007ffec35ad981 points into unknown readable memory: 84 c0 0f 84 85 00 00
stack at sp + 1 slots: 0x0000002f38dfb098 is pointing into the stack for thread: 0x000001c112506a90
stack at sp + 2 slots: 0x0000002f38dfaf10 is pointing into the stack for thread: 0x000001c112506a90
stack at sp + 3 slots: 0x000001c202ac5760 points into unknown readable memory: 0x0000000000054da3 | a3 4d 05 00 00 00 00 00
stack at sp + 4 slots: 0x0000002f38dfb160 is pointing into the stack for thread: 0x000001c112506a90
stack at sp + 5 slots: 0x0000000000003d9c is an unknown value
stack at sp + 6 slots: 0x0000002f38dfb160 is pointing into the stack for thread: 0x000001c112506a90
stack at sp + 7 slots: 0x0000002f38dfb120 is pointing into the stack for thread: 0x000001c112506a90


---------------  P R O C E S S  ---------------

Threads class SMR info:
_java_thread_list=0x000001c1fc07ceb0, length=47, elements={
0x000001c1681f2800, 0x000001c168c04ff0, 0x000001c168c0fcd0, 0x000001c168c2c510,
0x000001c168c2ddf0, 0x000001c168c2faf0, 0x000001c168c303c0, 0x000001c168c33010,
0x000001c168c33910, 0x000001c168c3be50, 0x000001c168e1c9d0, 0x000001c168e1d2b0,
0x000001c110b0fb80, 0x000001c1105b44f0, 0x000001c112329090, 0x000001c11239bef0,
0x000001c112506a90, 0x000001c11303c860, 0x000001c11303bec0, 0x000001c11303c390,
0x000001c11303d6d0, 0x000001c168cac3a0, 0x000001c168cac870, 0x000001c11b3e4a50,
0x000001c11303e070, 0x000001c116cd08b0, 0x000001c11cbabf10, 0x000001c12b9b4c10,
0x000001c12b9b7290, 0x000001c12b9b9440, 0x000001c12b9b5a80, 0x000001c12b9b9910,
0x000001c12b9b9de0, 0x000001c12b9b6420, 0x000001c12b9bd2d0, 0x000001c12b9ba780,
0x000001c12b9c24a0, 0x000001c12b9b50e0, 0x000001c12b9bc930, 0x000001c12b9c7670,
0x000001c12b9c5e60, 0x000001c12b9c71a0, 0x000001c12b9c07c0, 0x000001c12b9c8e80,
0x000001c12b9c4ff0, 0x000001c12b9c3310, 0x000001c12b9c54c0
}

Java Threads: ( => current thread )
  0x000001c1681f2800 JavaThread "main" [_thread_blocked, id=6192, stack(0x0000002f2f600000,0x0000002f2f700000)]
  0x000001c168c04ff0 JavaThread "Reference Handler" daemon [_thread_blocked, id=2332, stack(0x0000002f2fe00000,0x0000002f30800000)]
  0x000001c168c0fcd0 JavaThread "Finalizer" daemon [_thread_blocked, id=4012, stack(0x0000002f30800000,0x0000002f31200000)]
  0x000001c168c2c510 JavaThread "Signal Dispatcher" daemon [_thread_blocked, id=2272, stack(0x0000002f31200000,0x0000002f31c00000)]
  0x000001c168c2ddf0 JavaThread "Attach Listener" daemon [_thread_blocked, id=3920, stack(0x0000002f31c00000,0x0000002f32600000)]
  0x000001c168c2faf0 JavaThread "Service Thread" daemon [_thread_blocked, id=5620, stack(0x0000002f32600000,0x0000002f33000000)]
  0x000001c168c303c0 JavaThread "Monitor Deflation Thread" daemon [_thread_blocked, id=15848, stack(0x0000002f33000000,0x0000002f33a00000)]
  0x000001c168c33010 JavaThread "C2 CompilerThread0" daemon [_thread_blocked, id=15860, stack(0x0000002f33a00000,0x0000002f33b00000)]
  0x000001c168c33910 JavaThread "C1 CompilerThread0" daemon [_thread_blocked, id=5196, stack(0x0000002f33b00000,0x0000002f33c00000)]
  0x000001c168c3be50 JavaThread "Sweeper thread" daemon [_thread_blocked, id=16180, stack(0x0000002f33c00000,0x0000002f34600000)]
  0x000001c168e1c9d0 JavaThread "Common-Cleaner" daemon [_thread_blocked, id=5996, stack(0x0000002f34600000,0x0000002f35000000)]
  0x000001c168e1d2b0 JavaThread "Notification Thread" daemon [_thread_blocked, id=11504, stack(0x0000002f35000000,0x0000002f35a00000)]
  0x000001c110b0fb80 JavaThread "Java2D Disposer" daemon [_thread_blocked, id=10664, stack(0x0000002f35c00000,0x0000002f36600000)]
  0x000001c1105b44f0 JavaThread "AWT-Windows" daemon [_thread_in_native, id=15364, stack(0x0000002f37000000,0x0000002f37a00000)]
  0x000001c112329090 JavaThread "TimerQueue" daemon [_thread_blocked, id=6504, stack(0x0000002f36600000,0x0000002f37000000)]
  0x000001c11239bef0 JavaThread "AWT-Shutdown" [_thread_blocked, id=1704, stack(0x0000002f37a00000,0x0000002f38400000)]
=>0x000001c112506a90 JavaThread "AWT-EventQueue-0" [_thread_in_native, id=2144, stack(0x0000002f38400000,0x0000002f38e00000)]
  0x000001c11303c860 JavaThread "Thread-1" [_thread_in_native, id=12664, stack(0x0000002f2dc00000,0x0000002f2f000000)]
  0x000001c11303bec0 JavaThread "Process Messages Thread" [_thread_blocked, id=9072, stack(0x0000002f3ab00000,0x0000002f3b500000)]
  0x000001c11303c390 JavaThread "Batik CleanerThread" daemon [_thread_blocked, id=2604, stack(0x0000002f3a000000,0x0000002f3aa00000)]
  0x000001c11303d6d0 JavaThread "SyntheticaCleanerThread" daemon [_thread_blocked, id=7548, stack(0x0000002f3c400000,0x0000002f3ce00000)]
  0x000001c168cac3a0 JavaThread "Timer-0" [_thread_blocked, id=9100, stack(0x0000002f3ec00000,0x0000002f3f600000)]
  0x000001c168cac870 JavaThread "Monitor File Timestamp Swing Worker Thread" [_thread_blocked, id=8936, stack(0x0000002f3f600000,0x0000002f40000000)]
  0x000001c11b3e4a50 JavaThread "Monitor HEventQueue Thread" [_thread_blocked, id=8900, stack(0x0000002f3ce00000,0x0000002f3d800000)]
  0x000001c11303e070 JavaThread "SyntheticaAnimation 50" daemon [_thread_blocked, id=6076, stack(0x0000002f3d800000,0x0000002f3e200000)]
  0x000001c116cd08b0 JavaThread "SyntheticaAnimation 25" daemon [_thread_blocked, id=6020, stack(0x0000002f40000000,0x0000002f40a00000)]
  0x000001c11cbabf10 JavaThread "SyntheticaAnimation 70" daemon [_thread_blocked, id=6976, stack(0x0000002f40b00000,0x0000002f41500000)]
  0x000001c12b9b4c10 JavaThread "Refresh Filesets Swing Worker Thread" [_thread_blocked, id=2620, stack(0x0000002f38e00000,0x0000002f39800000)]
  0x000001c12b9b7290 JavaThread "hw_ila_monitor" [_thread_blocked, id=5048, stack(0x0000002f3e200000,0x0000002f3ec00000)]
  0x000001c12b9b9440 JavaThread "pool-1-thread-1" [_thread_blocked, id=2728, stack(0x0000002f42900000,0x0000002f43300000)]
  0x000001c12b9b5a80 JavaThread "Timer-1" [_thread_blocked, id=13064, stack(0x0000002f43300000,0x0000002f43d00000)]
  0x000001c12b9b9910 JavaThread "pool-2-thread-1" [_thread_blocked, id=7064, stack(0x0000002f43d00000,0x0000002f44700000)]
  0x000001c12b9b9de0 JavaThread "Timer-2" [_thread_blocked, id=8700, stack(0x0000002f44700000,0x0000002f45100000)]
  0x000001c12b9b6420 JavaThread "pool-3-thread-1" [_thread_blocked, id=12448, stack(0x0000002f45100000,0x0000002f45b00000)]
  0x000001c12b9bd2d0 JavaThread "Timer-3" [_thread_blocked, id=6632, stack(0x0000002f45b00000,0x0000002f46500000)]
  0x000001c12b9ba780 JavaThread "Update Runs Swing Worker Thread" [_thread_blocked, id=16100, stack(0x0000002f46500000,0x0000002f46f00000)]
  0x000001c12b9c24a0 JavaThread "SyntheticaAnimation 50" daemon [_thread_blocked, id=12848, stack(0x0000002f41500000,0x0000002f41f00000)]
  0x000001c12b9b50e0 JavaThread "Timer-4" [_thread_blocked, id=8780, stack(0x0000002f41f00000,0x0000002f42900000)]
  0x000001c12b9bc930 JavaThread "Monitor File Timestamp Swing Worker Thread" [_thread_blocked, id=17420, stack(0x0000002f46f00000,0x0000002f47900000)]
  0x000001c12b9c7670 JavaThread "Image Animator 3" daemon [_thread_blocked, id=9668, stack(0x0000002f49700000,0x0000002f4a100000)]
  0x000001c12b9c5e60 JavaThread "Thread-325" [_thread_in_native, id=4292, stack(0x0000002f3b500000,0x0000002f3b600000)]
  0x000001c12b9c71a0 JavaThread "Thread-326" [_thread_in_native, id=2232, stack(0x0000002f2f300000,0x0000002f2f400000)]
  0x000001c12b9c07c0 JavaThread "Thread-474" [_thread_in_native, id=15692, stack(0x0000002f3b700000,0x0000002f3b800000)]
  0x000001c12b9c8e80 JavaThread "Thread-475" [_thread_in_native, id=7740, stack(0x0000002f2f300000,0x0000002f2f400000)]
  0x000001c12b9c4ff0 JavaThread "Timer-16" [_thread_blocked, id=13028, stack(0x0000002f47900000,0x0000002f48300000)]
  0x000001c12b9c3310 JavaThread "Monitor File Timestamp Swing Worker Thread" [_thread_blocked, id=2028, stack(0x0000002f48300000,0x0000002f48d00000)]
  0x000001c12b9c54c0 JavaThread "Run Simulation Thread" [_thread_blocked, id=17940, stack(0x0000002f48d00000,0x0000002f49700000)]

Other Threads:
  0x000001c168277d20 VMThread "VM Thread" [stack: 0x0000002f2fd00000,0x0000002f2fe00000] [id=4176]
  0x000001c15f94baf0 WatcherThread [stack: 0x0000002f35a00000,0x0000002f35b00000] [id=6024]
  0x000001c16759b350 GCTaskThread "GC Thread#0" [stack: 0x0000002f2f700000,0x0000002f2f800000] [id=6200]
  0x000001c16759f680 GCTaskThread "GC Thread#1" [stack: 0x0000002f35b00000,0x0000002f35c00000] [id=15840]
  0x000001c16759f3d0 GCTaskThread "GC Thread#2" [stack: 0x0000002f39800000,0x0000002f39900000] [id=2356]
  0x000001c16759b8b0 GCTaskThread "GC Thread#3" [stack: 0x0000002f39900000,0x0000002f39a00000] [id=2680]
  0x000001c16759d8f0 GCTaskThread "GC Thread#4" [stack: 0x0000002f39a00000,0x0000002f39b00000] [id=15116]
  0x000001c16759c620 GCTaskThread "GC Thread#5" [stack: 0x0000002f39b00000,0x0000002f39c00000] [id=3232]
  0x000001c16759ebc0 GCTaskThread "GC Thread#6" [stack: 0x0000002f39c00000,0x0000002f39d00000] [id=3288]
  0x000001c16759d640 GCTaskThread "GC Thread#7" [stack: 0x0000002f39d00000,0x0000002f39e00000] [id=13944]
  0x000001c167a1d7a0 ConcurrentGCThread "G1 Main Marker" [stack: 0x0000002f2f800000,0x0000002f2f900000] [id=13832]
  0x000001c16759b600 ConcurrentGCThread "G1 Conc#0" [stack: 0x0000002f2f900000,0x0000002f2fa00000] [id=8300]
  0x000001c16759fbe0 ConcurrentGCThread "G1 Conc#1" [stack: 0x0000002f39f00000,0x0000002f3a000000] [id=8004]
  0x000001c167930630 ConcurrentGCThread "G1 Refine#0" [stack: 0x0000002f2fa00000,0x0000002f2fb00000] [id=16044]
  0x000001c112a0cee0 ConcurrentGCThread "G1 Refine#1" [stack: 0x0000002f39e00000,0x0000002f39f00000] [id=8436]
  0x000001c167648380 ConcurrentGCThread "G1 Service" [stack: 0x0000002f2fb00000,0x0000002f2fc00000] [id=3804]
  0x000001c1675982f0 ConcurrentGCThread "StringDedupProcessor" [stack: 0x0000002f2fc00000,0x0000002f2fd00000] [id=3972]

Threads with active compile tasks:

VM state: not at safepoint (normal execution)

VM Mutex/Monitor currently owned by a thread: None

Heap address: 0x0000000701800000, size: 4072 MB, Compressed Oops mode: Zero based, Oop shift amount: 3

CDS archive(s) mapped at: [0x0000000800000000-0x0000000800bc0000-0x0000000800bc0000), size 12320768, SharedBaseAddress: 0x0000000800000000, ArchiveRelocationMode: 0.
Compressed class space mapped at: 0x0000000801000000-0x0000000841000000, reserved size: 1073741824
Narrow klass base: 0x0000000800000000, Narrow klass shift: 0, Narrow klass range: 0x100000000

GC Precious Log:
 CPUs: 8 total, 8 available
 Memory: 8023M
 Large Page Support: Disabled
 NUMA Support: Disabled
 Compressed Oops: Enabled (Zero based)
 Heap Region Size: 2M
 Heap Min Capacity: 512M
 Heap Initial Capacity: 512M
 Heap Max Capacity: 4072M
 Pre-touch: Disabled
 Parallel Workers: 8
 Concurrent Workers: 2
 Concurrent Refinement Workers: 8
 Periodic GC: Disabled
 String Deduplication is enabled

Heap:
 garbage-first heap   total 524288K, used 93886K [0x0000000701800000, 0x0000000800000000)
  region size 2048K, 4 young (8192K), 0 survivors (0K)
 Metaspace       used 85565K, committed 86336K, reserved 1179648K
  class space    used 11713K, committed 12096K, reserved 1048576K

Heap Regions: E=young(eden), S=young(survivor), O=old, HS=humongous(starts), HC=humongous(continues), CS=collection set, F=free, OA=open archive, CA=closed archive, TAMS=top-at-mark-start (previous, next)
|   0|0x0000000701800000, 0x0000000701a00000, 0x0000000701a00000|100%|HS|  |TAMS 0x0000000701a00000, 0x0000000701800000| Untracked 
|   1|0x0000000701a00000, 0x0000000701bfffe8, 0x0000000701c00000| 99%| O|  |TAMS 0x0000000701bfffe8, 0x0000000701a00000| Untracked 
|   2|0x0000000701c00000, 0x0000000701e00000, 0x0000000701e00000|100%| O|  |TAMS 0x0000000701e00000, 0x0000000701c00000| Untracked 
|   3|0x0000000701e00000, 0x0000000701fffff8, 0x0000000702000000| 99%| O|  |TAMS 0x0000000701fffff8, 0x0000000701e00000| Untracked 
|   4|0x0000000702000000, 0x0000000702200000, 0x0000000702200000|100%| O|  |TAMS 0x0000000702200000, 0x0000000702000000| Untracked 
|   5|0x0000000702200000, 0x00000007023fffe8, 0x0000000702400000| 99%| O|  |TAMS 0x00000007023fffe8, 0x0000000702200000| Untracked 
|   6|0x0000000702400000, 0x00000007025ffff8, 0x0000000702600000| 99%| O|  |TAMS 0x00000007025ffff8, 0x0000000702400000| Untracked 
|   7|0x0000000702600000, 0x00000007027ffff0, 0x0000000702800000| 99%| O|  |TAMS 0x00000007027ffff0, 0x0000000702600000| Untracked 
|   8|0x0000000702800000, 0x0000000702a00000, 0x0000000702a00000|100%| O|  |TAMS 0x0000000702a00000, 0x0000000702800000| Untracked 
|   9|0x0000000702a00000, 0x0000000702bfffe8, 0x0000000702c00000| 99%| O|  |TAMS 0x0000000702bfffe8, 0x0000000702a00000| Untracked 
|  10|0x0000000702c00000, 0x0000000702e00000, 0x0000000702e00000|100%| O|  |TAMS 0x0000000702e00000, 0x0000000702c00000| Untracked 
|  11|0x0000000702e00000, 0x0000000703000000, 0x0000000703000000|100%| O|  |TAMS 0x0000000703000000, 0x0000000702e00000| Untracked 
|  12|0x0000000703000000, 0x00000007031fffe0, 0x0000000703200000| 99%| O|  |TAMS 0x00000007031fffe0, 0x0000000703000000| Untracked 
|  13|0x0000000703200000, 0x00000007033fffe8, 0x0000000703400000| 99%| O|  |TAMS 0x00000007033fffe8, 0x0000000703200000| Untracked 
|  14|0x0000000703400000, 0x00000007035ffff8, 0x0000000703600000| 99%| O|  |TAMS 0x00000007035ffff8, 0x0000000703400000| Untracked 
|  15|0x0000000703600000, 0x0000000703800000, 0x0000000703800000|100%| O|  |TAMS 0x0000000703800000, 0x0000000703600000| Untracked 
|  16|0x0000000703800000, 0x0000000703a00000, 0x0000000703a00000|100%|HS|  |TAMS 0x0000000703a00000, 0x0000000703800000| Untracked 
|  17|0x0000000703a00000, 0x0000000703c00000, 0x0000000703c00000|100%|HC|  |TAMS 0x0000000703c00000, 0x0000000703a00000| Untracked 
|  18|0x0000000703c00000, 0x0000000703e00000, 0x0000000703e00000|100%|HC|  |TAMS 0x0000000703e00000, 0x0000000703c00000| Untracked 
|  19|0x0000000703e00000, 0x0000000704000000, 0x0000000704000000|100%|HC|  |TAMS 0x0000000704000000, 0x0000000703e00000| Untracked 
|  20|0x0000000704000000, 0x0000000704200000, 0x0000000704200000|100%|HC|  |TAMS 0x0000000704200000, 0x0000000704000000| Untracked 
|  21|0x0000000704200000, 0x0000000704400000, 0x0000000704400000|100%|HC|  |TAMS 0x0000000704400000, 0x0000000704200000| Untracked 
|  22|0x0000000704400000, 0x00000007045ffe90, 0x0000000704600000| 99%| O|  |TAMS 0x00000007045ffe90, 0x0000000704400000| Untracked 
|  23|0x0000000704600000, 0x00000007047ffff0, 0x0000000704800000| 99%| O|  |TAMS 0x00000007047ffff0, 0x0000000704600000| Untracked 
|  24|0x0000000704800000, 0x00000007049eb450, 0x0000000704a00000| 95%| O|  |TAMS 0x00000007049eb450, 0x0000000704800000| Untracked 
|  25|0x0000000704a00000, 0x0000000704bfffe0, 0x0000000704c00000| 99%| O|  |TAMS 0x0000000704bfffe0, 0x0000000704a00000| Untracked 
|  26|0x0000000704c00000, 0x0000000704e00000, 0x0000000704e00000|100%|HS|  |TAMS 0x0000000704e00000, 0x0000000704c00000| Untracked 
|  27|0x0000000704e00000, 0x0000000705000000, 0x0000000705000000|100%|HC|  |TAMS 0x0000000705000000, 0x0000000704e00000| Untracked 
|  28|0x0000000705000000, 0x0000000705200000, 0x0000000705200000|100%|HC|  |TAMS 0x0000000705200000, 0x0000000705000000| Untracked 
|  29|0x0000000705200000, 0x0000000705400000, 0x0000000705400000|100%|HC|  |TAMS 0x0000000705400000, 0x0000000705200000| Untracked 
|  30|0x0000000705400000, 0x00000007055ffff0, 0x0000000705600000| 99%| O|  |TAMS 0x00000007055ffff0, 0x0000000705400000| Untracked 
|  31|0x0000000705600000, 0x00000007057f5d20, 0x0000000705800000| 98%| O|  |TAMS 0x00000007057f5d20, 0x0000000705600000| Untracked 
|  32|0x0000000705800000, 0x0000000705a00000, 0x0000000705a00000|100%| O|  |TAMS 0x0000000705a00000, 0x0000000705800000| Untracked 
|  33|0x0000000705a00000, 0x0000000705bffff8, 0x0000000705c00000| 99%| O|  |TAMS 0x0000000705bffff8, 0x0000000705a00000| Untracked 
|  34|0x0000000705c00000, 0x0000000705e00000, 0x0000000705e00000|100%| O|  |TAMS 0x0000000705e00000, 0x0000000705c00000| Untracked 
|  35|0x0000000705e00000, 0x0000000705ffffe8, 0x0000000706000000| 99%| O|  |TAMS 0x0000000705ffffe8, 0x0000000705e00000| Untracked 
|  36|0x0000000706000000, 0x0000000706200000, 0x0000000706200000|100%| O|  |TAMS 0x0000000706200000, 0x0000000706000000| Untracked 
|  37|0x0000000706200000, 0x00000007063fffe8, 0x0000000706400000| 99%| O|  |TAMS 0x00000007063fffe8, 0x0000000706200000| Untracked 
|  38|0x0000000706400000, 0x00000007065cb6f8, 0x0000000706600000| 89%| O|  |TAMS 0x0000000706400000, 0x0000000706400000| Untracked 
|  39|0x0000000706600000, 0x00000007067ff1c0, 0x0000000706800000| 99%| O|  |TAMS 0x00000007067ff1c0, 0x0000000706600000| Untracked 
|  40|0x0000000706800000, 0x00000007068f5640, 0x0000000706a00000| 47%| O|  |TAMS 0x0000000706800000, 0x0000000706800000| Untracked 
|  41|0x0000000706a00000, 0x0000000706b10cf8, 0x0000000706c00000| 53%| O|  |TAMS 0x0000000706a00000, 0x0000000706a00000| Untracked 
|  42|0x0000000706c00000, 0x0000000706d29180, 0x0000000706e00000| 58%| O|  |TAMS 0x0000000706c00000, 0x0000000706c00000| Untracked 
|  43|0x0000000706e00000, 0x0000000706fc2cb0, 0x0000000707000000| 88%| O|  |TAMS 0x0000000706e00000, 0x0000000706e00000| Untracked 
|  44|0x0000000707000000, 0x0000000707110470, 0x0000000707200000| 53%| O|  |TAMS 0x0000000707000000, 0x0000000707000000| Untracked 
|  45|0x0000000707200000, 0x0000000707200000, 0x0000000707400000|  0%| F|  |TAMS 0x0000000707200000, 0x0000000707200000| Untracked 
|  46|0x0000000707400000, 0x0000000707400000, 0x0000000707600000|  0%| F|  |TAMS 0x0000000707400000, 0x0000000707400000| Untracked 
|  47|0x0000000707600000, 0x0000000707600000, 0x0000000707800000|  0%| F|  |TAMS 0x0000000707600000, 0x0000000707600000| Untracked 
|  48|0x0000000707800000, 0x0000000707800000, 0x0000000707a00000|  0%| F|  |TAMS 0x0000000707800000, 0x0000000707800000| Untracked 
|  49|0x0000000707a00000, 0x0000000707a00000, 0x0000000707c00000|  0%| F|  |TAMS 0x0000000707a00000, 0x0000000707a00000| Untracked 
|  50|0x0000000707c00000, 0x0000000707c00000, 0x0000000707e00000|  0%| F|  |TAMS 0x0000000707c00000, 0x0000000707c00000| Untracked 
|  51|0x0000000707e00000, 0x0000000707e00000, 0x0000000708000000|  0%| F|  |TAMS 0x0000000707e00000, 0x0000000707e00000| Untracked 
|  52|0x0000000708000000, 0x0000000708000000, 0x0000000708200000|  0%| F|  |TAMS 0x0000000708000000, 0x0000000708000000| Untracked 
|  53|0x0000000708200000, 0x0000000708200000, 0x0000000708400000|  0%| F|  |TAMS 0x0000000708200000, 0x0000000708200000| Untracked 
|  54|0x0000000708400000, 0x0000000708400000, 0x0000000708600000|  0%| F|  |TAMS 0x0000000708400000, 0x0000000708400000| Untracked 
|  55|0x0000000708600000, 0x0000000708600000, 0x0000000708800000|  0%| F|  |TAMS 0x0000000708600000, 0x0000000708600000| Untracked 
|  56|0x0000000708800000, 0x0000000708801cb8, 0x0000000708a00000|  0%| O|  |TAMS 0x0000000708800000, 0x0000000708800000| Untracked 
|  57|0x0000000708a00000, 0x0000000708a00000, 0x0000000708c00000|  0%| F|  |TAMS 0x0000000708a00000, 0x0000000708a00000| Untracked 
|  58|0x0000000708c00000, 0x0000000708c00000, 0x0000000708e00000|  0%| F|  |TAMS 0x0000000708c00000, 0x0000000708c00000| Untracked 
|  59|0x0000000708e00000, 0x0000000708e00000, 0x0000000709000000|  0%| F|  |TAMS 0x0000000708e00000, 0x0000000708e00000| Untracked 
|  60|0x0000000709000000, 0x0000000709000000, 0x0000000709200000|  0%| F|  |TAMS 0x0000000709000000, 0x0000000709000000| Untracked 
|  61|0x0000000709200000, 0x0000000709200000, 0x0000000709400000|  0%| F|  |TAMS 0x0000000709200000, 0x0000000709200000| Untracked 
|  62|0x0000000709400000, 0x0000000709400000, 0x0000000709600000|  0%| F|  |TAMS 0x0000000709400000, 0x0000000709400000| Untracked 
|  63|0x0000000709600000, 0x0000000709600000, 0x0000000709800000|  0%| F|  |TAMS 0x0000000709600000, 0x0000000709600000| Untracked 
|  64|0x0000000709800000, 0x0000000709800000, 0x0000000709a00000|  0%| F|  |TAMS 0x0000000709800000, 0x0000000709800000| Untracked 
|  65|0x0000000709a00000, 0x0000000709a00000, 0x0000000709c00000|  0%| F|  |TAMS 0x0000000709a00000, 0x0000000709a00000| Untracked 
|  66|0x0000000709c00000, 0x0000000709c00000, 0x0000000709e00000|  0%| F|  |TAMS 0x0000000709c00000, 0x0000000709c00000| Untracked 
|  67|0x0000000709e00000, 0x0000000709e00000, 0x000000070a000000|  0%| F|  |TAMS 0x0000000709e00000, 0x0000000709e00000| Untracked 
|  68|0x000000070a000000, 0x000000070a000000, 0x000000070a200000|  0%| F|  |TAMS 0x000000070a000000, 0x000000070a000000| Untracked 
|  69|0x000000070a200000, 0x000000070a200000, 0x000000070a400000|  0%| F|  |TAMS 0x000000070a200000, 0x000000070a200000| Untracked 
|  70|0x000000070a400000, 0x000000070a400000, 0x000000070a600000|  0%| F|  |TAMS 0x000000070a400000, 0x000000070a400000| Untracked 
|  71|0x000000070a600000, 0x000000070a600000, 0x000000070a800000|  0%| F|  |TAMS 0x000000070a600000, 0x000000070a600000| Untracked 
|  72|0x000000070a800000, 0x000000070a800000, 0x000000070aa00000|  0%| F|  |TAMS 0x000000070a800000, 0x000000070a800000| Untracked 
|  73|0x000000070aa00000, 0x000000070aa00000, 0x000000070ac00000|  0%| F|  |TAMS 0x000000070aa00000, 0x000000070aa00000| Untracked 
|  74|0x000000070ac00000, 0x000000070ac00000, 0x000000070ae00000|  0%| F|  |TAMS 0x000000070ac00000, 0x000000070ac00000| Untracked 
|  75|0x000000070ae00000, 0x000000070ae00000, 0x000000070b000000|  0%| F|  |TAMS 0x000000070ae00000, 0x000000070ae00000| Untracked 
|  76|0x000000070b000000, 0x000000070b000000, 0x000000070b200000|  0%| F|  |TAMS 0x000000070b000000, 0x000000070b000000| Untracked 
|  77|0x000000070b200000, 0x000000070b200000, 0x000000070b400000|  0%| F|  |TAMS 0x000000070b200000, 0x000000070b200000| Untracked 
|  78|0x000000070b400000, 0x000000070b400000, 0x000000070b600000|  0%| F|  |TAMS 0x000000070b400000, 0x000000070b400000| Untracked 
|  79|0x000000070b600000, 0x000000070b600000, 0x000000070b800000|  0%| F|  |TAMS 0x000000070b600000, 0x000000070b600000| Untracked 
|  80|0x000000070b800000, 0x000000070b800000, 0x000000070ba00000|  0%| F|  |TAMS 0x000000070b800000, 0x000000070b800000| Untracked 
|  81|0x000000070ba00000, 0x000000070ba00000, 0x000000070bc00000|  0%| F|  |TAMS 0x000000070ba00000, 0x000000070ba00000| Untracked 
|  82|0x000000070bc00000, 0x000000070bc00000, 0x000000070be00000|  0%| F|  |TAMS 0x000000070bc00000, 0x000000070bc00000| Untracked 
|  83|0x000000070be00000, 0x000000070be00000, 0x000000070c000000|  0%| F|  |TAMS 0x000000070be00000, 0x000000070be00000| Untracked 
|  84|0x000000070c000000, 0x000000070c000000, 0x000000070c200000|  0%| F|  |TAMS 0x000000070c000000, 0x000000070c000000| Untracked 
|  85|0x000000070c200000, 0x000000070c200000, 0x000000070c400000|  0%| F|  |TAMS 0x000000070c200000, 0x000000070c200000| Untracked 
|  86|0x000000070c400000, 0x000000070c400000, 0x000000070c600000|  0%| F|  |TAMS 0x000000070c400000, 0x000000070c400000| Untracked 
|  87|0x000000070c600000, 0x000000070c600000, 0x000000070c800000|  0%| F|  |TAMS 0x000000070c600000, 0x000000070c600000| Untracked 
|  88|0x000000070c800000, 0x000000070c800000, 0x000000070ca00000|  0%| F|  |TAMS 0x000000070c800000, 0x000000070c800000| Untracked 
|  89|0x000000070ca00000, 0x000000070ca00000, 0x000000070cc00000|  0%| F|  |TAMS 0x000000070ca00000, 0x000000070ca00000| Untracked 
|  90|0x000000070cc00000, 0x000000070cc00000, 0x000000070ce00000|  0%| F|  |TAMS 0x000000070cc00000, 0x000000070cc00000| Untracked 
|  91|0x000000070ce00000, 0x000000070ce00000, 0x000000070d000000|  0%| F|  |TAMS 0x000000070ce00000, 0x000000070ce00000| Untracked 
|  92|0x000000070d000000, 0x000000070d000000, 0x000000070d200000|  0%| F|  |TAMS 0x000000070d000000, 0x000000070d000000| Untracked 
|  93|0x000000070d200000, 0x000000070d200000, 0x000000070d400000|  0%| F|  |TAMS 0x000000070d200000, 0x000000070d200000| Untracked 
|  94|0x000000070d400000, 0x000000070d400000, 0x000000070d600000|  0%| F|  |TAMS 0x000000070d400000, 0x000000070d400000| Untracked 
|  95|0x000000070d600000, 0x000000070d600000, 0x000000070d800000|  0%| F|  |TAMS 0x000000070d600000, 0x000000070d600000| Untracked 
|  96|0x000000070d800000, 0x000000070d800000, 0x000000070da00000|  0%| F|  |TAMS 0x000000070d800000, 0x000000070d800000| Untracked 
|  97|0x000000070da00000, 0x000000070da00000, 0x000000070dc00000|  0%| F|  |TAMS 0x000000070da00000, 0x000000070da00000| Untracked 
|  98|0x000000070dc00000, 0x000000070dc00000, 0x000000070de00000|  0%| F|  |TAMS 0x000000070dc00000, 0x000000070dc00000| Untracked 
|  99|0x000000070de00000, 0x000000070de00000, 0x000000070e000000|  0%| F|  |TAMS 0x000000070de00000, 0x000000070de00000| Untracked 
| 100|0x000000070e000000, 0x000000070e000000, 0x000000070e200000|  0%| F|  |TAMS 0x000000070e000000, 0x000000070e000000| Untracked 
| 101|0x000000070e200000, 0x000000070e200000, 0x000000070e400000|  0%| F|  |TAMS 0x000000070e200000, 0x000000070e200000| Untracked 
| 102|0x000000070e400000, 0x000000070e400000, 0x000000070e600000|  0%| F|  |TAMS 0x000000070e400000, 0x000000070e400000| Untracked 
| 103|0x000000070e600000, 0x000000070e600000, 0x000000070e800000|  0%| F|  |TAMS 0x000000070e600000, 0x000000070e600000| Untracked 
| 104|0x000000070e800000, 0x000000070e800000, 0x000000070ea00000|  0%| F|  |TAMS 0x000000070e800000, 0x000000070e800000| Untracked 
| 105|0x000000070ea00000, 0x000000070ea00000, 0x000000070ec00000|  0%| F|  |TAMS 0x000000070ea00000, 0x000000070ea00000| Untracked 
| 106|0x000000070ec00000, 0x000000070ec00000, 0x000000070ee00000|  0%| F|  |TAMS 0x000000070ec00000, 0x000000070ec00000| Untracked 
| 107|0x000000070ee00000, 0x000000070ee00000, 0x000000070f000000|  0%| F|  |TAMS 0x000000070ee00000, 0x000000070ee00000| Untracked 
| 108|0x000000070f000000, 0x000000070f000000, 0x000000070f200000|  0%| F|  |TAMS 0x000000070f000000, 0x000000070f000000| Untracked 
| 109|0x000000070f200000, 0x000000070f200000, 0x000000070f400000|  0%| F|  |TAMS 0x000000070f200000, 0x000000070f200000| Untracked 
| 110|0x000000070f400000, 0x000000070f400000, 0x000000070f600000|  0%| F|  |TAMS 0x000000070f400000, 0x000000070f400000| Untracked 
| 111|0x000000070f600000, 0x000000070f600000, 0x000000070f800000|  0%| F|  |TAMS 0x000000070f600000, 0x000000070f600000| Untracked 
| 112|0x000000070f800000, 0x000000070f800000, 0x000000070fa00000|  0%| F|  |TAMS 0x000000070f800000, 0x000000070f800000| Untracked 
| 113|0x000000070fa00000, 0x000000070fa00000, 0x000000070fc00000|  0%| F|  |TAMS 0x000000070fa00000, 0x000000070fa00000| Untracked 
| 114|0x000000070fc00000, 0x000000070fc00000, 0x000000070fe00000|  0%| F|  |TAMS 0x000000070fc00000, 0x000000070fc00000| Untracked 
| 115|0x000000070fe00000, 0x000000070fe00000, 0x0000000710000000|  0%| F|  |TAMS 0x000000070fe00000, 0x000000070fe00000| Untracked 
| 116|0x0000000710000000, 0x0000000710000000, 0x0000000710200000|  0%| F|  |TAMS 0x0000000710000000, 0x0000000710000000| Untracked 
| 117|0x0000000710200000, 0x0000000710200000, 0x0000000710400000|  0%| F|  |TAMS 0x0000000710200000, 0x0000000710200000| Untracked 
| 118|0x0000000710400000, 0x0000000710400000, 0x0000000710600000|  0%| F|  |TAMS 0x0000000710400000, 0x0000000710400000| Untracked 
| 119|0x0000000710600000, 0x0000000710600000, 0x0000000710800000|  0%| F|  |TAMS 0x0000000710600000, 0x0000000710600000| Untracked 
| 120|0x0000000710800000, 0x0000000710800000, 0x0000000710a00000|  0%| F|  |TAMS 0x0000000710800000, 0x0000000710800000| Untracked 
| 121|0x0000000710a00000, 0x0000000710a00000, 0x0000000710c00000|  0%| F|  |TAMS 0x0000000710a00000, 0x0000000710a00000| Untracked 
| 122|0x0000000710c00000, 0x0000000710c00000, 0x0000000710e00000|  0%| F|  |TAMS 0x0000000710c00000, 0x0000000710c00000| Untracked 
| 123|0x0000000710e00000, 0x0000000710e00000, 0x0000000711000000|  0%| F|  |TAMS 0x0000000710e00000, 0x0000000710e00000| Untracked 
| 124|0x0000000711000000, 0x0000000711000000, 0x0000000711200000|  0%| F|  |TAMS 0x0000000711000000, 0x0000000711000000| Untracked 
| 125|0x0000000711200000, 0x0000000711200000, 0x0000000711400000|  0%| F|  |TAMS 0x0000000711200000, 0x0000000711200000| Untracked 
| 126|0x0000000711400000, 0x0000000711400000, 0x0000000711600000|  0%| F|  |TAMS 0x0000000711400000, 0x0000000711400000| Untracked 
| 127|0x0000000711600000, 0x0000000711600000, 0x0000000711800000|  0%| F|  |TAMS 0x0000000711600000, 0x0000000711600000| Untracked 
| 128|0x0000000711800000, 0x0000000711800000, 0x0000000711a00000|  0%| F|  |TAMS 0x0000000711800000, 0x0000000711800000| Untracked 
| 129|0x0000000711a00000, 0x0000000711a00000, 0x0000000711c00000|  0%| F|  |TAMS 0x0000000711a00000, 0x0000000711a00000| Untracked 
| 130|0x0000000711c00000, 0x0000000711c00000, 0x0000000711e00000|  0%| F|  |TAMS 0x0000000711c00000, 0x0000000711c00000| Untracked 
| 131|0x0000000711e00000, 0x0000000711e00000, 0x0000000712000000|  0%| F|  |TAMS 0x0000000711e00000, 0x0000000711e00000| Untracked 
| 132|0x0000000712000000, 0x0000000712000000, 0x0000000712200000|  0%| F|  |TAMS 0x0000000712000000, 0x0000000712000000| Untracked 
| 133|0x0000000712200000, 0x0000000712200000, 0x0000000712400000|  0%| F|  |TAMS 0x0000000712200000, 0x0000000712200000| Untracked 
| 134|0x0000000712400000, 0x0000000712400000, 0x0000000712600000|  0%| F|  |TAMS 0x0000000712400000, 0x0000000712400000| Untracked 
| 135|0x0000000712600000, 0x0000000712600000, 0x0000000712800000|  0%| F|  |TAMS 0x0000000712600000, 0x0000000712600000| Untracked 
| 136|0x0000000712800000, 0x0000000712800000, 0x0000000712a00000|  0%| F|  |TAMS 0x0000000712800000, 0x0000000712800000| Untracked 
| 137|0x0000000712a00000, 0x0000000712a00000, 0x0000000712c00000|  0%| F|  |TAMS 0x0000000712a00000, 0x0000000712a00000| Untracked 
| 138|0x0000000712c00000, 0x0000000712c00000, 0x0000000712e00000|  0%| F|  |TAMS 0x0000000712c00000, 0x0000000712c00000| Untracked 
| 139|0x0000000712e00000, 0x0000000712e00000, 0x0000000713000000|  0%| F|  |TAMS 0x0000000712e00000, 0x0000000712e00000| Untracked 
| 140|0x0000000713000000, 0x0000000713000000, 0x0000000713200000|  0%| F|  |TAMS 0x0000000713000000, 0x0000000713000000| Untracked 
| 141|0x0000000713200000, 0x0000000713200000, 0x0000000713400000|  0%| F|  |TAMS 0x0000000713200000, 0x0000000713200000| Untracked 
| 142|0x0000000713400000, 0x0000000713400000, 0x0000000713600000|  0%| F|  |TAMS 0x0000000713400000, 0x0000000713400000| Untracked 
| 143|0x0000000713600000, 0x0000000713600000, 0x0000000713800000|  0%| F|  |TAMS 0x0000000713600000, 0x0000000713600000| Untracked 
| 144|0x0000000713800000, 0x0000000713800000, 0x0000000713a00000|  0%| F|  |TAMS 0x0000000713800000, 0x0000000713800000| Untracked 
| 145|0x0000000713a00000, 0x0000000713a00000, 0x0000000713c00000|  0%| F|  |TAMS 0x0000000713a00000, 0x0000000713a00000| Untracked 
| 146|0x0000000713c00000, 0x0000000713c00000, 0x0000000713e00000|  0%| F|  |TAMS 0x0000000713c00000, 0x0000000713c00000| Untracked 
| 147|0x0000000713e00000, 0x0000000713e00000, 0x0000000714000000|  0%| F|  |TAMS 0x0000000713e00000, 0x0000000713e00000| Untracked 
| 148|0x0000000714000000, 0x0000000714000000, 0x0000000714200000|  0%| F|  |TAMS 0x0000000714000000, 0x0000000714000000| Untracked 
| 149|0x0000000714200000, 0x0000000714200000, 0x0000000714400000|  0%| F|  |TAMS 0x0000000714200000, 0x0000000714200000| Untracked 
| 150|0x0000000714400000, 0x0000000714400000, 0x0000000714600000|  0%| F|  |TAMS 0x0000000714400000, 0x0000000714400000| Untracked 
| 151|0x0000000714600000, 0x0000000714600000, 0x0000000714800000|  0%| F|  |TAMS 0x0000000714600000, 0x0000000714600000| Untracked 
| 152|0x0000000714800000, 0x0000000714800000, 0x0000000714a00000|  0%| F|  |TAMS 0x0000000714800000, 0x0000000714800000| Untracked 
| 153|0x0000000714a00000, 0x0000000714a00000, 0x0000000714c00000|  0%| F|  |TAMS 0x0000000714a00000, 0x0000000714a00000| Untracked 
| 154|0x0000000714c00000, 0x0000000714c00000, 0x0000000714e00000|  0%| F|  |TAMS 0x0000000714c00000, 0x0000000714c00000| Untracked 
| 155|0x0000000714e00000, 0x0000000714e00000, 0x0000000715000000|  0%| F|  |TAMS 0x0000000714e00000, 0x0000000714e00000| Untracked 
| 156|0x0000000715000000, 0x0000000715000000, 0x0000000715200000|  0%| F|  |TAMS 0x0000000715000000, 0x0000000715000000| Untracked 
| 157|0x0000000715200000, 0x0000000715200000, 0x0000000715400000|  0%| F|  |TAMS 0x0000000715200000, 0x0000000715200000| Untracked 
| 158|0x0000000715400000, 0x0000000715400000, 0x0000000715600000|  0%| F|  |TAMS 0x0000000715400000, 0x0000000715400000| Untracked 
| 159|0x0000000715600000, 0x0000000715600000, 0x0000000715800000|  0%| F|  |TAMS 0x0000000715600000, 0x0000000715600000| Untracked 
| 160|0x0000000715800000, 0x0000000715800000, 0x0000000715a00000|  0%| F|  |TAMS 0x0000000715800000, 0x0000000715800000| Untracked 
| 161|0x0000000715a00000, 0x0000000715a00000, 0x0000000715c00000|  0%| F|  |TAMS 0x0000000715a00000, 0x0000000715a00000| Untracked 
| 162|0x0000000715c00000, 0x0000000715c00000, 0x0000000715e00000|  0%| F|  |TAMS 0x0000000715c00000, 0x0000000715c00000| Untracked 
| 163|0x0000000715e00000, 0x0000000715e00000, 0x0000000716000000|  0%| F|  |TAMS 0x0000000715e00000, 0x0000000715e00000| Untracked 
| 164|0x0000000716000000, 0x0000000716000000, 0x0000000716200000|  0%| F|  |TAMS 0x0000000716000000, 0x0000000716000000| Untracked 
| 165|0x0000000716200000, 0x0000000716200000, 0x0000000716400000|  0%| F|  |TAMS 0x0000000716200000, 0x0000000716200000| Untracked 
| 166|0x0000000716400000, 0x0000000716400000, 0x0000000716600000|  0%| F|  |TAMS 0x0000000716400000, 0x0000000716400000| Untracked 
| 167|0x0000000716600000, 0x0000000716600000, 0x0000000716800000|  0%| F|  |TAMS 0x0000000716600000, 0x0000000716600000| Untracked 
| 168|0x0000000716800000, 0x0000000716800000, 0x0000000716a00000|  0%| F|  |TAMS 0x0000000716800000, 0x0000000716800000| Untracked 
| 169|0x0000000716a00000, 0x0000000716a00000, 0x0000000716c00000|  0%| F|  |TAMS 0x0000000716a00000, 0x0000000716a00000| Untracked 
| 170|0x0000000716c00000, 0x0000000716c00000, 0x0000000716e00000|  0%| F|  |TAMS 0x0000000716c00000, 0x0000000716c00000| Untracked 
| 171|0x0000000716e00000, 0x0000000716e00000, 0x0000000717000000|  0%| F|  |TAMS 0x0000000716e00000, 0x0000000716e00000| Untracked 
| 172|0x0000000717000000, 0x0000000717000000, 0x0000000717200000|  0%| F|  |TAMS 0x0000000717000000, 0x0000000717000000| Untracked 
| 173|0x0000000717200000, 0x0000000717200000, 0x0000000717400000|  0%| F|  |TAMS 0x0000000717200000, 0x0000000717200000| Untracked 
| 174|0x0000000717400000, 0x0000000717400000, 0x0000000717600000|  0%| F|  |TAMS 0x0000000717400000, 0x0000000717400000| Untracked 
| 175|0x0000000717600000, 0x0000000717600000, 0x0000000717800000|  0%| F|  |TAMS 0x0000000717600000, 0x0000000717600000| Untracked 
| 176|0x0000000717800000, 0x0000000717800000, 0x0000000717a00000|  0%| F|  |TAMS 0x0000000717800000, 0x0000000717800000| Untracked 
| 177|0x0000000717a00000, 0x0000000717a00000, 0x0000000717c00000|  0%| F|  |TAMS 0x0000000717a00000, 0x0000000717a00000| Untracked 
| 178|0x0000000717c00000, 0x0000000717c00000, 0x0000000717e00000|  0%| F|  |TAMS 0x0000000717c00000, 0x0000000717c00000| Untracked 
| 179|0x0000000717e00000, 0x0000000717e00000, 0x0000000718000000|  0%| F|  |TAMS 0x0000000717e00000, 0x0000000717e00000| Untracked 
| 180|0x0000000718000000, 0x0000000718000000, 0x0000000718200000|  0%| F|  |TAMS 0x0000000718000000, 0x0000000718000000| Untracked 
| 181|0x0000000718200000, 0x0000000718200000, 0x0000000718400000|  0%| F|  |TAMS 0x0000000718200000, 0x0000000718200000| Untracked 
| 182|0x0000000718400000, 0x0000000718400000, 0x0000000718600000|  0%| F|  |TAMS 0x0000000718400000, 0x0000000718400000| Untracked 
| 183|0x0000000718600000, 0x0000000718600000, 0x0000000718800000|  0%| F|  |TAMS 0x0000000718600000, 0x0000000718600000| Untracked 
| 184|0x0000000718800000, 0x0000000718800000, 0x0000000718a00000|  0%| F|  |TAMS 0x0000000718800000, 0x0000000718800000| Untracked 
| 185|0x0000000718a00000, 0x0000000718a00000, 0x0000000718c00000|  0%| F|  |TAMS 0x0000000718a00000, 0x0000000718a00000| Untracked 
| 186|0x0000000718c00000, 0x0000000718c00000, 0x0000000718e00000|  0%| F|  |TAMS 0x0000000718c00000, 0x0000000718c00000| Untracked 
| 187|0x0000000718e00000, 0x0000000718e00000, 0x0000000719000000|  0%| F|  |TAMS 0x0000000718e00000, 0x0000000718e00000| Untracked 
| 188|0x0000000719000000, 0x0000000719000000, 0x0000000719200000|  0%| F|  |TAMS 0x0000000719000000, 0x0000000719000000| Untracked 
| 189|0x0000000719200000, 0x0000000719200000, 0x0000000719400000|  0%| F|  |TAMS 0x0000000719200000, 0x0000000719200000| Untracked 
| 190|0x0000000719400000, 0x0000000719400000, 0x0000000719600000|  0%| F|  |TAMS 0x0000000719400000, 0x0000000719400000| Untracked 
| 191|0x0000000719600000, 0x0000000719600000, 0x0000000719800000|  0%| F|  |TAMS 0x0000000719600000, 0x0000000719600000| Untracked 
| 192|0x0000000719800000, 0x0000000719800000, 0x0000000719a00000|  0%| F|  |TAMS 0x0000000719800000, 0x0000000719800000| Untracked 
| 193|0x0000000719a00000, 0x0000000719a00000, 0x0000000719c00000|  0%| F|  |TAMS 0x0000000719a00000, 0x0000000719a00000| Untracked 
| 194|0x0000000719c00000, 0x0000000719c00000, 0x0000000719e00000|  0%| F|  |TAMS 0x0000000719c00000, 0x0000000719c00000| Untracked 
| 195|0x0000000719e00000, 0x0000000719e00000, 0x000000071a000000|  0%| F|  |TAMS 0x0000000719e00000, 0x0000000719e00000| Untracked 
| 196|0x000000071a000000, 0x000000071a000000, 0x000000071a200000|  0%| F|  |TAMS 0x000000071a000000, 0x000000071a000000| Untracked 
| 197|0x000000071a200000, 0x000000071a200000, 0x000000071a400000|  0%| F|  |TAMS 0x000000071a200000, 0x000000071a200000| Untracked 
| 198|0x000000071a400000, 0x000000071a400000, 0x000000071a600000|  0%| F|  |TAMS 0x000000071a400000, 0x000000071a400000| Untracked 
| 199|0x000000071a600000, 0x000000071a600000, 0x000000071a800000|  0%| F|  |TAMS 0x000000071a600000, 0x000000071a600000| Untracked 
| 200|0x000000071a800000, 0x000000071a800000, 0x000000071aa00000|  0%| F|  |TAMS 0x000000071a800000, 0x000000071a800000| Untracked 
| 201|0x000000071aa00000, 0x000000071aa00000, 0x000000071ac00000|  0%| F|  |TAMS 0x000000071aa00000, 0x000000071aa00000| Untracked 
| 202|0x000000071ac00000, 0x000000071ac00000, 0x000000071ae00000|  0%| F|  |TAMS 0x000000071ac00000, 0x000000071ac00000| Untracked 
| 203|0x000000071ae00000, 0x000000071ae00000, 0x000000071b000000|  0%| F|  |TAMS 0x000000071ae00000, 0x000000071ae00000| Untracked 
| 204|0x000000071b000000, 0x000000071b000000, 0x000000071b200000|  0%| F|  |TAMS 0x000000071b000000, 0x000000071b000000| Untracked 
| 205|0x000000071b200000, 0x000000071b200000, 0x000000071b400000|  0%| F|  |TAMS 0x000000071b200000, 0x000000071b200000| Untracked 
| 206|0x000000071b400000, 0x000000071b400000, 0x000000071b600000|  0%| F|  |TAMS 0x000000071b400000, 0x000000071b400000| Untracked 
| 207|0x000000071b600000, 0x000000071b600000, 0x000000071b800000|  0%| F|  |TAMS 0x000000071b600000, 0x000000071b600000| Untracked 
| 208|0x000000071b800000, 0x000000071b800000, 0x000000071ba00000|  0%| F|  |TAMS 0x000000071b800000, 0x000000071b800000| Untracked 
| 209|0x000000071ba00000, 0x000000071ba00000, 0x000000071bc00000|  0%| F|  |TAMS 0x000000071ba00000, 0x000000071ba00000| Untracked 
| 210|0x000000071bc00000, 0x000000071bc00000, 0x000000071be00000|  0%| F|  |TAMS 0x000000071bc00000, 0x000000071bc00000| Untracked 
| 211|0x000000071be00000, 0x000000071be00000, 0x000000071c000000|  0%| F|  |TAMS 0x000000071be00000, 0x000000071be00000| Untracked 
| 212|0x000000071c000000, 0x000000071c000000, 0x000000071c200000|  0%| F|  |TAMS 0x000000071c000000, 0x000000071c000000| Untracked 
| 213|0x000000071c200000, 0x000000071c200000, 0x000000071c400000|  0%| F|  |TAMS 0x000000071c200000, 0x000000071c200000| Untracked 
| 214|0x000000071c400000, 0x000000071c400000, 0x000000071c600000|  0%| F|  |TAMS 0x000000071c400000, 0x000000071c400000| Untracked 
| 215|0x000000071c600000, 0x000000071c600000, 0x000000071c800000|  0%| F|  |TAMS 0x000000071c600000, 0x000000071c600000| Untracked 
| 216|0x000000071c800000, 0x000000071c800000, 0x000000071ca00000|  0%| F|  |TAMS 0x000000071c800000, 0x000000071c800000| Untracked 
| 217|0x000000071ca00000, 0x000000071ca00000, 0x000000071cc00000|  0%| F|  |TAMS 0x000000071ca00000, 0x000000071ca00000| Untracked 
| 218|0x000000071cc00000, 0x000000071cc00000, 0x000000071ce00000|  0%| F|  |TAMS 0x000000071cc00000, 0x000000071cc00000| Untracked 
| 219|0x000000071ce00000, 0x000000071ce00000, 0x000000071d000000|  0%| F|  |TAMS 0x000000071ce00000, 0x000000071ce00000| Untracked 
| 220|0x000000071d000000, 0x000000071d000000, 0x000000071d200000|  0%| F|  |TAMS 0x000000071d000000, 0x000000071d000000| Untracked 
| 221|0x000000071d200000, 0x000000071d200000, 0x000000071d400000|  0%| F|  |TAMS 0x000000071d200000, 0x000000071d200000| Untracked 
| 222|0x000000071d400000, 0x000000071d400000, 0x000000071d600000|  0%| F|  |TAMS 0x000000071d400000, 0x000000071d400000| Untracked 
| 223|0x000000071d600000, 0x000000071d600000, 0x000000071d800000|  0%| F|  |TAMS 0x000000071d600000, 0x000000071d600000| Untracked 
| 224|0x000000071d800000, 0x000000071d800000, 0x000000071da00000|  0%| F|  |TAMS 0x000000071d800000, 0x000000071d800000| Untracked 
| 225|0x000000071da00000, 0x000000071da00000, 0x000000071dc00000|  0%| F|  |TAMS 0x000000071da00000, 0x000000071da00000| Untracked 
| 226|0x000000071dc00000, 0x000000071dc00000, 0x000000071de00000|  0%| F|  |TAMS 0x000000071dc00000, 0x000000071dc00000| Untracked 
| 227|0x000000071de00000, 0x000000071de00000, 0x000000071e000000|  0%| F|  |TAMS 0x000000071de00000, 0x000000071de00000| Untracked 
| 228|0x000000071e000000, 0x000000071e000000, 0x000000071e200000|  0%| F|  |TAMS 0x000000071e000000, 0x000000071e000000| Untracked 
| 229|0x000000071e200000, 0x000000071e200000, 0x000000071e400000|  0%| F|  |TAMS 0x000000071e200000, 0x000000071e200000| Untracked 
| 230|0x000000071e400000, 0x000000071e400000, 0x000000071e600000|  0%| F|  |TAMS 0x000000071e400000, 0x000000071e400000| Untracked 
| 231|0x000000071e600000, 0x000000071e600000, 0x000000071e800000|  0%| F|  |TAMS 0x000000071e600000, 0x000000071e600000| Untracked 
| 232|0x000000071e800000, 0x000000071e800000, 0x000000071ea00000|  0%| F|  |TAMS 0x000000071e800000, 0x000000071e800000| Untracked 
| 233|0x000000071ea00000, 0x000000071ea00000, 0x000000071ec00000|  0%| F|  |TAMS 0x000000071ea00000, 0x000000071ea00000| Untracked 
| 234|0x000000071ec00000, 0x000000071ec00000, 0x000000071ee00000|  0%| F|  |TAMS 0x000000071ec00000, 0x000000071ec00000| Untracked 
| 235|0x000000071ee00000, 0x000000071ee00000, 0x000000071f000000|  0%| F|  |TAMS 0x000000071ee00000, 0x000000071ee00000| Untracked 
| 236|0x000000071f000000, 0x000000071f000000, 0x000000071f200000|  0%| F|  |TAMS 0x000000071f000000, 0x000000071f000000| Untracked 
| 237|0x000000071f200000, 0x000000071f200000, 0x000000071f400000|  0%| F|  |TAMS 0x000000071f200000, 0x000000071f200000| Untracked 
| 238|0x000000071f400000, 0x000000071f400000, 0x000000071f600000|  0%| F|  |TAMS 0x000000071f400000, 0x000000071f400000| Untracked 
| 239|0x000000071f600000, 0x000000071f600000, 0x000000071f800000|  0%| F|  |TAMS 0x000000071f600000, 0x000000071f600000| Untracked 
| 240|0x000000071f800000, 0x000000071f800000, 0x000000071fa00000|  0%| F|  |TAMS 0x000000071f800000, 0x000000071f800000| Untracked 
| 241|0x000000071fa00000, 0x000000071fa00000, 0x000000071fc00000|  0%| F|  |TAMS 0x000000071fa00000, 0x000000071fa00000| Untracked 
| 242|0x000000071fc00000, 0x000000071fc00000, 0x000000071fe00000|  0%| F|  |TAMS 0x000000071fc00000, 0x000000071fc00000| Untracked 
| 243|0x000000071fe00000, 0x000000071fe00000, 0x0000000720000000|  0%| F|  |TAMS 0x000000071fe00000, 0x000000071fe00000| Untracked 
| 244|0x0000000720000000, 0x0000000720000000, 0x0000000720200000|  0%| F|  |TAMS 0x0000000720000000, 0x0000000720000000| Untracked 
| 245|0x0000000720200000, 0x0000000720200000, 0x0000000720400000|  0%| F|  |TAMS 0x0000000720200000, 0x0000000720200000| Untracked 
| 246|0x0000000720400000, 0x0000000720400000, 0x0000000720600000|  0%| F|  |TAMS 0x0000000720400000, 0x0000000720400000| Untracked 
| 247|0x0000000720600000, 0x0000000720600000, 0x0000000720800000|  0%| F|  |TAMS 0x0000000720600000, 0x0000000720600000| Untracked 
| 248|0x0000000720800000, 0x0000000720800000, 0x0000000720a00000|  0%| F|  |TAMS 0x0000000720800000, 0x0000000720800000| Untracked 
| 249|0x0000000720a00000, 0x0000000720a00000, 0x0000000720c00000|  0%| F|  |TAMS 0x0000000720a00000, 0x0000000720a00000| Untracked 
| 250|0x0000000720c00000, 0x0000000720c00000, 0x0000000720e00000|  0%| F|  |TAMS 0x0000000720c00000, 0x0000000720c00000| Untracked 
| 251|0x0000000720e00000, 0x0000000720e00000, 0x0000000721000000|  0%| F|  |TAMS 0x0000000720e00000, 0x0000000720e00000| Untracked 
| 252|0x0000000721000000, 0x000000072102f3d0, 0x0000000721200000|  9%| E|  |TAMS 0x0000000721000000, 0x0000000721000000| Complete 
| 253|0x0000000721200000, 0x0000000721400000, 0x0000000721400000|100%| E|CS|TAMS 0x0000000721200000, 0x0000000721200000| Complete 
| 254|0x0000000721400000, 0x0000000721600000, 0x0000000721600000|100%| E|CS|TAMS 0x0000000721400000, 0x0000000721400000| Complete 
| 317|0x0000000729200000, 0x0000000729400000, 0x0000000729400000|100%| E|CS|TAMS 0x0000000729200000, 0x0000000729200000| Complete 

Card table byte_map: [0x000001c100800000,0x000001c101000000] _byte_map_base: 0x000001c0fcff4000

Marking Bits (Prev, Next): (CMBitMap*) 0x000001c1682cda50, (CMBitMap*) 0x000001c1682cda90
 Prev Bits: [0x000001c101800000, 0x000001c1057a0000)
 Next Bits: [0x000001c1057a0000, 0x000001c109740000)

Polling page: 0x000001c15e040000

Metaspace:

Usage:
  Non-class:     72.12 MB used.
      Class:     11.44 MB used.
       Both:     83.56 MB used.

Virtual space:
  Non-class space:      128.00 MB reserved,      72.50 MB ( 57%) committed,  2 nodes.
      Class space:        1.00 GB reserved,      11.81 MB (  1%) committed,  1 nodes.
             Both:        1.12 GB reserved,      84.31 MB (  7%) committed. 

Chunk freelists:
   Non-Class:  6.64 MB
       Class:  4.02 MB
        Both:  10.66 MB

MaxMetaspaceSize: unlimited
CompressedClassSpaceSize: 1.00 GB
Initial GC threshold: 21.00 MB
Current GC threshold: 140.31 MB
CDS: on
MetaspaceReclaimPolicy: balanced
 - commit_granule_bytes: 65536.
 - commit_granule_words: 8192.
 - virtual_space_node_default_size: 8388608.
 - enlarge_chunks_in_place: 1.
 - new_chunks_are_fully_committed: 0.
 - uncommit_free_chunks: 1.
 - use_allocation_guard: 0.
 - handle_deallocations: 1.


Internal statistics:

num_allocs_failed_limit: 6.
num_arena_births: 1168.
num_arena_deaths: 0.
num_vsnodes_births: 3.
num_vsnodes_deaths: 0.
num_space_committed: 1343.
num_space_uncommitted: 0.
num_chunks_returned_to_freelist: 6.
num_chunks_taken_from_freelist: 3455.
num_chunk_merges: 6.
num_chunk_splits: 2569.
num_chunks_enlarged: 1930.
num_inconsistent_stats: 0.

CodeHeap 'non-profiled nmethods': size=120000Kb used=18596Kb max_used=18596Kb free=101404Kb
 bounds [0x000001c178370000, 0x000001c1795a0000, 0x000001c17f8a0000]
CodeHeap 'profiled nmethods': size=120000Kb used=33896Kb max_used=33896Kb free=86103Kb
 bounds [0x000001c1708a0000, 0x000001c1729c0000, 0x000001c177dd0000]
CodeHeap 'non-nmethods': size=5760Kb used=1666Kb max_used=1792Kb free=4093Kb
 bounds [0x000001c177dd0000, 0x000001c178040000, 0x000001c178370000]
 total_blobs=17057 nmethods=15961 adapters=1001
 compilation: enabled
              stopped_count=0, restarted_count=0
 full_count=0

Compilation events (20 events):
Event: 568.604 Thread 0x000001c168c33910 21070       3       ui.views.c.w.b.e::eTi (1 bytes)
Event: 568.604 Thread 0x000001c168c33910 nmethod 21070 0x000001c1722db390 code [0x000001c1722db520, 0x000001c1722db638]
Event: 570.134 Thread 0x000001c168c33910 21071       3       ui.views.waveform.a::Kr (9 bytes)
Event: 570.134 Thread 0x000001c168c33910 nmethod 21071 0x000001c1722da790 code [0x000001c1722da9c0, 0x000001c1722db0f8]
Event: 570.134 Thread 0x000001c168c33910 21072       3       ui.views.waveform.e.r::Kr (9 bytes)
Event: 570.134 Thread 0x000001c168c33910 nmethod 21072 0x000001c1722d9c90 code [0x000001c1722d9ea0, 0x000001c1722da558]
Event: 570.135 Thread 0x000001c168c33010 21073       4       sun.java2d.pipe.PixelToParallelogramConverter::len (37 bytes)
Event: 570.136 Thread 0x000001c168c33010 nmethod 21073 0x000001c179598190 code [0x000001c179598340, 0x000001c1795983f8]
Event: 570.140 Thread 0x000001c168c33910 21074   !   3       com.jidesoft.editor.CodeEditor::documentChanged (298 bytes)
Event: 570.142 Thread 0x000001c168c33910 nmethod 21074 0x000001c1729b7190 code [0x000001c1729b7520, 0x000001c1729b9148]
Event: 570.142 Thread 0x000001c168c33910 21075       3       com.jidesoft.editor.CodeEditor$r::documentChanged (423 bytes)
Event: 570.145 Thread 0x000001c168c33910 nmethod 21075 0x000001c1729b9a90 code [0x000001c1729b9e60, 0x000001c1729bc148]
Event: 570.145 Thread 0x000001c168c33010 21076       4       com.jidesoft.swing.JideSplitPaneDivider::getMinimumSize (5 bytes)
Event: 570.146 Thread 0x000001c168c33010 nmethod 21076 0x000001c179598490 code [0x000001c179598620, 0x000001c179598718]
Event: 570.667 Thread 0x000001c168c33910 21079       3       ui.utils.ai::abB (64 bytes)
Event: 570.668 Thread 0x000001c168c33910 nmethod 21079 0x000001c1729bcc90 code [0x000001c1729bd0c0, 0x000001c1729bec58]
Event: 570.974 Thread 0x000001c168c33910 21080       3       com.jidesoft.swing.StyledLabel::getMinimumSize (24 bytes)
Event: 570.974 Thread 0x000001c168c33910 nmethod 21080 0x000001c1722d9590 code [0x000001c1722d9760, 0x000001c1722d9b48]
Event: 570.974 Thread 0x000001c168c33910 21081       3       javax.swing.plaf.basic.BasicLabelUI::getMinimumSize (44 bytes)
Event: 570.974 Thread 0x000001c168c33910 nmethod 21081 0x000001c1722d8a90 code [0x000001c1722d8c80, 0x000001c1722d91d8]

GC Heap History (20 events):
Event: 495.436 GC heap before
{Heap before GC invocations=61 (full 13):
 garbage-first heap   total 524288K, used 168293K [0x0000000701800000, 0x0000000800000000)
  region size 2048K, 40 young (81920K), 1 survivors (2048K)
 Metaspace       used 85110K, committed 85888K, reserved 1179648K
  class space    used 11711K, committed 12096K, reserved 1048576K
}
Event: 495.438 GC heap after
{Heap after GC invocations=62 (full 13):
 garbage-first heap   total 524288K, used 88457K [0x0000000701800000, 0x0000000800000000)
  region size 2048K, 1 young (2048K), 1 survivors (2048K)
 Metaspace       used 85110K, committed 85888K, reserved 1179648K
  class space    used 11711K, committed 12096K, reserved 1048576K
}
Event: 501.710 GC heap before
{Heap before GC invocations=62 (full 13):
 garbage-first heap   total 524288K, used 168329K [0x0000000701800000, 0x0000000800000000)
  region size 2048K, 40 young (81920K), 1 survivors (2048K)
 Metaspace       used 85117K, committed 85888K, reserved 1179648K
  class space    used 11711K, committed 12096K, reserved 1048576K
}
Event: 501.712 GC heap after
{Heap after GC invocations=63 (full 13):
 garbage-first heap   total 524288K, used 88460K [0x0000000701800000, 0x0000000800000000)
  region size 2048K, 1 young (2048K), 1 survivors (2048K)
 Metaspace       used 85117K, committed 85888K, reserved 1179648K
  class space    used 11711K, committed 12096K, reserved 1048576K
}
Event: 510.432 GC heap before
{Heap before GC invocations=63 (full 13):
 garbage-first heap   total 524288K, used 168332K [0x0000000701800000, 0x0000000800000000)
  region size 2048K, 40 young (81920K), 1 survivors (2048K)
 Metaspace       used 85235K, committed 85952K, reserved 1179648K
  class space    used 11711K, committed 12096K, reserved 1048576K
}
Event: 510.436 GC heap after
{Heap after GC invocations=64 (full 13):
 garbage-first heap   total 524288K, used 88858K [0x0000000701800000, 0x0000000800000000)
  region size 2048K, 1 young (2048K), 1 survivors (2048K)
 Metaspace       used 85235K, committed 85952K, reserved 1179648K
  class space    used 11711K, committed 12096K, reserved 1048576K
}
Event: 512.436 GC heap before
{Heap before GC invocations=64 (full 13):
 garbage-first heap   total 524288K, used 168730K [0x0000000701800000, 0x0000000800000000)
  region size 2048K, 40 young (81920K), 1 survivors (2048K)
 Metaspace       used 85266K, committed 86016K, reserved 1179648K
  class space    used 11711K, committed 12096K, reserved 1048576K
}
Event: 512.441 GC heap after
{Heap after GC invocations=65 (full 13):
 garbage-first heap   total 524288K, used 90948K [0x0000000701800000, 0x0000000800000000)
  region size 2048K, 2 young (4096K), 2 survivors (4096K)
 Metaspace       used 85266K, committed 86016K, reserved 1179648K
  class space    used 11711K, committed 12096K, reserved 1048576K
}
Event: 541.910 GC heap before
{Heap before GC invocations=65 (full 13):
 garbage-first heap   total 524288K, used 168772K [0x0000000701800000, 0x0000000800000000)
  region size 2048K, 40 young (81920K), 2 survivors (4096K)
 Metaspace       used 85339K, committed 86080K, reserved 1179648K
  class space    used 11711K, committed 12096K, reserved 1048576K
}
Event: 541.920 GC heap after
{Heap after GC invocations=66 (full 13):
 garbage-first heap   total 524288K, used 94143K [0x0000000701800000, 0x0000000800000000)
  region size 2048K, 4 young (8192K), 4 survivors (8192K)
 Metaspace       used 85339K, committed 86080K, reserved 1179648K
  class space    used 11711K, committed 12096K, reserved 1048576K
}
Event: 542.864 GC heap before
{Heap before GC invocations=66 (full 13):
 garbage-first heap   total 524288K, used 155583K [0x0000000701800000, 0x0000000800000000)
  region size 2048K, 35 young (71680K), 4 survivors (8192K)
 Metaspace       used 85472K, committed 86208K, reserved 1179648K
  class space    used 11713K, committed 12096K, reserved 1048576K
}
Event: 542.937 GC heap after
{Heap after GC invocations=67 (full 14):
 garbage-first heap   total 524288K, used 88785K [0x0000000701800000, 0x0000000800000000)
  region size 2048K, 0 young (0K), 0 survivors (0K)
 Metaspace       used 85472K, committed 86208K, reserved 1179648K
  class space    used 11713K, committed 12096K, reserved 1048576K
}
Event: 552.188 GC heap before
{Heap before GC invocations=67 (full 14):
 garbage-first heap   total 524288K, used 115409K [0x0000000701800000, 0x0000000800000000)
  region size 2048K, 15 young (30720K), 0 survivors (0K)
 Metaspace       used 85509K, committed 86272K, reserved 1179648K
  class space    used 11713K, committed 12096K, reserved 1048576K
}
Event: 552.253 GC heap after
{Heap after GC invocations=68 (full 15):
 garbage-first heap   total 524288K, used 87755K [0x0000000701800000, 0x0000000800000000)
  region size 2048K, 0 young (0K), 0 survivors (0K)
 Metaspace       used 85509K, committed 86272K, reserved 1179648K
  class space    used 11713K, committed 12096K, reserved 1048576K
}
Event: 560.652 GC heap before
{Heap before GC invocations=68 (full 15):
 garbage-first heap   total 524288K, used 100043K [0x0000000701800000, 0x0000000800000000)
  region size 2048K, 7 young (14336K), 0 survivors (0K)
 Metaspace       used 85518K, committed 86272K, reserved 1179648K
  class space    used 11713K, committed 12096K, reserved 1048576K
}
Event: 560.710 GC heap after
{Heap after GC invocations=69 (full 16):
 garbage-first heap   total 524288K, used 87746K [0x0000000701800000, 0x0000000800000000)
  region size 2048K, 0 young (0K), 0 survivors (0K)
 Metaspace       used 85518K, committed 86272K, reserved 1179648K
  class space    used 11713K, committed 12096K, reserved 1048576K
}
Event: 560.797 GC heap before
{Heap before GC invocations=69 (full 16):
 garbage-first heap   total 524288K, used 87746K [0x0000000701800000, 0x0000000800000000)
  region size 2048K, 1 young (2048K), 0 survivors (0K)
 Metaspace       used 85539K, committed 86272K, reserved 1179648K
  class space    used 11713K, committed 12096K, reserved 1048576K
}
Event: 560.856 GC heap after
{Heap after GC invocations=70 (full 17):
 garbage-first heap   total 524288K, used 87722K [0x0000000701800000, 0x0000000800000000)
  region size 2048K, 0 young (0K), 0 survivors (0K)
 Metaspace       used 85539K, committed 86272K, reserved 1179648K
  class space    used 11713K, committed 12096K, reserved 1048576K
}
Event: 567.847 GC heap before
{Heap before GC invocations=70 (full 17):
 garbage-first heap   total 524288K, used 100010K [0x0000000701800000, 0x0000000800000000)
  region size 2048K, 7 young (14336K), 0 survivors (0K)
 Metaspace       used 85546K, committed 86272K, reserved 1179648K
  class space    used 11713K, committed 12096K, reserved 1048576K
}
Event: 567.905 GC heap after
{Heap after GC invocations=71 (full 18):
 garbage-first heap   total 524288K, used 87742K [0x0000000701800000, 0x0000000800000000)
  region size 2048K, 0 young (0K), 0 survivors (0K)
 Metaspace       used 85546K, committed 86272K, reserved 1179648K
  class space    used 11713K, committed 12096K, reserved 1048576K
}

Dll operation events (20 events):
Event: 2.674 Loaded shared library D:\Vivado\2023.2\lib\win64.o\librdi_ipservicestasks.dll
Event: 2.682 Loaded shared library D:\Vivado\2023.2\lib\win64.o\librdi_vivadotasks.dll
Event: 2.684 Loaded shared library D:\Vivado\2023.2\lib\win64.o\librdi_board.dll
Event: 2.685 Loaded shared library D:\Vivado\2023.2\lib\win64.o\librdi_boarddep.dll
Event: 2.686 Loaded shared library D:\Vivado\2023.2\lib\win64.o\librdi_boardcommontasks.dll
Event: 2.688 Loaded shared library D:\Vivado\2023.2\lib\win64.o\librdi_ptgen.dll
Event: 2.689 Loaded shared library D:\Vivado\2023.2\lib\win64.o\librdi_ip.dll
Event: 2.691 Loaded shared library D:\Vivado\2023.2\lib\win64.o\librdi_mig.dll
Event: 2.695 Loaded shared library D:\Vivado\2023.2\lib\win64.o\librdi_implflow.dll
Event: 2.697 Loaded shared library D:\Vivado\2023.2\lib\win64.o\librdi_xhubtasks.dll
Event: 2.744 Loaded shared library D:\Vivado\2023.2\lib\win64.o\librdi_iptasks.dll
Event: 2.747 Loaded shared library D:\Vivado\2023.2\lib\win64.o\librdi_synth.dll
Event: 5.353 Loaded shared library D:\Vivado\2023.2\tps\win64\jre17.0.7_7\bin\verify.dll
Event: 5.788 Loaded shared library D:\Vivado\2023.2\tps\win64\jre17.0.7_7\bin\javajpeg.dll
Event: 5.816 Loaded shared library D:\Vivado\2023.2\tps\win64\jre17.0.7_7\bin\lcms.dll
Event: 6.376 Loaded shared library D:\Vivado\2023.2\tps\win64\jre17.0.7_7\bin\freetype.dll
Event: 6.383 Loaded shared library D:\Vivado\2023.2\tps\win64\jre17.0.7_7\bin\fontmanager.dll
Event: 12.473 Loaded shared library D:\Vivado\2023.2\lib\win64.o\librdi_xhub.dll
Event: 19.028 Loaded shared library D:\Vivado\2023.2\tps\win64\jre17.0.7_7\bin\management.dll
Event: 19.034 Loaded shared library D:\Vivado\2023.2\tps\win64\jre17.0.7_7\bin\management_ext.dll

Deoptimization events (20 events):
Event: 546.979 Thread 0x000001c112506a90 Uncommon trap: trap_request=0xffffffde fr.pc=0x000001c178ab7b88 relative=0x0000000000000dc8
Event: 546.979 Thread 0x000001c112506a90 Uncommon trap: reason=class_check action=maybe_recompile pc=0x000001c178ab7b88 method=javax.swing.plaf.synth.ParsedSynthStyle$DelegatingPainter.paintPanelBackground(Ljavax/swing/plaf/synth/SynthContext;Ljava/awt/Graphics;IIII)V @ 16 c2
Event: 546.979 Thread 0x000001c112506a90 DEOPT PACKING pc=0x000001c178ab7b88 sp=0x0000002f38dfcd50
Event: 546.979 Thread 0x000001c112506a90 DEOPT UNPACKING pc=0x000001c177e269a3 sp=0x0000002f38dfccd8 mode 2
Event: 558.001 Thread 0x000001c112506a90 Uncommon trap: trap_request=0xffffffc6 fr.pc=0x000001c178d00b84 relative=0x0000000000000544
Event: 558.001 Thread 0x000001c112506a90 Uncommon trap: reason=bimorphic_or_optimized_type_check action=maybe_recompile pc=0x000001c178d00b84 method=java.beans.PropertyChangeSupport.firePropertyChange(Ljava/lang/String;Ljava/lang/Object;Ljava/lang/Object;)V @ 31 c2
Event: 558.001 Thread 0x000001c112506a90 DEOPT PACKING pc=0x000001c178d00b84 sp=0x0000002f38dfd5c0
Event: 558.001 Thread 0x000001c112506a90 DEOPT UNPACKING pc=0x000001c177e269a3 sp=0x0000002f38dfd5a8 mode 2
Event: 558.001 Thread 0x000001c112506a90 Uncommon trap: trap_request=0xffffffc6 fr.pc=0x000001c178d00b84 relative=0x0000000000000544
Event: 558.001 Thread 0x000001c112506a90 Uncommon trap: reason=bimorphic_or_optimized_type_check action=maybe_recompile pc=0x000001c178d00b84 method=java.beans.PropertyChangeSupport.firePropertyChange(Ljava/lang/String;Ljava/lang/Object;Ljava/lang/Object;)V @ 31 c2
Event: 558.001 Thread 0x000001c112506a90 DEOPT PACKING pc=0x000001c178d00b84 sp=0x0000002f38dfd5c0
Event: 558.001 Thread 0x000001c112506a90 DEOPT UNPACKING pc=0x000001c177e269a3 sp=0x0000002f38dfd5a8 mode 2
Event: 558.001 Thread 0x000001c112506a90 Uncommon trap: trap_request=0xffffffc6 fr.pc=0x000001c178d00b84 relative=0x0000000000000544
Event: 558.001 Thread 0x000001c112506a90 Uncommon trap: reason=bimorphic_or_optimized_type_check action=maybe_recompile pc=0x000001c178d00b84 method=java.beans.PropertyChangeSupport.firePropertyChange(Ljava/lang/String;Ljava/lang/Object;Ljava/lang/Object;)V @ 31 c2
Event: 558.001 Thread 0x000001c112506a90 DEOPT PACKING pc=0x000001c178d00b84 sp=0x0000002f38dfd5c0
Event: 558.001 Thread 0x000001c112506a90 DEOPT UNPACKING pc=0x000001c177e269a3 sp=0x0000002f38dfd5a8 mode 2
Event: 558.001 Thread 0x000001c112506a90 Uncommon trap: trap_request=0xffffffc6 fr.pc=0x000001c178d00b84 relative=0x0000000000000544
Event: 558.001 Thread 0x000001c112506a90 Uncommon trap: reason=bimorphic_or_optimized_type_check action=maybe_recompile pc=0x000001c178d00b84 method=java.beans.PropertyChangeSupport.firePropertyChange(Ljava/lang/String;Ljava/lang/Object;Ljava/lang/Object;)V @ 31 c2
Event: 558.001 Thread 0x000001c112506a90 DEOPT PACKING pc=0x000001c178d00b84 sp=0x0000002f38dfd5c0
Event: 558.001 Thread 0x000001c112506a90 DEOPT UNPACKING pc=0x000001c177e269a3 sp=0x0000002f38dfd5a8 mode 2

Classes unloaded (0 events):
No events

Classes redefined (0 events):
No events

Internal exceptions (20 events):
Event: 524.322 Thread 0x000001c112506a90 Exception <a 'java/io/FileNotFoundException'{0x0000000720de1d90}> (0x0000000720de1d90) 
thrown [s\src\hotspot\share\prims\jni.cpp, line 516]
Event: 524.379 Thread 0x000001c112506a90 Exception <a 'java/io/FileNotFoundException'{0x0000000720dea188}> (0x0000000720dea188) 
thrown [s\src\hotspot\share\prims\jni.cpp, line 516]
Event: 529.336 Thread 0x000001c112506a90 Exception <a 'java/io/FileNotFoundException'{0x00000007208e4d70}> (0x00000007208e4d70) 
thrown [s\src\hotspot\share\prims\jni.cpp, line 516]
Event: 529.399 Thread 0x000001c112506a90 Exception <a 'java/io/FileNotFoundException'{0x00000007208ec340}> (0x00000007208ec340) 
thrown [s\src\hotspot\share\prims\jni.cpp, line 516]
Event: 534.369 Thread 0x000001c112506a90 Exception <a 'java/io/FileNotFoundException'{0x000000071f8404a8}> (0x000000071f8404a8) 
thrown [s\src\hotspot\share\prims\jni.cpp, line 516]
Event: 534.417 Thread 0x000001c112506a90 Exception <a 'java/io/FileNotFoundException'{0x000000071f8488a8}> (0x000000071f8488a8) 
thrown [s\src\hotspot\share\prims\jni.cpp, line 516]
Event: 539.371 Thread 0x000001c112506a90 Exception <a 'java/io/FileNotFoundException'{0x000000071ec3f3f8}> (0x000000071ec3f3f8) 
thrown [s\src\hotspot\share\prims\jni.cpp, line 516]
Event: 539.434 Thread 0x000001c112506a90 Exception <a 'java/io/FileNotFoundException'{0x000000071ec4bcc0}> (0x000000071ec4bcc0) 
thrown [s\src\hotspot\share\prims\jni.cpp, line 516]
Event: 544.381 Thread 0x000001c112506a90 Exception <a 'java/io/FileNotFoundException'{0x000000072068abb8}> (0x000000072068abb8) 
thrown [s\src\hotspot\share\prims\jni.cpp, line 516]
Event: 544.447 Thread 0x000001c112506a90 Exception <a 'java/io/FileNotFoundException'{0x0000000720694b10}> (0x0000000720694b10) 
thrown [s\src\hotspot\share\prims\jni.cpp, line 516]
Event: 549.679 Thread 0x000001c112506a90 Exception <a 'java/io/FileNotFoundException'{0x00000007201cd9d0}> (0x00000007201cd9d0) 
thrown [s\src\hotspot\share\prims\jni.cpp, line 516]
Event: 549.679 Thread 0x000001c112506a90 Exception <a 'java/io/FileNotFoundException'{0x00000007201ce6c8}> (0x00000007201ce6c8) 
thrown [s\src\hotspot\share\prims\jni.cpp, line 516]
Event: 554.791 Thread 0x000001c112506a90 Exception <a 'java/io/FileNotFoundException'{0x00000007215f1658}> (0x00000007215f1658) 
thrown [s\src\hotspot\share\prims\jni.cpp, line 516]
Event: 554.791 Thread 0x000001c112506a90 Exception <a 'java/io/FileNotFoundException'{0x00000007215f2350}> (0x00000007215f2350) 
thrown [s\src\hotspot\share\prims\jni.cpp, line 516]
Event: 560.629 Thread 0x000001c112506a90 Exception <a 'java/io/FileNotFoundException'{0x0000000720d3c558}> (0x0000000720d3c558) 
thrown [s\src\hotspot\share\prims\jni.cpp, line 516]
Event: 560.630 Thread 0x000001c112506a90 Exception <a 'java/io/FileNotFoundException'{0x0000000720d3d490}> (0x0000000720d3d490) 
thrown [s\src\hotspot\share\prims\jni.cpp, line 516]
Event: 565.433 Thread 0x000001c112506a90 Exception <a 'java/io/FileNotFoundException'{0x00000007213f3e38}> (0x00000007213f3e38) 
thrown [s\src\hotspot\share\prims\jni.cpp, line 516]
Event: 565.433 Thread 0x000001c112506a90 Exception <a 'java/io/FileNotFoundException'{0x00000007213f4c50}> (0x00000007213f4c50) 
thrown [s\src\hotspot\share\prims\jni.cpp, line 516]
Event: 570.134 Thread 0x000001c112506a90 Exception <a 'java/io/FileNotFoundException'{0x0000000721451438}> (0x0000000721451438) 
thrown [s\src\hotspot\share\prims\jni.cpp, line 516]
Event: 570.135 Thread 0x000001c112506a90 Exception <a 'java/io/FileNotFoundException'{0x0000000721452130}> (0x0000000721452130) 
thrown [s\src\hotspot\share\prims\jni.cpp, line 516]

VM Operations (20 events):
Event: 541.910 Executing VM operation: G1CollectForAllocation
Event: 541.920 Executing VM operation: G1CollectForAllocation done
Event: 542.863 Executing VM operation: G1CollectFull
Event: 542.938 Executing VM operation: G1CollectFull done
Event: 544.948 Executing VM operation: Cleanup
Event: 544.949 Executing VM operation: Cleanup done
Event: 547.961 Executing VM operation: Cleanup
Event: 547.961 Executing VM operation: Cleanup done
Event: 552.187 Executing VM operation: G1CollectFull
Event: 552.253 Executing VM operation: G1CollectFull done
Event: 558.252 Executing VM operation: Cleanup
Event: 558.252 Executing VM operation: Cleanup done
Event: 560.651 Executing VM operation: G1CollectFull
Event: 560.711 Executing VM operation: G1CollectFull done
Event: 560.797 Executing VM operation: G1CollectFull
Event: 560.857 Executing VM operation: G1CollectFull done
Event: 565.885 Executing VM operation: Cleanup
Event: 565.885 Executing VM operation: Cleanup done
Event: 567.847 Executing VM operation: G1CollectFull
Event: 567.905 Executing VM operation: G1CollectFull done

Events (20 events):
Event: 562.970 Thread 0x000001c12b9cb9d0 Thread exited: 0x000001c12b9cb9d0
Event: 562.975 Thread 0x000001c12b9ca1c0 Thread exited: 0x000001c12b9ca1c0
Event: 563.714 Thread 0x000001c12b9cb500 Thread added: 0x000001c12b9cb500
Event: 563.719 Thread 0x000001c12b9cb500 Thread exited: 0x000001c12b9cb500
Event: 565.437 Thread 0x000001c12b9c9cf0 Thread added: 0x000001c12b9c9cf0
Event: 565.443 Thread 0x000001c12b9c9cf0 Thread exited: 0x000001c12b9c9cf0
Event: 565.745 Thread 0x000001c12b9cb9d0 Thread added: 0x000001c12b9cb9d0
Event: 565.751 Thread 0x000001c12b9cb9d0 Thread exited: 0x000001c12b9cb9d0
Event: 567.826 Thread 0x000001c12b9ca1c0 Thread added: 0x000001c12b9ca1c0
Event: 567.827 Thread 0x000001c12b9ca690 Thread added: 0x000001c12b9ca690
Event: 567.831 Thread 0x000001c12b9ca1c0 Thread exited: 0x000001c12b9ca1c0
Event: 567.837 Thread 0x000001c12b9c9cf0 Thread added: 0x000001c12b9c9cf0
Event: 567.846 Thread 0x000001c12b9c9cf0 Thread exited: 0x000001c12b9c9cf0
Event: 567.906 Thread 0x000001c12b9ca690 Thread exited: 0x000001c12b9ca690
Event: 568.789 Thread 0x000001c12b9c9cf0 Thread added: 0x000001c12b9c9cf0
Event: 568.794 Thread 0x000001c12b9c9cf0 Thread exited: 0x000001c12b9c9cf0
Event: 570.139 Thread 0x000001c12b9ca690 Thread added: 0x000001c12b9ca690
Event: 570.145 Thread 0x000001c12b9ca690 Thread exited: 0x000001c12b9ca690
Event: 570.825 Thread 0x000001c12b9c9cf0 Thread added: 0x000001c12b9c9cf0
Event: 570.829 Thread 0x000001c12b9c9cf0 Thread exited: 0x000001c12b9c9cf0


Dynamic libraries:
0x00007ff752090000 - 0x00007ff7520c1000 	D:\Vivado\2023.2\bin\unwrapped\win64.o\vivado.exe
0x00007fff7ec60000 - 0x00007fff7eec3000 	C:\WINDOWS\SYSTEM32\ntdll.dll
0x00007fff7d070000 - 0x00007fff7d138000 	C:\WINDOWS\System32\KERNEL32.DLL
0x00007fff7c700000 - 0x00007fff7cab2000 	C:\WINDOWS\System32\KERNELBASE.dll
0x00007fff7c2e0000 - 0x00007fff7c42b000 	C:\WINDOWS\System32\ucrtbase.dll
0x00007fff62900000 - 0x00007fff6298d000 	C:\WINDOWS\SYSTEM32\MSVCP140.dll
0x00007fff63790000 - 0x00007fff637ae000 	C:\WINDOWS\SYSTEM32\VCRUNTIME140.dll
0x00007fff64090000 - 0x00007fff6409c000 	C:\WINDOWS\SYSTEM32\VCRUNTIME140_1.dll
0x00007ffef6f10000 - 0x00007ffef6f2c000 	D:\Vivado\2023.2\lib\win64.o\librdi_commonmain.dll
0x00007ffef5110000 - 0x00007ffef5540000 	D:\Vivado\2023.2\lib\win64.o\python38.dll
0x00007ffef50e0000 - 0x00007ffef5101000 	D:\Vivado\2023.2\lib\win64.o\libboost_filesystem.dll
0x00007fff7d140000 - 0x00007fff7d1f4000 	C:\WINDOWS\System32\ADVAPI32.dll
0x00007fff7cf30000 - 0x00007fff7cfd9000 	C:\WINDOWS\System32\msvcrt.dll
0x00007fff7ce00000 - 0x00007fff7cea6000 	C:\WINDOWS\System32\sechost.dll
0x00007fff7cce0000 - 0x00007fff7cdf6000 	C:\WINDOWS\System32\RPCRT4.dll
0x00007ffef5540000 - 0x00007ffef6bea000 	D:\Vivado\2023.2\lib\win64.o\librdi_common.dll
0x00007fff7e710000 - 0x00007fff7e8d8000 	C:\WINDOWS\System32\USER32.dll
0x00007fff4f2b0000 - 0x00007fff4f2b9000 	D:\Vivado\2023.2\lib\win64.o\librdi_commonversion.dll
0x00007fff7c180000 - 0x00007fff7c1a7000 	C:\WINDOWS\System32\win32u.dll
0x00007fff7eb70000 - 0x00007fff7eb9a000 	C:\WINDOWS\System32\GDI32.dll
0x00007ffef4f20000 - 0x00007ffef50d6000 	D:\Vivado\2023.2\lib\win64.o\librdi_commonxillic.dll
0x00007fff7c1b0000 - 0x00007fff7c2db000 	C:\WINDOWS\System32\gdi32full.dll
0x00007fff7eaf0000 - 0x00007fff7eb64000 	C:\WINDOWS\System32\WS2_32.dll
0x00007fff7c0d0000 - 0x00007fff7c173000 	C:\WINDOWS\System32\msvcp_win.dll
0x00007fff7dae0000 - 0x00007fff7e1e1000 	C:\WINDOWS\System32\SHELL32.dll
0x000000005e5d0000 - 0x000000005e6fc000 	D:\Vivado\2023.2\lib\win64.o\tcl85t.dll
0x00007fff7c430000 - 0x00007fff7c4af000 	C:\WINDOWS\System32\WINTRUST.dll
0x00007ffef4b90000 - 0x00007ffef4ba1000 	D:\Vivado\2023.2\lib\win64.o\libboost_date_time.dll
0x00007ffef4bb0000 - 0x00007ffef4f1e000 	D:\Vivado\2023.2\lib\win64.o\libCOIN-all.dll
0x00007ffef4b10000 - 0x00007ffef4b89000 	D:\Vivado\2023.2\lib\win64.o\libboost_program_options.dll
0x00007ffef49f0000 - 0x00007ffef4b04000 	D:\Vivado\2023.2\lib\win64.o\libboost_regex.dll
0x00007fff7d200000 - 0x00007fff7d25d000 	C:\WINDOWS\System32\SHLWAPI.dll
0x00007ffef49d0000 - 0x00007ffef49ec000 	D:\Vivado\2023.2\lib\win64.o\libboost_thread.dll
0x00007fff4dc50000 - 0x00007fff4dc5c000 	D:\Vivado\2023.2\lib\win64.o\libboost_xilinx.dll
0x00007ffef4940000 - 0x00007ffef49c2000 	D:\Vivado\2023.2\lib\win64.o\libhdlpsolve.dll
0x00007ffef4890000 - 0x00007ffef4935000 	D:\Vivado\2023.2\lib\win64.o\libhdxml.dll
0x00007ffef3830000 - 0x00007ffef385a000 	D:\Vivado\2023.2\lib\win64.o\libisl_sysinfo.dll
0x00007ffef37c0000 - 0x00007ffef3825000 	D:\Vivado\2023.2\lib\win64.o\liblmx6.0.dll
0x00007ffef37a0000 - 0x00007ffef37ba000 	D:\Vivado\2023.2\lib\win64.o\pthreadVC2.dll
0x00007ffef3780000 - 0x00007ffef379c000 	D:\Vivado\2023.2\lib\win64.o\librdiconfig.dll
0x00007ffef3750000 - 0x00007ffef3771000 	D:\Vivado\2023.2\lib\win64.o\librdizlib.dll
0x00007ffef3420000 - 0x00007ffef374d000 	D:\Vivado\2023.2\lib\win64.o\libXil_lmgr11.dll
0x00007fff7cac0000 - 0x00007fff7cbad000 	C:\WINDOWS\System32\COMDLG32.dll
0x00007fff7e2a0000 - 0x00007fff7e61e000 	C:\WINDOWS\System32\combase.dll
0x00007ffef3150000 - 0x00007ffef3411000 	D:\Vivado\2023.2\lib\win64.o\xerces-c_3_2.dll
0x00007fff7d260000 - 0x00007fff7d33a000 	C:\WINDOWS\System32\shcore.dll
0x00007fff7cbb0000 - 0x00007fff7cc86000 	C:\WINDOWS\System32\OLEAUT32.dll
0x00007fff7d4b0000 - 0x00007fff7d649000 	C:\WINDOWS\System32\ole32.dll
0x00007fff7c4c0000 - 0x00007fff7c636000 	C:\WINDOWS\System32\CRYPT32.dll
0x00007fff7b8f0000 - 0x00007fff7b916000 	C:\WINDOWS\SYSTEM32\bcrypt.dll
0x00007fff663c0000 - 0x00007fff663da000 	C:\WINDOWS\SYSTEM32\NETAPI32.dll
0x00007fff60ef0000 - 0x00007fff61173000 	C:\WINDOWS\SYSTEM32\WININET.dll
0x00007ffef3860000 - 0x00007ffef4884600 	D:\Vivado\2023.2\lib\win64.o\libisl_iostreams.dll
0x00007fff727a0000 - 0x00007fff728c6000 	C:\WINDOWS\SYSTEM32\WINHTTP.dll
0x00007fff68070000 - 0x00007fff6824d000 	C:\WINDOWS\SYSTEM32\urlmon.dll
0x00007ffef1230000 - 0x00007ffef3147000 	D:\Vivado\2023.2\lib\win64.o\gurobi90.dll
0x00007fff7eba0000 - 0x00007fff7ec13000 	C:\WINDOWS\System32\WLDAP32.dll
0x00007fff635c0000 - 0x00007fff635ca000 	C:\WINDOWS\SYSTEM32\WSOCK32.dll
0x00007ffef1200000 - 0x00007ffef1230000 	C:\WINDOWS\SYSTEM32\VCOMP140.DLL
0x00007fff7e690000 - 0x00007fff7e698000 	C:\WINDOWS\System32\Normaliz.dll
0x00007fff713f0000 - 0x00007fff713fb000 	C:\WINDOWS\SYSTEM32\VERSION.dll
0x00007fff519f0000 - 0x00007fff51aa4000 	C:\WINDOWS\WinSxS\amd64_microsoft.windows.common-controls_6595b64144ccf1df_5.82.26100.1882_none_87f34cef7a28f535\COMCTL32.dll
0x00007fff722e0000 - 0x00007fff72305000 	C:\WINDOWS\SYSTEM32\dhcpcsvc.DLL
0x00007fff7b460000 - 0x00007fff7b48b000 	C:\WINDOWS\SYSTEM32\USERENV.dll
0x00007ffef11b0000 - 0x00007ffef11d4000 	D:\Vivado\2023.2\lib\win64.o\libisl_iosutils.dll
0x00007ffef11e0000 - 0x00007ffef11f8000 	D:\Vivado\2023.2\lib\win64.o\libboost_iostreams.dll
0x00007fff67da0000 - 0x00007fff68069000 	C:\WINDOWS\SYSTEM32\iertutil.dll
0x00007fff79d20000 - 0x00007fff7a551000 	C:\WINDOWS\SYSTEM32\windows.storage.dll
0x00007fff67c10000 - 0x00007fff67c39000 	C:\WINDOWS\SYSTEM32\srvcli.dll
0x00007fff7a840000 - 0x00007fff7a84d000 	C:\WINDOWS\SYSTEM32\netutils.dll
0x00007fff7b350000 - 0x00007fff7b3b8000 	C:\WINDOWS\SYSTEM32\MSWSOCK.DLL
0x00007fff7e8e0000 - 0x00007fff7e90f000 	C:\WINDOWS\System32\IMM32.DLL
0x00007fff7b840000 - 0x00007fff7b853000 	C:\WINDOWS\SYSTEM32\MSASN1.dll
0x00007fff7b6c0000 - 0x00007fff7b6dc000 	C:\WINDOWS\SYSTEM32\CRYPTSP.dll
0x00007fff7ae40000 - 0x00007fff7ae5a000 	C:\WINDOWS\SYSTEM32\kernel.appcore.dll
0x00007fff7ad90000 - 0x00007fff7adc8000 	C:\WINDOWS\system32\rsaenh.dll
0x00007fff7b740000 - 0x00007fff7b74c000 	C:\WINDOWS\SYSTEM32\CRYPTBASE.dll
0x00007fff7c030000 - 0x00007fff7c0c9000 	C:\WINDOWS\System32\bcryptPrimitives.dll
0x00007fff7cc90000 - 0x00007fff7ccb0000 	C:\WINDOWS\System32\imagehlp.dll
0x00007ffeed340000 - 0x00007ffeed88d000 	D:\Vivado\2023.2\lib\win64.o\librdi_commontasks.dll
0x00007ffeec6f0000 - 0x00007ffeed338000 	D:\Vivado\2023.2\tps\win64\jre17.0.7_7\bin\server\jvm.dll
0x00007ffeec3c0000 - 0x00007ffeec6eb800 	D:\Vivado\2023.2\lib\win64.o\librdi_sio.dll
0x00007fff7a850000 - 0x00007fff7a882000 	C:\WINDOWS\SYSTEM32\IPHLPAPI.DLL
0x00007fff68ba0000 - 0x00007fff68bd6000 	C:\WINDOWS\SYSTEM32\WINMM.dll
0x00007fff7b430000 - 0x00007fff7b457000 	C:\WINDOWS\SYSTEM32\gpapi.dll
0x00007fff71de0000 - 0x00007fff71e1b000 	C:\Windows\System32\cryptnet.dll
0x00007fff7bf40000 - 0x00007fff7bf6e000 	C:\WINDOWS\SYSTEM32\profapi.dll
0x00007fff76ea0000 - 0x00007fff76eae000 	C:\WINDOWS\SYSTEM32\WINNSI.DLL
0x00007fff7d4a0000 - 0x00007fff7d4aa000 	C:\WINDOWS\System32\NSI.dll
0x00007fff7b0e0000 - 0x00007fff7b128000 	C:\WINDOWS\SYSTEM32\SspiCli.dll
0x00007fff60c00000 - 0x00007fff60c18000 	C:\WINDOWS\system32\napinsp.dll
0x00007fff7a8e0000 - 0x00007fff7aa05000 	C:\WINDOWS\SYSTEM32\DNSAPI.dll
0x00007fff5ded0000 - 0x00007fff5dee2000 	C:\WINDOWS\System32\winrnr.dll
0x00007fff5dea0000 - 0x00007fff5dec2000 	C:\WINDOWS\system32\nlansp_c.dll
0x00007fff714c0000 - 0x00007fff714d6000 	C:\WINDOWS\system32\wshbth.dll
0x00007ffee9550000 - 0x00007ffeec316000 	D:\Vivado\2023.2\lib\win64.o\librdi_tcltasks.dll
0x00007ffee8fd0000 - 0x00007ffee9053000 	D:\Vivado\2023.2\lib\win64.o\librdi_boarddep.dll
0x00007ffee9060000 - 0x00007ffee9541000 	D:\Vivado\2023.2\lib\win64.o\librdi_bitstream.dll
0x00007ffee8ca0000 - 0x00007ffee8dca000 	D:\Vivado\2023.2\lib\win64.o\librdi_chipscope.dll
0x00007ffee8dd0000 - 0x00007ffee8fd0000 	D:\Vivado\2023.2\lib\win64.o\librdi_board.dll
0x00007ffee8a90000 - 0x00007ffee8c97000 	D:\Vivado\2023.2\lib\win64.o\librdi_chipscopeimpl.dll
0x00007ffee6220000 - 0x00007ffee638e000 	D:\Vivado\2023.2\lib\win64.o\librdi_containers.dll
0x00007ffee6390000 - 0x00007ffee8a85000 	D:\Vivado\2023.2\lib\win64.o\librdi_constraints.dll
0x00007ffee3ae0000 - 0x00007ffee6216000 	D:\Vivado\2023.2\lib\win64.o\librdi_coregen.dll
0x00007ffee1cd0000 - 0x00007ffee3ad7000 	D:\Vivado\2023.2\lib\win64.o\librdi_designutils.dll
0x00007ffee06c0000 - 0x00007ffee1cc3000 	D:\Vivado\2023.2\lib\win64.o\librdi_device.dll
0x00007ffee0320000 - 0x00007ffee06bf000 	D:\Vivado\2023.2\lib\win64.o\librdi_dlyest.dll
0x00007ffedfbe0000 - 0x00007ffee0316000 	D:\Vivado\2023.2\lib\win64.o\librdi_drc.dll
0x00007ffedfb20000 - 0x00007ffedfbd4000 	D:\Vivado\2023.2\lib\win64.o\librdi_dsp.dll
0x00007ffedf360000 - 0x00007ffedfb1f000 	D:\Vivado\2023.2\lib\win64.o\librdi_filemgmt.dll
0x00007ffedf2f0000 - 0x00007ffedf35b000 	D:\Vivado\2023.2\lib\win64.o\librdi_hdf.dll
0x00007ffedf000000 - 0x00007ffedf2e4000 	D:\Vivado\2023.2\lib\win64.o\librdi_hip_devdesign.dll
0x00007ffedeeb0000 - 0x00007ffedeff8000 	D:\Vivado\2023.2\lib\win64.o\librdi_hip_perf_analysis.dll
0x00007ffeddd60000 - 0x00007ffedeea3000 	D:\Vivado\2023.2\lib\win64.o\librdi_implflow.dll
0x00007ffedd4c0000 - 0x00007ffeddd5a000 	D:\Vivado\2023.2\lib\win64.o\librdi_lopt.dll
0x00007ffedbfb0000 - 0x00007ffedce60000 	D:\Vivado\2023.2\lib\win64.o\librdi_ippcw.dll
0x00007ffedbf30000 - 0x00007ffedbfad000 	D:\Vivado\2023.2\lib\win64.o\librdi_memoryarray.dll
0x00007ffedce60000 - 0x00007ffedd4b6000 	D:\Vivado\2023.2\lib\win64.o\librdi_memdata.dll
0x00007ffedb720000 - 0x00007ffedbf24000 	D:\Vivado\2023.2\lib\win64.o\librdi_netlist.dll
0x00007ffed8c50000 - 0x00007ffed8cc2000 	D:\Vivado\2023.2\lib\win64.o\librdi_noc_frameworks.dll
0x00007ffef6f30000 - 0x00007ffef6f8c000 	D:\Vivado\2023.2\lib\win64.o\librdi_pfi.dll
0x00007ffed87d0000 - 0x00007ffed8c4e000 	D:\Vivado\2023.2\lib\win64.o\librdi_platform.dll
0x00007ffed5910000 - 0x00007ffed87cc000 	D:\Vivado\2023.2\lib\win64.o\librdi_place.dll
0x00007ffed4780000 - 0x00007ffed500b000 	D:\Vivado\2023.2\lib\win64.o\librdi_project.dll
0x00007ffed8cd0000 - 0x00007ffedb711000 	D:\Vivado\2023.2\lib\win64.o\librdi_mig.dll
0x00007ffed5010000 - 0x00007ffed5902000 	D:\Vivado\2023.2\lib\win64.o\librdi_power.dll
0x00007ffed4000000 - 0x00007ffed4777000 	D:\Vivado\2023.2\lib\win64.o\librdi_psta.dll
0x00007ffed3ed0000 - 0x00007ffed3ff1000 	D:\Vivado\2023.2\lib\win64.o\librdi_runsbase.dll

dbghelp: loaded successfully - version: 4.0.5 - missing functions: none
symbol engine: initialized successfully - sym options: 0x614 - pdb path: .;D:\Vivado\2023.2\bin\unwrapped\win64.o;C:\WINDOWS\SYSTEM32;D:\Vivado\2023.2\lib\win64.o;C:\WINDOWS\WinSxS\amd64_microsoft.windows.common-controls_6595b64144ccf1df_5.82.26100.1882_none_87f34cef7a28f535;D:\Vivado\2023.2\tps\win64\jre17.0.7_7\bin\server;D:\Vivado\2023.2\tps\win64\jre17.0.7_7\bin;C:\WINDOWS\WinSxS\amd64_microsoft.windows.common-controls_6595b64144ccf1df_6.0.26100.2454_none_3e0b68a2e331ad60

VM Arguments:
jvm_args: -Dsun.java2d.pmoffscreen=false -Dhttps.protocols=TLSv1,TLSv1.1,TLSv1.2 -Dsun.java2d.xrender=false -Dsun.java2d.d3d=false -Dsun.awt.nopixfmt=true -Dsun.java2d.dpiaware=true -Dsun.java2d.uiScale.enabled=false -Dswing.aatext=true -XX:-UsePerfData -Djdk.map.althashing.threshold=512 -XX:StringTableSize=4072 -XX:+UseStringDeduplication -XX:MaxGCPauseMillis=200 -XX:+ParallelRefProcEnabled --add-opens=java.desktop/javax.swing.plaf.synth=ALL-UNNAMED --add-opens=java.base/java.nio=ALL-UNNAMED --add-opens=java.desktop/sun.swing=ALL-UNNAMED --add-opens=java.desktop/javax.swing=ALL-UNNAMED --add-opens=java.desktop/javax.swing.tree=ALL-UNNAMED --add-opens=java.desktop/javax.swing.plaf.basic=ALL-UNNAMED --add-opens=java.desktop/javax.swing.plaf.synth=ALL-UNNAMED --add-opens=java.desktop/javax.swing.plaf.basic=ALL-UNNAMED --add-opens=java.desktop/javax.swing=ALL-UNNAMED --add-opens=java.desktop/javax.swing.tree=ALL-UNNAMED --add-opens=java.desktop/java.awt.event=ALL-UNNAMED --add-exports=java.desktop/javax.swing.plaf.synth=ALL-UNNAMED --add-exports=java.base/java.nio=ALL-UNNAMED --add-exports=java.desktop/sun.swing=ALL-UNNAMED --add-exports=java.desktop/javax.swing=ALL-UNNAMED --add-exports=java.desktop/javax.swing.tree=ALL-UNNAMED --add-exports=java.desktop/javax.swing.plaf.basic=ALL-UNNAMED --add-exports=java.desktop/sun.swing=ALL-UNNAMED --add-exports=java.desktop/sun.swing.table=ALL-UNNAMED --add-exports=java.desktop/sun.swing.plaf.synth=ALL-UNNAMED --add-exports=java.desktop/sun.awt.shell=ALL-UNNAMED --add-exports=java.base/sun.security.action=ALL-UNNAMED --add-exports=java.desktop/sun.font=ALL-UNNAMED -XX:NewSize=80m -XX:MaxNewSize=80m -Xms512m -Xmx4072m -Xss10m 
java_command: <unknown>
java_class_path (initial): D:/Vivado/2023.2\lib\classes\alloy.jar;D:/Vivado/2023.2\lib\classes\asm-9.3.jar;D:/Vivado/2023.2\lib\classes\asm-analysis-9.3.jar;D:/Vivado/2023.2\lib\classes\asm-commons-9.3.jar;D:/Vivado/2023.2\lib\classes\asm-tree-9.3.jar;D:/Vivado/2023.2\lib\classes\autoesl-models.jar;D:/Vivado/2023.2\lib\classes\batik-anim.jar;D:/Vivado/2023.2\lib\classes\batik-awt-util.jar;D:/Vivado/2023.2\lib\classes\batik-bridge.jar;D:/Vivado/2023.2\lib\classes\batik-codec.jar;D:/Vivado/2023.2\lib\classes\batik-constants.jar;D:/Vivado/2023.2\lib\classes\batik-css.jar;D:/Vivado/2023.2\lib\classes\batik-dom.jar;D:/Vivado/2023.2\lib\classes\batik-ext.jar;D:/Vivado/2023.2\lib\classes\batik-gui-util.jar;D:/Vivado/2023.2\lib\classes\batik-gvt.jar;D:/Vivado/2023.2\lib\classes\batik-i18n.jar;D:/Vivado/2023.2\lib\classes\batik-parser.jar;D:/Vivado/2023.2\lib\classes\batik-script.jar;D:/Vivado/2023.2\lib\classes\batik-svg-dom.jar;D:/Vivado/2023.2\lib\classes\batik-svggen.jar;D:/Vivado/2023.2\lib\classes\batik-swing.jar;D:/Vivado/2023.2\lib\classes\batik-transcoder.jar;D:/Vivado/2023.2\lib\classes\batik-util.jar;D:/Vivado/2023.2\lib\classes\batik-xml.jar;D:/Vivado/2023.2\lib\classes\com.fasterxml.jackson.core.jackson-annotations_2.12.1.v20210128-1726.jar;D:/Vivado/2023.2\lib\classes\com.fasterxml.jackson.core.jackson-core_2.12.1.v20210128-1726.jar;D:/Vivado/2023.2\lib\classes\com.fasterxml.jackson.core.jackson-databind_2.12.1.v20210128-1726.jar;D:/Vivado/2023.2\lib\classes\com.google.gson_2.8.9.v20220111-1409.jar;D:/Vivado/2023.2\lib\classes\com.google.guava_30.1.0.v20210127-2300.jar;D:/Vivado/2023.2\lib\classes\com.sigasi.hdt.connection_4.17.2.202304211001.jar;D:/Vivado/2023.2\lib\classes\com.sigasi.hdt.epl_4.17.2.202304211001.jar;D:/Vivado/2023.2\lib\classes\com.sigasi.hdt.project_4.17.2.202304211001.jar;D:/Vivado/2023.2\lib\classes\com.sigasi.hdt.readonlyfilesystem_4.17.2.202304211001.jar;D:/Vivado/2023.2\lib\classes\com.sigasi.hdt.shared_4.17.2.202304211001.jar;D:/Vivad
Launcher Type: generic

[Global flags]
     intx CICompilerCount                          = 4                                         {product} {ergonomic}
     uint ConcGCThreads                            = 2                                         {product} {ergonomic}
     uint G1ConcRefinementThreads                  = 8                                         {product} {ergonomic}
   size_t G1HeapRegionSize                         = 2097152                                   {product} {ergonomic}
    uintx GCDrainStackTargetSize                   = 64                                        {product} {ergonomic}
   size_t InitialHeapSize                          = 536870912                                 {product} {command line}
   size_t MarkStackSize                            = 4194304                                   {product} {ergonomic}
    uintx MaxGCPauseMillis                         = 200                                       {product} {command line}
   size_t MaxHeapSize                              = 4269801472                                {product} {command line}
   size_t MaxNewSize                               = 83886080                                  {product} {command line}
   size_t MinHeapDeltaBytes                        = 2097152                                   {product} {ergonomic}
   size_t MinHeapSize                              = 536870912                                 {product} {command line}
   size_t NewSize                                  = 83886080                                  {product} {command line}
    uintx NonNMethodCodeHeapSize                   = 5839372                                {pd product} {ergonomic}
    uintx NonProfiledCodeHeapSize                  = 122909434                              {pd product} {ergonomic}
     bool ParallelRefProcEnabled                   = true                                      {product} {command line}
    uintx ProfiledCodeHeapSize                     = 122909434                              {pd product} {ergonomic}
    uintx ReservedCodeCacheSize                    = 251658240                              {pd product} {ergonomic}
     bool SegmentedCodeCache                       = true                                      {product} {ergonomic}
   size_t SoftMaxHeapSize                          = 4269801472                             {manageable} {ergonomic}
    uintx StringTableSize                          = 4072                                      {product} {command line}
     intx ThreadStackSize                          = 10240                                  {pd product} {command line}
     bool UseCompressedClassPointers               = true                           {product lp64_product} {ergonomic}
     bool UseCompressedOops                        = true                           {product lp64_product} {ergonomic}
     bool UseG1GC                                  = true                                      {product} {ergonomic}
     bool UseLargePagesIndividualAllocation        = false                                  {pd product} {ergonomic}
     bool UsePerfData                              = false                                     {product} {command line}
     bool UseStringDeduplication                   = true                                      {product} {command line}

Logging:
Log output configuration:
 #0: stdout all=warning uptime,level,tags
 #1: stderr all=off uptime,level,tags

Environment Variables:
JAVA_HOME=C:\Users\debab\AppData\Local\Programs\Eclipse Adoptium\jdk-17.0.11.9-hotspot\
PATH=D:/Vivado/2023.2/bin;D:/Vivado/2023.2/tps/win64/java-cef-95.0.4638.69/bin/lib/win64;D:/Vivado/2023.2/tps/win64/javafx-sdk-17.0.1/lib;D:/Vivado/2023.2/tps/win64/javafx-sdk-17.0.1/bin;D:/Vivado/2023.2/lib/win64.o;D:/Vivado/2023.2/tps/win64/jre17.0.7_7/bin/server;D:/Vivado/2023.2/tps/win64/jre17.0.7_7/bin;D:/Vivado/2023.2/ids_lite/ISE/bin/nt64;D:/Vivado/2023.2/ids_lite/ISE/lib/nt64;D:/Vitis_HLS/2023.2/bin;C:\Program Files (x86)\Common Files\Oracle\Java\java8path;C:\Program Files (x86)\Common Files\Oracle\Java\javapath;C:\Python312\Scripts\;C:\Python312\;C:\oraclexe\app\oracle\product\11.2.0\server\bin;C:\ProgramData\Oracle\Java\javapath;C:\Windows\system32;C:\Windows;C:\Windows\System32\Wbem;C:\Windows\System32\WindowsPowerShell\v1.0\;C:\Windows\System32\OpenSSH\;C:\Program Files (x86)\NVIDIA Corporation\PhysX\Common;C:\Program Files\NVIDIA Corporation\NVIDIA NvDLISR;C:\Program Files\PuTTY\;C:\Program Files\nodejs\;C:\ProgramData\chocolatey\bin;C:\Program Files\Git\cmd;C:\Users\debab\AppData\Local\Programs\Eclipse Adoptium\jdk-17.0.11.9-hotspot\bin;C:\Program Files\MySQL\MySQL Shell 8.0\bin\;C:\Users\debab\AppData\Local\Microsoft\WindowsApps;C:\Users\debab\AppData\Local\Programs\Python\Python310;C:\Users\debab\AppData\Local\Programs\Python\Python310\Scripts;C:\Users\debab\AppData\Local\Programs\Microsoft VS Code\bin;C:\Users\debab\AppData\Roaming\npm;;D:/Vivado/2023.2\tps\mingw\6.2.0\win64.o\nt\bin;D:/Vivado/2023.2\tps\mingw\6.2.0\win64.o\nt\libexec\gcc\x86_64-w64-mingw32\6.2.0;D:/Vivado/2023.2\tps\win64\python-3.8.3;D:/Vivado/2023.2\tps\win64\python-3.8.3\bin;D:/Vivado/2023.2\tps\win64\python-3.8.3\lib;D:/Vivado/2023.2\tps\win64\python-3.8.3\lib\site-packages
USERNAME=debab
OS=Windows_NT
PROCESSOR_IDENTIFIER=Intel64 Family 6 Model 165 Stepping 2, GenuineIntel
TMP=C:\Users\debab\AppData\Local\Temp
TEMP=C:\Users\debab\AppData\Local\Temp



---------------  S Y S T E M  ---------------

OS:
 Windows 11 , 64 bit Build 26100 (10.0.26100.2454)
OS uptime: 0 days 0:11 hours
Hyper-V role detected

CPU: total 8 (initial active 8) (4 cores per cpu, 2 threads per core) family 6 model 165 stepping 2 microcode 0xe2, cx8, cmov, fxsr, ht, mmx, 3dnowpref, sse, sse2, sse3, ssse3, sse4.1, sse4.2, popcnt, lzcnt, tsc, tscinvbit, avx, avx2, aes, erms, clmul, bmi1, bmi2, adx, fma, vzeroupper, clflush, clflushopt, hv

Memory: 4k page, system-wide physical 8023M (1329M free)
TotalPageFile size 19799M (AvailPageFile size 8585M)
current process WorkingSet (physical memory assigned to process): 1338M, peak: 2433M
current process commit charge ("private bytes"): 3149M, peak: 5429M

vm_info: OpenJDK 64-Bit Server VM (17.0.7+7) for windows-amd64 JRE (17.0.7+7), built on Apr 18 2023 22:10:42 by "temurin" with MS VC++ 16.7 (VS2019)

END.
