#
# A fatal error has been detected by the Java Runtime Environment:
#
#  EXCEPTION_ACCESS_VIOLATION (0xc0000005) at pc=0x00007fffe5e2d61f, pid=10492, tid=22008
#
# JRE version: OpenJDK Runtime Environment Temurin-17.0.7+7 (17.0.7+7) (build 17.0.7+7)
# Java VM: OpenJDK 64-Bit Server VM Temurin-17.0.7+7 (17.0.7+7, mixed mode, sharing, tiered, compressed oops, compressed class ptrs, g1 gc, windows-amd64)
# Problematic frame:
# C  0x00007fffe5e2d61f
#
# No core dump will be written. Minidumps are not enabled by default on client versions of Windows
#
# If you would like to submit a bug report, please visit:
#   https://github.com/adoptium/adoptium-support/issues
# The crash happened outside the Java Virtual Machine in native code.
# See problematic frame for where to report the bug.
#

---------------  S U M M A R Y ------------

Command Line: -Dsun.java2d.pmoffscreen=false -Dhttps.protocols=TLSv1,TLSv1.1,TLSv1.2 -Dsun.java2d.xrender=false -Dsun.java2d.d3d=false -Dsun.awt.nopixfmt=true -Dsun.java2d.dpiaware=true -Dsun.java2d.uiScale.enabled=false -Dswing.aatext=true -XX:-UsePerfData -Djdk.map.althashing.threshold=512 -XX:StringTableSize=4072 -XX:+UseStringDeduplication -XX:MaxGCPauseMillis=200 -XX:+ParallelRefProcEnabled --add-opens=java.desktop/javax.swing.plaf.synth=ALL-UNNAMED --add-opens=java.base/java.nio=ALL-UNNAMED --add-opens=java.desktop/sun.swing=ALL-UNNAMED --add-opens=java.desktop/javax.swing=ALL-UNNAMED --add-opens=java.desktop/javax.swing.tree=ALL-UNNAMED --add-opens=java.desktop/javax.swing.plaf.basic=ALL-UNNAMED --add-opens=java.desktop/javax.swing.plaf.synth=ALL-UNNAMED --add-opens=java.desktop/javax.swing.plaf.basic=ALL-UNNAMED --add-opens=java.desktop/javax.swing=ALL-UNNAMED --add-opens=java.desktop/javax.swing.tree=ALL-UNNAMED --add-opens=java.desktop/java.awt.event=ALL-UNNAMED --add-exports=java.desktop/javax.swing.plaf.synth=ALL-UNNAMED --add-exports=java.base/java.nio=ALL-UNNAMED --add-exports=java.desktop/sun.swing=ALL-UNNAMED --add-exports=java.desktop/javax.swing=ALL-UNNAMED --add-exports=java.desktop/javax.swing.tree=ALL-UNNAMED --add-exports=java.desktop/javax.swing.plaf.basic=ALL-UNNAMED --add-exports=java.desktop/sun.swing=ALL-UNNAMED --add-exports=java.desktop/sun.swing.table=ALL-UNNAMED --add-exports=java.desktop/sun.swing.plaf.synth=ALL-UNNAMED --add-exports=java.desktop/sun.awt.shell=ALL-UNNAMED --add-exports=java.base/sun.security.action=ALL-UNNAMED --add-exports=java.desktop/sun.font=ALL-UNNAMED -XX:NewSize=80m -XX:MaxNewSize=80m -Xms512m -Xmx4072m -Xss10m 

Host: Intel(R) Core(TM) i5-10300H CPU @ 2.50GHz, 8 cores, 7G,  Windows 11 , 64 bit Build 26100 (10.0.26100.3624)
Time: Fri Apr 11 01:52:26 2025 India Standard Time elapsed time: 6266.723936 seconds (0d 1h 44m 26s)

---------------  T H R E A D  ---------------

Current thread (0x0000017f90ea8010):  JavaThread "AWT-EventQueue-0" [_thread_in_native, id=22008, stack(0x000000512f300000,0x000000512fd00000)]

Stack: [0x000000512f300000,0x000000512fd00000],  sp=0x000000512fcfccd8,  free space=10227k
Native frames: (J=compiled Java code, j=interpreted, Vv=VM code, C=native code)
C  0x00007fffe5e2d61f

Java frames: (J=compiled Java code, j=interpreted, Vv=VM code)
j  ui.views.waveform.waveformi.WVExecutive_getValueDataSize(J)J+0
j  ui.views.waveform.executive.a.kYC()Lui/views/waveform/executive/protobuf/WVNameValue$WVValueTreeMessage;+4
j  ui.views.waveform.g.D.laE()[Ljava/lang/String;+7
J 26358 c1 ui.views.waveform.g.D.Kp(Z)V (64 bytes) @ 0x0000017ff3539be4 [0x0000017ff35398c0+0x0000000000000324]
J 26357 c1 ui.views.waveform.g.u.Kp(Z)V (36 bytes) @ 0x0000017ff3537bd4 [0x0000017ff3537980+0x0000000000000254]
J 26910 c1 ui.views.waveform.u.aS(ZZ)V (53 bytes) @ 0x0000017ff2284e6c [0x0000017ff22848c0+0x00000000000005ac]
J 18708 c1 ui.views.waveform.d.b.j(Lui/frmwork/a/k;)V (605 bytes) @ 0x0000017ff2b3b44c [0x0000017ff2b34640+0x0000000000006e0c]
J 18707 c1 ui.views.waveform.u.handleTclEvent(Lui/frmwork/a/k;)V (17 bytes) @ 0x0000017ff2b3341c [0x0000017ff2b33340+0x00000000000000dc]
J 18189 c2 ui.frmwork.a.m.c(Lui/frmwork/a/k;)V (61 bytes) @ 0x0000017ff8f578c0 [0x0000017ff8f57360+0x0000000000000560]
J 19453 c2 ui.frmwork.F.i(JZ)V (471 bytes) @ 0x0000017ff96fabd8 [0x0000017ff96f9f20+0x0000000000000cb8]
J 22102 c2 ui.frmwork.F.fireTclEvent(J)I (113 bytes) @ 0x0000017ff9c83d00 [0x0000017ff9c82500+0x0000000000001800]
v  ~StubRoutines::call_stub
J 18716  ui.views.waveform.waveformi.WVExecutive_processModelEvent(JJ)V (0 bytes) @ 0x0000017ff92d016c [0x0000017ff92d0120+0x000000000000004c]
J 21462 c1 ui.views.waveform.d.b.fS(J)V (109 bytes) @ 0x0000017ff2d110cc [0x0000017ff2d11000+0x00000000000000cc]
J 18708 c1 ui.views.waveform.d.b.j(Lui/frmwork/a/k;)V (605 bytes) @ 0x0000017ff2b3c154 [0x0000017ff2b34640+0x0000000000007b14]
J 18707 c1 ui.views.waveform.u.handleTclEvent(Lui/frmwork/a/k;)V (17 bytes) @ 0x0000017ff2b3341c [0x0000017ff2b33340+0x00000000000000dc]
J 18189 c2 ui.frmwork.a.m.c(Lui/frmwork/a/k;)V (61 bytes) @ 0x0000017ff8f578c0 [0x0000017ff8f57360+0x0000000000000560]
J 19453 c2 ui.frmwork.F.i(JZ)V (471 bytes) @ 0x0000017ff96fabd8 [0x0000017ff96f9f20+0x0000000000000cb8]
J 18710 c1 ui.frmwork.F.dv(J)V (15 bytes) @ 0x0000017ff2b4226c [0x0000017ff2b421e0+0x000000000000008c]
J 18709 c1 ui.frmwork.F$$Lambda$220+0x000000080172c680.run()V (12 bytes) @ 0x0000017ff2b41e44 [0x0000017ff2b41dc0+0x0000000000000084]
J 16662 c2 java.awt.EventQueue.dispatchEventImpl(Ljava/awt/AWTEvent;Ljava/lang/Object;)V java.desktop@17.0.7 (136 bytes) @ 0x0000017ff8c92b10 [0x0000017ff8c925e0+0x0000000000000530]
J 14256 c2 java.awt.EventQueue.dispatchEvent(Ljava/awt/AWTEvent;)V java.desktop@17.0.7 (80 bytes) @ 0x0000017ff8861e24 [0x0000017ff8861800+0x0000000000000624]
J 15848 c2 ui.frmwork.a.d.dispatchEvent(Ljava/awt/AWTEvent;)V (42 bytes) @ 0x0000017ff9345838 [0x0000017ff9345520+0x0000000000000318]
J 14772 c2 java.awt.EventDispatchThread.pumpOneEventForFilters(I)V java.desktop@17.0.7 (113 bytes) @ 0x0000017ff8c9dbe8 [0x0000017ff8c9d740+0x00000000000004a8]
J 19760% c2 java.awt.EventDispatchThread.pumpEventsForFilter(ILjava/awt/Conditional;Ljava/awt/EventFilter;)V java.desktop@17.0.7 (47 bytes) @ 0x0000017ff98654b4 [0x0000017ff9865380+0x0000000000000134]
j  java.awt.EventDispatchThread.pumpEventsForHierarchy(ILjava/awt/Conditional;Ljava/awt/Component;)V+11 java.desktop@17.0.7
j  java.awt.EventDispatchThread.pumpEvents(ILjava/awt/Conditional;)V+4 java.desktop@17.0.7
j  java.awt.EventDispatchThread.pumpEvents(Ljava/awt/Conditional;)V+3 java.desktop@17.0.7
j  java.awt.EventDispatchThread.run()V+9 java.desktop@17.0.7
v  ~StubRoutines::call_stub

siginfo: EXCEPTION_ACCESS_VIOLATION (0xc0000005), reading address 0x0000000000000010


Register to memory mapping:

RIP=0x00007fffe5e2d61f points into unknown readable memory: 83
RAX=0x0 is NULL
RBX=0x000000512fcfcf18 is pointing into the stack for thread: 0x0000017f90ea8010
RCX=0x000001802096c070 points into unknown readable memory: 0x0000000000000000 | 00 00 00 00 00 00 00 00
RDX=0x0 is NULL
RSP=0x000000512fcfccd8 is pointing into the stack for thread: 0x0000017f90ea8010
RBP=0x000001802096c070 points into unknown readable memory: 0x0000000000000000 | 00 00 00 00 00 00 00 00
RSI=0x0000017fc81578f0 points into unknown readable memory: 0x0000000000043804 | 04 38 04 00 00 00 00 00
RDI=0x000000512fcfcf00 is pointing into the stack for thread: 0x0000017f90ea8010
R8 =0x0000017fde0a30c0 points into unknown readable memory: 0x0000017fde0a0de0 | e0 0d 0a de 7f 01 00 00
R9 =0x0000000000000040 is an unknown value
R10=0x0000017fde0a0000 points into unknown readable memory: 0x0000000000000000 | 00 00 00 00 00 00 00 00
R11=0x00007ff82ed116d1 VCRUNTIME140.dll
R12=0x000000512fcfcd78 is pointing into the stack for thread: 0x0000017f90ea8010
R13=0x000000512fcfcf00 is pointing into the stack for thread: 0x0000017f90ea8010
R14=0x0000000000000001 is an unknown value
R15=0x000001803776d588 points into unknown readable memory: 0x0000017fc7c25130 | 30 51 c2 c7 7f 01 00 00


Registers:
RAX=0x0000000000000000, RBX=0x000000512fcfcf18, RCX=0x000001802096c070, RDX=0x0000000000000000
RSP=0x000000512fcfccd8, RBP=0x000001802096c070, RSI=0x0000017fc81578f0, RDI=0x000000512fcfcf00
R8 =0x0000017fde0a30c0, R9 =0x0000000000000040, R10=0x0000017fde0a0000, R11=0x00007ff82ed116d1
R12=0x000000512fcfcd78, R13=0x000000512fcfcf00, R14=0x0000000000000001, R15=0x000001803776d588
RIP=0x00007fffe5e2d61f, EFLAGS=0x0000000000010246

Top of Stack: (sp=0x000000512fcfccd8)
0x000000512fcfccd8:   00007fffe5e0d981 000000512fcfcf18
0x000000512fcfcce8:   000001802096b470 0000017fc81578f0
0x000000512fcfccf8:   000000512fcfcfe0 0000000000000104
0x000000512fcfcd08:   000000512fcfcfe0 000000512fcfcfa0
0x000000512fcfcd18:   0000000000043800 0000000000000004
0x000000512fcfcd28:   00007fff5f32bf7a 000000512fcfcd90
0x000000512fcfcd38:   000001802096c070 00000180229565d0
0x000000512fcfcd48:   0000000000043800 0000000000043804
0x000000512fcfcd58:   0000000000000004 fffffffffffffffe
0x000000512fcfcd68:   0000000000043800 0000851000000008
0x000000512fcfcd78:   0000017fc81578e0 0000017fc8157900
0x000000512fcfcd88:   0000017fc8157900 000001803776d570
0x000000512fcfcd98:   000000512fcfd0a8 000000512fcfcfe0
0x000000512fcfcda8:   000000512fcfcfa0 0000000000002000
0x000000512fcfcdb8:   00007fff5f32bd50 0000000000000010
0x000000512fcfcdc8:   0000000000001efb 0000000000000002 

Instructions: (pc=0x00007fffe5e2d61f)
0x00007fffe5e2d51f:   c8 e9 6b ff ff ff cc cc cc cc cc cc cc cc cc cc
0x00007fffe5e2d52f:   cc 48 89 5c 24 10 56 48 8b 99 f8 00 00 00 33 f6
0x00007fffe5e2d53f:   89 b1 f0 00 00 00 48 85 db 74 78 44 8b 43 10 8b
0x00007fffe5e2d54f:   c6 41 83 e8 01 48 89 7c 24 10 44 8b ce 40 0f b6
0x00007fffe5e2d55f:   fe 78 34 4c 8b 59 20 66 66 0f 1f 84 00 00 00 00
0x00007fffe5e2d56f:   00 43 8d 04 08 99 2b c2 d1 f8 4c 3b 5c c3 18 7e
0x00007fffe5e2d57f:   06 44 8d 48 01 eb 06 7d 0b 44 8d 40 ff 45 3b c8
0x00007fffe5e2d58f:   7e df eb 03 40 b7 01 40 84 ff 48 8b 7c 24 10 74
0x00007fffe5e2d59f:   0d 89 81 f0 00 00 00 48 8b 5c 24 18 5e c3 45 3b
0x00007fffe5e2d5af:   c8 45 0f 4c c1 45 85 c0 44 0f 48 c6 44 89 81 f0
0x00007fffe5e2d5bf:   00 00 00 48 8b 5c 24 18 5e c3 cc cc cc cc cc cc
0x00007fffe5e2d5cf:   cc 83 79 38 ff 0f 95 c0 c3 cc cc cc cc cc cc cc
0x00007fffe5e2d5df:   cc 8b 51 5c 85 d2 74 43 83 ea 01 74 3b 83 ea 01
0x00007fffe5e2d5ef:   74 2a 83 fa 01 75 34 48 8b 49 68 80 b9 49 48 00
0x00007fffe5e2d5ff:   00 00 74 06 83 79 30 00 75 1e 48 8b 81 68 48 00
0x00007fffe5e2d60f:   00 48 39 81 60 48 00 00 0f 94 c0 c3 48 8b 41 60
0x00007fffe5e2d61f:   83 78 10 00 0f 94 c0 c3 32 c0 c3 b0 01 c3 cc cc
0x00007fffe5e2d62f:   cc 40 53 48 83 ec 20 48 8b d9 e8 42 fd ff ff 48
0x00007fffe5e2d63f:   8b 43 40 48 39 43 38 74 2c 48 8b c8 48 8b 43 30
0x00007fffe5e2d64f:   48 85 c0 7e 0e 48 8b 51 d8 48 85 d2 7e 05 48 3b
0x00007fffe5e2d65f:   c2 7d 2e 8b 41 f8 3b 41 e8 74 0a 48 8b 94 c1 d8
0x00007fffe5e2d66f:   bf ff ff eb 02 33 d2 48 8b 4b 08 4c 8d 43 50 41
0x00007fffe5e2d67f:   b9 20 48 00 00 48 8b 01 48 83 c4 20 5b 48 ff 60
0x00007fffe5e2d68f:   10 48 83 c4 20 5b c3 cc cc cc cc cc cc cc cc cc
0x00007fffe5e2d69f:   cc 40 57 48 83 ec 20 80 79 59 00 48 8b f9 0f 85
0x00007fffe5e2d6af:   86 01 00 00 8b 81 f0 00 00 00 ff c0 89 81 f0 00
0x00007fffe5e2d6bf:   00 00 48 8b 89 f8 00 00 00 48 85 c9 74 0d 84 d2
0x00007fffe5e2d6cf:   75 09 3b 41 10 0f 82 5f 01 00 00 48 89 5c 24 30
0x00007fffe5e2d6df:   48 89 74 24 38 48 8d b7 00 01 00 00 48 8b ce c6
0x00007fffe5e2d6ef:   47 59 01 48 c7 87 f8 00 00 00 00 00 00 00 c7 87
0x00007fffe5e2d6ff:   f0 00 00 00 00 00 00 00 e8 74 fc ff ff 48 8b 46
0x00007fffe5e2d70f:   40 48 39 46 38 74 46 48 8b c8 0f 1f 80 00 00 00 


Stack slot to memory mapping:
stack at sp + 0 slots: 0x00007fffe5e0d981 points into unknown readable memory: 84 c0 0f 84 85 00 00
stack at sp + 1 slots: 0x000000512fcfcf18 is pointing into the stack for thread: 0x0000017f90ea8010
stack at sp + 2 slots: 0x000001802096b470 points into unknown readable memory: 0x0000000000000000 | 00 00 00 00 00 00 00 00
stack at sp + 3 slots: 0x0000017fc81578f0 points into unknown readable memory: 0x0000000000043804 | 04 38 04 00 00 00 00 00
stack at sp + 4 slots: 0x000000512fcfcfe0 is pointing into the stack for thread: 0x0000017f90ea8010
stack at sp + 5 slots: 0x0000000000000104 is an unknown value
stack at sp + 6 slots: 0x000000512fcfcfe0 is pointing into the stack for thread: 0x0000017f90ea8010
stack at sp + 7 slots: 0x000000512fcfcfa0 is pointing into the stack for thread: 0x0000017f90ea8010


---------------  P R O C E S S  ---------------

Threads class SMR info:
_java_thread_list=0x000001804119daa0, length=52, elements={
0x0000017fe8741720, 0x0000017fe90c3020, 0x0000017fe90c6100, 0x0000017fe90dcfd0,
0x0000017fe90e38d0, 0x0000017fe90eaa30, 0x0000017fe90e91e0, 0x0000017fe90edb70,
0x0000017fe90ef480, 0x0000017fe90efd80, 0x0000017fe928ad60, 0x0000017fe9290e90,
0x0000017f9011b9c0, 0x0000017f905fe3b0, 0x0000017f90963be0, 0x0000017f924b7040,
0x0000017f90ea8010, 0x0000017f92b50240, 0x0000017f92b50710, 0x0000017f92b50be0,
0x0000017f92b51580, 0x0000017f952f9890, 0x0000017f952fabd0, 0x0000017f9ab4e210,
0x0000017f9ab4c060, 0x0000017f9ab52a40, 0x0000017f940827c0, 0x0000017fae5e4ac0,
0x0000017fae5e62d0, 0x0000017fae5ea160, 0x0000017fae5e9c90, 0x0000017fae5e67a0,
0x0000017fae5ea630, 0x0000017fae5eab00, 0x0000017fae5eafd0, 0x0000017fae5ec7e0,
0x0000017fae5ef330, 0x0000017fae5e97c0, 0x0000017fae5ed650, 0x0000017fae5eccb0,
0x0000017fae5f0670, 0x000001802b4633c0, 0x000001802b46d760, 0x000001802b4698d0,
0x000001802b46e100, 0x000001802b46f440, 0x000001802b470780, 0x000001802b469da0,
0x000001802b46ac10, 0x000001802b46eaa0, 0x000001802b471120, 0x000001802b46f910
}

Java Threads: ( => current thread )
  0x0000017fe8741720 JavaThread "main" [_thread_blocked, id=20280, stack(0x0000005126600000,0x0000005126700000)]
  0x0000017fe90c3020 JavaThread "Reference Handler" daemon [_thread_blocked, id=17268, stack(0x0000005126e00000,0x0000005127800000)]
  0x0000017fe90c6100 JavaThread "Finalizer" daemon [_thread_blocked, id=15712, stack(0x0000005127800000,0x0000005128200000)]
  0x0000017fe90dcfd0 JavaThread "Signal Dispatcher" daemon [_thread_blocked, id=6168, stack(0x0000005128200000,0x0000005128c00000)]
  0x0000017fe90e38d0 JavaThread "Attach Listener" daemon [_thread_blocked, id=23480, stack(0x0000005128c00000,0x0000005129600000)]
  0x0000017fe90eaa30 JavaThread "Service Thread" daemon [_thread_blocked, id=22688, stack(0x0000005129600000,0x000000512a000000)]
  0x0000017fe90e91e0 JavaThread "Monitor Deflation Thread" daemon [_thread_blocked, id=3980, stack(0x000000512a000000,0x000000512aa00000)]
  0x0000017fe90edb70 JavaThread "C2 CompilerThread0" daemon [_thread_blocked, id=14596, stack(0x000000512aa00000,0x000000512ab00000)]
  0x0000017fe90ef480 JavaThread "C1 CompilerThread0" daemon [_thread_blocked, id=2716, stack(0x000000512ab00000,0x000000512ac00000)]
  0x0000017fe90efd80 JavaThread "Sweeper thread" daemon [_thread_blocked, id=17520, stack(0x000000512ac00000,0x000000512b600000)]
  0x0000017fe928ad60 JavaThread "Common-Cleaner" daemon [_thread_blocked, id=10596, stack(0x000000512b600000,0x000000512c000000)]
  0x0000017fe9290e90 JavaThread "Notification Thread" daemon [_thread_blocked, id=22352, stack(0x000000512c000000,0x000000512ca00000)]
  0x0000017f9011b9c0 JavaThread "Java2D Disposer" daemon [_thread_blocked, id=22560, stack(0x000000512cb00000,0x000000512d500000)]
  0x0000017f905fe3b0 JavaThread "AWT-Windows" daemon [_thread_in_native, id=20508, stack(0x000000512df00000,0x000000512e900000)]
  0x0000017f90963be0 JavaThread "TimerQueue" daemon [_thread_blocked, id=10048, stack(0x000000512d500000,0x000000512df00000)]
  0x0000017f924b7040 JavaThread "AWT-Shutdown" [_thread_blocked, id=984, stack(0x000000512e900000,0x000000512f300000)]
=>0x0000017f90ea8010 JavaThread "AWT-EventQueue-0" [_thread_in_native, id=22008, stack(0x000000512f300000,0x000000512fd00000)]
  0x0000017f92b50240 JavaThread "Thread-1" [_thread_in_native, id=11668, stack(0x0000005124c00000,0x0000005126000000)]
  0x0000017f92b50710 JavaThread "Process Messages Thread" [_thread_in_native, id=8124, stack(0x0000005131b00000,0x0000005132500000)]
  0x0000017f92b50be0 JavaThread "Batik CleanerThread" daemon [_thread_blocked, id=23456, stack(0x0000005131100000,0x0000005131b00000)]
  0x0000017f92b51580 JavaThread "SyntheticaCleanerThread" daemon [_thread_blocked, id=16976, stack(0x0000005133000000,0x0000005133a00000)]
  0x0000017f952f9890 JavaThread "Timer-0" [_thread_blocked, id=18764, stack(0x0000005134500000,0x0000005134f00000)]
  0x0000017f952fabd0 JavaThread "Monitor File Timestamp Swing Worker Thread" [_thread_blocked, id=2788, stack(0x0000005134f00000,0x0000005135900000)]
  0x0000017f9ab4e210 JavaThread "Monitor HEventQueue Thread" [_thread_blocked, id=18776, stack(0x0000005135a00000,0x0000005136400000)]
  0x0000017f9ab4c060 JavaThread "SyntheticaAnimation 50" daemon [_thread_blocked, id=3904, stack(0x0000005136400000,0x0000005136e00000)]
  0x0000017f9ab52a40 JavaThread "SyntheticaAnimation 25" daemon [_thread_blocked, id=19512, stack(0x0000005136e00000,0x0000005137800000)]
  0x0000017f940827c0 JavaThread "SyntheticaAnimation 70" daemon [_thread_blocked, id=22896, stack(0x0000005137800000,0x0000005138200000)]
  0x0000017fae5e4ac0 JavaThread "Refresh Filesets Swing Worker Thread" [_thread_blocked, id=2016, stack(0x000000512fd00000,0x0000005130700000)]
  0x0000017fae5e62d0 JavaThread "hw_ila_monitor" [_thread_blocked, id=7408, stack(0x0000005133b00000,0x0000005134500000)]
  0x0000017fae5ea160 JavaThread "pool-2-thread-1" [_thread_blocked, id=9344, stack(0x0000005139600000,0x000000513a000000)]
  0x0000017fae5e9c90 JavaThread "Timer-1" [_thread_blocked, id=15132, stack(0x000000513a000000,0x000000513aa00000)]
  0x0000017fae5e67a0 JavaThread "pool-3-thread-1" [_thread_blocked, id=10152, stack(0x000000513aa00000,0x000000513b400000)]
  0x0000017fae5ea630 JavaThread "Timer-2" [_thread_blocked, id=18648, stack(0x000000513b400000,0x000000513be00000)]
  0x0000017fae5eab00 JavaThread "pool-4-thread-1" [_thread_blocked, id=15548, stack(0x000000513be00000,0x000000513c800000)]
  0x0000017fae5eafd0 JavaThread "Timer-3" [_thread_blocked, id=23008, stack(0x000000513c800000,0x000000513d200000)]
  0x0000017fae5ec7e0 JavaThread "Update Runs Swing Worker Thread" [_thread_blocked, id=18476, stack(0x000000513dc00000,0x000000513e600000)]
  0x0000017fae5ef330 JavaThread "SyntheticaAnimation 50" daemon [_thread_blocked, id=23548, stack(0x0000005138200000,0x0000005138c00000)]
  0x0000017fae5e97c0 JavaThread "Image Animator 3" daemon [_thread_blocked, id=11100, stack(0x0000005138c00000,0x0000005139600000)]
  0x0000017fae5ed650 JavaThread "Timer-4" [_thread_blocked, id=19856, stack(0x000000513e600000,0x000000513f000000)]
  0x0000017fae5eccb0 JavaThread "Monitor File Timestamp Swing Worker Thread" [_thread_blocked, id=22204, stack(0x000000513f000000,0x000000513fa00000)]
  0x0000017fae5f0670 JavaThread "Timer-6" [_thread_blocked, id=6744, stack(0x0000005140e00000,0x0000005141800000)]
  0x000001802b4633c0 JavaThread "Thread-3388" [_thread_in_native, id=616, stack(0x0000005126100000,0x0000005126200000)]
  0x000001802b46d760 JavaThread "Thread-3391" [_thread_in_native, id=23504, stack(0x0000005130f00000,0x0000005131000000)]
  0x000001802b4698d0 JavaThread "Timer-39" [_thread_blocked, id=14364, stack(0x0000005132600000,0x0000005133000000)]
  0x000001802b46e100 JavaThread "Monitor File Timestamp Swing Worker Thread" [_thread_blocked, id=11404, stack(0x000000513d200000,0x000000513dc00000)]
  0x000001802b46f440 JavaThread "Timer-45" [_thread_blocked, id=328, stack(0x0000005142c00000,0x0000005143600000)]
  0x000001802b470780 JavaThread "Monitor File Timestamp Swing Worker Thread" [_thread_blocked, id=9232, stack(0x0000005145e00000,0x0000005146800000)]
  0x000001802b469da0 JavaThread "Thread-6424" [_thread_in_native, id=21716, stack(0x0000005130f00000,0x0000005131000000)]
  0x000001802b46ac10 JavaThread "Thread-6425" [_thread_in_native, id=22524, stack(0x0000005131000000,0x0000005131100000)]
  0x000001802b46eaa0 JavaThread "Timer-54" [_thread_blocked, id=16372, stack(0x0000005141800000,0x0000005142200000)]
  0x000001802b471120 JavaThread "Monitor File Timestamp Swing Worker Thread" [_thread_blocked, id=19608, stack(0x0000005142200000,0x0000005142c00000)]
  0x000001802b46f910 JavaThread "Run Simulation Thread" [_thread_blocked, id=22284, stack(0x000000513fb00000,0x0000005140500000)]

Other Threads:
  0x0000017fe89b1850 VMThread "VM Thread" [stack: 0x0000005126d00000,0x0000005126e00000] [id=19004]
  0x0000017fe87c83b0 WatcherThread [stack: 0x000000512ca00000,0x000000512cb00000] [id=11960]
  0x0000017fe71efa00 GCTaskThread "GC Thread#0" [stack: 0x0000005126700000,0x0000005126800000] [id=22272]
  0x0000017fe71f0cd0 GCTaskThread "GC Thread#1" [stack: 0x0000005130700000,0x0000005130800000] [id=12056]
  0x0000017fe71f2500 GCTaskThread "GC Thread#2" [stack: 0x0000005130800000,0x0000005130900000] [id=15112]
  0x0000017fe71f1230 GCTaskThread "GC Thread#3" [stack: 0x0000005130900000,0x0000005130a00000] [id=19892]
  0x0000017fe71f1790 GCTaskThread "GC Thread#4" [stack: 0x0000005130a00000,0x0000005130b00000] [id=16668]
  0x0000017fe71f1a40 GCTaskThread "GC Thread#5" [stack: 0x0000005130b00000,0x0000005130c00000] [id=6596]
  0x0000017fe71eec90 GCTaskThread "GC Thread#6" [stack: 0x0000005130c00000,0x0000005130d00000] [id=23396]
  0x0000017fe71f1cf0 GCTaskThread "GC Thread#7" [stack: 0x0000005130d00000,0x0000005130e00000] [id=22712]
  0x0000017fe7667500 ConcurrentGCThread "G1 Main Marker" [stack: 0x0000005126800000,0x0000005126900000] [id=19432]
  0x0000017fe71f27b0 ConcurrentGCThread "G1 Conc#0" [stack: 0x0000005126900000,0x0000005126a00000] [id=14128]
  0x0000017fe71f62d0 ConcurrentGCThread "G1 Conc#1" [stack: 0x0000005132500000,0x0000005132600000] [id=20576]
  0x0000017fe83f6310 ConcurrentGCThread "G1 Refine#0" [stack: 0x0000005126a00000,0x0000005126b00000] [id=15988]
  0x0000017f90f11860 ConcurrentGCThread "G1 Refine#1" [stack: 0x0000005130e00000,0x0000005130f00000] [id=8372]
  0x0000017f90f12100 ConcurrentGCThread "G1 Refine#2" [stack: 0x0000005133a00000,0x0000005133b00000] [id=13216]
  0x0000017fe1caffe0 ConcurrentGCThread "G1 Service" [stack: 0x0000005126b00000,0x0000005126c00000] [id=8160]
  0x0000017fe71f14e0 ConcurrentGCThread "StringDedupProcessor" [stack: 0x0000005126c00000,0x0000005126d00000] [id=15420]

Threads with active compile tasks:

VM state: not at safepoint (normal execution)

VM Mutex/Monitor currently owned by a thread: None

Heap address: 0x0000000701800000, size: 4072 MB, Compressed Oops mode: Zero based, Oop shift amount: 3

CDS archive(s) mapped at: [0x0000000800000000-0x0000000800bc0000-0x0000000800bc0000), size 12320768, SharedBaseAddress: 0x0000000800000000, ArchiveRelocationMode: 0.
Compressed class space mapped at: 0x0000000801000000-0x0000000841000000, reserved size: 1073741824
Narrow klass base: 0x0000000800000000, Narrow klass shift: 0, Narrow klass range: 0x100000000

GC Precious Log:
 CPUs: 8 total, 8 available
 Memory: 8023M
 Large Page Support: Disabled
 NUMA Support: Disabled
 Compressed Oops: Enabled (Zero based)
 Heap Region Size: 2M
 Heap Min Capacity: 512M
 Heap Initial Capacity: 512M
 Heap Max Capacity: 4072M
 Pre-touch: Disabled
 Parallel Workers: 8
 Concurrent Workers: 2
 Concurrent Refinement Workers: 8
 Periodic GC: Disabled
 String Deduplication is enabled

Heap:
 garbage-first heap   total 675840K, used 295105K [0x0000000701800000, 0x0000000800000000)
  region size 2048K, 28 young (57344K), 2 survivors (4096K)
 Metaspace       used 90306K, committed 91584K, reserved 1179648K
  class space    used 11792K, committed 12352K, reserved 1048576K

Heap Regions: E=young(eden), S=young(survivor), O=old, HS=humongous(starts), HC=humongous(continues), CS=collection set, F=free, OA=open archive, CA=closed archive, TAMS=top-at-mark-start (previous, next)
|   0|0x0000000701800000, 0x0000000701a00000, 0x0000000701a00000|100%|HS|  |TAMS 0x0000000701a00000, 0x0000000701800000| Untracked 
|   1|0x0000000701a00000, 0x0000000701c00000, 0x0000000701c00000|100%| O|  |TAMS 0x0000000701c00000, 0x0000000701a00000| Untracked 
|   2|0x0000000701c00000, 0x0000000701dfffe0, 0x0000000701e00000| 99%| O|  |TAMS 0x0000000701dfffe0, 0x0000000701c00000| Untracked 
|   3|0x0000000701e00000, 0x0000000701fffff8, 0x0000000702000000| 99%| O|  |TAMS 0x0000000701fffff8, 0x0000000701e00000| Untracked 
|   4|0x0000000702000000, 0x00000007021ffce8, 0x0000000702200000| 99%| O|  |TAMS 0x00000007021ffce8, 0x0000000702000000| Untracked 
|   5|0x0000000702200000, 0x00000007023ffff0, 0x0000000702400000| 99%| O|  |TAMS 0x00000007023ffff0, 0x0000000702200000| Untracked 
|   6|0x0000000702400000, 0x0000000702600000, 0x0000000702600000|100%| O|  |TAMS 0x0000000702600000, 0x0000000702400000| Untracked 
|   7|0x0000000702600000, 0x0000000702800000, 0x0000000702800000|100%| O|  |TAMS 0x0000000702800000, 0x0000000702600000| Untracked 
|   8|0x0000000702800000, 0x00000007029ffea8, 0x0000000702a00000| 99%| O|  |TAMS 0x00000007029ffea8, 0x0000000702800000| Untracked 
|   9|0x0000000702a00000, 0x0000000702bfffe8, 0x0000000702c00000| 99%| O|  |TAMS 0x0000000702bfffe8, 0x0000000702a00000| Untracked 
|  10|0x0000000702c00000, 0x0000000702dffff8, 0x0000000702e00000| 99%| O|  |TAMS 0x0000000702dffff8, 0x0000000702c00000| Untracked 
|  11|0x0000000702e00000, 0x0000000703000000, 0x0000000703000000|100%| O|  |TAMS 0x0000000703000000, 0x0000000702e00000| Untracked 
|  12|0x0000000703000000, 0x00000007031ffff0, 0x0000000703200000| 99%| O|  |TAMS 0x0000000703000000, 0x0000000703000000| Untracked 
|  13|0x0000000703200000, 0x0000000703400000, 0x0000000703400000|100%| O|  |TAMS 0x0000000703400000, 0x0000000703200000| Untracked 
|  14|0x0000000703400000, 0x00000007035fffe8, 0x0000000703600000| 99%| O|  |TAMS 0x00000007035fffe8, 0x0000000703400000| Untracked 
|  15|0x0000000703600000, 0x0000000703800000, 0x0000000703800000|100%| O|  |TAMS 0x0000000703800000, 0x0000000703600000| Untracked 
|  16|0x0000000703800000, 0x00000007039fffd8, 0x0000000703a00000| 99%| O|  |TAMS 0x00000007039fffd8, 0x0000000703800000| Untracked 
|  17|0x0000000703a00000, 0x0000000703bffad8, 0x0000000703c00000| 99%| O|  |TAMS 0x0000000703bffad8, 0x0000000703a00000| Untracked 
|  18|0x0000000703c00000, 0x0000000703dfffb8, 0x0000000703e00000| 99%| O|  |TAMS 0x0000000703dfffb8, 0x0000000703c00000| Untracked 
|  19|0x0000000703e00000, 0x0000000703fffff0, 0x0000000704000000| 99%| O|  |TAMS 0x0000000703fffff0, 0x0000000703e00000| Untracked 
|  20|0x0000000704000000, 0x00000007041ffff8, 0x0000000704200000| 99%| O|  |TAMS 0x00000007041ffff8, 0x0000000704000000| Untracked 
|  21|0x0000000704200000, 0x00000007043ff768, 0x0000000704400000| 99%| O|  |TAMS 0x00000007043ff768, 0x0000000704200000| Untracked 
|  22|0x0000000704400000, 0x0000000704600000, 0x0000000704600000|100%|HS|  |TAMS 0x0000000704600000, 0x0000000704400000| Untracked 
|  23|0x0000000704600000, 0x0000000704800000, 0x0000000704800000|100%|HC|  |TAMS 0x0000000704800000, 0x0000000704600000| Untracked 
|  24|0x0000000704800000, 0x0000000704a00000, 0x0000000704a00000|100%|HC|  |TAMS 0x0000000704a00000, 0x0000000704800000| Untracked 
|  25|0x0000000704a00000, 0x0000000704c00000, 0x0000000704c00000|100%|HC|  |TAMS 0x0000000704c00000, 0x0000000704a00000| Untracked 
|  26|0x0000000704c00000, 0x0000000704dfe8e0, 0x0000000704e00000| 99%| O|  |TAMS 0x0000000704dfe8e0, 0x0000000704c00000| Untracked 
|  27|0x0000000704e00000, 0x0000000705000000, 0x0000000705000000|100%| O|  |TAMS 0x0000000705000000, 0x0000000704e00000| Untracked 
|  28|0x0000000705000000, 0x00000007051fffe0, 0x0000000705200000| 99%| O|  |TAMS 0x00000007051fffe0, 0x0000000705000000| Untracked 
|  29|0x0000000705200000, 0x00000007053fe7c8, 0x0000000705400000| 99%| O|  |TAMS 0x00000007053fe7c8, 0x0000000705200000| Untracked 
|  30|0x0000000705400000, 0x00000007055fffa0, 0x0000000705600000| 99%| O|  |TAMS 0x00000007055fffa0, 0x0000000705400000| Untracked 
|  31|0x0000000705600000, 0x0000000705800000, 0x0000000705800000|100%| O|  |TAMS 0x0000000705800000, 0x0000000705600000| Untracked 
|  32|0x0000000705800000, 0x00000007059ffff8, 0x0000000705a00000| 99%| O|  |TAMS 0x00000007059ffff8, 0x0000000705800000| Untracked 
|  33|0x0000000705a00000, 0x0000000705c00000, 0x0000000705c00000|100%| O|  |TAMS 0x0000000705c00000, 0x0000000705a00000| Untracked 
|  34|0x0000000705c00000, 0x0000000705dffff8, 0x0000000705e00000| 99%| O|  |TAMS 0x0000000705dffff8, 0x0000000705c00000| Untracked 
|  35|0x0000000705e00000, 0x0000000705fffa58, 0x0000000706000000| 99%| O|  |TAMS 0x0000000705fffa58, 0x0000000705e00000| Untracked 
|  36|0x0000000706000000, 0x00000007061ffff0, 0x0000000706200000| 99%| O|  |TAMS 0x0000000706000000, 0x0000000706000000| Untracked 
|  37|0x0000000706200000, 0x0000000706400000, 0x0000000706400000|100%| O|  |TAMS 0x0000000706400000, 0x0000000706200000| Untracked 
|  38|0x0000000706400000, 0x00000007065fffc8, 0x0000000706600000| 99%| O|  |TAMS 0x00000007065fffc8, 0x0000000706400000| Untracked 
|  39|0x0000000706600000, 0x0000000706800000, 0x0000000706800000|100%| O|  |TAMS 0x0000000706600000, 0x0000000706600000| Untracked 
|  40|0x0000000706800000, 0x00000007069ffff0, 0x0000000706a00000| 99%| O|  |TAMS 0x0000000706800000, 0x0000000706800000| Untracked 
|  41|0x0000000706a00000, 0x0000000706bfffd0, 0x0000000706c00000| 99%| O|  |TAMS 0x0000000706bfffd0, 0x0000000706a00000| Untracked 
|  42|0x0000000706c00000, 0x0000000706dfffb0, 0x0000000706e00000| 99%| O|  |TAMS 0x0000000706c00000, 0x0000000706c00000| Untracked 
|  43|0x0000000706e00000, 0x0000000707000000, 0x0000000707000000|100%| O|  |TAMS 0x0000000706e00000, 0x0000000706e00000| Untracked 
|  44|0x0000000707000000, 0x00000007071ffff8, 0x0000000707200000| 99%| O|  |TAMS 0x0000000707000000, 0x0000000707000000| Untracked 
|  45|0x0000000707200000, 0x0000000707400000, 0x0000000707400000|100%|HS|  |TAMS 0x0000000707400000, 0x0000000707200000| Untracked 
|  46|0x0000000707400000, 0x0000000707600000, 0x0000000707600000|100%|HC|  |TAMS 0x0000000707600000, 0x0000000707400000| Untracked 
|  47|0x0000000707600000, 0x00000007077fff18, 0x0000000707800000| 99%| O|  |TAMS 0x0000000707600000, 0x0000000707600000| Untracked 
|  48|0x0000000707800000, 0x00000007079fffe8, 0x0000000707a00000| 99%| O|  |TAMS 0x00000007079fffe8, 0x0000000707800000| Untracked 
|  49|0x0000000707a00000, 0x0000000707c00000, 0x0000000707c00000|100%| O|  |TAMS 0x0000000707a00000, 0x0000000707a00000| Untracked 
|  50|0x0000000707c00000, 0x0000000707e00000, 0x0000000707e00000|100%| O|  |TAMS 0x0000000707e00000, 0x0000000707c00000| Untracked 
|  51|0x0000000707e00000, 0x0000000707ffffe0, 0x0000000708000000| 99%| O|  |TAMS 0x0000000707ffffe0, 0x0000000707e00000| Untracked 
|  52|0x0000000708000000, 0x0000000708200000, 0x0000000708200000|100%| O|  |TAMS 0x0000000708000000, 0x0000000708000000| Untracked 
|  53|0x0000000708200000, 0x00000007083ffff0, 0x0000000708400000| 99%| O|  |TAMS 0x00000007083ffff0, 0x0000000708200000| Untracked 
|  54|0x0000000708400000, 0x00000007085ff660, 0x0000000708600000| 99%| O|  |TAMS 0x00000007085ff660, 0x0000000708400000| Untracked 
|  55|0x0000000708600000, 0x00000007087fff10, 0x0000000708800000| 99%| O|  |TAMS 0x00000007087fff10, 0x0000000708600000| Untracked 
|  56|0x0000000708800000, 0x0000000708a00000, 0x0000000708a00000|100%| O|  |TAMS 0x0000000708800000, 0x0000000708800000| Untracked 
|  57|0x0000000708a00000, 0x0000000708c00000, 0x0000000708c00000|100%| O|  |TAMS 0x0000000708c00000, 0x0000000708a00000| Untracked 
|  58|0x0000000708c00000, 0x0000000708dff468, 0x0000000708e00000| 99%| O|  |TAMS 0x0000000708c00000, 0x0000000708c00000| Untracked 
|  59|0x0000000708e00000, 0x0000000708ffff88, 0x0000000709000000| 99%| O|  |TAMS 0x0000000708e00000, 0x0000000708e00000| Untracked 
|  60|0x0000000709000000, 0x00000007091fff18, 0x0000000709200000| 99%| O|  |TAMS 0x00000007091fff18, 0x0000000709000000| Untracked 
|  61|0x0000000709200000, 0x0000000709400000, 0x0000000709400000|100%| O|  |TAMS 0x0000000709200000, 0x0000000709200000| Untracked 
|  62|0x0000000709400000, 0x00000007095fffe0, 0x0000000709600000| 99%| O|  |TAMS 0x0000000709400000, 0x0000000709400000| Untracked 
|  63|0x0000000709600000, 0x00000007097fffa0, 0x0000000709800000| 99%| O|  |TAMS 0x0000000709600000, 0x0000000709600000| Untracked 
|  64|0x0000000709800000, 0x00000007099fffe0, 0x0000000709a00000| 99%| O|  |TAMS 0x0000000709800000, 0x0000000709800000| Untracked 
|  65|0x0000000709a00000, 0x0000000709bfffe0, 0x0000000709c00000| 99%| O|  |TAMS 0x0000000709a00000, 0x0000000709a00000| Untracked 
|  66|0x0000000709c00000, 0x0000000709e00000, 0x0000000709e00000|100%| O|  |TAMS 0x0000000709c00000, 0x0000000709c00000| Untracked 
|  67|0x0000000709e00000, 0x000000070a000000, 0x000000070a000000|100%| O|  |TAMS 0x0000000709e00000, 0x0000000709e00000| Untracked 
|  68|0x000000070a000000, 0x000000070a1d5388, 0x000000070a200000| 91%| O|  |TAMS 0x000000070a000000, 0x000000070a000000| Untracked 
|  69|0x000000070a200000, 0x000000070a3ffff0, 0x000000070a400000| 99%| O|  |TAMS 0x000000070a200000, 0x000000070a200000| Untracked 
|  70|0x000000070a400000, 0x000000070a5ffff8, 0x000000070a600000| 99%| O|  |TAMS 0x000000070a400000, 0x000000070a400000| Untracked 
|  71|0x000000070a600000, 0x000000070a800000, 0x000000070a800000|100%| O|  |TAMS 0x000000070a600000, 0x000000070a600000| Untracked 
|  72|0x000000070a800000, 0x000000070a9ffff8, 0x000000070aa00000| 99%| O|  |TAMS 0x000000070a800000, 0x000000070a800000| Untracked 
|  73|0x000000070aa00000, 0x000000070abffff0, 0x000000070ac00000| 99%| O|  |TAMS 0x000000070aa00000, 0x000000070aa00000| Untracked 
|  74|0x000000070ac00000, 0x000000070ae00000, 0x000000070ae00000|100%| O|  |TAMS 0x000000070ac00000, 0x000000070ac00000| Untracked 
|  75|0x000000070ae00000, 0x000000070ae0c1a8, 0x000000070b000000|  2%| O|  |TAMS 0x000000070ae00000, 0x000000070ae00000| Untracked 
|  76|0x000000070b000000, 0x000000070b000000, 0x000000070b200000|  0%| F|  |TAMS 0x000000070b000000, 0x000000070b000000| Untracked 
|  77|0x000000070b200000, 0x000000070b400000, 0x000000070b400000|100%| O|  |TAMS 0x000000070b200000, 0x000000070b200000| Untracked 
|  78|0x000000070b400000, 0x000000070b600000, 0x000000070b600000|100%| O|  |TAMS 0x000000070b400000, 0x000000070b400000| Untracked 
|  79|0x000000070b600000, 0x000000070b800000, 0x000000070b800000|100%| O|  |TAMS 0x000000070b600000, 0x000000070b600000| Untracked 
|  80|0x000000070b800000, 0x000000070b9ff760, 0x000000070ba00000| 99%| O|  |TAMS 0x000000070b800000, 0x000000070b800000| Untracked 
|  81|0x000000070ba00000, 0x000000070bc00000, 0x000000070bc00000|100%| O|  |TAMS 0x000000070ba00000, 0x000000070ba00000| Untracked 
|  82|0x000000070bc00000, 0x000000070be00000, 0x000000070be00000|100%|HS|  |TAMS 0x000000070bc00000, 0x000000070bc00000| Complete 
|  83|0x000000070be00000, 0x000000070bf1aad0, 0x000000070c000000| 55%| O|  |TAMS 0x000000070be00000, 0x000000070be00000| Untracked 
|  84|0x000000070c000000, 0x000000070c000000, 0x000000070c200000|  0%| F|  |TAMS 0x000000070c000000, 0x000000070c000000| Untracked 
|  85|0x000000070c200000, 0x000000070c3721f8, 0x000000070c400000| 72%| O|  |TAMS 0x000000070c200000, 0x000000070c200000| Untracked 
|  86|0x000000070c400000, 0x000000070c400000, 0x000000070c600000|  0%| F|  |TAMS 0x000000070c400000, 0x000000070c400000| Untracked 
|  87|0x000000070c600000, 0x000000070c7ffff0, 0x000000070c800000| 99%| O|  |TAMS 0x000000070c600000, 0x000000070c600000| Untracked 
|  88|0x000000070c800000, 0x000000070ca00000, 0x000000070ca00000|100%| O|  |TAMS 0x000000070c800000, 0x000000070c800000| Untracked 
|  89|0x000000070ca00000, 0x000000070cba7600, 0x000000070cc00000| 82%| O|  |TAMS 0x000000070ca00000, 0x000000070ca00000| Untracked 
|  90|0x000000070cc00000, 0x000000070cc00000, 0x000000070ce00000|  0%| F|  |TAMS 0x000000070cc00000, 0x000000070cc00000| Untracked 
|  91|0x000000070ce00000, 0x000000070cfffff8, 0x000000070d000000| 99%| O|  |TAMS 0x000000070ce00000, 0x000000070ce00000| Untracked 
|  92|0x000000070d000000, 0x000000070d200000, 0x000000070d200000|100%| O|  |TAMS 0x000000070d000000, 0x000000070d000000| Untracked 
|  93|0x000000070d200000, 0x000000070d200000, 0x000000070d400000|  0%| F|  |TAMS 0x000000070d200000, 0x000000070d200000| Untracked 
|  94|0x000000070d400000, 0x000000070d5ffff8, 0x000000070d600000| 99%| O|  |TAMS 0x000000070d400000, 0x000000070d400000| Untracked 
|  95|0x000000070d600000, 0x000000070d800000, 0x000000070d800000|100%| O|  |TAMS 0x000000070d600000, 0x000000070d600000| Untracked 
|  96|0x000000070d800000, 0x000000070da00000, 0x000000070da00000|100%| O|  |TAMS 0x000000070d800000, 0x000000070d800000| Untracked 
|  97|0x000000070da00000, 0x000000070dc00000, 0x000000070dc00000|100%| O|  |TAMS 0x000000070da00000, 0x000000070da00000| Untracked 
|  98|0x000000070dc00000, 0x000000070de00000, 0x000000070de00000|100%|HS|  |TAMS 0x000000070de00000, 0x000000070dc00000| Untracked 
|  99|0x000000070de00000, 0x000000070e000000, 0x000000070e000000|100%|HC|  |TAMS 0x000000070e000000, 0x000000070de00000| Untracked 
| 100|0x000000070e000000, 0x000000070e200000, 0x000000070e200000|100%|HC|  |TAMS 0x000000070e200000, 0x000000070e000000| Untracked 
| 101|0x000000070e200000, 0x000000070e400000, 0x000000070e400000|100%|HC|  |TAMS 0x000000070e400000, 0x000000070e200000| Untracked 
| 102|0x000000070e400000, 0x000000070e600000, 0x000000070e600000|100%|HC|  |TAMS 0x000000070e600000, 0x000000070e400000| Untracked 
| 103|0x000000070e600000, 0x000000070e800000, 0x000000070e800000|100%|HC|  |TAMS 0x000000070e800000, 0x000000070e600000| Untracked 
| 104|0x000000070e800000, 0x000000070ea00000, 0x000000070ea00000|100%|HC|  |TAMS 0x000000070ea00000, 0x000000070e800000| Untracked 
| 105|0x000000070ea00000, 0x000000070ec00000, 0x000000070ec00000|100%| O|  |TAMS 0x000000070ea00000, 0x000000070ea00000| Untracked 
| 106|0x000000070ec00000, 0x000000070ee00000, 0x000000070ee00000|100%| O|  |TAMS 0x000000070ec00000, 0x000000070ec00000| Untracked 
| 107|0x000000070ee00000, 0x000000070f000000, 0x000000070f000000|100%| O|  |TAMS 0x000000070ee00000, 0x000000070ee00000| Untracked 
| 108|0x000000070f000000, 0x000000070f1ffff8, 0x000000070f200000| 99%| O|  |TAMS 0x000000070f000000, 0x000000070f000000| Untracked 
| 109|0x000000070f200000, 0x000000070f400000, 0x000000070f400000|100%| O|  |TAMS 0x000000070f200000, 0x000000070f200000| Untracked 
| 110|0x000000070f400000, 0x000000070f600000, 0x000000070f600000|100%| O|  |TAMS 0x000000070f400000, 0x000000070f400000| Untracked 
| 111|0x000000070f600000, 0x000000070f6cbf50, 0x000000070f800000| 39%| O|  |TAMS 0x000000070f600000, 0x000000070f600000| Untracked 
| 112|0x000000070f800000, 0x000000070fa00000, 0x000000070fa00000|100%| O|  |TAMS 0x000000070f800000, 0x000000070f800000| Untracked 
| 113|0x000000070fa00000, 0x000000070fc00000, 0x000000070fc00000|100%| O|  |TAMS 0x000000070fa00000, 0x000000070fa00000| Untracked 
| 114|0x000000070fc00000, 0x000000070fe00000, 0x000000070fe00000|100%| O|  |TAMS 0x000000070fc00000, 0x000000070fc00000| Untracked 
| 115|0x000000070fe00000, 0x000000070fe00000, 0x0000000710000000|  0%| F|  |TAMS 0x000000070fe00000, 0x000000070fe00000| Untracked 
| 116|0x0000000710000000, 0x0000000710000000, 0x0000000710200000|  0%| F|  |TAMS 0x0000000710000000, 0x0000000710000000| Untracked 
| 117|0x0000000710200000, 0x0000000710400000, 0x0000000710400000|100%| O|  |TAMS 0x0000000710200000, 0x0000000710200000| Untracked 
| 118|0x0000000710400000, 0x0000000710600000, 0x0000000710600000|100%| O|  |TAMS 0x0000000710400000, 0x0000000710400000| Untracked 
| 119|0x0000000710600000, 0x0000000710800000, 0x0000000710800000|100%| O|  |TAMS 0x0000000710600000, 0x0000000710600000| Untracked 
| 120|0x0000000710800000, 0x0000000710a00000, 0x0000000710a00000|100%| O|  |TAMS 0x0000000710800000, 0x0000000710800000| Untracked 
| 121|0x0000000710a00000, 0x0000000710c00000, 0x0000000710c00000|100%| O|  |TAMS 0x0000000710a00000, 0x0000000710a00000| Untracked 
| 122|0x0000000710c00000, 0x0000000710c00000, 0x0000000710e00000|  0%| F|  |TAMS 0x0000000710c00000, 0x0000000710c00000| Untracked 
| 123|0x0000000710e00000, 0x0000000710e00000, 0x0000000711000000|  0%| F|  |TAMS 0x0000000710e00000, 0x0000000710e00000| Untracked 
| 124|0x0000000711000000, 0x00000007110dcc90, 0x0000000711200000| 43%| O|  |TAMS 0x0000000711000000, 0x0000000711000000| Untracked 
| 125|0x0000000711200000, 0x0000000711200000, 0x0000000711400000|  0%| F|  |TAMS 0x0000000711200000, 0x0000000711200000| Untracked 
| 126|0x0000000711400000, 0x00000007114e0070, 0x0000000711600000| 43%| O|  |TAMS 0x0000000711400000, 0x0000000711400000| Untracked 
| 127|0x0000000711600000, 0x0000000711600000, 0x0000000711800000|  0%| F|  |TAMS 0x0000000711600000, 0x0000000711600000| Untracked 
| 128|0x0000000711800000, 0x0000000711800000, 0x0000000711a00000|  0%| F|  |TAMS 0x0000000711800000, 0x0000000711800000| Untracked 
| 129|0x0000000711a00000, 0x0000000711bffff0, 0x0000000711c00000| 99%| O|  |TAMS 0x0000000711a00000, 0x0000000711a00000| Untracked 
| 130|0x0000000711c00000, 0x0000000711c00000, 0x0000000711e00000|  0%| F|  |TAMS 0x0000000711c00000, 0x0000000711c00000| Untracked 
| 131|0x0000000711e00000, 0x0000000711e00000, 0x0000000712000000|  0%| F|  |TAMS 0x0000000711e00000, 0x0000000711e00000| Untracked 
| 132|0x0000000712000000, 0x00000007121ffff0, 0x0000000712200000| 99%| O|  |TAMS 0x0000000712000000, 0x0000000712000000| Untracked 
| 133|0x0000000712200000, 0x0000000712200000, 0x0000000712400000|  0%| F|  |TAMS 0x0000000712200000, 0x0000000712200000| Untracked 
| 134|0x0000000712400000, 0x0000000712400000, 0x0000000712600000|  0%| F|  |TAMS 0x0000000712400000, 0x0000000712400000| Untracked 
| 135|0x0000000712600000, 0x0000000712600000, 0x0000000712800000|  0%| F|  |TAMS 0x0000000712600000, 0x0000000712600000| Untracked 
| 136|0x0000000712800000, 0x0000000712800000, 0x0000000712a00000|  0%| F|  |TAMS 0x0000000712800000, 0x0000000712800000| Untracked 
| 137|0x0000000712a00000, 0x0000000712a00000, 0x0000000712c00000|  0%| F|  |TAMS 0x0000000712a00000, 0x0000000712a00000| Untracked 
| 138|0x0000000712c00000, 0x0000000712c00000, 0x0000000712e00000|  0%| F|  |TAMS 0x0000000712c00000, 0x0000000712c00000| Untracked 
| 139|0x0000000712e00000, 0x0000000712e00000, 0x0000000713000000|  0%| F|  |TAMS 0x0000000712e00000, 0x0000000712e00000| Untracked 
| 140|0x0000000713000000, 0x0000000713000000, 0x0000000713200000|  0%| F|  |TAMS 0x0000000713000000, 0x0000000713000000| Untracked 
| 141|0x0000000713200000, 0x0000000713200000, 0x0000000713400000|  0%| F|  |TAMS 0x0000000713200000, 0x0000000713200000| Untracked 
| 142|0x0000000713400000, 0x0000000713400000, 0x0000000713600000|  0%| F|  |TAMS 0x0000000713400000, 0x0000000713400000| Untracked 
| 143|0x0000000713600000, 0x0000000713600000, 0x0000000713800000|  0%| F|  |TAMS 0x0000000713600000, 0x0000000713600000| Untracked 
| 144|0x0000000713800000, 0x0000000713800000, 0x0000000713a00000|  0%| F|  |TAMS 0x0000000713800000, 0x0000000713800000| Untracked 
| 145|0x0000000713a00000, 0x0000000713a00000, 0x0000000713c00000|  0%| F|  |TAMS 0x0000000713a00000, 0x0000000713a00000| Untracked 
| 146|0x0000000713c00000, 0x0000000713c00000, 0x0000000713e00000|  0%| F|  |TAMS 0x0000000713c00000, 0x0000000713c00000| Untracked 
| 147|0x0000000713e00000, 0x0000000713ecd230, 0x0000000714000000| 40%| O|  |TAMS 0x0000000713e00000, 0x0000000713e00000| Untracked 
| 148|0x0000000714000000, 0x0000000714000000, 0x0000000714200000|  0%| F|  |TAMS 0x0000000714000000, 0x0000000714000000| Untracked 
| 149|0x0000000714200000, 0x0000000714200000, 0x0000000714400000|  0%| F|  |TAMS 0x0000000714200000, 0x0000000714200000| Untracked 
| 150|0x0000000714400000, 0x0000000714400000, 0x0000000714600000|  0%| F|  |TAMS 0x0000000714400000, 0x0000000714400000| Untracked 
| 151|0x0000000714600000, 0x0000000714600000, 0x0000000714800000|  0%| F|  |TAMS 0x0000000714600000, 0x0000000714600000| Untracked 
| 152|0x0000000714800000, 0x0000000714800000, 0x0000000714a00000|  0%| F|  |TAMS 0x0000000714800000, 0x0000000714800000| Untracked 
| 153|0x0000000714a00000, 0x0000000714a00000, 0x0000000714c00000|  0%| F|  |TAMS 0x0000000714a00000, 0x0000000714a00000| Untracked 
| 154|0x0000000714c00000, 0x0000000714c00000, 0x0000000714e00000|  0%| F|  |TAMS 0x0000000714c00000, 0x0000000714c00000| Untracked 
| 155|0x0000000714e00000, 0x0000000714e00000, 0x0000000715000000|  0%| F|  |TAMS 0x0000000714e00000, 0x0000000714e00000| Untracked 
| 156|0x0000000715000000, 0x0000000715000000, 0x0000000715200000|  0%| F|  |TAMS 0x0000000715000000, 0x0000000715000000| Untracked 
| 157|0x0000000715200000, 0x0000000715200000, 0x0000000715400000|  0%| F|  |TAMS 0x0000000715200000, 0x0000000715200000| Untracked 
| 158|0x0000000715400000, 0x0000000715400000, 0x0000000715600000|  0%| F|  |TAMS 0x0000000715400000, 0x0000000715400000| Untracked 
| 159|0x0000000715600000, 0x0000000715600000, 0x0000000715800000|  0%| F|  |TAMS 0x0000000715600000, 0x0000000715600000| Untracked 
| 160|0x0000000715800000, 0x0000000715800000, 0x0000000715a00000|  0%| F|  |TAMS 0x0000000715800000, 0x0000000715800000| Untracked 
| 161|0x0000000715a00000, 0x0000000715a00000, 0x0000000715c00000|  0%| F|  |TAMS 0x0000000715a00000, 0x0000000715a00000| Untracked 
| 162|0x0000000715c00000, 0x0000000715c00000, 0x0000000715e00000|  0%| F|  |TAMS 0x0000000715c00000, 0x0000000715c00000| Untracked 
| 163|0x0000000715e00000, 0x0000000715e00000, 0x0000000716000000|  0%| F|  |TAMS 0x0000000715e00000, 0x0000000715e00000| Untracked 
| 164|0x0000000716000000, 0x0000000716000000, 0x0000000716200000|  0%| F|  |TAMS 0x0000000716000000, 0x0000000716000000| Untracked 
| 165|0x0000000716200000, 0x0000000716200000, 0x0000000716400000|  0%| F|  |TAMS 0x0000000716200000, 0x0000000716200000| Untracked 
| 166|0x0000000716400000, 0x0000000716400000, 0x0000000716600000|  0%| F|  |TAMS 0x0000000716400000, 0x0000000716400000| Untracked 
| 167|0x0000000716600000, 0x0000000716600000, 0x0000000716800000|  0%| F|  |TAMS 0x0000000716600000, 0x0000000716600000| Untracked 
| 168|0x0000000716800000, 0x0000000716800000, 0x0000000716a00000|  0%| F|  |TAMS 0x0000000716800000, 0x0000000716800000| Untracked 
| 169|0x0000000716a00000, 0x0000000716a00000, 0x0000000716c00000|  0%| F|  |TAMS 0x0000000716a00000, 0x0000000716a00000| Untracked 
| 170|0x0000000716c00000, 0x0000000716c00000, 0x0000000716e00000|  0%| F|  |TAMS 0x0000000716c00000, 0x0000000716c00000| Untracked 
| 171|0x0000000716e00000, 0x0000000716e00000, 0x0000000717000000|  0%| F|  |TAMS 0x0000000716e00000, 0x0000000716e00000| Untracked 
| 172|0x0000000717000000, 0x0000000717000000, 0x0000000717200000|  0%| F|  |TAMS 0x0000000717000000, 0x0000000717000000| Untracked 
| 173|0x0000000717200000, 0x0000000717200000, 0x0000000717400000|  0%| F|  |TAMS 0x0000000717200000, 0x0000000717200000| Untracked 
| 174|0x0000000717400000, 0x0000000717400000, 0x0000000717600000|  0%| F|  |TAMS 0x0000000717400000, 0x0000000717400000| Untracked 
| 175|0x0000000717600000, 0x0000000717600000, 0x0000000717800000|  0%| F|  |TAMS 0x0000000717600000, 0x0000000717600000| Untracked 
| 176|0x0000000717800000, 0x0000000717800000, 0x0000000717a00000|  0%| F|  |TAMS 0x0000000717800000, 0x0000000717800000| Untracked 
| 177|0x0000000717a00000, 0x0000000717a00000, 0x0000000717c00000|  0%| F|  |TAMS 0x0000000717a00000, 0x0000000717a00000| Untracked 
| 178|0x0000000717c00000, 0x0000000717c00000, 0x0000000717e00000|  0%| F|  |TAMS 0x0000000717c00000, 0x0000000717c00000| Untracked 
| 179|0x0000000717e00000, 0x0000000717e00000, 0x0000000718000000|  0%| F|  |TAMS 0x0000000717e00000, 0x0000000717e00000| Untracked 
| 180|0x0000000718000000, 0x0000000718000000, 0x0000000718200000|  0%| F|  |TAMS 0x0000000718000000, 0x0000000718000000| Untracked 
| 181|0x0000000718200000, 0x0000000718200000, 0x0000000718400000|  0%| F|  |TAMS 0x0000000718200000, 0x0000000718200000| Untracked 
| 182|0x0000000718400000, 0x0000000718400000, 0x0000000718600000|  0%| F|  |TAMS 0x0000000718400000, 0x0000000718400000| Untracked 
| 183|0x0000000718600000, 0x0000000718600000, 0x0000000718800000|  0%| F|  |TAMS 0x0000000718600000, 0x0000000718600000| Untracked 
| 184|0x0000000718800000, 0x0000000718800000, 0x0000000718a00000|  0%| F|  |TAMS 0x0000000718800000, 0x0000000718800000| Untracked 
| 185|0x0000000718a00000, 0x0000000718a00000, 0x0000000718c00000|  0%| F|  |TAMS 0x0000000718a00000, 0x0000000718a00000| Untracked 
| 186|0x0000000718c00000, 0x0000000718e00000, 0x0000000718e00000|100%|HS|  |TAMS 0x0000000718e00000, 0x0000000718c00000| Untracked 
| 187|0x0000000718e00000, 0x0000000718e00000, 0x0000000719000000|  0%| F|  |TAMS 0x0000000718e00000, 0x0000000718e00000| Untracked 
| 188|0x0000000719000000, 0x0000000719000000, 0x0000000719200000|  0%| F|  |TAMS 0x0000000719000000, 0x0000000719000000| Untracked 
| 189|0x0000000719200000, 0x0000000719200000, 0x0000000719400000|  0%| F|  |TAMS 0x0000000719200000, 0x0000000719200000| Untracked 
| 190|0x0000000719400000, 0x0000000719400000, 0x0000000719600000|  0%| F|  |TAMS 0x0000000719400000, 0x0000000719400000| Untracked 
| 191|0x0000000719600000, 0x0000000719600000, 0x0000000719800000|  0%| F|  |TAMS 0x0000000719600000, 0x0000000719600000| Untracked 
| 192|0x0000000719800000, 0x0000000719800000, 0x0000000719a00000|  0%| F|  |TAMS 0x0000000719800000, 0x0000000719800000| Untracked 
| 193|0x0000000719a00000, 0x0000000719a00000, 0x0000000719c00000|  0%| F|  |TAMS 0x0000000719a00000, 0x0000000719a00000| Untracked 
| 194|0x0000000719c00000, 0x0000000719c00000, 0x0000000719e00000|  0%| F|  |TAMS 0x0000000719c00000, 0x0000000719c00000| Untracked 
| 195|0x0000000719e00000, 0x0000000719e00000, 0x000000071a000000|  0%| F|  |TAMS 0x0000000719e00000, 0x0000000719e00000| Untracked 
| 196|0x000000071a000000, 0x000000071a000000, 0x000000071a200000|  0%| F|  |TAMS 0x000000071a000000, 0x000000071a000000| Untracked 
| 197|0x000000071a200000, 0x000000071a200000, 0x000000071a400000|  0%| F|  |TAMS 0x000000071a200000, 0x000000071a200000| Untracked 
| 198|0x000000071a400000, 0x000000071a600000, 0x000000071a600000|100%| O|  |TAMS 0x000000071a600000, 0x000000071a400000| Untracked 
| 199|0x000000071a600000, 0x000000071a600000, 0x000000071a800000|  0%| F|  |TAMS 0x000000071a600000, 0x000000071a600000| Untracked 
| 200|0x000000071a800000, 0x000000071a800000, 0x000000071aa00000|  0%| F|  |TAMS 0x000000071a800000, 0x000000071a800000| Untracked 
| 201|0x000000071aa00000, 0x000000071aa00000, 0x000000071ac00000|  0%| F|  |TAMS 0x000000071aa00000, 0x000000071aa00000| Untracked 
| 202|0x000000071ac00000, 0x000000071ac00000, 0x000000071ae00000|  0%| F|  |TAMS 0x000000071ac00000, 0x000000071ac00000| Untracked 
| 203|0x000000071ae00000, 0x000000071ae00000, 0x000000071b000000|  0%| F|  |TAMS 0x000000071ae00000, 0x000000071ae00000| Untracked 
| 204|0x000000071b000000, 0x000000071b000000, 0x000000071b200000|  0%| F|  |TAMS 0x000000071b000000, 0x000000071b000000| Untracked 
| 205|0x000000071b200000, 0x000000071b200000, 0x000000071b400000|  0%| F|  |TAMS 0x000000071b200000, 0x000000071b200000| Untracked 
| 206|0x000000071b400000, 0x000000071b400000, 0x000000071b600000|  0%| F|  |TAMS 0x000000071b400000, 0x000000071b400000| Untracked 
| 207|0x000000071b600000, 0x000000071b600000, 0x000000071b800000|  0%| F|  |TAMS 0x000000071b600000, 0x000000071b600000| Untracked 
| 208|0x000000071b800000, 0x000000071b800000, 0x000000071ba00000|  0%| F|  |TAMS 0x000000071b800000, 0x000000071b800000| Untracked 
| 209|0x000000071ba00000, 0x000000071ba00000, 0x000000071bc00000|  0%| F|  |TAMS 0x000000071ba00000, 0x000000071ba00000| Untracked 
| 210|0x000000071bc00000, 0x000000071bc00000, 0x000000071be00000|  0%| F|  |TAMS 0x000000071bc00000, 0x000000071bc00000| Untracked 
| 211|0x000000071be00000, 0x000000071be00000, 0x000000071c000000|  0%| F|  |TAMS 0x000000071be00000, 0x000000071be00000| Untracked 
| 212|0x000000071c000000, 0x000000071c000000, 0x000000071c200000|  0%| F|  |TAMS 0x000000071c000000, 0x000000071c000000| Untracked 
| 213|0x000000071c200000, 0x000000071c200000, 0x000000071c400000|  0%| F|  |TAMS 0x000000071c200000, 0x000000071c200000| Untracked 
| 214|0x000000071c400000, 0x000000071c400000, 0x000000071c600000|  0%| F|  |TAMS 0x000000071c400000, 0x000000071c400000| Untracked 
| 215|0x000000071c600000, 0x000000071c600000, 0x000000071c800000|  0%| F|  |TAMS 0x000000071c600000, 0x000000071c600000| Untracked 
| 216|0x000000071c800000, 0x000000071c800000, 0x000000071ca00000|  0%| F|  |TAMS 0x000000071c800000, 0x000000071c800000| Untracked 
| 217|0x000000071ca00000, 0x000000071ca00000, 0x000000071cc00000|  0%| F|  |TAMS 0x000000071ca00000, 0x000000071ca00000| Untracked 
| 218|0x000000071cc00000, 0x000000071cc00000, 0x000000071ce00000|  0%| F|  |TAMS 0x000000071cc00000, 0x000000071cc00000| Untracked 
| 219|0x000000071ce00000, 0x000000071ce00000, 0x000000071d000000|  0%| F|  |TAMS 0x000000071ce00000, 0x000000071ce00000| Untracked 
| 220|0x000000071d000000, 0x000000071d000000, 0x000000071d200000|  0%| F|  |TAMS 0x000000071d000000, 0x000000071d000000| Untracked 
| 221|0x000000071d200000, 0x000000071d200000, 0x000000071d400000|  0%| F|  |TAMS 0x000000071d200000, 0x000000071d200000| Untracked 
| 222|0x000000071d400000, 0x000000071d400000, 0x000000071d600000|  0%| F|  |TAMS 0x000000071d400000, 0x000000071d400000| Untracked 
| 223|0x000000071d600000, 0x000000071d600000, 0x000000071d800000|  0%| F|  |TAMS 0x000000071d600000, 0x000000071d600000| Untracked 
| 224|0x000000071d800000, 0x000000071d800000, 0x000000071da00000|  0%| F|  |TAMS 0x000000071d800000, 0x000000071d800000| Untracked 
| 225|0x000000071da00000, 0x000000071da00000, 0x000000071dc00000|  0%| F|  |TAMS 0x000000071da00000, 0x000000071da00000| Untracked 
| 226|0x000000071dc00000, 0x000000071dc00000, 0x000000071de00000|  0%| F|  |TAMS 0x000000071dc00000, 0x000000071dc00000| Untracked 
| 227|0x000000071de00000, 0x000000071de00000, 0x000000071e000000|  0%| F|  |TAMS 0x000000071de00000, 0x000000071de00000| Untracked 
| 228|0x000000071e000000, 0x000000071e000000, 0x000000071e200000|  0%| F|  |TAMS 0x000000071e000000, 0x000000071e000000| Untracked 
| 229|0x000000071e200000, 0x000000071e200000, 0x000000071e400000|  0%| F|  |TAMS 0x000000071e200000, 0x000000071e200000| Untracked 
| 230|0x000000071e400000, 0x000000071e400000, 0x000000071e600000|  0%| F|  |TAMS 0x000000071e400000, 0x000000071e400000| Untracked 
| 231|0x000000071e600000, 0x000000071e600000, 0x000000071e800000|  0%| F|  |TAMS 0x000000071e600000, 0x000000071e600000| Untracked 
| 232|0x000000071e800000, 0x000000071e800000, 0x000000071ea00000|  0%| F|  |TAMS 0x000000071e800000, 0x000000071e800000| Untracked 
| 233|0x000000071ea00000, 0x000000071ea00000, 0x000000071ec00000|  0%| F|  |TAMS 0x000000071ea00000, 0x000000071ea00000| Untracked 
| 234|0x000000071ec00000, 0x000000071ec00000, 0x000000071ee00000|  0%| F|  |TAMS 0x000000071ec00000, 0x000000071ec00000| Untracked 
| 235|0x000000071ee00000, 0x000000071ee00000, 0x000000071f000000|  0%| F|  |TAMS 0x000000071ee00000, 0x000000071ee00000| Untracked 
| 236|0x000000071f000000, 0x000000071f000000, 0x000000071f200000|  0%| F|  |TAMS 0x000000071f000000, 0x000000071f000000| Untracked 
| 237|0x000000071f200000, 0x000000071f200000, 0x000000071f400000|  0%| F|  |TAMS 0x000000071f200000, 0x000000071f200000| Untracked 
| 238|0x000000071f400000, 0x000000071f400000, 0x000000071f600000|  0%| F|  |TAMS 0x000000071f400000, 0x000000071f400000| Untracked 
| 239|0x000000071f600000, 0x000000071f600000, 0x000000071f800000|  0%| F|  |TAMS 0x000000071f600000, 0x000000071f600000| Untracked 
| 240|0x000000071f800000, 0x000000071f800000, 0x000000071fa00000|  0%| F|  |TAMS 0x000000071f800000, 0x000000071f800000| Untracked 
| 241|0x000000071fa00000, 0x000000071fa00000, 0x000000071fc00000|  0%| F|  |TAMS 0x000000071fa00000, 0x000000071fa00000| Untracked 
| 242|0x000000071fc00000, 0x000000071fc00000, 0x000000071fe00000|  0%| F|  |TAMS 0x000000071fc00000, 0x000000071fc00000| Untracked 
| 243|0x000000071fe00000, 0x000000071fe00000, 0x0000000720000000|  0%| F|  |TAMS 0x000000071fe00000, 0x000000071fe00000| Untracked 
| 244|0x0000000720000000, 0x0000000720000000, 0x0000000720200000|  0%| F|  |TAMS 0x0000000720000000, 0x0000000720000000| Untracked 
| 245|0x0000000720200000, 0x0000000720200000, 0x0000000720400000|  0%| F|  |TAMS 0x0000000720200000, 0x0000000720200000| Untracked 
| 246|0x0000000720400000, 0x0000000720400000, 0x0000000720600000|  0%| F|  |TAMS 0x0000000720400000, 0x0000000720400000| Untracked 
| 247|0x0000000720600000, 0x0000000720600000, 0x0000000720800000|  0%| F|  |TAMS 0x0000000720600000, 0x0000000720600000| Untracked 
| 248|0x0000000720800000, 0x0000000720800000, 0x0000000720a00000|  0%| F|  |TAMS 0x0000000720800000, 0x0000000720800000| Untracked 
| 249|0x0000000720a00000, 0x0000000720a00000, 0x0000000720c00000|  0%| F|  |TAMS 0x0000000720a00000, 0x0000000720a00000| Untracked 
| 250|0x0000000720c00000, 0x0000000720c00000, 0x0000000720e00000|  0%| F|  |TAMS 0x0000000720c00000, 0x0000000720c00000| Untracked 
| 251|0x0000000720e00000, 0x0000000720e00000, 0x0000000721000000|  0%| F|  |TAMS 0x0000000720e00000, 0x0000000720e00000| Untracked 
| 252|0x0000000721000000, 0x0000000721000000, 0x0000000721200000|  0%| F|  |TAMS 0x0000000721000000, 0x0000000721000000| Untracked 
| 253|0x0000000721200000, 0x0000000721200000, 0x0000000721400000|  0%| F|  |TAMS 0x0000000721200000, 0x0000000721200000| Untracked 
| 254|0x0000000721400000, 0x0000000721400000, 0x0000000721600000|  0%| F|  |TAMS 0x0000000721400000, 0x0000000721400000| Untracked 
| 255|0x0000000721600000, 0x0000000721600000, 0x0000000721800000|  0%| F|  |TAMS 0x0000000721600000, 0x0000000721600000| Untracked 
| 256|0x0000000721800000, 0x0000000721800000, 0x0000000721a00000|  0%| F|  |TAMS 0x0000000721800000, 0x0000000721800000| Untracked 
| 257|0x0000000721a00000, 0x0000000721a00000, 0x0000000721c00000|  0%| F|  |TAMS 0x0000000721a00000, 0x0000000721a00000| Untracked 
| 258|0x0000000721c00000, 0x0000000721c00000, 0x0000000721e00000|  0%| F|  |TAMS 0x0000000721c00000, 0x0000000721c00000| Untracked 
| 259|0x0000000721e00000, 0x0000000721e00000, 0x0000000722000000|  0%| F|  |TAMS 0x0000000721e00000, 0x0000000721e00000| Untracked 
| 260|0x0000000722000000, 0x0000000722000000, 0x0000000722200000|  0%| F|  |TAMS 0x0000000722000000, 0x0000000722000000| Untracked 
| 261|0x0000000722200000, 0x0000000722200000, 0x0000000722400000|  0%| F|  |TAMS 0x0000000722200000, 0x0000000722200000| Untracked 
| 262|0x0000000722400000, 0x0000000722400000, 0x0000000722600000|  0%| F|  |TAMS 0x0000000722400000, 0x0000000722400000| Untracked 
| 263|0x0000000722600000, 0x0000000722600000, 0x0000000722800000|  0%| F|  |TAMS 0x0000000722600000, 0x0000000722600000| Untracked 
| 264|0x0000000722800000, 0x0000000722800000, 0x0000000722a00000|  0%| F|  |TAMS 0x0000000722800000, 0x0000000722800000| Untracked 
| 265|0x0000000722a00000, 0x0000000722a00000, 0x0000000722c00000|  0%| F|  |TAMS 0x0000000722a00000, 0x0000000722a00000| Untracked 
| 266|0x0000000722c00000, 0x0000000722c00000, 0x0000000722e00000|  0%| F|  |TAMS 0x0000000722c00000, 0x0000000722c00000| Untracked 
| 267|0x0000000722e00000, 0x0000000722e00000, 0x0000000723000000|  0%| F|  |TAMS 0x0000000722e00000, 0x0000000722e00000| Untracked 
| 268|0x0000000723000000, 0x0000000723000000, 0x0000000723200000|  0%| F|  |TAMS 0x0000000723000000, 0x0000000723000000| Untracked 
| 269|0x0000000723200000, 0x0000000723200000, 0x0000000723400000|  0%| F|  |TAMS 0x0000000723200000, 0x0000000723200000| Untracked 
| 270|0x0000000723400000, 0x0000000723400000, 0x0000000723600000|  0%| F|  |TAMS 0x0000000723400000, 0x0000000723400000| Untracked 
| 271|0x0000000723600000, 0x0000000723600000, 0x0000000723800000|  0%| F|  |TAMS 0x0000000723600000, 0x0000000723600000| Untracked 
| 272|0x0000000723800000, 0x0000000723800000, 0x0000000723a00000|  0%| F|  |TAMS 0x0000000723800000, 0x0000000723800000| Untracked 
| 273|0x0000000723a00000, 0x0000000723a00000, 0x0000000723c00000|  0%| F|  |TAMS 0x0000000723a00000, 0x0000000723a00000| Untracked 
| 274|0x0000000723c00000, 0x0000000723c00000, 0x0000000723e00000|  0%| F|  |TAMS 0x0000000723c00000, 0x0000000723c00000| Untracked 
| 275|0x0000000723e00000, 0x0000000723e00000, 0x0000000724000000|  0%| F|  |TAMS 0x0000000723e00000, 0x0000000723e00000| Untracked 
| 276|0x0000000724000000, 0x0000000724000000, 0x0000000724200000|  0%| F|  |TAMS 0x0000000724000000, 0x0000000724000000| Untracked 
| 277|0x0000000724200000, 0x0000000724200000, 0x0000000724400000|  0%| F|  |TAMS 0x0000000724200000, 0x0000000724200000| Untracked 
| 278|0x0000000724400000, 0x0000000724400000, 0x0000000724600000|  0%| F|  |TAMS 0x0000000724400000, 0x0000000724400000| Untracked 
| 279|0x0000000724600000, 0x0000000724600000, 0x0000000724800000|  0%| F|  |TAMS 0x0000000724600000, 0x0000000724600000| Untracked 
| 280|0x0000000724800000, 0x0000000724800000, 0x0000000724a00000|  0%| F|  |TAMS 0x0000000724800000, 0x0000000724800000| Untracked 
| 281|0x0000000724a00000, 0x0000000724a00000, 0x0000000724c00000|  0%| F|  |TAMS 0x0000000724a00000, 0x0000000724a00000| Untracked 
| 282|0x0000000724c00000, 0x0000000724c00000, 0x0000000724e00000|  0%| F|  |TAMS 0x0000000724c00000, 0x0000000724c00000| Untracked 
| 283|0x0000000724e00000, 0x0000000724e00000, 0x0000000725000000|  0%| F|  |TAMS 0x0000000724e00000, 0x0000000724e00000| Untracked 
| 284|0x0000000725000000, 0x0000000725000000, 0x0000000725200000|  0%| F|  |TAMS 0x0000000725000000, 0x0000000725000000| Untracked 
| 285|0x0000000725200000, 0x0000000725200000, 0x0000000725400000|  0%| F|  |TAMS 0x0000000725200000, 0x0000000725200000| Untracked 
| 286|0x0000000725400000, 0x0000000725400000, 0x0000000725600000|  0%| F|  |TAMS 0x0000000725400000, 0x0000000725400000| Untracked 
| 287|0x0000000725600000, 0x0000000725600000, 0x0000000725800000|  0%| F|  |TAMS 0x0000000725600000, 0x0000000725600000| Untracked 
| 288|0x0000000725800000, 0x0000000725800000, 0x0000000725a00000|  0%| F|  |TAMS 0x0000000725800000, 0x0000000725800000| Untracked 
| 289|0x0000000725a00000, 0x0000000725a00000, 0x0000000725c00000|  0%| F|  |TAMS 0x0000000725a00000, 0x0000000725a00000| Untracked 
| 290|0x0000000725c00000, 0x0000000725ccbbb0, 0x0000000725e00000| 39%| S|CS|TAMS 0x0000000725c00000, 0x0000000725c00000| Complete 
| 291|0x0000000725e00000, 0x0000000726000000, 0x0000000726000000|100%| S|CS|TAMS 0x0000000725e00000, 0x0000000725e00000| Complete 
| 292|0x0000000726000000, 0x0000000726000000, 0x0000000726200000|  0%| F|  |TAMS 0x0000000726000000, 0x0000000726000000| Untracked 
| 293|0x0000000726200000, 0x0000000726200000, 0x0000000726400000|  0%| F|  |TAMS 0x0000000726200000, 0x0000000726200000| Untracked 
| 294|0x0000000726400000, 0x0000000726400000, 0x0000000726600000|  0%| F|  |TAMS 0x0000000726400000, 0x0000000726400000| Untracked 
| 295|0x0000000726600000, 0x0000000726600000, 0x0000000726800000|  0%| F|  |TAMS 0x0000000726600000, 0x0000000726600000| Untracked 
| 296|0x0000000726800000, 0x0000000726800000, 0x0000000726a00000|  0%| F|  |TAMS 0x0000000726800000, 0x0000000726800000| Untracked 
| 297|0x0000000726a00000, 0x0000000726a00000, 0x0000000726c00000|  0%| F|  |TAMS 0x0000000726a00000, 0x0000000726a00000| Untracked 
| 298|0x0000000726c00000, 0x0000000726c00000, 0x0000000726e00000|  0%| F|  |TAMS 0x0000000726c00000, 0x0000000726c00000| Untracked 
| 299|0x0000000726e00000, 0x0000000726e00000, 0x0000000727000000|  0%| F|  |TAMS 0x0000000726e00000, 0x0000000726e00000| Untracked 
| 300|0x0000000727000000, 0x0000000727000000, 0x0000000727200000|  0%| F|  |TAMS 0x0000000727000000, 0x0000000727000000| Untracked 
| 301|0x0000000727200000, 0x0000000727200000, 0x0000000727400000|  0%| F|  |TAMS 0x0000000727200000, 0x0000000727200000| Untracked 
| 302|0x0000000727400000, 0x0000000727400000, 0x0000000727600000|  0%| F|  |TAMS 0x0000000727400000, 0x0000000727400000| Untracked 
| 303|0x0000000727600000, 0x0000000727600000, 0x0000000727800000|  0%| F|  |TAMS 0x0000000727600000, 0x0000000727600000| Untracked 
| 304|0x0000000727800000, 0x00000007279b2ae8, 0x0000000727a00000| 84%| E|  |TAMS 0x0000000727800000, 0x0000000727800000| Complete 
| 305|0x0000000727a00000, 0x0000000727c00000, 0x0000000727c00000|100%| E|CS|TAMS 0x0000000727a00000, 0x0000000727a00000| Complete 
| 306|0x0000000727c00000, 0x0000000727e00000, 0x0000000727e00000|100%| E|CS|TAMS 0x0000000727c00000, 0x0000000727c00000| Complete 
| 307|0x0000000727e00000, 0x0000000728000000, 0x0000000728000000|100%| E|CS|TAMS 0x0000000727e00000, 0x0000000727e00000| Complete 
| 308|0x0000000728000000, 0x0000000728200000, 0x0000000728200000|100%| E|CS|TAMS 0x0000000728000000, 0x0000000728000000| Complete 
| 309|0x0000000728200000, 0x0000000728400000, 0x0000000728400000|100%| E|CS|TAMS 0x0000000728200000, 0x0000000728200000| Complete 
| 310|0x0000000728400000, 0x0000000728600000, 0x0000000728600000|100%| E|CS|TAMS 0x0000000728400000, 0x0000000728400000| Complete 
| 311|0x0000000728600000, 0x0000000728800000, 0x0000000728800000|100%| E|CS|TAMS 0x0000000728600000, 0x0000000728600000| Complete 
| 312|0x0000000728800000, 0x0000000728a00000, 0x0000000728a00000|100%| E|CS|TAMS 0x0000000728800000, 0x0000000728800000| Complete 
| 313|0x0000000728a00000, 0x0000000728c00000, 0x0000000728c00000|100%| E|CS|TAMS 0x0000000728a00000, 0x0000000728a00000| Complete 
| 314|0x0000000728c00000, 0x0000000728e00000, 0x0000000728e00000|100%| E|CS|TAMS 0x0000000728c00000, 0x0000000728c00000| Complete 
| 315|0x0000000728e00000, 0x0000000729000000, 0x0000000729000000|100%| E|CS|TAMS 0x0000000728e00000, 0x0000000728e00000| Complete 
| 316|0x0000000729000000, 0x0000000729200000, 0x0000000729200000|100%| E|CS|TAMS 0x0000000729000000, 0x0000000729000000| Complete 
| 317|0x0000000729200000, 0x0000000729400000, 0x0000000729400000|100%| E|CS|TAMS 0x0000000729200000, 0x0000000729200000| Complete 
| 318|0x0000000729400000, 0x0000000729600000, 0x0000000729600000|100%| E|CS|TAMS 0x0000000729400000, 0x0000000729400000| Complete 
| 319|0x0000000729600000, 0x0000000729800000, 0x0000000729800000|100%| E|CS|TAMS 0x0000000729600000, 0x0000000729600000| Complete 
| 320|0x0000000729800000, 0x0000000729a00000, 0x0000000729a00000|100%| E|CS|TAMS 0x0000000729800000, 0x0000000729800000| Complete 
| 321|0x0000000729a00000, 0x0000000729c00000, 0x0000000729c00000|100%| E|CS|TAMS 0x0000000729a00000, 0x0000000729a00000| Complete 
| 322|0x0000000729c00000, 0x0000000729e00000, 0x0000000729e00000|100%| E|CS|TAMS 0x0000000729c00000, 0x0000000729c00000| Complete 
| 323|0x0000000729e00000, 0x000000072a000000, 0x000000072a000000|100%| E|CS|TAMS 0x0000000729e00000, 0x0000000729e00000| Complete 
| 324|0x000000072a000000, 0x000000072a200000, 0x000000072a200000|100%| E|CS|TAMS 0x000000072a000000, 0x000000072a000000| Complete 
| 325|0x000000072a200000, 0x000000072a400000, 0x000000072a400000|100%| E|CS|TAMS 0x000000072a200000, 0x000000072a200000| Complete 
| 326|0x000000072a400000, 0x000000072a600000, 0x000000072a600000|100%| E|CS|TAMS 0x000000072a400000, 0x000000072a400000| Complete 
| 327|0x000000072a600000, 0x000000072a800000, 0x000000072a800000|100%| E|CS|TAMS 0x000000072a600000, 0x000000072a600000| Complete 
| 328|0x000000072a800000, 0x000000072aa00000, 0x000000072aa00000|100%| E|CS|TAMS 0x000000072a800000, 0x000000072a800000| Complete 
| 329|0x000000072aa00000, 0x000000072ac00000, 0x000000072ac00000|100%| E|CS|TAMS 0x000000072aa00000, 0x000000072aa00000| Complete 

Card table byte_map: [0x0000017f80000000,0x0000017f80800000] _byte_map_base: 0x0000017f7c7f4000

Marking Bits (Prev, Next): (CMBitMap*) 0x0000017fe79c0890, (CMBitMap*) 0x0000017fe79c0850
 Prev Bits: [0x0000017f84fa0000, 0x0000017f88f40000)
 Next Bits: [0x0000017f81000000, 0x0000017f84fa0000)

Polling page: 0x0000017fde430000

Metaspace:

Usage:
  Non-class:     76.67 MB used.
      Class:     11.52 MB used.
       Both:     88.19 MB used.

Virtual space:
  Non-class space:      128.00 MB reserved,      77.38 MB ( 60%) committed,  2 nodes.
      Class space:        1.00 GB reserved,      12.06 MB (  1%) committed,  1 nodes.
             Both:        1.12 GB reserved,      89.44 MB (  8%) committed. 

Chunk freelists:
   Non-Class:  3.08 MB
       Class:  4.27 MB
        Both:  7.35 MB

MaxMetaspaceSize: unlimited
CompressedClassSpaceSize: 1.00 GB
Initial GC threshold: 21.00 MB
Current GC threshold: 148.88 MB
CDS: on
MetaspaceReclaimPolicy: balanced
 - commit_granule_bytes: 65536.
 - commit_granule_words: 8192.
 - virtual_space_node_default_size: 8388608.
 - enlarge_chunks_in_place: 1.
 - new_chunks_are_fully_committed: 0.
 - uncommit_free_chunks: 1.
 - use_allocation_guard: 0.
 - handle_deallocations: 1.


Internal statistics:

num_allocs_failed_limit: 6.
num_arena_births: 1356.
num_arena_deaths: 800.
num_vsnodes_births: 3.
num_vsnodes_deaths: 0.
num_space_committed: 1425.
num_space_uncommitted: 0.
num_chunks_returned_to_freelist: 938.
num_chunks_taken_from_freelist: 3893.
num_chunk_merges: 393.
num_chunk_splits: 2815.
num_chunks_enlarged: 2079.
num_inconsistent_stats: 0.

CodeHeap 'non-profiled nmethods': size=120000Kb used=30285Kb max_used=30302Kb free=89714Kb
 bounds [0x0000017ff87c0000, 0x0000017ffa590000, 0x0000017fffcf0000]
CodeHeap 'profiled nmethods': size=120000Kb used=41553Kb max_used=42464Kb free=78446Kb
 bounds [0x0000017ff0cf0000, 0x0000017ff3690000, 0x0000017ff8220000]
CodeHeap 'non-nmethods': size=5760Kb used=1695Kb max_used=1799Kb free=4064Kb
 bounds [0x0000017ff8220000, 0x0000017ff8490000, 0x0000017ff87c0000]
 total_blobs=21706 nmethods=20579 adapters=1032
 compilation: enabled
              stopped_count=0, restarted_count=0
 full_count=0

Compilation events (20 events):
Event: 6234.990 Thread 0x0000017fe90edb70 28027       4       java.awt.geom.RoundRectangle2D::getPathIterator (10 bytes)
Event: 6234.998 Thread 0x0000017fe90edb70 nmethod 28027 0x0000017ff9e2b410 code [0x0000017ff9e2b5e0, 0x0000017ff9e2ba38]
Event: 6234.998 Thread 0x0000017fe90edb70 28028       4       java.awt.geom.RoundRectIterator::<init> (104 bytes)
Event: 6235.003 Thread 0x0000017fe90edb70 nmethod 28028 0x0000017ff9e2ac10 code [0x0000017ff9e2ade0, 0x0000017ff9e2b238]
Event: 6236.218 Thread 0x0000017fe90ef480 28029       3       javax.swing.Timer::setDelay (12 bytes)
Event: 6236.219 Thread 0x0000017fe90ef480 nmethod 28029 0x0000017ff1a90690 code [0x0000017ff1a90860, 0x0000017ff1a90b58]
Event: 6236.800 Thread 0x0000017fe90edb70 28030       4       com.jidesoft.plaf.basic.BasicJideTabbedPaneUI::tabForCoordinate (446 bytes)
Event: 6236.903 Thread 0x0000017fe90ef480 28031       3       javax.swing.plaf.synth.SynthButtonUI::getSynthDisabledIcon (17 bytes)
Event: 6236.904 Thread 0x0000017fe90ef480 nmethod 28031 0x0000017ff1aaeb10 code [0x0000017ff1aaecc0, 0x0000017ff1aaefa8]
Event: 6236.998 Thread 0x0000017fe90edb70 nmethod 28030 0x0000017ff9221010 code [0x0000017ff9221260, 0x0000017ff9222a08]
Event: 6241.237 Thread 0x0000017fe90ef480 28033       3       com.jidesoft.docking.DockingUtils::e (64 bytes)
Event: 6241.238 Thread 0x0000017fe90ef480 nmethod 28033 0x0000017ff1533910 code [0x0000017ff1533b20, 0x0000017ff1534418]
Event: 6241.238 Thread 0x0000017fe90ef480 28032   !   3       com.jidesoft.docking.DefaultDockingManager::a (69 bytes)
Event: 6241.239 Thread 0x0000017fe90ef480 nmethod 28032 0x0000017ff297e310 code [0x0000017ff297e500, 0x0000017ff297ea78]
Event: 6241.326 Thread 0x0000017fe90ef480 28034   !   3       com.jidesoft.docking.DefaultDockingManager::v (364 bytes)
Event: 6241.330 Thread 0x0000017fe90ef480 nmethod 28034 0x0000017ff1a31010 code [0x0000017ff1a315a0, 0x0000017ff1a35758]
Event: 6241.597 Thread 0x0000017fe90edb70 28035       4       de.javasoft.plaf.synthetica.styles.MenuItemAcceleratorStyle::getStyle (33 bytes)
Event: 6241.642 Thread 0x0000017fe90edb70 nmethod 28035 0x0000017ff94b0b90 code [0x0000017ff94b0d80, 0x0000017ff94b17e8]
Event: 6251.387 Thread 0x0000017fe90edb70 28036       4       javax.swing.tree.DefaultMutableTreeNode::getIndex (33 bytes)
Event: 6251.410 Thread 0x0000017fe90edb70 nmethod 28036 0x0000017ff94b0310 code [0x0000017ff94b04a0, 0x0000017ff94b0938]

GC Heap History (20 events):
Event: 6233.822 GC heap before
{Heap before GC invocations=672 (full 44):
 garbage-first heap   total 1341440K, used 479669K [0x0000000701800000, 0x0000000800000000)
  region size 2048K, 40 young (81920K), 5 survivors (10240K)
 Metaspace       used 90289K, committed 91584K, reserved 1179648K
  class space    used 11792K, committed 12352K, reserved 1048576K
}
Event: 6233.832 GC heap after
{Heap after GC invocations=673 (full 44):
 garbage-first heap   total 1341440K, used 408104K [0x0000000701800000, 0x0000000800000000)
  region size 2048K, 1 young (2048K), 1 survivors (2048K)
 Metaspace       used 90289K, committed 91584K, reserved 1179648K
  class space    used 11792K, committed 12352K, reserved 1048576K
}
Event: 6234.306 GC heap before
{Heap before GC invocations=673 (full 44):
 garbage-first heap   total 1341440K, used 432680K [0x0000000701800000, 0x0000000800000000)
  region size 2048K, 14 young (28672K), 1 survivors (2048K)
 Metaspace       used 90292K, committed 91584K, reserved 1179648K
  class space    used 11792K, committed 12352K, reserved 1048576K
}
Event: 6234.819 GC heap after
{Heap after GC invocations=674 (full 45):
 garbage-first heap   total 675840K, used 194293K [0x0000000701800000, 0x0000000800000000)
  region size 2048K, 0 young (0K), 0 survivors (0K)
 Metaspace       used 90292K, committed 91584K, reserved 1179648K
  class space    used 11792K, committed 12352K, reserved 1048576K
}
Event: 6241.336 GC heap before
{Heap before GC invocations=674 (full 45):
 garbage-first heap   total 675840K, used 276213K [0x0000000701800000, 0x0000000800000000)
  region size 2048K, 40 young (81920K), 0 survivors (0K)
 Metaspace       used 90306K, committed 91584K, reserved 1179648K
  class space    used 11792K, committed 12352K, reserved 1048576K
}
Event: 6241.341 GC heap after
{Heap after GC invocations=675 (full 45):
 garbage-first heap   total 675840K, used 195693K [0x0000000701800000, 0x0000000800000000)
  region size 2048K, 1 young (2048K), 1 survivors (2048K)
 Metaspace       used 90306K, committed 91584K, reserved 1179648K
  class space    used 11792K, committed 12352K, reserved 1048576K
}
Event: 6245.267 GC heap before
{Heap before GC invocations=675 (full 45):
 garbage-first heap   total 675840K, used 275565K [0x0000000701800000, 0x0000000800000000)
  region size 2048K, 40 young (81920K), 1 survivors (2048K)
 Metaspace       used 90306K, committed 91584K, reserved 1179648K
  class space    used 11792K, committed 12352K, reserved 1048576K
}
Event: 6245.271 GC heap after
{Heap after GC invocations=676 (full 45):
 garbage-first heap   total 675840K, used 197375K [0x0000000701800000, 0x0000000800000000)
  region size 2048K, 2 young (4096K), 2 survivors (4096K)
 Metaspace       used 90306K, committed 91584K, reserved 1179648K
  class space    used 11792K, committed 12352K, reserved 1048576K
}
Event: 6252.393 GC heap before
{Heap before GC invocations=676 (full 45):
 garbage-first heap   total 675840K, used 275199K [0x0000000701800000, 0x0000000800000000)
  region size 2048K, 40 young (81920K), 2 survivors (4096K)
 Metaspace       used 90306K, committed 91584K, reserved 1179648K
  class space    used 11792K, committed 12352K, reserved 1048576K
}
Event: 6252.472 GC heap after
{Heap after GC invocations=677 (full 45):
 garbage-first heap   total 675840K, used 212743K [0x0000000701800000, 0x0000000800000000)
  region size 2048K, 5 young (10240K), 5 survivors (10240K)
 Metaspace       used 90306K, committed 91584K, reserved 1179648K
  class space    used 11792K, committed 12352K, reserved 1048576K
}
Event: 6256.925 GC heap before
{Heap before GC invocations=677 (full 45):
 garbage-first heap   total 675840K, used 296711K [0x0000000701800000, 0x0000000800000000)
  region size 2048K, 40 young (81920K), 5 survivors (10240K)
 Metaspace       used 90306K, committed 91584K, reserved 1179648K
  class space    used 11792K, committed 12352K, reserved 1048576K
}
Event: 6257.071 GC heap after
{Heap after GC invocations=678 (full 45):
 garbage-first heap   total 675840K, used 235369K [0x0000000701800000, 0x0000000800000000)
  region size 2048K, 5 young (10240K), 5 survivors (10240K)
 Metaspace       used 90306K, committed 91584K, reserved 1179648K
  class space    used 11792K, committed 12352K, reserved 1048576K
}
Event: 6258.681 GC heap before
{Heap before GC invocations=678 (full 45):
 garbage-first heap   total 675840K, used 323433K [0x0000000701800000, 0x0000000800000000)
  region size 2048K, 40 young (81920K), 5 survivors (10240K)
 Metaspace       used 90306K, committed 91584K, reserved 1179648K
  class space    used 11792K, committed 12352K, reserved 1048576K
}
Event: 6258.737 GC heap after
{Heap after GC invocations=679 (full 45):
 garbage-first heap   total 675840K, used 241688K [0x0000000701800000, 0x0000000800000000)
  region size 2048K, 3 young (6144K), 3 survivors (6144K)
 Metaspace       used 90306K, committed 91584K, reserved 1179648K
  class space    used 11792K, committed 12352K, reserved 1048576K
}
Event: 6259.992 GC heap before
{Heap before GC invocations=679 (full 45):
 garbage-first heap   total 675840K, used 321560K [0x0000000701800000, 0x0000000800000000)
  region size 2048K, 40 young (81920K), 3 survivors (6144K)
 Metaspace       used 90306K, committed 91584K, reserved 1179648K
  class space    used 11792K, committed 12352K, reserved 1048576K
}
Event: 6260.011 GC heap after
{Heap after GC invocations=680 (full 45):
 garbage-first heap   total 675840K, used 243527K [0x0000000701800000, 0x0000000800000000)
  region size 2048K, 2 young (4096K), 2 survivors (4096K)
 Metaspace       used 90306K, committed 91584K, reserved 1179648K
  class space    used 11792K, committed 12352K, reserved 1048576K
}
Event: 6261.211 GC heap before
{Heap before GC invocations=680 (full 45):
 garbage-first heap   total 675840K, used 321351K [0x0000000701800000, 0x0000000800000000)
  region size 2048K, 40 young (81920K), 2 survivors (4096K)
 Metaspace       used 90306K, committed 91584K, reserved 1179648K
  class space    used 11792K, committed 12352K, reserved 1048576K
}
Event: 6261.227 GC heap after
{Heap after GC invocations=681 (full 45):
 garbage-first heap   total 675840K, used 243682K [0x0000000701800000, 0x0000000800000000)
  region size 2048K, 2 young (4096K), 2 survivors (4096K)
 Metaspace       used 90306K, committed 91584K, reserved 1179648K
  class space    used 11792K, committed 12352K, reserved 1048576K
}
Event: 6262.507 GC heap before
{Heap before GC invocations=681 (full 45):
 garbage-first heap   total 675840K, used 321506K [0x0000000701800000, 0x0000000800000000)
  region size 2048K, 40 young (81920K), 2 survivors (4096K)
 Metaspace       used 90306K, committed 91584K, reserved 1179648K
  class space    used 11792K, committed 12352K, reserved 1048576K
}
Event: 6262.518 GC heap after
{Heap after GC invocations=682 (full 45):
 garbage-first heap   total 675840K, used 243905K [0x0000000701800000, 0x0000000800000000)
  region size 2048K, 2 young (4096K), 2 survivors (4096K)
 Metaspace       used 90306K, committed 91584K, reserved 1179648K
  class space    used 11792K, committed 12352K, reserved 1048576K
}

Dll operation events (20 events):
Event: 1.678 Loaded shared library D:\Vivado\2023.2\lib\win64.o\librdi_ipservicestasks.dll
Event: 1.684 Loaded shared library D:\Vivado\2023.2\lib\win64.o\librdi_vivadotasks.dll
Event: 1.687 Loaded shared library D:\Vivado\2023.2\lib\win64.o\librdi_board.dll
Event: 1.689 Loaded shared library D:\Vivado\2023.2\lib\win64.o\librdi_boarddep.dll
Event: 1.693 Loaded shared library D:\Vivado\2023.2\lib\win64.o\librdi_boardcommontasks.dll
Event: 1.695 Loaded shared library D:\Vivado\2023.2\lib\win64.o\librdi_ptgen.dll
Event: 1.696 Loaded shared library D:\Vivado\2023.2\lib\win64.o\librdi_ip.dll
Event: 1.697 Loaded shared library D:\Vivado\2023.2\lib\win64.o\librdi_mig.dll
Event: 1.700 Loaded shared library D:\Vivado\2023.2\lib\win64.o\librdi_implflow.dll
Event: 1.702 Loaded shared library D:\Vivado\2023.2\lib\win64.o\librdi_xhubtasks.dll
Event: 1.716 Loaded shared library D:\Vivado\2023.2\lib\win64.o\librdi_iptasks.dll
Event: 1.718 Loaded shared library D:\Vivado\2023.2\lib\win64.o\librdi_synth.dll
Event: 3.759 Loaded shared library D:\Vivado\2023.2\tps\win64\jre17.0.7_7\bin\verify.dll
Event: 4.092 Loaded shared library D:\Vivado\2023.2\tps\win64\jre17.0.7_7\bin\javajpeg.dll
Event: 4.100 Loaded shared library D:\Vivado\2023.2\tps\win64\jre17.0.7_7\bin\lcms.dll
Event: 4.561 Loaded shared library D:\Vivado\2023.2\tps\win64\jre17.0.7_7\bin\freetype.dll
Event: 4.563 Loaded shared library D:\Vivado\2023.2\tps\win64\jre17.0.7_7\bin\fontmanager.dll
Event: 9.924 Loaded shared library D:\Vivado\2023.2\lib\win64.o\librdi_xhub.dll
Event: 16.708 Loaded shared library D:\Vivado\2023.2\tps\win64\jre17.0.7_7\bin\management.dll
Event: 16.724 Loaded shared library D:\Vivado\2023.2\tps\win64\jre17.0.7_7\bin\management_ext.dll

Deoptimization events (20 events):
Event: 6019.645 Thread 0x0000017f90ea8010 Uncommon trap: trap_request=0xffffffde fr.pc=0x0000017ff95aebdc relative=0x00000000000010dc
Event: 6019.645 Thread 0x0000017f90ea8010 Uncommon trap: reason=class_check action=maybe_recompile pc=0x0000017ff95aebdc method=javax.swing.plaf.synth.SynthButtonUI.getComponentState(Ljavax/swing/JComponent;)I @ 48 c2
Event: 6019.645 Thread 0x0000017f90ea8010 DEOPT PACKING pc=0x0000017ff95aebdc sp=0x000000512fcfb5c0
Event: 6019.645 Thread 0x0000017f90ea8010 DEOPT UNPACKING pc=0x0000017ff82769a3 sp=0x000000512fcfb510 mode 2
Event: 6019.660 Thread 0x0000017f90ea8010 Uncommon trap: trap_request=0xffffffde fr.pc=0x0000017ff95aebdc relative=0x00000000000010dc
Event: 6019.660 Thread 0x0000017f90ea8010 Uncommon trap: reason=class_check action=maybe_recompile pc=0x0000017ff95aebdc method=javax.swing.plaf.synth.SynthButtonUI.getComponentState(Ljavax/swing/JComponent;)I @ 48 c2
Event: 6019.660 Thread 0x0000017f90ea8010 DEOPT PACKING pc=0x0000017ff95aebdc sp=0x000000512fcfb740
Event: 6019.660 Thread 0x0000017f90ea8010 DEOPT UNPACKING pc=0x0000017ff82769a3 sp=0x000000512fcfb690 mode 2
Event: 6019.660 Thread 0x0000017f90ea8010 Uncommon trap: trap_request=0xffffffde fr.pc=0x0000017ff972a9a0 relative=0x0000000000000780
Event: 6019.660 Thread 0x0000017f90ea8010 Uncommon trap: reason=class_check action=maybe_recompile pc=0x0000017ff972a9a0 method=javax.swing.plaf.synth.SynthButtonUI.getComponentState(Ljavax/swing/JComponent;)I @ 48 c2
Event: 6019.660 Thread 0x0000017f90ea8010 DEOPT PACKING pc=0x0000017ff972a9a0 sp=0x000000512fcfb6d0
Event: 6019.661 Thread 0x0000017f90ea8010 DEOPT UNPACKING pc=0x0000017ff82769a3 sp=0x000000512fcfb698 mode 2
Event: 6174.035 Thread 0x0000017f90ea8010 DEOPT PACKING pc=0x0000017ff277aca4 sp=0x000000512fcfef00
Event: 6174.035 Thread 0x0000017f90ea8010 DEOPT UNPACKING pc=0x0000017ff8277143 sp=0x000000512fcfe420 mode 0
Event: 6187.905 Thread 0x0000017f90ea8010 DEOPT PACKING pc=0x0000017ff3168c36 sp=0x000000512fcfeb70
Event: 6187.906 Thread 0x0000017f90ea8010 DEOPT UNPACKING pc=0x0000017ff8277143 sp=0x000000512fcfe078 mode 0
Event: 6262.194 Thread 0x0000017f90ea8010 Uncommon trap: trap_request=0xffffff45 fr.pc=0x0000017ff9a52360 relative=0x00000000000004a0
Event: 6262.194 Thread 0x0000017f90ea8010 Uncommon trap: reason=unstable_if action=reinterpret pc=0x0000017ff9a52360 method=ui.data.common.J.beP()V @ 106 c2
Event: 6262.194 Thread 0x0000017f90ea8010 DEOPT PACKING pc=0x0000017ff9a52360 sp=0x000000512fcfefb0
Event: 6262.194 Thread 0x0000017f90ea8010 DEOPT UNPACKING pc=0x0000017ff82769a3 sp=0x000000512fcfef50 mode 2

Classes unloaded (20 events):
Event: 5151.165 Thread 0x0000017fe89b1850 Unloading class 0x0000000801c06000 'java/lang/invoke/LambdaForm$MH+0x0000000801c06000'
Event: 5151.165 Thread 0x0000017fe89b1850 Unloading class 0x0000000801c05c00 'java/lang/invoke/LambdaForm$MH+0x0000000801c05c00'
Event: 5151.165 Thread 0x0000017fe89b1850 Unloading class 0x0000000801c05800 'java/lang/invoke/LambdaForm$MH+0x0000000801c05800'
Event: 5151.165 Thread 0x0000017fe89b1850 Unloading class 0x0000000801c05400 'java/lang/invoke/LambdaForm$MH+0x0000000801c05400'
Event: 5151.165 Thread 0x0000017fe89b1850 Unloading class 0x0000000801aa0400 'java/lang/invoke/LambdaForm$MH+0x0000000801aa0400'
Event: 5151.165 Thread 0x0000017fe89b1850 Unloading class 0x0000000801aa0000 'java/lang/invoke/LambdaForm$MH+0x0000000801aa0000'
Event: 5181.928 Thread 0x0000017fe89b1850 Unloading class 0x0000000801013400 'java/lang/invoke/LambdaForm$MH+0x0000000801013400'
Event: 5181.928 Thread 0x0000017fe89b1850 Unloading class 0x0000000801013000 'java/lang/invoke/LambdaForm$MH+0x0000000801013000'
Event: 5524.650 Thread 0x0000017fe89b1850 Unloading class 0x0000000801a5ec00 'java/lang/invoke/LambdaForm$MH+0x0000000801a5ec00'
Event: 5524.650 Thread 0x0000017fe89b1850 Unloading class 0x0000000801a5e800 'java/lang/invoke/LambdaForm$MH+0x0000000801a5e800'
Event: 5524.650 Thread 0x0000017fe89b1850 Unloading class 0x0000000801a5e400 'java/lang/invoke/LambdaForm$MH+0x0000000801a5e400'
Event: 5524.650 Thread 0x0000017fe89b1850 Unloading class 0x0000000801a5e000 'java/lang/invoke/LambdaForm$MH+0x0000000801a5e000'
Event: 5524.650 Thread 0x0000017fe89b1850 Unloading class 0x0000000801a5dc00 'java/lang/invoke/LambdaForm$MH+0x0000000801a5dc00'
Event: 5524.650 Thread 0x0000017fe89b1850 Unloading class 0x0000000801a5d800 'java/lang/invoke/LambdaForm$MH+0x0000000801a5d800'
Event: 5524.650 Thread 0x0000017fe89b1850 Unloading class 0x0000000801a5d400 'java/lang/invoke/LambdaForm$MH+0x0000000801a5d400'
Event: 5524.650 Thread 0x0000017fe89b1850 Unloading class 0x0000000801a5d000 'java/lang/invoke/LambdaForm$MH+0x0000000801a5d000'
Event: 5524.650 Thread 0x0000017fe89b1850 Unloading class 0x0000000801a5cc00 'java/lang/invoke/LambdaForm$MH+0x0000000801a5cc00'
Event: 5524.650 Thread 0x0000017fe89b1850 Unloading class 0x0000000801a5c800 'java/lang/invoke/LambdaForm$MH+0x0000000801a5c800'
Event: 5524.650 Thread 0x0000017fe89b1850 Unloading class 0x0000000801a5c400 'java/lang/invoke/LambdaForm$MH+0x0000000801a5c400'
Event: 5524.650 Thread 0x0000017fe89b1850 Unloading class 0x0000000801460000 'jdk/internal/reflect/GeneratedConstructorAccessor12'

Classes redefined (0 events):
No events

Internal exceptions (20 events):
Event: 6173.499 Thread 0x0000017f90ea8010 Exception <a 'java/io/FileNotFoundException'{0x0000000751df25c8}> (0x0000000751df25c8) 
thrown [s\src\hotspot\share\prims\jni.cpp, line 516]
Event: 6178.499 Thread 0x0000017f90ea8010 Exception <a 'java/io/FileNotFoundException'{0x0000000750c2dc00}> (0x0000000750c2dc00) 
thrown [s\src\hotspot\share\prims\jni.cpp, line 516]
Event: 6183.500 Thread 0x0000017f90ea8010 Exception <a 'java/io/FileNotFoundException'{0x000000074f378718}> (0x000000074f378718) 
thrown [s\src\hotspot\share\prims\jni.cpp, line 516]
Event: 6188.499 Thread 0x0000017f90ea8010 Exception <a 'java/io/FileNotFoundException'{0x0000000752ed5368}> (0x0000000752ed5368) 
thrown [s\src\hotspot\share\prims\jni.cpp, line 516]
Event: 6189.545 Thread 0x000001802b472460 Exception <a 'java/lang/InterruptedException'{0x0000000752859888}: sleep interrupted> (0x0000000752859888) 
thrown [s\src\hotspot\share\prims\jvm.cpp, line 3070]
Event: 6193.500 Thread 0x0000017f90ea8010 Exception <a 'java/io/FileNotFoundException'{0x00000007521533d8}> (0x00000007521533d8) 
thrown [s\src\hotspot\share\prims\jni.cpp, line 516]
Event: 6198.530 Thread 0x0000017f90ea8010 Exception <a 'java/io/FileNotFoundException'{0x000000074f059cb0}> (0x000000074f059cb0) 
thrown [s\src\hotspot\share\prims\jni.cpp, line 516]
Event: 6203.503 Thread 0x0000017f90ea8010 Exception <a 'java/io/FileNotFoundException'{0x0000000751f0fe00}> (0x0000000751f0fe00) 
thrown [s\src\hotspot\share\prims\jni.cpp, line 516]
Event: 6208.504 Thread 0x0000017f90ea8010 Exception <a 'java/io/FileNotFoundException'{0x000000075198bd88}> (0x000000075198bd88) 
thrown [s\src\hotspot\share\prims\jni.cpp, line 516]
Event: 6213.505 Thread 0x0000017f90ea8010 Exception <a 'java/io/FileNotFoundException'{0x000000075065bb28}> (0x000000075065bb28) 
thrown [s\src\hotspot\share\prims\jni.cpp, line 516]
Event: 6218.506 Thread 0x0000017f90ea8010 Exception <a 'java/io/FileNotFoundException'{0x000000074fbfa528}> (0x000000074fbfa528) 
thrown [s\src\hotspot\share\prims\jni.cpp, line 516]
Event: 6223.509 Thread 0x0000017f90ea8010 Exception <a 'java/io/FileNotFoundException'{0x000000074f0fc1a0}> (0x000000074f0fc1a0) 
thrown [s\src\hotspot\share\prims\jni.cpp, line 516]
Event: 6228.509 Thread 0x0000017f90ea8010 Exception <a 'java/io/FileNotFoundException'{0x00000007534bd738}> (0x00000007534bd738) 
thrown [s\src\hotspot\share\prims\jni.cpp, line 516]
Event: 6233.750 Thread 0x0000017f90ea8010 Exception <a 'java/io/FileNotFoundException'{0x000000074f718260}> (0x000000074f718260) 
thrown [s\src\hotspot\share\prims\jni.cpp, line 516]
Event: 6238.509 Thread 0x0000017f90ea8010 Exception <a 'java/io/FileNotFoundException'{0x00000007288aae90}> (0x00000007288aae90) 
thrown [s\src\hotspot\share\prims\jni.cpp, line 516]
Event: 6243.510 Thread 0x0000017f90ea8010 Exception <a 'java/io/FileNotFoundException'{0x0000000726d32378}> (0x0000000726d32378) 
thrown [s\src\hotspot\share\prims\jni.cpp, line 516]
Event: 6248.605 Thread 0x0000017f90ea8010 Exception <a 'java/io/FileNotFoundException'{0x0000000728989818}> (0x0000000728989818) 
thrown [s\src\hotspot\share\prims\jni.cpp, line 516]
Event: 6255.952 Thread 0x0000017f90ea8010 Exception <a 'java/io/FileNotFoundException'{0x000000072aa750f0}> (0x000000072aa750f0) 
thrown [s\src\hotspot\share\prims\jni.cpp, line 516]
Event: 6263.546 Thread 0x0000017f90ea8010 Exception <a 'java/io/FileNotFoundException'{0x00000007287eb658}> (0x00000007287eb658) 
thrown [s\src\hotspot\share\prims\jni.cpp, line 516]
Event: 6263.575 Thread 0x0000017f90ea8010 Exception <a 'java/io/FileNotFoundException'{0x000000072847a518}> (0x000000072847a518) 
thrown [s\src\hotspot\share\prims\jni.cpp, line 516]

VM Operations (20 events):
Event: 6236.821 Executing VM operation: Cleanup
Event: 6236.821 Executing VM operation: Cleanup done
Event: 6238.822 Executing VM operation: Cleanup
Event: 6238.822 Executing VM operation: Cleanup done
Event: 6241.336 Executing VM operation: G1CollectForAllocation
Event: 6241.341 Executing VM operation: G1CollectForAllocation done
Event: 6245.266 Executing VM operation: G1CollectForAllocation
Event: 6245.271 Executing VM operation: G1CollectForAllocation done
Event: 6252.392 Executing VM operation: G1CollectForAllocation
Event: 6252.474 Executing VM operation: G1CollectForAllocation done
Event: 6256.925 Executing VM operation: G1CollectForAllocation
Event: 6257.094 Executing VM operation: G1CollectForAllocation done
Event: 6258.680 Executing VM operation: G1CollectForAllocation
Event: 6258.737 Executing VM operation: G1CollectForAllocation done
Event: 6259.992 Executing VM operation: G1CollectForAllocation
Event: 6260.011 Executing VM operation: G1CollectForAllocation done
Event: 6261.211 Executing VM operation: G1CollectForAllocation
Event: 6261.239 Executing VM operation: G1CollectForAllocation done
Event: 6262.507 Executing VM operation: G1CollectForAllocation
Event: 6262.518 Executing VM operation: G1CollectForAllocation done

Events (20 events):
Event: 6251.126 Thread 0x000001802b46cdc0 Thread added: 0x000001802b46cdc0
Event: 6251.127 Thread 0x000001802b46d290 Thread added: 0x000001802b46d290
Event: 6251.155 Thread 0x000001802b46cdc0 Thread exited: 0x000001802b46cdc0
Event: 6251.165 Thread 0x000001802b46d290 Thread exited: 0x000001802b46d290
Event: 6252.121 Thread 0x000001802b46cdc0 Thread added: 0x000001802b46cdc0
Event: 6252.140 Thread 0x000001802b46cdc0 Thread exited: 0x000001802b46cdc0
Event: 6253.150 Thread 0x000001802b46cdc0 Thread added: 0x000001802b46cdc0
Event: 6253.162 Thread 0x000001802b46cdc0 Thread exited: 0x000001802b46cdc0
Event: 6255.952 Thread 0x000001802b46d290 Thread added: 0x000001802b46d290
Event: 6255.966 Thread 0x000001802b46d290 Thread exited: 0x000001802b46d290
Event: 6256.281 Thread 0x000001802b46cdc0 Thread added: 0x000001802b46cdc0
Event: 6256.311 Thread 0x000001802b46cdc0 Thread exited: 0x000001802b46cdc0
Event: 6262.194 Thread 0x000001802b46cdc0 Thread added: 0x000001802b46cdc0
Event: 6262.225 Thread 0x000001802b46cdc0 Thread exited: 0x000001802b46cdc0
Event: 6263.547 Thread 0x000001802b46cdc0 Thread added: 0x000001802b46cdc0
Event: 6263.565 Thread 0x000001802b46cdc0 Thread exited: 0x000001802b46cdc0
Event: 6264.397 Thread 0x000001802b46dc30 Thread added: 0x000001802b46dc30
Event: 6264.410 Thread 0x000001802b46dc30 Thread exited: 0x000001802b46dc30
Event: 6265.301 Thread 0x000001802b46cdc0 Thread added: 0x000001802b46cdc0
Event: 6265.319 Thread 0x000001802b46cdc0 Thread exited: 0x000001802b46cdc0


Dynamic libraries:
0x00007ff62dd90000 - 0x00007ff62ddc1000 	D:\Vivado\2023.2\bin\unwrapped\win64.o\vivado.exe
0x00007ff8494c0000 - 0x00007ff849720000 	C:\WINDOWS\SYSTEM32\ntdll.dll
0x00007ff848640000 - 0x00007ff848707000 	C:\WINDOWS\System32\KERNEL32.DLL
0x00007ff8467e0000 - 0x00007ff846bab000 	C:\WINDOWS\System32\KERNELBASE.dll
0x00007ff847170000 - 0x00007ff8472bb000 	C:\WINDOWS\System32\ucrtbase.dll
0x00007ff82cf20000 - 0x00007ff82cfad000 	C:\WINDOWS\SYSTEM32\MSVCP140.dll
0x00007ff82ed00000 - 0x00007ff82ed1e000 	C:\WINDOWS\SYSTEM32\VCRUNTIME140.dll
0x00007ff839bf0000 - 0x00007ff839c0c000 	D:\Vivado\2023.2\lib\win64.o\librdi_commonmain.dll
0x00007ff82ecf0000 - 0x00007ff82ecfc000 	C:\WINDOWS\SYSTEM32\VCRUNTIME140_1.dll
0x00007ff839570000 - 0x00007ff839591000 	D:\Vivado\2023.2\lib\win64.o\libboost_filesystem.dll
0x00007fff9c7d0000 - 0x00007fff9cc00000 	D:\Vivado\2023.2\lib\win64.o\python38.dll
0x00007ff8473c0000 - 0x00007ff847473000 	C:\WINDOWS\System32\ADVAPI32.dll
0x00007ff848490000 - 0x00007ff848539000 	C:\WINDOWS\System32\msvcrt.dll
0x00007ff848a90000 - 0x00007ff848b36000 	C:\WINDOWS\System32\sechost.dll
0x00007ff848370000 - 0x00007ff848486000 	C:\WINDOWS\System32\RPCRT4.dll
0x00007ff847b00000 - 0x00007ff847b64000 	C:\WINDOWS\System32\SHLWAPI.dll
0x00007ff847340000 - 0x00007ff8473b4000 	C:\WINDOWS\System32\WS2_32.dll
0x00007ff839bb0000 - 0x00007ff839bb9000 	D:\Vivado\2023.2\lib\win64.o\librdi_commonversion.dll
0x00007fffbeba0000 - 0x00007fffbed56000 	D:\Vivado\2023.2\lib\win64.o\librdi_commonxillic.dll
0x000000005b080000 - 0x000000005b1ac000 	D:\Vivado\2023.2\lib\win64.o\tcl85t.dll
0x00007ff8478f0000 - 0x00007ff847abc000 	C:\WINDOWS\System32\USER32.dll
0x00007ff846bb0000 - 0x00007ff846bd7000 	C:\WINDOWS\System32\win32u.dll
0x00007ff847ad0000 - 0x00007ff847afa000 	C:\WINDOWS\System32\GDI32.dll
0x00007ff8466a0000 - 0x00007ff8467d1000 	C:\WINDOWS\System32\gdi32full.dll
0x00007ff846f40000 - 0x00007ff846fe3000 	C:\WINDOWS\System32\msvcp_win.dll
0x00007fff9db80000 - 0x00007fff9f22a000 	D:\Vivado\2023.2\lib\win64.o\librdi_common.dll
0x00007ff83cd90000 - 0x00007ff83cd9b000 	C:\WINDOWS\SYSTEM32\VERSION.dll
0x00007ff847c40000 - 0x00007ff848369000 	C:\WINDOWS\System32\SHELL32.dll
0x00007ff846be0000 - 0x00007ff846d48000 	C:\WINDOWS\System32\wintypes.dll
0x00007ff80d530000 - 0x00007ff80d644000 	D:\Vivado\2023.2\lib\win64.o\libboost_regex.dll
0x00007fffa6650000 - 0x00007fffa697d000 	D:\Vivado\2023.2\lib\win64.o\libXil_lmgr11.dll
0x00007ff849070000 - 0x00007ff8493f3000 	C:\WINDOWS\System32\combase.dll
0x00007ff848540000 - 0x00007ff848634000 	C:\WINDOWS\System32\COMDLG32.dll
0x00007ff846d50000 - 0x00007ff846dcf000 	C:\WINDOWS\System32\WINTRUST.dll
0x00007ff847620000 - 0x00007ff84770d000 	C:\WINDOWS\System32\shcore.dll
0x00007ff8489b0000 - 0x00007ff848a86000 	C:\WINDOWS\System32\OLEAUT32.dll
0x00007ff847480000 - 0x00007ff847616000 	C:\WINDOWS\System32\ole32.dll
0x00007ff839b00000 - 0x00007ff839b11000 	D:\Vivado\2023.2\lib\win64.o\libboost_date_time.dll
0x00007ff846ff0000 - 0x00007ff847167000 	C:\WINDOWS\System32\CRYPT32.dll
0x00007fffa2e60000 - 0x00007fffa31ce000 	D:\Vivado\2023.2\lib\win64.o\libCOIN-all.dll
0x00007ff845e90000 - 0x00007ff845eb6000 	C:\WINDOWS\SYSTEM32\bcrypt.dll
0x00007ff80d1d0000 - 0x00007ff80d249000 	D:\Vivado\2023.2\lib\win64.o\libboost_program_options.dll
0x00007ff8399e0000 - 0x00007ff8399ec000 	D:\Vivado\2023.2\lib\win64.o\libboost_xilinx.dll
0x00007fffee040000 - 0x00007fffee0c2000 	D:\Vivado\2023.2\lib\win64.o\libhdlpsolve.dll
0x00007ff8394a0000 - 0x00007ff8394bc000 	D:\Vivado\2023.2\lib\win64.o\libboost_thread.dll
0x00007fffebc10000 - 0x00007fffebcb5000 	D:\Vivado\2023.2\lib\win64.o\libhdxml.dll
0x00007ff834ac0000 - 0x00007ff834aea000 	D:\Vivado\2023.2\lib\win64.o\libisl_sysinfo.dll
0x00007ff819400000 - 0x00007ff819465000 	D:\Vivado\2023.2\lib\win64.o\liblmx6.0.dll
0x00007ff82e170000 - 0x00007ff82e18c000 	D:\Vivado\2023.2\lib\win64.o\librdiconfig.dll
0x00007ff830120000 - 0x00007ff83013a000 	D:\Vivado\2023.2\lib\win64.o\pthreadVC2.dll
0x00007ff82d7d0000 - 0x00007ff82d7f1000 	D:\Vivado\2023.2\lib\win64.o\librdizlib.dll
0x00007ff830000000 - 0x00007ff83001a000 	C:\WINDOWS\SYSTEM32\NETAPI32.dll
0x00007fffaaa10000 - 0x00007fffaacd1000 	D:\Vivado\2023.2\lib\win64.o\xerces-c_3_2.dll
0x00007ff82d950000 - 0x00007ff82dbd3000 	C:\WINDOWS\SYSTEM32\WININET.dll
0x00007fff92a50000 - 0x00007fff93a74600 	D:\Vivado\2023.2\lib\win64.o\libisl_iostreams.dll
0x00007ff83e970000 - 0x00007ff83ea8d000 	C:\WINDOWS\SYSTEM32\WINHTTP.dll
0x00007ff831bf0000 - 0x00007ff831dcc000 	C:\WINDOWS\SYSTEM32\urlmon.dll
0x00007ff82d8d0000 - 0x00007ff82d8da000 	C:\WINDOWS\SYSTEM32\WSOCK32.dll
0x00007ff82d710000 - 0x00007ff82d740000 	C:\WINDOWS\SYSTEM32\VCOMP140.DLL
0x00007ff81c740000 - 0x00007ff81c7f4000 	C:\WINDOWS\WinSxS\amd64_microsoft.windows.common-controls_6595b64144ccf1df_5.82.26100.1882_none_87f34cef7a28f535\COMCTL32.dll
0x00007fff90b30000 - 0x00007fff92a47000 	D:\Vivado\2023.2\lib\win64.o\gurobi90.dll
0x00007ff83e6f0000 - 0x00007ff83e715000 	C:\WINDOWS\SYSTEM32\dhcpcsvc.DLL
0x00007ff849400000 - 0x00007ff849472000 	C:\WINDOWS\System32\WLDAP32.dll
0x00007ff845a10000 - 0x00007ff845a3b000 	C:\WINDOWS\SYSTEM32\USERENV.dll
0x00007ff8489a0000 - 0x00007ff8489a8000 	C:\WINDOWS\System32\Normaliz.dll
0x00007ff831920000 - 0x00007ff831beb000 	C:\WINDOWS\SYSTEM32\iertutil.dll
0x00007ff844320000 - 0x00007ff844b72000 	C:\WINDOWS\SYSTEM32\windows.storage.dll
0x00007ff82d6b0000 - 0x00007ff82d6c8000 	D:\Vivado\2023.2\lib\win64.o\libboost_iostreams.dll
0x00007ff828ee0000 - 0x00007ff828f04000 	D:\Vivado\2023.2\lib\win64.o\libisl_iosutils.dll
0x00007ff8317f0000 - 0x00007ff831819000 	C:\WINDOWS\SYSTEM32\srvcli.dll
0x00007ff844e70000 - 0x00007ff844e7d000 	C:\WINDOWS\SYSTEM32\netutils.dll
0x00007ff845970000 - 0x00007ff8459da000 	C:\WINDOWS\SYSTEM32\MSWSOCK.DLL
0x00007ff847c00000 - 0x00007ff847c2f000 	C:\WINDOWS\System32\IMM32.DLL
0x00007ff845ed0000 - 0x00007ff845ee3000 	C:\WINDOWS\SYSTEM32\MSASN1.dll
0x00007ff845470000 - 0x00007ff84548a000 	C:\WINDOWS\SYSTEM32\kernel.appcore.dll
0x00007ff845d40000 - 0x00007ff845d5c000 	C:\WINDOWS\SYSTEM32\CRYPTSP.dll
0x00007ff8453d0000 - 0x00007ff84540a000 	C:\WINDOWS\system32\rsaenh.dll
0x00007ff845ba0000 - 0x00007ff845bac000 	C:\WINDOWS\SYSTEM32\CRYPTBASE.dll
0x00007ff846de0000 - 0x00007ff846e79000 	C:\WINDOWS\System32\bcryptPrimitives.dll
0x00007ff849030000 - 0x00007ff849050000 	C:\WINDOWS\System32\imagehlp.dll
0x00007fff9c280000 - 0x00007fff9c7cd000 	D:\Vivado\2023.2\lib\win64.o\librdi_commontasks.dll
0x00007fffa1a50000 - 0x00007fffa1d7b800 	D:\Vivado\2023.2\lib\win64.o\librdi_sio.dll
0x00007ff844e80000 - 0x00007ff844eb3000 	C:\WINDOWS\SYSTEM32\IPHLPAPI.DLL
0x00007fff8fee0000 - 0x00007fff90b28000 	D:\Vivado\2023.2\tps\win64\jre17.0.7_7\bin\server\jvm.dll
0x00007ff839630000 - 0x00007ff839666000 	C:\WINDOWS\SYSTEM32\WINMM.dll
0x00007ff8459e0000 - 0x00007ff845a07000 	C:\WINDOWS\SYSTEM32\gpapi.dll
0x00007ff83cd50000 - 0x00007ff83cd8b000 	C:\Windows\System32\cryptnet.dll
0x00007ff8465b0000 - 0x00007ff8465df000 	C:\WINDOWS\SYSTEM32\profapi.dll
0x00007ff8435b0000 - 0x00007ff8435bf000 	C:\WINDOWS\SYSTEM32\WINNSI.DLL
0x00007ff848b40000 - 0x00007ff848b4a000 	C:\WINDOWS\System32\NSI.dll
0x00007ff845710000 - 0x00007ff845759000 	C:\WINDOWS\SYSTEM32\SspiCli.dll
0x00007ff82e230000 - 0x00007ff82e248000 	C:\WINDOWS\system32\napinsp.dll
0x00007ff844f10000 - 0x00007ff845035000 	C:\WINDOWS\SYSTEM32\DNSAPI.dll
0x00007ff82e6a0000 - 0x00007ff82e6b2000 	C:\WINDOWS\System32\winrnr.dll
0x00007ff82e660000 - 0x00007ff82e690000 	C:\WINDOWS\system32\nlansp_c.dll
0x00007ff83ed40000 - 0x00007ff83ed56000 	C:\WINDOWS\system32\wshbth.dll
0x00007fff89af0000 - 0x00007fff8c8b6000 	D:\Vivado\2023.2\lib\win64.o\librdi_tcltasks.dll
0x00007fffea030000 - 0x00007fffea0b3000 	D:\Vivado\2023.2\lib\win64.o\librdi_boarddep.dll
0x00007fffe8bb0000 - 0x00007fffe8cda000 	D:\Vivado\2023.2\lib\win64.o\librdi_chipscope.dll
0x00007fff9bd90000 - 0x00007fff9c271000 	D:\Vivado\2023.2\lib\win64.o\librdi_bitstream.dll
0x00007fffa35e0000 - 0x00007fffa37e0000 	D:\Vivado\2023.2\lib\win64.o\librdi_board.dll
0x00007fffe77a0000 - 0x00007fffe790e000 	D:\Vivado\2023.2\lib\win64.o\librdi_containers.dll
0x00007fffa0aa0000 - 0x00007fffa0ca7000 	D:\Vivado\2023.2\lib\win64.o\librdi_chipscopeimpl.dll
0x00007fff84390000 - 0x00007fff86a85000 	D:\Vivado\2023.2\lib\win64.o\librdi_constraints.dll
0x00007fff82580000 - 0x00007fff84387000 	D:\Vivado\2023.2\lib\win64.o\librdi_designutils.dll
0x00007fff884e0000 - 0x00007fff89ae3000 	D:\Vivado\2023.2\lib\win64.o\librdi_device.dll
0x00007fff717c0000 - 0x00007fff73ef6000 	D:\Vivado\2023.2\lib\win64.o\librdi_coregen.dll
0x00007fffe9070000 - 0x00007fffe9124000 	D:\Vivado\2023.2\lib\win64.o\librdi_dsp.dll
0x00007fff8fb40000 - 0x00007fff8fedf000 	D:\Vivado\2023.2\lib\win64.o\librdi_dlyest.dll
0x00007fff80750000 - 0x00007fff80e86000 	D:\Vivado\2023.2\lib\win64.o\librdi_drc.dll
0x00007fffeec60000 - 0x00007fffeeccb000 	D:\Vivado\2023.2\lib\win64.o\librdi_hdf.dll
0x00007fff71000000 - 0x00007fff717bf000 	D:\Vivado\2023.2\lib\win64.o\librdi_filemgmt.dll
0x00007fff9d030000 - 0x00007fff9d314000 	D:\Vivado\2023.2\lib\win64.o\librdi_hip_devdesign.dll
0x00007fffc0eb0000 - 0x00007fffc0ff8000 	D:\Vivado\2023.2\lib\win64.o\librdi_hip_perf_analysis.dll
0x00007fff6e0b0000 - 0x00007fff6f1f3000 	D:\Vivado\2023.2\lib\win64.o\librdi_implflow.dll
0x00007fff70150000 - 0x00007fff71000000 	D:\Vivado\2023.2\lib\win64.o\librdi_ippcw.dll
0x00007fff8dd30000 - 0x00007fff8e386000 	D:\Vivado\2023.2\lib\win64.o\librdi_memdata.dll
0x00007fff6d810000 - 0x00007fff6e0aa000 	D:\Vivado\2023.2\lib\win64.o\librdi_lopt.dll
0x00007fffe8290000 - 0x00007fffe830d000 	D:\Vivado\2023.2\lib\win64.o\librdi_memoryarray.dll
0x00007fffe8060000 - 0x00007fffe80d2000 	D:\Vivado\2023.2\lib\win64.o\librdi_noc_frameworks.dll
0x00007ff80d4d0000 - 0x00007ff80d52c000 	D:\Vivado\2023.2\lib\win64.o\librdi_pfi.dll
0x00007fff6a5b0000 - 0x00007fff6adb4000 	D:\Vivado\2023.2\lib\win64.o\librdi_netlist.dll
0x00007fff82100000 - 0x00007fff8257e000 	D:\Vivado\2023.2\lib\win64.o\librdi_platform.dll
0x00007fff66df0000 - 0x00007fff676e2000 	D:\Vivado\2023.2\lib\win64.o\librdi_power.dll
0x00007fff65de0000 - 0x00007fff66557000 	D:\Vivado\2023.2\lib\win64.o\librdi_psta.dll
0x00007fff676f0000 - 0x00007fff6a5ac000 	D:\Vivado\2023.2\lib\win64.o\librdi_place.dll
0x00007fff66560000 - 0x00007fff66deb000 	D:\Vivado\2023.2\lib\win64.o\librdi_project.dll
0x00007fff65420000 - 0x00007fff65dda000 	D:\Vivado\2023.2\lib\win64.o\librdi_rsb.dll

dbghelp: loaded successfully - version: 4.0.5 - missing functions: none
symbol engine: initialized successfully - sym options: 0x614 - pdb path: .;D:\Vivado\2023.2\bin\unwrapped\win64.o;C:\WINDOWS\SYSTEM32;D:\Vivado\2023.2\lib\win64.o;C:\WINDOWS\WinSxS\amd64_microsoft.windows.common-controls_6595b64144ccf1df_5.82.26100.1882_none_87f34cef7a28f535;D:\Vivado\2023.2\tps\win64\jre17.0.7_7\bin\server;D:\Vivado\2023.2\tps\win64\jre17.0.7_7\bin;C:\WINDOWS\WinSxS\amd64_microsoft.windows.common-controls_6595b64144ccf1df_6.0.26100.3624_none_3e086962e3345f24

VM Arguments:
jvm_args: -Dsun.java2d.pmoffscreen=false -Dhttps.protocols=TLSv1,TLSv1.1,TLSv1.2 -Dsun.java2d.xrender=false -Dsun.java2d.d3d=false -Dsun.awt.nopixfmt=true -Dsun.java2d.dpiaware=true -Dsun.java2d.uiScale.enabled=false -Dswing.aatext=true -XX:-UsePerfData -Djdk.map.althashing.threshold=512 -XX:StringTableSize=4072 -XX:+UseStringDeduplication -XX:MaxGCPauseMillis=200 -XX:+ParallelRefProcEnabled --add-opens=java.desktop/javax.swing.plaf.synth=ALL-UNNAMED --add-opens=java.base/java.nio=ALL-UNNAMED --add-opens=java.desktop/sun.swing=ALL-UNNAMED --add-opens=java.desktop/javax.swing=ALL-UNNAMED --add-opens=java.desktop/javax.swing.tree=ALL-UNNAMED --add-opens=java.desktop/javax.swing.plaf.basic=ALL-UNNAMED --add-opens=java.desktop/javax.swing.plaf.synth=ALL-UNNAMED --add-opens=java.desktop/javax.swing.plaf.basic=ALL-UNNAMED --add-opens=java.desktop/javax.swing=ALL-UNNAMED --add-opens=java.desktop/javax.swing.tree=ALL-UNNAMED --add-opens=java.desktop/java.awt.event=ALL-UNNAMED --add-exports=java.desktop/javax.swing.plaf.synth=ALL-UNNAMED --add-exports=java.base/java.nio=ALL-UNNAMED --add-exports=java.desktop/sun.swing=ALL-UNNAMED --add-exports=java.desktop/javax.swing=ALL-UNNAMED --add-exports=java.desktop/javax.swing.tree=ALL-UNNAMED --add-exports=java.desktop/javax.swing.plaf.basic=ALL-UNNAMED --add-exports=java.desktop/sun.swing=ALL-UNNAMED --add-exports=java.desktop/sun.swing.table=ALL-UNNAMED --add-exports=java.desktop/sun.swing.plaf.synth=ALL-UNNAMED --add-exports=java.desktop/sun.awt.shell=ALL-UNNAMED --add-exports=java.base/sun.security.action=ALL-UNNAMED --add-exports=java.desktop/sun.font=ALL-UNNAMED -XX:NewSize=80m -XX:MaxNewSize=80m -Xms512m -Xmx4072m -Xss10m 
java_command: <unknown>
java_class_path (initial): D:/Vivado/2023.2\lib\classes\alloy.jar;D:/Vivado/2023.2\lib\classes\asm-9.3.jar;D:/Vivado/2023.2\lib\classes\asm-analysis-9.3.jar;D:/Vivado/2023.2\lib\classes\asm-commons-9.3.jar;D:/Vivado/2023.2\lib\classes\asm-tree-9.3.jar;D:/Vivado/2023.2\lib\classes\autoesl-models.jar;D:/Vivado/2023.2\lib\classes\batik-anim.jar;D:/Vivado/2023.2\lib\classes\batik-awt-util.jar;D:/Vivado/2023.2\lib\classes\batik-bridge.jar;D:/Vivado/2023.2\lib\classes\batik-codec.jar;D:/Vivado/2023.2\lib\classes\batik-constants.jar;D:/Vivado/2023.2\lib\classes\batik-css.jar;D:/Vivado/2023.2\lib\classes\batik-dom.jar;D:/Vivado/2023.2\lib\classes\batik-ext.jar;D:/Vivado/2023.2\lib\classes\batik-gui-util.jar;D:/Vivado/2023.2\lib\classes\batik-gvt.jar;D:/Vivado/2023.2\lib\classes\batik-i18n.jar;D:/Vivado/2023.2\lib\classes\batik-parser.jar;D:/Vivado/2023.2\lib\classes\batik-script.jar;D:/Vivado/2023.2\lib\classes\batik-svg-dom.jar;D:/Vivado/2023.2\lib\classes\batik-svggen.jar;D:/Vivado/2023.2\lib\classes\batik-swing.jar;D:/Vivado/2023.2\lib\classes\batik-transcoder.jar;D:/Vivado/2023.2\lib\classes\batik-util.jar;D:/Vivado/2023.2\lib\classes\batik-xml.jar;D:/Vivado/2023.2\lib\classes\com.fasterxml.jackson.core.jackson-annotations_2.12.1.v20210128-1726.jar;D:/Vivado/2023.2\lib\classes\com.fasterxml.jackson.core.jackson-core_2.12.1.v20210128-1726.jar;D:/Vivado/2023.2\lib\classes\com.fasterxml.jackson.core.jackson-databind_2.12.1.v20210128-1726.jar;D:/Vivado/2023.2\lib\classes\com.google.gson_2.8.9.v20220111-1409.jar;D:/Vivado/2023.2\lib\classes\com.google.guava_30.1.0.v20210127-2300.jar;D:/Vivado/2023.2\lib\classes\com.sigasi.hdt.connection_4.17.2.202304211001.jar;D:/Vivado/2023.2\lib\classes\com.sigasi.hdt.epl_4.17.2.202304211001.jar;D:/Vivado/2023.2\lib\classes\com.sigasi.hdt.project_4.17.2.202304211001.jar;D:/Vivado/2023.2\lib\classes\com.sigasi.hdt.readonlyfilesystem_4.17.2.202304211001.jar;D:/Vivado/2023.2\lib\classes\com.sigasi.hdt.shared_4.17.2.202304211001.jar;D:/Vivad
Launcher Type: generic

[Global flags]
     intx CICompilerCount                          = 4                                         {product} {ergonomic}
     uint ConcGCThreads                            = 2                                         {product} {ergonomic}
     uint G1ConcRefinementThreads                  = 8                                         {product} {ergonomic}
   size_t G1HeapRegionSize                         = 2097152                                   {product} {ergonomic}
    uintx GCDrainStackTargetSize                   = 64                                        {product} {ergonomic}
   size_t InitialHeapSize                          = 536870912                                 {product} {command line}
   size_t MarkStackSize                            = 4194304                                   {product} {ergonomic}
    uintx MaxGCPauseMillis                         = 200                                       {product} {command line}
   size_t MaxHeapSize                              = 4269801472                                {product} {command line}
   size_t MaxNewSize                               = 83886080                                  {product} {command line}
   size_t MinHeapDeltaBytes                        = 2097152                                   {product} {ergonomic}
   size_t MinHeapSize                              = 536870912                                 {product} {command line}
   size_t NewSize                                  = 83886080                                  {product} {command line}
    uintx NonNMethodCodeHeapSize                   = 5839372                                {pd product} {ergonomic}
    uintx NonProfiledCodeHeapSize                  = 122909434                              {pd product} {ergonomic}
     bool ParallelRefProcEnabled                   = true                                      {product} {command line}
    uintx ProfiledCodeHeapSize                     = 122909434                              {pd product} {ergonomic}
    uintx ReservedCodeCacheSize                    = 251658240                              {pd product} {ergonomic}
     bool SegmentedCodeCache                       = true                                      {product} {ergonomic}
   size_t SoftMaxHeapSize                          = 4269801472                             {manageable} {ergonomic}
    uintx StringTableSize                          = 4072                                      {product} {command line}
     intx ThreadStackSize                          = 10240                                  {pd product} {command line}
     bool UseCompressedClassPointers               = true                           {product lp64_product} {ergonomic}
     bool UseCompressedOops                        = true                           {product lp64_product} {ergonomic}
     bool UseG1GC                                  = true                                      {product} {ergonomic}
     bool UseLargePagesIndividualAllocation        = false                                  {pd product} {ergonomic}
     bool UsePerfData                              = false                                     {product} {command line}
     bool UseStringDeduplication                   = true                                      {product} {command line}

Logging:
Log output configuration:
 #0: stdout all=warning uptime,level,tags
 #1: stderr all=off uptime,level,tags

Environment Variables:
JAVA_HOME=C:\Users\debab\AppData\Local\Programs\Eclipse Adoptium\jdk-17.0.11.9-hotspot\
PATH=D:/Vivado/2023.2/bin;D:/Vivado/2023.2/tps/win64/java-cef-95.0.4638.69/bin/lib/win64;D:/Vivado/2023.2/tps/win64/javafx-sdk-17.0.1/lib;D:/Vivado/2023.2/tps/win64/javafx-sdk-17.0.1/bin;D:/Vivado/2023.2/lib/win64.o;D:/Vivado/2023.2/tps/win64/jre17.0.7_7/bin/server;D:/Vivado/2023.2/tps/win64/jre17.0.7_7/bin;D:/Vivado/2023.2/ids_lite/ISE/bin/nt64;D:/Vivado/2023.2/ids_lite/ISE/lib/nt64;D:/Vitis_HLS/2023.2/bin;C:\Program Files (x86)\Common Files\Oracle\Java\java8path;C:\Program Files (x86)\Common Files\Oracle\Java\javapath;C:\Python312\Scripts\;C:\Python312\;C:\oraclexe\app\oracle\product\11.2.0\server\bin;C:\ProgramData\Oracle\Java\javapath;C:\Windows\system32;C:\Windows;C:\Windows\System32\Wbem;C:\Windows\System32\WindowsPowerShell\v1.0\;C:\Windows\System32\OpenSSH\;C:\Program Files (x86)\NVIDIA Corporation\PhysX\Common;C:\Program Files\NVIDIA Corporation\NVIDIA NvDLISR;C:\Program Files\PuTTY\;C:\Program Files\nodejs\;C:\ProgramData\chocolatey\bin;C:\Program Files\Git\cmd;C:\Program Files\dotnet\;C:\Users\debab\AppData\Local\Programs\Eclipse Adoptium\jdk-17.0.11.9-hotspot\bin;C:\Program Files\MySQL\MySQL Shell 8.0\bin\;C:\Users\debab\AppData\Local\Microsoft\WindowsApps;C:\Users\debab\AppData\Local\Programs\Python\Python310;C:\Users\debab\AppData\Local\Programs\Python\Python310\Scripts;C:\Users\debab\AppData\Local\Programs\Microsoft VS Code\bin;C:\Users\debab\AppData\Roaming\npm;;D:/Vivado/2023.2\tps\mingw\6.2.0\win64.o\nt\bin;D:/Vivado/2023.2\tps\mingw\6.2.0\win64.o\nt\libexec\gcc\x86_64-w64-mingw32\6.2.0;D:/Vivado/2023.2\tps\win64\python-3.8.3;D:/Vivado/2023.2\tps\win64\python-3.8.3\bin;D:/Vivado/2023.2\tps\win64\python-3.8.3\lib;D:/Vivado/2023.2\tps\win64\python-3.8.3\lib\site-packages
USERNAME=debab
OS=Windows_NT
PROCESSOR_IDENTIFIER=Intel64 Family 6 Model 165 Stepping 2, GenuineIntel
TMP=C:\Users\debab\AppData\Local\Temp
TEMP=C:\Users\debab\AppData\Local\Temp



---------------  S Y S T E M  ---------------

OS:
 Windows 11 , 64 bit Build 26100 (10.0.26100.3624)
OS uptime: 1 days 16:35 hours
Hyper-V role detected

CPU: total 8 (initial active 8) (4 cores per cpu, 2 threads per core) family 6 model 165 stepping 2 microcode 0xe2, cx8, cmov, fxsr, ht, mmx, 3dnowpref, sse, sse2, sse3, ssse3, sse4.1, sse4.2, popcnt, lzcnt, tsc, tscinvbit, avx, avx2, aes, erms, clmul, bmi1, bmi2, adx, fma, vzeroupper, clflush, clflushopt, hv

Memory: 4k page, system-wide physical 8023M (589M free)
TotalPageFile size 19338M (AvailPageFile size 3285M)
current process WorkingSet (physical memory assigned to process): 1496M, peak: 2592M
current process commit charge ("private bytes"): 2982M, peak: 4257M

vm_info: OpenJDK 64-Bit Server VM (17.0.7+7) for windows-amd64 JRE (17.0.7+7), built on Apr 18 2023 22:10:42 by "temurin" with MS VC++ 16.7 (VS2019)

END.
