#
# A fatal error has been detected by the Java Runtime Environment:
#
#  EXCEPTION_ACCESS_VIOLATION (0xc0000005) at pc=0x00007ffa6446ee82, pid=13248, tid=9644
#
# JRE version: OpenJDK Runtime Environment Temurin-17.0.7+7 (17.0.7+7) (build 17.0.7+7)
# Java VM: OpenJDK 64-Bit Server VM Temurin-17.0.7+7 (17.0.7+7, mixed mode, sharing, tiered, compressed oops, compressed class ptrs, g1 gc, windows-amd64)
# Problematic frame:
# C  0x00007ffa6446ee82
#
# No core dump will be written. Minidumps are not enabled by default on client versions of Windows
#
# If you would like to submit a bug report, please visit:
#   https://github.com/adoptium/adoptium-support/issues
# The crash happened outside the Java Virtual Machine in native code.
# See problematic frame for where to report the bug.
#

---------------  S U M M A R Y ------------

Command Line: -Dsun.java2d.pmoffscreen=false -Dhttps.protocols=TLSv1,TLSv1.1,TLSv1.2 -Dsun.java2d.xrender=false -Dsun.java2d.d3d=false -Dsun.awt.nopixfmt=true -Dsun.java2d.dpiaware=true -Dsun.java2d.uiScale.enabled=false -Dswing.aatext=true -XX:-UsePerfData -Djdk.map.althashing.threshold=512 -XX:StringTableSize=4072 -XX:+UseStringDeduplication -XX:MaxGCPauseMillis=200 -XX:+ParallelRefProcEnabled --add-opens=java.desktop/javax.swing.plaf.synth=ALL-UNNAMED --add-opens=java.base/java.nio=ALL-UNNAMED --add-opens=java.desktop/sun.swing=ALL-UNNAMED --add-opens=java.desktop/javax.swing=ALL-UNNAMED --add-opens=java.desktop/javax.swing.tree=ALL-UNNAMED --add-opens=java.desktop/javax.swing.plaf.basic=ALL-UNNAMED --add-opens=java.desktop/javax.swing.plaf.synth=ALL-UNNAMED --add-opens=java.desktop/javax.swing.plaf.basic=ALL-UNNAMED --add-opens=java.desktop/javax.swing=ALL-UNNAMED --add-opens=java.desktop/javax.swing.tree=ALL-UNNAMED --add-opens=java.desktop/java.awt.event=ALL-UNNAMED --add-exports=java.desktop/javax.swing.plaf.synth=ALL-UNNAMED --add-exports=java.base/java.nio=ALL-UNNAMED --add-exports=java.desktop/sun.swing=ALL-UNNAMED --add-exports=java.desktop/javax.swing=ALL-UNNAMED --add-exports=java.desktop/javax.swing.tree=ALL-UNNAMED --add-exports=java.desktop/javax.swing.plaf.basic=ALL-UNNAMED --add-exports=java.desktop/sun.swing=ALL-UNNAMED --add-exports=java.desktop/sun.swing.table=ALL-UNNAMED --add-exports=java.desktop/sun.swing.plaf.synth=ALL-UNNAMED --add-exports=java.desktop/sun.awt.shell=ALL-UNNAMED --add-exports=java.base/sun.security.action=ALL-UNNAMED --add-exports=java.desktop/sun.font=ALL-UNNAMED -XX:NewSize=80m -XX:MaxNewSize=80m -Xms512m -Xmx4072m -Xss10m 

Host: Intel(R) Core(TM) i5-10300H CPU @ 2.50GHz, 8 cores, 7G,  Windows 11 , 64 bit Build 26100 (10.0.26100.2454)
Time: Wed Jan 29 19:57:02 2025 India Standard Time elapsed time: 5174.963348 seconds (0d 1h 26m 14s)

---------------  T H R E A D  ---------------

Current thread (0x00000211bed394e0):  JavaThread "AWT-EventQueue-0" [_thread_in_native, id=9644, stack(0x000000629bd00000,0x000000629c700000)]

Stack: [0x000000629bd00000,0x000000629c700000],  sp=0x000000629c6fd900,  free space=10230k
Native frames: (J=compiled Java code, j=interpreted, Vv=VM code, C=native code)
C  0x00007ffa6446ee82
C  0x00007ffa64467222
C  0x00007ffa60d314d0
C  0x00007ffa60d3051a
C  0x00007ffa60d3059c
C  0x00007ffa60d3034e
C  0x00007ffa60d311fa
C  0x00007ffa64430808
C  0x00007ffa6448d145
C  0x00000211a4ced621

Java frames: (J=compiled Java code, j=interpreted, Vv=VM code)
j  ui.views.simulator.executive.simulationi.SimulationExecutive_getTreeWindowData(JILjava/lang/String;)Ljava/lang/String;+0
j  ui.views.P.c.a.a(Lui/views/P/j/a$d;Z)Lui/views/waveform/executive/protobuf/WVTree$WVTreeMessage;+16
j  ui.views.P.i.c.aMI()V+15
j  ui.views.P.i.k.kpV()V+4
j  ui.views.P.h.d.handleTclEvent(Lui/frmwork/a/k;)V+124
J 18108 c2 ui.frmwork.a.m.c(Lui/frmwork/a/k;)V (61 bytes) @ 0x00000211a618aec0 [0x00000211a618a960+0x0000000000000560]
J 18784 c2 ui.frmwork.F.i(JZ)V (471 bytes) @ 0x00000211a60e3208 [0x00000211a60e27e0+0x0000000000000a28]
J 19730 c2 ui.frmwork.F.fireTclEvent(J)I (113 bytes) @ 0x00000211a63b426c [0x00000211a63b2cc0+0x00000000000015ac]
v  ~StubRoutines::call_stub
j  ui.views.simulator.executive.simulationi.SimulationExecutive_setTreeWindowTreeHeight(JII)V+0
j  ui.views.P.c.a.e(Lui/views/P/j/a$d;I)V+17
j  ui.views.P.i.c.krn()V+69
j  ui.views.P.i.f.componentResized(Ljava/awt/event/ComponentEvent;)V+4
J 16082 c1 java.awt.AWTEventMulticaster.componentResized(Ljava/awt/event/ComponentEvent;)V java.desktop@17.0.7 (27 bytes) @ 0x000002119dd40184 [0x000002119dd3ff60+0x0000000000000224]
J 19050 c2 java.awt.Container.processEvent(Ljava/awt/AWTEvent;)V java.desktop@17.0.7 (22 bytes) @ 0x00000211a5e51bb4 [0x00000211a5e51880+0x0000000000000334]
J 20891 c2 java.awt.Component.dispatchEventImpl(Ljava/awt/AWTEvent;)V java.desktop@17.0.7 (777 bytes) @ 0x00000211a65a5ce0 [0x00000211a65a5000+0x0000000000000ce0]
J 24802 c2 java.awt.Container.dispatchEventImpl(Ljava/awt/AWTEvent;)V java.desktop@17.0.7 (129 bytes) @ 0x00000211a6ae8a40 [0x00000211a6ae89e0+0x0000000000000060]
J 15693 c2 java.awt.EventQueue.dispatchEventImpl(Ljava/awt/AWTEvent;Ljava/lang/Object;)V java.desktop@17.0.7 (136 bytes) @ 0x00000211a5e98514 [0x00000211a5e980e0+0x0000000000000434]
J 15828 c2 java.awt.EventQueue$4.run()Ljava/lang/Object; java.desktop@17.0.7 (5 bytes) @ 0x00000211a5ec36f8 [0x00000211a5ec36a0+0x0000000000000058]
J 14959 c2 java.awt.EventQueue.dispatchEvent(Ljava/awt/AWTEvent;)V java.desktop@17.0.7 (80 bytes) @ 0x00000211a5d6cff0 [0x00000211a5d6cb80+0x0000000000000470]
J 21263 c2 ui.frmwork.a.d.dispatchEvent(Ljava/awt/AWTEvent;)V (42 bytes) @ 0x00000211a66524ec [0x00000211a6651ea0+0x000000000000064c]
J 15006 c2 java.awt.EventDispatchThread.pumpOneEventForFilters(I)V java.desktop@17.0.7 (113 bytes) @ 0x00000211a5d91748 [0x00000211a5d91340+0x0000000000000408]
J 23497% c2 java.awt.EventDispatchThread.pumpEventsForFilter(ILjava/awt/Conditional;Ljava/awt/EventFilter;)V java.desktop@17.0.7 (47 bytes) @ 0x00000211a68c69b4 [0x00000211a68c6880+0x0000000000000134]
j  java.awt.EventDispatchThread.pumpEventsForHierarchy(ILjava/awt/Conditional;Ljava/awt/Component;)V+11 java.desktop@17.0.7
j  java.awt.EventDispatchThread.pumpEvents(ILjava/awt/Conditional;)V+4 java.desktop@17.0.7
j  java.awt.EventDispatchThread.pumpEvents(Ljava/awt/Conditional;)V+3 java.desktop@17.0.7
j  java.awt.EventDispatchThread.run()V+9 java.desktop@17.0.7
v  ~StubRoutines::call_stub

siginfo: EXCEPTION_ACCESS_VIOLATION (0xc0000005), reading address 0x0000000000000008


Register to memory mapping:

RIP=0x00007ffa6446ee82 points into unknown readable memory: 48 8b 42 08 48 89
RAX=0x0 is NULL
RBX=0x000002120219f220 points into unknown readable memory: 0x00007ffa645aeb90 | 90 eb 5a 64 fa 7f 00 00
RCX=0x000002120219f240 points into unknown readable memory: 0x0000000000000000 | 00 00 00 00 00 00 00 00
RDX=0x0 is NULL
RSP=0x000000629c6fd900 is pointing into the stack for thread: 0x00000211bed394e0
RBP=0x000000629c6fda18 is pointing into the stack for thread: 0x00000211bed394e0
RSI=0x000000629c6fdce8 is pointing into the stack for thread: 0x00000211bed394e0
RDI=0x0 is NULL
R8 =0xe9d9c9df09eeff0f is an unknown value
R9 =0x0000000000000203 is an unknown value
R10=0x0 is NULL
R11=0x000000629c6fd8b0 is pointing into the stack for thread: 0x00000211bed394e0
R12=0x000000629c6fdbb0 is pointing into the stack for thread: 0x00000211bed394e0
R13=0x000000629c6fdce8 is pointing into the stack for thread: 0x00000211bed394e0
R14=0x000002120219fd20 points into unknown readable memory: 0x00007ffa645aeb90 | 90 eb 5a 64 fa 7f 00 00
R15=0x0000000000000001 is an unknown value


Registers:
RAX=0x0000000000000000, RBX=0x000002120219f220, RCX=0x000002120219f240, RDX=0x0000000000000000
RSP=0x000000629c6fd900, RBP=0x000000629c6fda18, RSI=0x000000629c6fdce8, RDI=0x0000000000000000
R8 =0xe9d9c9df09eeff0f, R9 =0x0000000000000203, R10=0x0000000000000000, R11=0x000000629c6fd8b0
R12=0x000000629c6fdbb0, R13=0x000000629c6fdce8, R14=0x000002120219fd20, R15=0x0000000000000001
RIP=0x00007ffa6446ee82, EFLAGS=0x0000000000010202

Top of Stack: (sp=0x000000629c6fd900)
0x000000629c6fd900:   0000000000000000 00007ffa64542557
0x000000629c6fd910:   0000000000000038 000002120219fd20
0x000000629c6fd920:   fffffffffffffffe 000000629c6fdce8
0x000000629c6fd930:   0000000000000000 00007ffa64467222
0x000000629c6fd940:   000002120219f220 0000000000000000
0x000000629c6fd950:   000000629c6fdce8 0000000000000020
0x000000629c6fd960:   0000021200000000 0000000000000002
0x000000629c6fd970:   fffffffffffffffe 00007ffa64542557
0x000000629c6fd980:   00000211dbcc1630 00007ffa60d314d0
0x000000629c6fd990:   0000021282fb00c8 000002120219f220
0x000000629c6fd9a0:   0000000000000020 00007ffa6446d75b
0x000000629c6fd9b0:   000000629c6fdb80 00007ffa60d3051a
0x000000629c6fd9c0:   00007ffafed088b0 0000000000000000
0x000000629c6fd9d0:   0000000000000004 000002123d378088
0x000000629c6fd9e0:   00000211dbcc20f0 00007ffa6446eeb9
0x000000629c6fd9f0:   00000211dbcc2000 000002120219fd20 

Instructions: (pc=0x00007ffa6446ee82)
0x00007ffa6446ed82:   89 84 24 98 00 00 00 4c 8b c6 48 8b 07 4c 2b c7
0x00007ffa6446ed92:   49 c1 f8 03 33 d2 48 8b cf 48 89 06 88 5c 24 20
0x00007ffa6446eda2:   e8 c9 f5 ff ff 48 83 ee 08 49 8d 04 36 48 c1 f8
0x00007ffa6446edb2:   03 4c 8b f8 48 83 f8 02 7d b4 48 83 c4 50 41 5f
0x00007ffa6446edc2:   41 5e 41 5d 5f 5e 5d 5b c3 4c 8b 46 f8 48 8d 5e
0x00007ffa6446edd2:   f8 48 8b d5 48 8d 8c 24 98 00 00 00 e8 5d 74 ff
0x00007ffa6446ede2:   ff 84 c0 74 2e 66 0f 1f 84 00 00 00 00 00 48 8b
0x00007ffa6446edf2:   03 48 8d 8c 24 98 00 00 00 49 89 06 48 8b d5 4c
0x00007ffa6446ee02:   8b 43 f8 4c 8b f3 48 83 eb 08 e8 2f 74 ff ff 84
0x00007ffa6446ee12:   c0 75 db 49 89 2e 48 83 c6 08 49 3b f5 0f 85 db
0x00007ffa6446ee22:   fd ff ff 48 83 c4 50 41 5f 41 5e 41 5d 5f 5e 5d
0x00007ffa6446ee32:   5b c3 cc cc cc cc cc cc cc cc cc cc cc cc 48 89
0x00007ffa6446ee42:   4c 24 08 53 48 83 ec 30 48 c7 44 24 20 fe ff ff
0x00007ffa6446ee52:   ff 48 8b d9 48 8d 05 33 fd 13 00 48 89 01 33 c0
0x00007ffa6446ee62:   48 89 41 08 48 89 41 10 48 89 41 18 48 83 c1 20
0x00007ffa6446ee72:   48 89 01 48 89 41 08 48 89 41 10 48 3b da 74 38
0x00007ffa6446ee82:   48 8b 42 08 48 89 43 08 8b 42 10 89 43 10 8b 42
0x00007ffa6446ee92:   14 89 43 14 48 8b 42 18 48 89 43 18 48 83 c2 20
0x00007ffa6446eea2:   48 3b ca 74 13 44 0f b6 4c 24 40 4c 8b 42 08 48
0x00007ffa6446eeb2:   8b 12 e8 47 e7 ff ff 90 48 8b c3 48 83 c4 30 5b
0x00007ffa6446eec2:   c3 cc cc cc cc cc cc cc cc cc cc cc cc cc 48 89
0x00007ffa6446eed2:   4c 24 08 53 48 83 ec 30 48 c7 44 24 20 fe ff ff
0x00007ffa6446eee2:   ff 48 8b d9 48 8d 05 a3 fc 13 00 48 89 01 48 89
0x00007ffa6446eef2:   51 08 33 c0 48 89 41 10 4c 89 41 18 48 89 41 20
0x00007ffa6446ef02:   48 89 41 28 48 89 41 30 e8 81 01 00 00 90 48 8b
0x00007ffa6446ef12:   c3 48 83 c4 30 5b c3 cc cc cc cc cc cc cc 48 8d
0x00007ffa6446ef22:   05 69 fc 13 00 48 89 01 33 c0 48 89 41 08 48 89
0x00007ffa6446ef32:   41 10 48 89 41 18 48 89 41 20 48 89 41 28 48 89
0x00007ffa6446ef42:   41 30 48 8b c1 c3 cc cc cc cc cc cc cc cc 40 53
0x00007ffa6446ef52:   48 83 ec 20 48 8d 05 33 fc 13 00 48 8b d9 48 89
0x00007ffa6446ef62:   01 48 8b 49 20 48 85 c9 74 3f 48 8b 53 30 48 2b
0x00007ffa6446ef72:   d1 48 83 e2 f8 48 81 fa 00 10 00 00 72 18 4c 8b 


Stack slot to memory mapping:
stack at sp + 0 slots: 0x0 is NULL
stack at sp + 1 slots: 0x00007ffa64542557 points into unknown readable memory: 48
stack at sp + 2 slots: 0x0000000000000038 is an unknown value
stack at sp + 3 slots: 0x000002120219fd20 points into unknown readable memory: 0x00007ffa645aeb90 | 90 eb 5a 64 fa 7f 00 00
stack at sp + 4 slots: 0xfffffffffffffffe is an unknown value
stack at sp + 5 slots: 0x000000629c6fdce8 is pointing into the stack for thread: 0x00000211bed394e0
stack at sp + 6 slots: 0x0 is NULL
stack at sp + 7 slots: 0x00007ffa64467222 points into unknown readable memory: 90 48 83 c4 40 5b


---------------  P R O C E S S  ---------------

Threads class SMR info:
_java_thread_list=0x000002125c830110, length=54, elements={
0x00000211949f2b70, 0x0000021195bc4960, 0x0000021195bc7230, 0x0000021195bdbea0,
0x0000021195bddfa0, 0x0000021195be5cc0, 0x0000021195be69a0, 0x0000021195be71a0,
0x0000021195befd60, 0x0000021195bf0a80, 0x00000211bd12cf60, 0x00000211bd14f460,
0x00000211bd5c4110, 0x00000211bd3a16d0, 0x00000211bed7d010, 0x00000211bed39010,
0x00000211bed394e0, 0x00000211bebc9080, 0x00000211bebc9ef0, 0x00000211bebc9550,
0x00000211bebcb700, 0x00000211c56e5600, 0x00000211c56e77b0, 0x00000211c743db90,
0x00000211c743cd20, 0x00000211c18f9a90, 0x00000211ce5ab5f0, 0x00000211d0b729b0,
0x00000211d0b70800, 0x00000211d0b71b40, 0x00000211d0b70cd0, 0x00000211d0b711a0,
0x00000211d0b71670, 0x00000211d0b6f990, 0x00000211d0b72e80, 0x00000211d0b73820,
0x00000211d0b74690, 0x00000211d08cb710, 0x00000211d08cd8c0, 0x00000211d08ccf20,
0x00000211d08d2f60, 0x00000211d08d3430, 0x00000211d08ce260, 0x00000211d08c9090,
0x00000211d08c6540, 0x00000211d08c7880, 0x00000211d08cd3f0, 0x00000211d08d3dd0,
0x00000211d08d6920, 0x00000211d08d0db0, 0x00000211d0b724e0, 0x000002127d023a30,
0x000002127d020ee0, 0x000002127d021880
}

Java Threads: ( => current thread )
  0x00000211949f2b70 JavaThread "main" [_thread_blocked, id=14032, stack(0x0000006292f00000,0x0000006293000000)]
  0x0000021195bc4960 JavaThread "Reference Handler" daemon [_thread_blocked, id=15852, stack(0x0000006293800000,0x0000006294200000)]
  0x0000021195bc7230 JavaThread "Finalizer" daemon [_thread_blocked, id=15876, stack(0x0000006294200000,0x0000006294c00000)]
  0x0000021195bdbea0 JavaThread "Signal Dispatcher" daemon [_thread_blocked, id=15860, stack(0x0000006294c00000,0x0000006295600000)]
  0x0000021195bddfa0 JavaThread "Attach Listener" daemon [_thread_blocked, id=15868, stack(0x0000006295600000,0x0000006296000000)]
  0x0000021195be5cc0 JavaThread "Service Thread" daemon [_thread_blocked, id=15864, stack(0x0000006296000000,0x0000006296a00000)]
  0x0000021195be69a0 JavaThread "Monitor Deflation Thread" daemon [_thread_blocked, id=15840, stack(0x0000006296a00000,0x0000006297400000)]
  0x0000021195be71a0 JavaThread "C2 CompilerThread0" daemon [_thread_blocked, id=15560, stack(0x0000006297400000,0x0000006297500000)]
  0x0000021195befd60 JavaThread "C1 CompilerThread0" daemon [_thread_blocked, id=15940, stack(0x0000006297500000,0x0000006297600000)]
  0x0000021195bf0a80 JavaThread "Sweeper thread" daemon [_thread_blocked, id=16304, stack(0x0000006297600000,0x0000006298000000)]
  0x00000211bd12cf60 JavaThread "Common-Cleaner" daemon [_thread_blocked, id=16308, stack(0x0000006298000000,0x0000006298a00000)]
  0x00000211bd14f460 JavaThread "Notification Thread" daemon [_thread_blocked, id=16276, stack(0x0000006298a00000,0x0000006299400000)]
  0x00000211bd5c4110 JavaThread "Java2D Disposer" daemon [_thread_blocked, id=12504, stack(0x0000006299500000,0x0000006299f00000)]
  0x00000211bd3a16d0 JavaThread "AWT-Windows" daemon [_thread_in_native, id=10700, stack(0x000000629a900000,0x000000629b300000)]
  0x00000211bed7d010 JavaThread "TimerQueue" daemon [_thread_blocked, id=16264, stack(0x0000006299f00000,0x000000629a900000)]
  0x00000211bed39010 JavaThread "AWT-Shutdown" [_thread_blocked, id=15468, stack(0x000000629b300000,0x000000629bd00000)]
=>0x00000211bed394e0 JavaThread "AWT-EventQueue-0" [_thread_in_native, id=9644, stack(0x000000629bd00000,0x000000629c700000)]
  0x00000211bebc9080 JavaThread "Thread-1" [_thread_in_native, id=15020, stack(0x0000006291400000,0x0000006292800000)]
  0x00000211bebc9ef0 JavaThread "Process Messages Thread" [_thread_blocked, id=9820, stack(0x000000629e500000,0x000000629ef00000)]
  0x00000211bebc9550 JavaThread "Batik CleanerThread" daemon [_thread_blocked, id=14140, stack(0x000000629ef00000,0x000000629f900000)]
  0x00000211bebcb700 JavaThread "SyntheticaCleanerThread" daemon [_thread_blocked, id=15904, stack(0x00000062a0300000,0x00000062a0d00000)]
  0x00000211c56e5600 JavaThread "Timer-0" [_thread_blocked, id=13308, stack(0x00000062a0d00000,0x00000062a1700000)]
  0x00000211c56e77b0 JavaThread "Monitor File Timestamp Swing Worker Thread" [_thread_blocked, id=16244, stack(0x00000062a1700000,0x00000062a2100000)]
  0x00000211c743db90 JavaThread "Monitor HEventQueue Thread" [_thread_blocked, id=8372, stack(0x00000062a2100000,0x00000062a2b00000)]
  0x00000211c743cd20 JavaThread "SyntheticaAnimation 50" daemon [_thread_blocked, id=1580, stack(0x00000062a2b00000,0x00000062a3500000)]
  0x00000211c18f9a90 JavaThread "SyntheticaAnimation 25" daemon [_thread_blocked, id=9452, stack(0x00000062a3500000,0x00000062a3f00000)]
  0x00000211ce5ab5f0 JavaThread "SyntheticaAnimation 70" daemon [_thread_blocked, id=4568, stack(0x00000062a4900000,0x00000062a5300000)]
  0x00000211d0b729b0 JavaThread "Refresh Filesets Swing Worker Thread" [_thread_blocked, id=16148, stack(0x000000629c700000,0x000000629d100000)]
  0x00000211d0b70800 JavaThread "hw_ila_monitor" [_thread_blocked, id=8728, stack(0x000000629f900000,0x00000062a0300000)]
  0x00000211d0b71b40 JavaThread "pool-1-thread-1" [_thread_blocked, id=13004, stack(0x00000062a6700000,0x00000062a7100000)]
  0x00000211d0b70cd0 JavaThread "Timer-1" [_thread_blocked, id=13268, stack(0x00000062a7100000,0x00000062a7b00000)]
  0x00000211d0b711a0 JavaThread "pool-2-thread-1" [_thread_blocked, id=16108, stack(0x00000062a7b00000,0x00000062a8500000)]
  0x00000211d0b71670 JavaThread "Timer-2" [_thread_blocked, id=3268, stack(0x00000062a8500000,0x00000062a8f00000)]
  0x00000211d0b6f990 JavaThread "pool-3-thread-1" [_thread_blocked, id=11100, stack(0x00000062a8f00000,0x00000062a9900000)]
  0x00000211d0b72e80 JavaThread "Timer-3" [_thread_blocked, id=16196, stack(0x00000062a9900000,0x00000062aa300000)]
  0x00000211d0b73820 JavaThread "Update Runs Swing Worker Thread" [_thread_blocked, id=11136, stack(0x00000062aa300000,0x00000062aad00000)]
  0x00000211d0b74690 JavaThread "SyntheticaAnimation 50" daemon [_thread_blocked, id=9228, stack(0x00000062a3f00000,0x00000062a4900000)]
  0x00000211d08cb710 JavaThread "Timer-4" [_thread_blocked, id=17476, stack(0x00000062a5300000,0x00000062a5d00000)]
  0x00000211d08cd8c0 JavaThread "Monitor File Timestamp Swing Worker Thread" [_thread_blocked, id=17472, stack(0x00000062a5d00000,0x00000062a6700000)]
  0x00000211d08ccf20 JavaThread "Image Animator 3" daemon [_thread_blocked, id=4236, stack(0x00000062acb00000,0x00000062ad500000)]
  0x00000211d08d2f60 JavaThread "Timer-13" [_thread_blocked, id=8328, stack(0x00000062aad00000,0x00000062ab700000)]
  0x00000211d08d3430 JavaThread "Monitor File Timestamp Swing Worker Thread" [_thread_blocked, id=18040, stack(0x00000062ae900000,0x00000062af300000)]
  0x00000211d08ce260 JavaThread "Swing-Shell" daemon [_thread_blocked, id=4196, stack(0x00000062af300000,0x00000062afd00000)]
  0x00000211d08c9090 JavaThread "Timer-17" [_thread_blocked, id=17996, stack(0x00000062ad500000,0x00000062adf00000)]
  0x00000211d08c6540 JavaThread "Monitor File Timestamp Swing Worker Thread" [_thread_blocked, id=7488, stack(0x00000062adf00000,0x00000062ae900000)]
  0x00000211d08c7880 JavaThread "Timer-20" [_thread_blocked, id=2468, stack(0x00000062ac100000,0x00000062acb00000)]
  0x00000211d08cd3f0 JavaThread "Monitor File Timestamp Swing Worker Thread" [_thread_blocked, id=16536, stack(0x00000062afd00000,0x00000062b0700000)]
  0x00000211d08d3dd0 JavaThread "Timer-22" [_thread_blocked, id=1552, stack(0x00000062b2f00000,0x00000062b3900000)]
  0x00000211d08d6920 JavaThread "Monitor File Timestamp Swing Worker Thread" [_thread_blocked, id=9904, stack(0x00000062b3900000,0x00000062b4300000)]
  0x00000211d08d0db0 JavaThread "Thread-1321" [_thread_in_native, id=1784, stack(0x000000629da00000,0x000000629db00000)]
  0x00000211d0b724e0 JavaThread "Thread-1322" [_thread_in_native, id=7516, stack(0x0000006291100000,0x0000006291200000)]
  0x000002127d023a30 JavaThread "Timer-29" [_thread_blocked, id=20240, stack(0x00000062ab700000,0x00000062ac100000)]
  0x000002127d020ee0 JavaThread "Monitor File Timestamp Swing Worker Thread" [_thread_blocked, id=5760, stack(0x00000062b4300000,0x00000062b4d00000)]
  0x000002127d021880 JavaThread "Relaunch Simulation Thread" [_thread_in_native, id=3984, stack(0x00000062b0700000,0x00000062b1100000)]

Other Threads:
  0x000002118dcb72f0 VMThread "VM Thread" [stack: 0x0000006293700000,0x0000006293800000] [id=15596]
  0x000002118cd9a2e0 WatcherThread [stack: 0x0000006299400000,0x0000006299500000] [id=16324]
  0x0000021194553990 GCTaskThread "GC Thread#0" [stack: 0x0000006293100000,0x0000006293200000] [id=15592]
  0x0000021194552ed0 GCTaskThread "GC Thread#1" [stack: 0x000000629d100000,0x000000629d200000] [id=14752]
  0x0000021194553430 GCTaskThread "GC Thread#2" [stack: 0x000000629d200000,0x000000629d300000] [id=7972]
  0x0000021194554450 GCTaskThread "GC Thread#3" [stack: 0x000000629d300000,0x000000629d400000] [id=1624]
  0x0000021194555470 GCTaskThread "GC Thread#4" [stack: 0x000000629d400000,0x000000629d500000] [id=1800]
  0x0000021194553180 GCTaskThread "GC Thread#5" [stack: 0x000000629d500000,0x000000629d600000] [id=1620]
  0x0000021194552410 GCTaskThread "GC Thread#6" [stack: 0x000000629d600000,0x000000629d700000] [id=1828]
  0x00000211945549b0 GCTaskThread "GC Thread#7" [stack: 0x000000629d700000,0x000000629d800000] [id=1868]
  0x00000211949d0b30 ConcurrentGCThread "G1 Main Marker" [stack: 0x0000006293200000,0x0000006293300000] [id=15584]
  0x0000021194552c20 ConcurrentGCThread "G1 Conc#0" [stack: 0x0000006293300000,0x0000006293400000] [id=15848]
  0x00000211945551c0 ConcurrentGCThread "G1 Conc#1" [stack: 0x000000629db00000,0x000000629dc00000] [id=5804]
  0x000002119546e850 ConcurrentGCThread "G1 Refine#0" [stack: 0x0000006293400000,0x0000006293500000] [id=15580]
  0x00000211bffac6d0 ConcurrentGCThread "G1 Refine#1" [stack: 0x000000629d800000,0x000000629d900000] [id=2800]
  0x0000021190ad2d00 ConcurrentGCThread "G1 Service" [stack: 0x0000006293500000,0x0000006293600000] [id=15576]
  0x0000021194553c40 ConcurrentGCThread "StringDedupProcessor" [stack: 0x0000006293600000,0x0000006293700000] [id=15588]

Threads with active compile tasks:

VM state: not at safepoint (normal execution)

VM Mutex/Monitor currently owned by a thread: None

Heap address: 0x0000000701800000, size: 4072 MB, Compressed Oops mode: Zero based, Oop shift amount: 3

CDS archive(s) mapped at: [0x0000000800000000-0x0000000800bc0000-0x0000000800bc0000), size 12320768, SharedBaseAddress: 0x0000000800000000, ArchiveRelocationMode: 0.
Compressed class space mapped at: 0x0000000801000000-0x0000000841000000, reserved size: 1073741824
Narrow klass base: 0x0000000800000000, Narrow klass shift: 0, Narrow klass range: 0x100000000

GC Precious Log:
 CPUs: 8 total, 8 available
 Memory: 8023M
 Large Page Support: Disabled
 NUMA Support: Disabled
 Compressed Oops: Enabled (Zero based)
 Heap Region Size: 2M
 Heap Min Capacity: 512M
 Heap Initial Capacity: 512M
 Heap Max Capacity: 4072M
 Pre-touch: Disabled
 Parallel Workers: 8
 Concurrent Workers: 2
 Concurrent Refinement Workers: 8
 Periodic GC: Disabled
 String Deduplication is enabled

Heap:
 garbage-first heap   total 524288K, used 174876K [0x0000000701800000, 0x0000000800000000)
  region size 2048K, 7 young (14336K), 5 survivors (10240K)
 Metaspace       used 92113K, committed 92992K, reserved 1179648K
  class space    used 12900K, committed 13504K, reserved 1048576K

Heap Regions: E=young(eden), S=young(survivor), O=old, HS=humongous(starts), HC=humongous(continues), CS=collection set, F=free, OA=open archive, CA=closed archive, TAMS=top-at-mark-start (previous, next)
|   0|0x0000000701800000, 0x0000000701a00000, 0x0000000701a00000|100%|HS|  |TAMS 0x0000000701a00000, 0x0000000701800000| Untracked 
|   1|0x0000000701a00000, 0x0000000701bfffe8, 0x0000000701c00000| 99%| O|  |TAMS 0x0000000701bfffe8, 0x0000000701a00000| Untracked 
|   2|0x0000000701c00000, 0x0000000701dffe20, 0x0000000701e00000| 99%| O|  |TAMS 0x0000000701dffe20, 0x0000000701c00000| Untracked 
|   3|0x0000000701e00000, 0x0000000701fffff8, 0x0000000702000000| 99%| O|  |TAMS 0x0000000701fffff8, 0x0000000701e00000| Untracked 
|   4|0x0000000702000000, 0x00000007021fffe0, 0x0000000702200000| 99%| O|  |TAMS 0x00000007021fffe0, 0x0000000702000000| Untracked 
|   5|0x0000000702200000, 0x0000000702400000, 0x0000000702400000|100%| O|  |TAMS 0x0000000702400000, 0x0000000702200000| Untracked 
|   6|0x0000000702400000, 0x00000007025ffff8, 0x0000000702600000| 99%| O|  |TAMS 0x00000007025ffff8, 0x0000000702400000| Untracked 
|   7|0x0000000702600000, 0x00000007027f7b18, 0x0000000702800000| 98%| O|  |TAMS 0x00000007027f7b18, 0x0000000702600000| Untracked 
|   8|0x0000000702800000, 0x0000000702a00000, 0x0000000702a00000|100%| O|  |TAMS 0x0000000702a00000, 0x0000000702800000| Untracked 
|   9|0x0000000702a00000, 0x0000000702bffff0, 0x0000000702c00000| 99%| O|  |TAMS 0x0000000702bffff0, 0x0000000702a00000| Untracked 
|  10|0x0000000702c00000, 0x0000000702dffff8, 0x0000000702e00000| 99%| O|  |TAMS 0x0000000702dffff8, 0x0000000702c00000| Untracked 
|  11|0x0000000702e00000, 0x0000000703000000, 0x0000000703000000|100%| O|  |TAMS 0x0000000703000000, 0x0000000702e00000| Untracked 
|  12|0x0000000703000000, 0x00000007031ffff0, 0x0000000703200000| 99%| O|  |TAMS 0x00000007031ffff0, 0x0000000703000000| Untracked 
|  13|0x0000000703200000, 0x00000007033ffff8, 0x0000000703400000| 99%| O|  |TAMS 0x00000007033ffff8, 0x0000000703200000| Untracked 
|  14|0x0000000703400000, 0x00000007035ffff8, 0x0000000703600000| 99%| O|  |TAMS 0x00000007035ffff8, 0x0000000703400000| Untracked 
|  15|0x0000000703600000, 0x00000007037ffff0, 0x0000000703800000| 99%| O|  |TAMS 0x00000007037ffff0, 0x0000000703600000| Untracked 
|  16|0x0000000703800000, 0x00000007039ffff8, 0x0000000703a00000| 99%| O|  |TAMS 0x00000007039ffff8, 0x0000000703800000| Untracked 
|  17|0x0000000703a00000, 0x0000000703bfffd0, 0x0000000703c00000| 99%| O|  |TAMS 0x0000000703bfffd0, 0x0000000703a00000| Untracked 
|  18|0x0000000703c00000, 0x0000000703dfffd0, 0x0000000703e00000| 99%| O|  |TAMS 0x0000000703dfffd0, 0x0000000703c00000| Untracked 
|  19|0x0000000703e00000, 0x0000000703ffd448, 0x0000000704000000| 99%| O|  |TAMS 0x0000000703ffd448, 0x0000000703e00000| Untracked 
|  20|0x0000000704000000, 0x00000007041ffff8, 0x0000000704200000| 99%| O|  |TAMS 0x00000007041ffff8, 0x0000000704000000| Untracked 
|  21|0x0000000704200000, 0x00000007043ffe98, 0x0000000704400000| 99%| O|  |TAMS 0x00000007043ffe98, 0x0000000704200000| Untracked 
|  22|0x0000000704400000, 0x00000007045fffd0, 0x0000000704600000| 99%| O|  |TAMS 0x00000007045fffd0, 0x0000000704400000| Untracked 
|  23|0x0000000704600000, 0x00000007047ffff0, 0x0000000704800000| 99%| O|  |TAMS 0x00000007047ffff0, 0x0000000704600000| Untracked 
|  24|0x0000000704800000, 0x00000007049ffff8, 0x0000000704a00000| 99%| O|  |TAMS 0x00000007049ffff8, 0x0000000704800000| Untracked 
|  25|0x0000000704a00000, 0x0000000704bffff8, 0x0000000704c00000| 99%| O|  |TAMS 0x0000000704bffff8, 0x0000000704a00000| Untracked 
|  26|0x0000000704c00000, 0x0000000704e00000, 0x0000000704e00000|100%| O|  |TAMS 0x0000000704e00000, 0x0000000704c00000| Untracked 
|  27|0x0000000704e00000, 0x0000000704fffff8, 0x0000000705000000| 99%| O|  |TAMS 0x0000000704fffff8, 0x0000000704e00000| Untracked 
|  28|0x0000000705000000, 0x00000007051ff778, 0x0000000705200000| 99%| O|  |TAMS 0x00000007051ff778, 0x0000000705000000| Untracked 
|  29|0x0000000705200000, 0x00000007053fffe0, 0x0000000705400000| 99%| O|  |TAMS 0x00000007053fffe0, 0x0000000705200000| Untracked 
|  30|0x0000000705400000, 0x00000007055ff238, 0x0000000705600000| 99%| O|  |TAMS 0x00000007055ff238, 0x0000000705400000| Untracked 
|  31|0x0000000705600000, 0x00000007057fffe8, 0x0000000705800000| 99%| O|  |TAMS 0x00000007057fffe8, 0x0000000705600000| Untracked 
|  32|0x0000000705800000, 0x00000007059fffc8, 0x0000000705a00000| 99%| O|  |TAMS 0x00000007059fffc8, 0x0000000705800000| Untracked 
|  33|0x0000000705a00000, 0x0000000705bffff8, 0x0000000705c00000| 99%| O|  |TAMS 0x0000000705bffff8, 0x0000000705a00000| Untracked 
|  34|0x0000000705c00000, 0x0000000705dffff8, 0x0000000705e00000| 99%| O|  |TAMS 0x0000000705dffff8, 0x0000000705c00000| Untracked 
|  35|0x0000000705e00000, 0x0000000705ffe1c0, 0x0000000706000000| 99%| O|  |TAMS 0x0000000705ffe1c0, 0x0000000705e00000| Untracked 
|  36|0x0000000706000000, 0x0000000706200000, 0x0000000706200000|100%| O|  |TAMS 0x0000000706000000, 0x0000000706000000| Untracked 
|  37|0x0000000706200000, 0x00000007063fffe0, 0x0000000706400000| 99%| O|  |TAMS 0x00000007063fffe0, 0x0000000706200000| Untracked 
|  38|0x0000000706400000, 0x00000007065ffff8, 0x0000000706600000| 99%| O|  |TAMS 0x0000000706400000, 0x0000000706400000| Untracked 
|  39|0x0000000706600000, 0x00000007067ffff0, 0x0000000706800000| 99%| O|  |TAMS 0x00000007067ffff0, 0x0000000706600000| Untracked 
|  40|0x0000000706800000, 0x00000007069fffe0, 0x0000000706a00000| 99%| O|  |TAMS 0x0000000706800000, 0x0000000706800000| Untracked 
|  41|0x0000000706a00000, 0x0000000706bffff8, 0x0000000706c00000| 99%| O|  |TAMS 0x0000000706bffff8, 0x0000000706a00000| Untracked 
|  42|0x0000000706c00000, 0x0000000706dffff0, 0x0000000706e00000| 99%| O|  |TAMS 0x0000000706dffff0, 0x0000000706c00000| Untracked 
|  43|0x0000000706e00000, 0x0000000707000000, 0x0000000707000000|100%|HS|  |TAMS 0x0000000707000000, 0x0000000706e00000| Untracked 
|  44|0x0000000707000000, 0x00000007071d6f08, 0x0000000707200000| 91%| O|  |TAMS 0x0000000707000000, 0x0000000707000000| Untracked 
|  45|0x0000000707200000, 0x00000007073fffa8, 0x0000000707400000| 99%| O|  |TAMS 0x0000000707200000, 0x0000000707200000| Untracked 
|  46|0x0000000707400000, 0x00000007075f5138, 0x0000000707600000| 97%| O|  |TAMS 0x0000000707400000, 0x0000000707400000| Untracked 
|  47|0x0000000707600000, 0x00000007077a4b00, 0x0000000707800000| 82%| O|  |TAMS 0x0000000707600000, 0x0000000707600000| Untracked 
|  48|0x0000000707800000, 0x0000000707a00000, 0x0000000707a00000|100%| O|  |TAMS 0x0000000707a00000, 0x0000000707800000| Untracked 
|  49|0x0000000707a00000, 0x0000000707c00000, 0x0000000707c00000|100%| O|  |TAMS 0x0000000707c00000, 0x0000000707a00000| Untracked 
|  50|0x0000000707c00000, 0x0000000707db2d30, 0x0000000707e00000| 84%| O|  |TAMS 0x0000000707c00000, 0x0000000707c00000| Untracked 
|  51|0x0000000707e00000, 0x0000000707e270a8, 0x0000000708000000|  7%| O|  |TAMS 0x0000000707e00000, 0x0000000707e00000| Untracked 
|  52|0x0000000708000000, 0x00000007081b8400, 0x0000000708200000| 85%| O|  |TAMS 0x0000000708000000, 0x0000000708000000| Untracked 
|  53|0x0000000708200000, 0x0000000708311ee8, 0x0000000708400000| 53%| O|  |TAMS 0x0000000708200000, 0x0000000708200000| Untracked 
|  54|0x0000000708400000, 0x0000000708400000, 0x0000000708600000|  0%| F|  |TAMS 0x0000000708400000, 0x0000000708400000| Untracked 
|  55|0x0000000708600000, 0x0000000708600000, 0x0000000708800000|  0%| F|  |TAMS 0x0000000708600000, 0x0000000708600000| Untracked 
|  56|0x0000000708800000, 0x000000070890cea8, 0x0000000708a00000| 52%| O|  |TAMS 0x0000000708800000, 0x0000000708800000| Untracked 
|  57|0x0000000708a00000, 0x0000000708c00000, 0x0000000708c00000|100%|HS|  |TAMS 0x0000000708c00000, 0x0000000708a00000| Untracked 
|  58|0x0000000708c00000, 0x0000000708e00000, 0x0000000708e00000|100%| O|  |TAMS 0x0000000708e00000, 0x0000000708c00000| Untracked 
|  59|0x0000000708e00000, 0x0000000708e00000, 0x0000000709000000|  0%| F|  |TAMS 0x0000000708e00000, 0x0000000708e00000| Untracked 
|  60|0x0000000709000000, 0x0000000709000000, 0x0000000709200000|  0%| F|  |TAMS 0x0000000709000000, 0x0000000709000000| Untracked 
|  61|0x0000000709200000, 0x0000000709200000, 0x0000000709400000|  0%| F|  |TAMS 0x0000000709200000, 0x0000000709200000| Untracked 
|  62|0x0000000709400000, 0x0000000709600000, 0x0000000709600000|100%|HS|  |TAMS 0x0000000709400000, 0x0000000709400000| Complete 
|  63|0x0000000709600000, 0x0000000709800000, 0x0000000709800000|100%|HC|  |TAMS 0x0000000709600000, 0x0000000709600000| Complete 
|  64|0x0000000709800000, 0x0000000709a00000, 0x0000000709a00000|100%|HC|  |TAMS 0x0000000709800000, 0x0000000709800000| Complete 
|  65|0x0000000709a00000, 0x0000000709c00000, 0x0000000709c00000|100%|HC|  |TAMS 0x0000000709a00000, 0x0000000709a00000| Complete 
|  66|0x0000000709c00000, 0x0000000709e00000, 0x0000000709e00000|100%|HS|  |TAMS 0x0000000709c00000, 0x0000000709c00000| Complete 
|  67|0x0000000709e00000, 0x000000070a000000, 0x000000070a000000|100%|HC|  |TAMS 0x0000000709e00000, 0x0000000709e00000| Complete 
|  68|0x000000070a000000, 0x000000070a200000, 0x000000070a200000|100%|HC|  |TAMS 0x000000070a000000, 0x000000070a000000| Complete 
|  69|0x000000070a200000, 0x000000070a400000, 0x000000070a400000|100%|HC|  |TAMS 0x000000070a200000, 0x000000070a200000| Complete 
|  70|0x000000070a400000, 0x000000070a400000, 0x000000070a600000|  0%| F|  |TAMS 0x000000070a400000, 0x000000070a400000| Untracked 
|  71|0x000000070a600000, 0x000000070a600000, 0x000000070a800000|  0%| F|  |TAMS 0x000000070a600000, 0x000000070a600000| Untracked 
|  72|0x000000070a800000, 0x000000070a800000, 0x000000070aa00000|  0%| F|  |TAMS 0x000000070a800000, 0x000000070a800000| Untracked 
|  73|0x000000070aa00000, 0x000000070ac00000, 0x000000070ac00000|100%| O|  |TAMS 0x000000070ac00000, 0x000000070aa00000| Untracked 
|  74|0x000000070ac00000, 0x000000070ac00000, 0x000000070ae00000|  0%| F|  |TAMS 0x000000070ac00000, 0x000000070ac00000| Untracked 
|  75|0x000000070ae00000, 0x000000070ae00000, 0x000000070b000000|  0%| F|  |TAMS 0x000000070ae00000, 0x000000070ae00000| Untracked 
|  76|0x000000070b000000, 0x000000070b000000, 0x000000070b200000|  0%| F|  |TAMS 0x000000070b000000, 0x000000070b000000| Untracked 
|  77|0x000000070b200000, 0x000000070b200000, 0x000000070b400000|  0%| F|  |TAMS 0x000000070b200000, 0x000000070b200000| Untracked 
|  78|0x000000070b400000, 0x000000070b400000, 0x000000070b600000|  0%| F|  |TAMS 0x000000070b400000, 0x000000070b400000| Untracked 
|  79|0x000000070b600000, 0x000000070b800000, 0x000000070b800000|100%|HS|  |TAMS 0x000000070b800000, 0x000000070b600000| Untracked 
|  80|0x000000070b800000, 0x000000070ba00000, 0x000000070ba00000|100%|HC|  |TAMS 0x000000070ba00000, 0x000000070b800000| Untracked 
|  81|0x000000070ba00000, 0x000000070bc00000, 0x000000070bc00000|100%|HC|  |TAMS 0x000000070bc00000, 0x000000070ba00000| Untracked 
|  82|0x000000070bc00000, 0x000000070be00000, 0x000000070be00000|100%|HC|  |TAMS 0x000000070be00000, 0x000000070bc00000| Untracked 
|  83|0x000000070be00000, 0x000000070c000000, 0x000000070c000000|100%|HS|  |TAMS 0x000000070c000000, 0x000000070be00000| Untracked 
|  84|0x000000070c000000, 0x000000070c200000, 0x000000070c200000|100%|HS|  |TAMS 0x000000070c200000, 0x000000070c000000| Untracked 
|  85|0x000000070c200000, 0x000000070c400000, 0x000000070c400000|100%|HC|  |TAMS 0x000000070c400000, 0x000000070c200000| Untracked 
|  86|0x000000070c400000, 0x000000070c600000, 0x000000070c600000|100%|HC|  |TAMS 0x000000070c600000, 0x000000070c400000| Untracked 
|  87|0x000000070c600000, 0x000000070c800000, 0x000000070c800000|100%|HC|  |TAMS 0x000000070c800000, 0x000000070c600000| Untracked 
|  88|0x000000070c800000, 0x000000070ca00000, 0x000000070ca00000|100%|HC|  |TAMS 0x000000070ca00000, 0x000000070c800000| Untracked 
|  89|0x000000070ca00000, 0x000000070cc00000, 0x000000070cc00000|100%|HC|  |TAMS 0x000000070cc00000, 0x000000070ca00000| Untracked 
|  90|0x000000070cc00000, 0x000000070cc00000, 0x000000070ce00000|  0%| F|  |TAMS 0x000000070cc00000, 0x000000070cc00000| Untracked 
|  91|0x000000070ce00000, 0x000000070ce00000, 0x000000070d000000|  0%| F|  |TAMS 0x000000070ce00000, 0x000000070ce00000| Untracked 
|  92|0x000000070d000000, 0x000000070d1b4428, 0x000000070d200000| 85%| O|  |TAMS 0x000000070d000000, 0x000000070d000000| Untracked 
|  93|0x000000070d200000, 0x000000070d200000, 0x000000070d400000|  0%| F|  |TAMS 0x000000070d200000, 0x000000070d200000| Untracked 
|  94|0x000000070d400000, 0x000000070d400000, 0x000000070d600000|  0%| F|  |TAMS 0x000000070d400000, 0x000000070d400000| Untracked 
|  95|0x000000070d600000, 0x000000070d600000, 0x000000070d800000|  0%| F|  |TAMS 0x000000070d600000, 0x000000070d600000| Untracked 
|  96|0x000000070d800000, 0x000000070d800000, 0x000000070da00000|  0%| F|  |TAMS 0x000000070d800000, 0x000000070d800000| Untracked 
|  97|0x000000070da00000, 0x000000070da00000, 0x000000070dc00000|  0%| F|  |TAMS 0x000000070da00000, 0x000000070da00000| Untracked 
|  98|0x000000070dc00000, 0x000000070dc00000, 0x000000070de00000|  0%| F|  |TAMS 0x000000070dc00000, 0x000000070dc00000| Untracked 
|  99|0x000000070de00000, 0x000000070de00000, 0x000000070e000000|  0%| F|  |TAMS 0x000000070de00000, 0x000000070de00000| Untracked 
| 100|0x000000070e000000, 0x000000070e000000, 0x000000070e200000|  0%| F|  |TAMS 0x000000070e000000, 0x000000070e000000| Untracked 
| 101|0x000000070e200000, 0x000000070e200000, 0x000000070e400000|  0%| F|  |TAMS 0x000000070e200000, 0x000000070e200000| Untracked 
| 102|0x000000070e400000, 0x000000070e400000, 0x000000070e600000|  0%| F|  |TAMS 0x000000070e400000, 0x000000070e400000| Untracked 
| 103|0x000000070e600000, 0x000000070e800000, 0x000000070e800000|100%| O|  |TAMS 0x000000070e800000, 0x000000070e600000| Untracked 
| 104|0x000000070e800000, 0x000000070e800000, 0x000000070ea00000|  0%| F|  |TAMS 0x000000070e800000, 0x000000070e800000| Untracked 
| 105|0x000000070ea00000, 0x000000070ea00000, 0x000000070ec00000|  0%| F|  |TAMS 0x000000070ea00000, 0x000000070ea00000| Untracked 
| 106|0x000000070ec00000, 0x000000070ec00000, 0x000000070ee00000|  0%| F|  |TAMS 0x000000070ec00000, 0x000000070ec00000| Untracked 
| 107|0x000000070ee00000, 0x000000070ee00000, 0x000000070f000000|  0%| F|  |TAMS 0x000000070ee00000, 0x000000070ee00000| Untracked 
| 108|0x000000070f000000, 0x000000070f000000, 0x000000070f200000|  0%| F|  |TAMS 0x000000070f000000, 0x000000070f000000| Untracked 
| 109|0x000000070f200000, 0x000000070f200000, 0x000000070f400000|  0%| F|  |TAMS 0x000000070f200000, 0x000000070f200000| Untracked 
| 110|0x000000070f400000, 0x000000070f400000, 0x000000070f600000|  0%| F|  |TAMS 0x000000070f400000, 0x000000070f400000| Untracked 
| 111|0x000000070f600000, 0x000000070f600000, 0x000000070f800000|  0%| F|  |TAMS 0x000000070f600000, 0x000000070f600000| Untracked 
| 112|0x000000070f800000, 0x000000070f800000, 0x000000070fa00000|  0%| F|  |TAMS 0x000000070f800000, 0x000000070f800000| Untracked 
| 113|0x000000070fa00000, 0x000000070fa00000, 0x000000070fc00000|  0%| F|  |TAMS 0x000000070fa00000, 0x000000070fa00000| Untracked 
| 114|0x000000070fc00000, 0x000000070fc00000, 0x000000070fe00000|  0%| F|  |TAMS 0x000000070fc00000, 0x000000070fc00000| Untracked 
| 115|0x000000070fe00000, 0x000000070fe00000, 0x0000000710000000|  0%| F|  |TAMS 0x000000070fe00000, 0x000000070fe00000| Untracked 
| 116|0x0000000710000000, 0x0000000710000000, 0x0000000710200000|  0%| F|  |TAMS 0x0000000710000000, 0x0000000710000000| Untracked 
| 117|0x0000000710200000, 0x0000000710200000, 0x0000000710400000|  0%| F|  |TAMS 0x0000000710200000, 0x0000000710200000| Untracked 
| 118|0x0000000710400000, 0x0000000710400000, 0x0000000710600000|  0%| F|  |TAMS 0x0000000710400000, 0x0000000710400000| Untracked 
| 119|0x0000000710600000, 0x0000000710600000, 0x0000000710800000|  0%| F|  |TAMS 0x0000000710600000, 0x0000000710600000| Untracked 
| 120|0x0000000710800000, 0x0000000710800000, 0x0000000710a00000|  0%| F|  |TAMS 0x0000000710800000, 0x0000000710800000| Untracked 
| 121|0x0000000710a00000, 0x0000000710a00000, 0x0000000710c00000|  0%| F|  |TAMS 0x0000000710a00000, 0x0000000710a00000| Untracked 
| 122|0x0000000710c00000, 0x0000000710e00000, 0x0000000710e00000|100%| O|  |TAMS 0x0000000710e00000, 0x0000000710c00000| Untracked 
| 123|0x0000000710e00000, 0x0000000711000000, 0x0000000711000000|100%| O|  |TAMS 0x0000000711000000, 0x0000000710e00000| Untracked 
| 124|0x0000000711000000, 0x0000000711000000, 0x0000000711200000|  0%| F|  |TAMS 0x0000000711000000, 0x0000000711000000| Untracked 
| 125|0x0000000711200000, 0x0000000711200000, 0x0000000711400000|  0%| F|  |TAMS 0x0000000711200000, 0x0000000711200000| Untracked 
| 126|0x0000000711400000, 0x0000000711600000, 0x0000000711600000|100%| O|  |TAMS 0x0000000711600000, 0x0000000711400000| Untracked 
| 127|0x0000000711600000, 0x0000000711600000, 0x0000000711800000|  0%| F|  |TAMS 0x0000000711600000, 0x0000000711600000| Untracked 
| 128|0x0000000711800000, 0x0000000711800000, 0x0000000711a00000|  0%| F|  |TAMS 0x0000000711800000, 0x0000000711800000| Untracked 
| 129|0x0000000711a00000, 0x0000000711a00000, 0x0000000711c00000|  0%| F|  |TAMS 0x0000000711a00000, 0x0000000711a00000| Untracked 
| 130|0x0000000711c00000, 0x0000000711c00000, 0x0000000711e00000|  0%| F|  |TAMS 0x0000000711c00000, 0x0000000711c00000| Untracked 
| 131|0x0000000711e00000, 0x0000000711e00000, 0x0000000712000000|  0%| F|  |TAMS 0x0000000711e00000, 0x0000000711e00000| Untracked 
| 132|0x0000000712000000, 0x0000000712000000, 0x0000000712200000|  0%| F|  |TAMS 0x0000000712000000, 0x0000000712000000| Untracked 
| 133|0x0000000712200000, 0x0000000712200000, 0x0000000712400000|  0%| F|  |TAMS 0x0000000712200000, 0x0000000712200000| Untracked 
| 134|0x0000000712400000, 0x0000000712400000, 0x0000000712600000|  0%| F|  |TAMS 0x0000000712400000, 0x0000000712400000| Untracked 
| 135|0x0000000712600000, 0x0000000712600000, 0x0000000712800000|  0%| F|  |TAMS 0x0000000712600000, 0x0000000712600000| Untracked 
| 136|0x0000000712800000, 0x0000000712800000, 0x0000000712a00000|  0%| F|  |TAMS 0x0000000712800000, 0x0000000712800000| Untracked 
| 137|0x0000000712a00000, 0x0000000712a00000, 0x0000000712c00000|  0%| F|  |TAMS 0x0000000712a00000, 0x0000000712a00000| Untracked 
| 138|0x0000000712c00000, 0x0000000712c00000, 0x0000000712e00000|  0%| F|  |TAMS 0x0000000712c00000, 0x0000000712c00000| Untracked 
| 139|0x0000000712e00000, 0x0000000712e00000, 0x0000000713000000|  0%| F|  |TAMS 0x0000000712e00000, 0x0000000712e00000| Untracked 
| 140|0x0000000713000000, 0x0000000713000000, 0x0000000713200000|  0%| F|  |TAMS 0x0000000713000000, 0x0000000713000000| Untracked 
| 141|0x0000000713200000, 0x0000000713200000, 0x0000000713400000|  0%| F|  |TAMS 0x0000000713200000, 0x0000000713200000| Untracked 
| 142|0x0000000713400000, 0x0000000713400000, 0x0000000713600000|  0%| F|  |TAMS 0x0000000713400000, 0x0000000713400000| Untracked 
| 143|0x0000000713600000, 0x0000000713600000, 0x0000000713800000|  0%| F|  |TAMS 0x0000000713600000, 0x0000000713600000| Untracked 
| 144|0x0000000713800000, 0x0000000713800000, 0x0000000713a00000|  0%| F|  |TAMS 0x0000000713800000, 0x0000000713800000| Untracked 
| 145|0x0000000713a00000, 0x0000000713a00000, 0x0000000713c00000|  0%| F|  |TAMS 0x0000000713a00000, 0x0000000713a00000| Untracked 
| 146|0x0000000713c00000, 0x0000000713c00000, 0x0000000713e00000|  0%| F|  |TAMS 0x0000000713c00000, 0x0000000713c00000| Untracked 
| 147|0x0000000713e00000, 0x0000000713e00000, 0x0000000714000000|  0%| F|  |TAMS 0x0000000713e00000, 0x0000000713e00000| Untracked 
| 148|0x0000000714000000, 0x0000000714000000, 0x0000000714200000|  0%| F|  |TAMS 0x0000000714000000, 0x0000000714000000| Untracked 
| 149|0x0000000714200000, 0x0000000714200000, 0x0000000714400000|  0%| F|  |TAMS 0x0000000714200000, 0x0000000714200000| Untracked 
| 150|0x0000000714400000, 0x0000000714400000, 0x0000000714600000|  0%| F|  |TAMS 0x0000000714400000, 0x0000000714400000| Untracked 
| 151|0x0000000714600000, 0x0000000714600000, 0x0000000714800000|  0%| F|  |TAMS 0x0000000714600000, 0x0000000714600000| Untracked 
| 152|0x0000000714800000, 0x0000000714800000, 0x0000000714a00000|  0%| F|  |TAMS 0x0000000714800000, 0x0000000714800000| Untracked 
| 153|0x0000000714a00000, 0x0000000714a00000, 0x0000000714c00000|  0%| F|  |TAMS 0x0000000714a00000, 0x0000000714a00000| Untracked 
| 154|0x0000000714c00000, 0x0000000714c00000, 0x0000000714e00000|  0%| F|  |TAMS 0x0000000714c00000, 0x0000000714c00000| Untracked 
| 155|0x0000000714e00000, 0x0000000714e00000, 0x0000000715000000|  0%| F|  |TAMS 0x0000000714e00000, 0x0000000714e00000| Untracked 
| 156|0x0000000715000000, 0x0000000715000000, 0x0000000715200000|  0%| F|  |TAMS 0x0000000715000000, 0x0000000715000000| Untracked 
| 157|0x0000000715200000, 0x0000000715200000, 0x0000000715400000|  0%| F|  |TAMS 0x0000000715200000, 0x0000000715200000| Untracked 
| 158|0x0000000715400000, 0x0000000715400000, 0x0000000715600000|  0%| F|  |TAMS 0x0000000715400000, 0x0000000715400000| Untracked 
| 159|0x0000000715600000, 0x0000000715600000, 0x0000000715800000|  0%| F|  |TAMS 0x0000000715600000, 0x0000000715600000| Untracked 
| 160|0x0000000715800000, 0x0000000715800000, 0x0000000715a00000|  0%| F|  |TAMS 0x0000000715800000, 0x0000000715800000| Untracked 
| 161|0x0000000715a00000, 0x0000000715a00000, 0x0000000715c00000|  0%| F|  |TAMS 0x0000000715a00000, 0x0000000715a00000| Untracked 
| 162|0x0000000715c00000, 0x0000000715c00000, 0x0000000715e00000|  0%| F|  |TAMS 0x0000000715c00000, 0x0000000715c00000| Untracked 
| 163|0x0000000715e00000, 0x0000000715e00000, 0x0000000716000000|  0%| F|  |TAMS 0x0000000715e00000, 0x0000000715e00000| Untracked 
| 164|0x0000000716000000, 0x0000000716000000, 0x0000000716200000|  0%| F|  |TAMS 0x0000000716000000, 0x0000000716000000| Untracked 
| 165|0x0000000716200000, 0x0000000716200000, 0x0000000716400000|  0%| F|  |TAMS 0x0000000716200000, 0x0000000716200000| Untracked 
| 166|0x0000000716400000, 0x0000000716400000, 0x0000000716600000|  0%| F|  |TAMS 0x0000000716400000, 0x0000000716400000| Untracked 
| 167|0x0000000716600000, 0x0000000716600000, 0x0000000716800000|  0%| F|  |TAMS 0x0000000716600000, 0x0000000716600000| Untracked 
| 168|0x0000000716800000, 0x0000000716800000, 0x0000000716a00000|  0%| F|  |TAMS 0x0000000716800000, 0x0000000716800000| Untracked 
| 169|0x0000000716a00000, 0x0000000716a00000, 0x0000000716c00000|  0%| F|  |TAMS 0x0000000716a00000, 0x0000000716a00000| Untracked 
| 170|0x0000000716c00000, 0x0000000716c00000, 0x0000000716e00000|  0%| F|  |TAMS 0x0000000716c00000, 0x0000000716c00000| Untracked 
| 171|0x0000000716e00000, 0x0000000716e00000, 0x0000000717000000|  0%| F|  |TAMS 0x0000000716e00000, 0x0000000716e00000| Untracked 
| 172|0x0000000717000000, 0x0000000717000000, 0x0000000717200000|  0%| F|  |TAMS 0x0000000717000000, 0x0000000717000000| Untracked 
| 173|0x0000000717200000, 0x0000000717200000, 0x0000000717400000|  0%| F|  |TAMS 0x0000000717200000, 0x0000000717200000| Untracked 
| 174|0x0000000717400000, 0x0000000717400000, 0x0000000717600000|  0%| F|  |TAMS 0x0000000717400000, 0x0000000717400000| Untracked 
| 175|0x0000000717600000, 0x0000000717600000, 0x0000000717800000|  0%| F|  |TAMS 0x0000000717600000, 0x0000000717600000| Untracked 
| 176|0x0000000717800000, 0x0000000717800000, 0x0000000717a00000|  0%| F|  |TAMS 0x0000000717800000, 0x0000000717800000| Untracked 
| 177|0x0000000717a00000, 0x0000000717a00000, 0x0000000717c00000|  0%| F|  |TAMS 0x0000000717a00000, 0x0000000717a00000| Untracked 
| 178|0x0000000717c00000, 0x0000000717c00000, 0x0000000717e00000|  0%| F|  |TAMS 0x0000000717c00000, 0x0000000717c00000| Untracked 
| 179|0x0000000717e00000, 0x0000000717e00000, 0x0000000718000000|  0%| F|  |TAMS 0x0000000717e00000, 0x0000000717e00000| Untracked 
| 180|0x0000000718000000, 0x0000000718000000, 0x0000000718200000|  0%| F|  |TAMS 0x0000000718000000, 0x0000000718000000| Untracked 
| 181|0x0000000718200000, 0x0000000718200000, 0x0000000718400000|  0%| F|  |TAMS 0x0000000718200000, 0x0000000718200000| Untracked 
| 182|0x0000000718400000, 0x0000000718400000, 0x0000000718600000|  0%| F|  |TAMS 0x0000000718400000, 0x0000000718400000| Untracked 
| 183|0x0000000718600000, 0x0000000718600000, 0x0000000718800000|  0%| F|  |TAMS 0x0000000718600000, 0x0000000718600000| Untracked 
| 184|0x0000000718800000, 0x0000000718800000, 0x0000000718a00000|  0%| F|  |TAMS 0x0000000718800000, 0x0000000718800000| Untracked 
| 185|0x0000000718a00000, 0x0000000718a00000, 0x0000000718c00000|  0%| F|  |TAMS 0x0000000718a00000, 0x0000000718a00000| Untracked 
| 186|0x0000000718c00000, 0x0000000718c00000, 0x0000000718e00000|  0%| F|  |TAMS 0x0000000718c00000, 0x0000000718c00000| Untracked 
| 187|0x0000000718e00000, 0x0000000718e00000, 0x0000000719000000|  0%| F|  |TAMS 0x0000000718e00000, 0x0000000718e00000| Untracked 
| 188|0x0000000719000000, 0x0000000719000000, 0x0000000719200000|  0%| F|  |TAMS 0x0000000719000000, 0x0000000719000000| Untracked 
| 189|0x0000000719200000, 0x0000000719200000, 0x0000000719400000|  0%| F|  |TAMS 0x0000000719200000, 0x0000000719200000| Untracked 
| 190|0x0000000719400000, 0x0000000719400000, 0x0000000719600000|  0%| F|  |TAMS 0x0000000719400000, 0x0000000719400000| Untracked 
| 191|0x0000000719600000, 0x0000000719600000, 0x0000000719800000|  0%| F|  |TAMS 0x0000000719600000, 0x0000000719600000| Untracked 
| 192|0x0000000719800000, 0x0000000719800000, 0x0000000719a00000|  0%| F|  |TAMS 0x0000000719800000, 0x0000000719800000| Untracked 
| 193|0x0000000719a00000, 0x0000000719a00000, 0x0000000719c00000|  0%| F|  |TAMS 0x0000000719a00000, 0x0000000719a00000| Untracked 
| 194|0x0000000719c00000, 0x0000000719c00000, 0x0000000719e00000|  0%| F|  |TAMS 0x0000000719c00000, 0x0000000719c00000| Untracked 
| 195|0x0000000719e00000, 0x0000000719e00000, 0x000000071a000000|  0%| F|  |TAMS 0x0000000719e00000, 0x0000000719e00000| Untracked 
| 196|0x000000071a000000, 0x000000071a000000, 0x000000071a200000|  0%| F|  |TAMS 0x000000071a000000, 0x000000071a000000| Untracked 
| 197|0x000000071a200000, 0x000000071a200000, 0x000000071a400000|  0%| F|  |TAMS 0x000000071a200000, 0x000000071a200000| Untracked 
| 198|0x000000071a400000, 0x000000071a400000, 0x000000071a600000|  0%| F|  |TAMS 0x000000071a400000, 0x000000071a400000| Untracked 
| 199|0x000000071a600000, 0x000000071a600000, 0x000000071a800000|  0%| F|  |TAMS 0x000000071a600000, 0x000000071a600000| Untracked 
| 200|0x000000071a800000, 0x000000071a800000, 0x000000071aa00000|  0%| F|  |TAMS 0x000000071a800000, 0x000000071a800000| Untracked 
| 201|0x000000071aa00000, 0x000000071aa00000, 0x000000071ac00000|  0%| F|  |TAMS 0x000000071aa00000, 0x000000071aa00000| Untracked 
| 202|0x000000071ac00000, 0x000000071ac00000, 0x000000071ae00000|  0%| F|  |TAMS 0x000000071ac00000, 0x000000071ac00000| Untracked 
| 203|0x000000071ae00000, 0x000000071ae00000, 0x000000071b000000|  0%| F|  |TAMS 0x000000071ae00000, 0x000000071ae00000| Untracked 
| 204|0x000000071b000000, 0x000000071b000000, 0x000000071b200000|  0%| F|  |TAMS 0x000000071b000000, 0x000000071b000000| Untracked 
| 205|0x000000071b200000, 0x000000071b200000, 0x000000071b400000|  0%| F|  |TAMS 0x000000071b200000, 0x000000071b200000| Untracked 
| 206|0x000000071b400000, 0x000000071b400000, 0x000000071b600000|  0%| F|  |TAMS 0x000000071b400000, 0x000000071b400000| Untracked 
| 207|0x000000071b600000, 0x000000071b600000, 0x000000071b800000|  0%| F|  |TAMS 0x000000071b600000, 0x000000071b600000| Untracked 
| 208|0x000000071b800000, 0x000000071b800000, 0x000000071ba00000|  0%| F|  |TAMS 0x000000071b800000, 0x000000071b800000| Untracked 
| 209|0x000000071ba00000, 0x000000071ba00000, 0x000000071bc00000|  0%| F|  |TAMS 0x000000071ba00000, 0x000000071ba00000| Untracked 
| 210|0x000000071bc00000, 0x000000071bc00000, 0x000000071be00000|  0%| F|  |TAMS 0x000000071bc00000, 0x000000071bc00000| Untracked 
| 211|0x000000071be00000, 0x000000071c000000, 0x000000071c000000|100%| S|CS|TAMS 0x000000071be00000, 0x000000071be00000| Complete 
| 212|0x000000071c000000, 0x000000071c200000, 0x000000071c200000|100%| S|CS|TAMS 0x000000071c000000, 0x000000071c000000| Complete 
| 213|0x000000071c200000, 0x000000071c200000, 0x000000071c400000|  0%| F|  |TAMS 0x000000071c200000, 0x000000071c200000| Untracked 
| 214|0x000000071c400000, 0x000000071c400000, 0x000000071c600000|  0%| F|  |TAMS 0x000000071c400000, 0x000000071c400000| Untracked 
| 215|0x000000071c600000, 0x000000071c600000, 0x000000071c800000|  0%| F|  |TAMS 0x000000071c600000, 0x000000071c600000| Untracked 
| 216|0x000000071c800000, 0x000000071ca00000, 0x000000071ca00000|100%| S|CS|TAMS 0x000000071c800000, 0x000000071c800000| Complete 
| 217|0x000000071ca00000, 0x000000071cc00000, 0x000000071cc00000|100%| S|CS|TAMS 0x000000071ca00000, 0x000000071ca00000| Complete 
| 218|0x000000071cc00000, 0x000000071ce00000, 0x000000071ce00000|100%| S|CS|TAMS 0x000000071cc00000, 0x000000071cc00000| Complete 
| 219|0x000000071ce00000, 0x000000071ce00000, 0x000000071d000000|  0%| F|  |TAMS 0x000000071ce00000, 0x000000071ce00000| Untracked 
| 220|0x000000071d000000, 0x000000071d000000, 0x000000071d200000|  0%| F|  |TAMS 0x000000071d000000, 0x000000071d000000| Untracked 
| 221|0x000000071d200000, 0x000000071d200000, 0x000000071d400000|  0%| F|  |TAMS 0x000000071d200000, 0x000000071d200000| Untracked 
| 222|0x000000071d400000, 0x000000071d400000, 0x000000071d600000|  0%| F|  |TAMS 0x000000071d400000, 0x000000071d400000| Untracked 
| 223|0x000000071d600000, 0x000000071d600000, 0x000000071d800000|  0%| F|  |TAMS 0x000000071d600000, 0x000000071d600000| Untracked 
| 224|0x000000071d800000, 0x000000071d800000, 0x000000071da00000|  0%| F|  |TAMS 0x000000071d800000, 0x000000071d800000| Untracked 
| 225|0x000000071da00000, 0x000000071da00000, 0x000000071dc00000|  0%| F|  |TAMS 0x000000071da00000, 0x000000071da00000| Untracked 
| 226|0x000000071dc00000, 0x000000071dc00000, 0x000000071de00000|  0%| F|  |TAMS 0x000000071dc00000, 0x000000071dc00000| Untracked 
| 227|0x000000071de00000, 0x000000071de00000, 0x000000071e000000|  0%| F|  |TAMS 0x000000071de00000, 0x000000071de00000| Untracked 
| 228|0x000000071e000000, 0x000000071e000000, 0x000000071e200000|  0%| F|  |TAMS 0x000000071e000000, 0x000000071e000000| Untracked 
| 229|0x000000071e200000, 0x000000071e200000, 0x000000071e400000|  0%| F|  |TAMS 0x000000071e200000, 0x000000071e200000| Untracked 
| 230|0x000000071e400000, 0x000000071e400000, 0x000000071e600000|  0%| F|  |TAMS 0x000000071e400000, 0x000000071e400000| Untracked 
| 231|0x000000071e600000, 0x000000071e600000, 0x000000071e800000|  0%| F|  |TAMS 0x000000071e600000, 0x000000071e600000| Untracked 
| 232|0x000000071e800000, 0x000000071e800000, 0x000000071ea00000|  0%| F|  |TAMS 0x000000071e800000, 0x000000071e800000| Untracked 
| 233|0x000000071ea00000, 0x000000071ea00000, 0x000000071ec00000|  0%| F|  |TAMS 0x000000071ea00000, 0x000000071ea00000| Untracked 
| 234|0x000000071ec00000, 0x000000071ec00000, 0x000000071ee00000|  0%| F|  |TAMS 0x000000071ec00000, 0x000000071ec00000| Untracked 
| 235|0x000000071ee00000, 0x000000071ee00000, 0x000000071f000000|  0%| F|  |TAMS 0x000000071ee00000, 0x000000071ee00000| Untracked 
| 236|0x000000071f000000, 0x000000071f000000, 0x000000071f200000|  0%| F|  |TAMS 0x000000071f000000, 0x000000071f000000| Untracked 
| 237|0x000000071f200000, 0x000000071f200000, 0x000000071f400000|  0%| F|  |TAMS 0x000000071f200000, 0x000000071f200000| Untracked 
| 238|0x000000071f400000, 0x000000071f400000, 0x000000071f600000|  0%| F|  |TAMS 0x000000071f400000, 0x000000071f400000| Untracked 
| 239|0x000000071f600000, 0x000000071f600000, 0x000000071f800000|  0%| F|  |TAMS 0x000000071f600000, 0x000000071f600000| Untracked 
| 240|0x000000071f800000, 0x000000071f800000, 0x000000071fa00000|  0%| F|  |TAMS 0x000000071f800000, 0x000000071f800000| Untracked 
| 241|0x000000071fa00000, 0x000000071fa00000, 0x000000071fc00000|  0%| F|  |TAMS 0x000000071fa00000, 0x000000071fa00000| Untracked 
| 242|0x000000071fc00000, 0x000000071fc00000, 0x000000071fe00000|  0%| F|  |TAMS 0x000000071fc00000, 0x000000071fc00000| Untracked 
| 243|0x000000071fe00000, 0x000000071fe00000, 0x0000000720000000|  0%| F|  |TAMS 0x000000071fe00000, 0x000000071fe00000| Untracked 
| 244|0x0000000720000000, 0x0000000720000000, 0x0000000720200000|  0%| F|  |TAMS 0x0000000720000000, 0x0000000720000000| Untracked 
| 245|0x0000000720200000, 0x0000000720200000, 0x0000000720400000|  0%| F|  |TAMS 0x0000000720200000, 0x0000000720200000| Untracked 
| 246|0x0000000720400000, 0x0000000720400000, 0x0000000720600000|  0%| F|  |TAMS 0x0000000720400000, 0x0000000720400000| Untracked 
| 247|0x0000000720600000, 0x0000000720600000, 0x0000000720800000|  0%| F|  |TAMS 0x0000000720600000, 0x0000000720600000| Untracked 
| 248|0x0000000720800000, 0x0000000720800000, 0x0000000720a00000|  0%| F|  |TAMS 0x0000000720800000, 0x0000000720800000| Untracked 
| 249|0x0000000720a00000, 0x0000000720a00000, 0x0000000720c00000|  0%| F|  |TAMS 0x0000000720a00000, 0x0000000720a00000| Untracked 
| 250|0x0000000720c00000, 0x0000000720c00000, 0x0000000720e00000|  0%| F|  |TAMS 0x0000000720c00000, 0x0000000720c00000| Untracked 
| 251|0x0000000720e00000, 0x0000000720e00000, 0x0000000721000000|  0%| F|  |TAMS 0x0000000720e00000, 0x0000000720e00000| Untracked 
| 252|0x0000000721000000, 0x0000000721000000, 0x0000000721200000|  0%| F|  |TAMS 0x0000000721000000, 0x0000000721000000| Untracked 
| 253|0x0000000721200000, 0x0000000721200000, 0x0000000721400000|  0%| F|  |TAMS 0x0000000721200000, 0x0000000721200000| Untracked 
| 254|0x0000000721400000, 0x0000000721461440, 0x0000000721600000| 18%| E|  |TAMS 0x0000000721400000, 0x0000000721400000| Complete 
| 255|0x0000000721600000, 0x0000000721800000, 0x0000000721800000|100%| E|CS|TAMS 0x0000000721600000, 0x0000000721600000| Complete 

Card table byte_map: [0x00000211acfb0000,0x00000211ad7b0000] _byte_map_base: 0x00000211a97a4000

Marking Bits (Prev, Next): (CMBitMap*) 0x00000211949d4b70, (CMBitMap*) 0x00000211949d4bb0
 Prev Bits: [0x00000211adfb0000, 0x00000211b1f50000)
 Next Bits: [0x00000211b1f50000, 0x00000211b5ef0000)

Polling page: 0x000002118d020000

Metaspace:

Usage:
  Non-class:     77.36 MB used.
      Class:     12.60 MB used.
       Both:     89.95 MB used.

Virtual space:
  Non-class space:      128.00 MB reserved,      77.62 MB ( 61%) committed,  2 nodes.
      Class space:        1.00 GB reserved,      13.19 MB (  1%) committed,  1 nodes.
             Both:        1.12 GB reserved,      90.81 MB (  8%) committed. 

Chunk freelists:
   Non-Class:  1.78 MB
       Class:  3.18 MB
        Both:  4.96 MB

MaxMetaspaceSize: unlimited
CompressedClassSpaceSize: 1.00 GB
Initial GC threshold: 21.00 MB
Current GC threshold: 150.94 MB
CDS: on
MetaspaceReclaimPolicy: balanced
 - commit_granule_bytes: 65536.
 - commit_granule_words: 8192.
 - virtual_space_node_default_size: 8388608.
 - enlarge_chunks_in_place: 1.
 - new_chunks_are_fully_committed: 0.
 - uncommit_free_chunks: 1.
 - use_allocation_guard: 0.
 - handle_deallocations: 1.


Internal statistics:

num_allocs_failed_limit: 6.
num_arena_births: 1434.
num_arena_deaths: 714.
num_vsnodes_births: 3.
num_vsnodes_deaths: 0.
num_space_committed: 1447.
num_space_uncommitted: 0.
num_chunks_returned_to_freelist: 824.
num_chunks_taken_from_freelist: 4126.
num_chunk_merges: 345.
num_chunk_splits: 2929.
num_chunks_enlarged: 2157.
num_inconsistent_stats: 0.

CodeHeap 'non-profiled nmethods': size=120000Kb used=26418Kb max_used=26418Kb free=93581Kb
 bounds [0x00000211a5280000, 0x00000211a6c50000, 0x00000211ac7b0000]
CodeHeap 'profiled nmethods': size=120000Kb used=39531Kb max_used=40979Kb free=80468Kb
 bounds [0x000002119d7b0000, 0x000002119ffc0000, 0x00000211a4ce0000]
CodeHeap 'non-nmethods': size=5760Kb used=1686Kb max_used=1800Kb free=4073Kb
 bounds [0x00000211a4ce0000, 0x00000211a4f50000, 0x00000211a5280000]
 total_blobs=20115 nmethods=18998 adapters=1022
 compilation: enabled
              stopped_count=0, restarted_count=0
 full_count=0

Compilation events (20 events):
Event: 5172.575 Thread 0x0000021195befd60 nmethod 25582 0x000002119da3f610 code [0x000002119da3f8a0, 0x000002119da40bb8]
Event: 5173.371 Thread 0x0000021195befd60 25583       1       ui.views.S.b.d$e::aRR (2 bytes)
Event: 5173.371 Thread 0x0000021195befd60 nmethod 25583 0x00000211a6c48810 code [0x00000211a6c489a0, 0x00000211a6c48a78]
Event: 5173.406 Thread 0x0000021195be71a0 25584       4       com.jidesoft.plaf.basic.BasicJideSplitButtonUI::getRightMargin (7 bytes)
Event: 5173.406 Thread 0x0000021195be71a0 nmethod 25584 0x00000211a6c48b10 code [0x00000211a6c48c80, 0x00000211a6c48cf8]
Event: 5173.685 Thread 0x0000021195be71a0 25585       4       javax.swing.AbstractButton::setIconFromAction (42 bytes)
Event: 5173.686 Thread 0x0000021195be71a0 nmethod 25585 0x00000211a6c48e10 code [0x00000211a6c48fa0, 0x00000211a6c49138]
Event: 5173.730 Thread 0x0000021195be71a0 25586       4       java.awt.GridBagLayout::minimumLayoutSize (14 bytes)
Event: 5173.847 Thread 0x0000021195befd60 25589       3       ui.views.R::jmz (25 bytes)
Event: 5173.849 Thread 0x0000021195be71a0 nmethod 25586 0x00000211a6c49290 code [0x00000211a6c49420, 0x00000211a6c496c8]
Event: 5173.850 Thread 0x0000021195be71a0 25587       4       javax.swing.plaf.basic.BasicTreeUI::getPreferredSize (7 bytes)
Event: 5173.850 Thread 0x0000021195befd60 nmethod 25589 0x000002119e5fca90 code [0x000002119e5fcce0, 0x000002119e5fd498]
Event: 5173.926 Thread 0x0000021195befd60 25590       3       ui.data.common.g::aNP (8 bytes)
Event: 5173.941 Thread 0x0000021195befd60 nmethod 25590 0x000002119f200010 code [0x000002119f2001a0, 0x000002119f2002e8]
Event: 5173.994 Thread 0x0000021195be71a0 nmethod 25587 0x00000211a6c49d90 code [0x00000211a6c49fc0, 0x00000211a6c4a9b0]
Event: 5173.996 Thread 0x0000021195be71a0 25588       4       com.jidesoft.plaf.basic.BasicJideTabbedPaneUI::access$1802 (7 bytes)
Event: 5173.996 Thread 0x0000021195be71a0 nmethod 25588 0x00000211a6c4b310 code [0x00000211a6c4b480, 0x00000211a6c4b4f8]
Event: 5174.845 Thread 0x0000021195be71a0 25592       4       javax.swing.JComboBox::setSelectedItem (148 bytes)
Event: 5174.848 Thread 0x0000021195befd60 25593       3       ui.utils.swing.e.d::setSelectedItem (42 bytes)
Event: 5174.874 Thread 0x0000021195befd60 nmethod 25593 0x000002119e994290 code [0x000002119e994480, 0x000002119e994c08]

GC Heap History (20 events):
Event: 5112.550 GC heap before
{Heap before GC invocations=832 (full 32):
 garbage-first heap   total 524288K, used 227146K [0x0000000701800000, 0x0000000800000000)
  region size 2048K, 40 young (81920K), 0 survivors (0K)
 Metaspace       used 91787K, committed 92736K, reserved 1179648K
  class space    used 12873K, committed 13504K, reserved 1048576K
}
Event: 5112.553 GC heap after
{Heap after GC invocations=833 (full 32):
 garbage-first heap   total 524288K, used 146617K [0x0000000701800000, 0x0000000800000000)
  region size 2048K, 1 young (2048K), 1 survivors (2048K)
 Metaspace       used 91787K, committed 92736K, reserved 1179648K
  class space    used 12873K, committed 13504K, reserved 1048576K
}
Event: 5127.634 GC heap before
{Heap before GC invocations=833 (full 32):
 garbage-first heap   total 524288K, used 224441K [0x0000000701800000, 0x0000000800000000)
  region size 2048K, 40 young (81920K), 1 survivors (2048K)
 Metaspace       used 91818K, committed 92736K, reserved 1179648K
  class space    used 12877K, committed 13504K, reserved 1048576K
}
Event: 5127.641 GC heap after
{Heap after GC invocations=834 (full 32):
 garbage-first heap   total 524288K, used 153418K [0x0000000701800000, 0x0000000800000000)
  region size 2048K, 4 young (8192K), 4 survivors (8192K)
 Metaspace       used 91818K, committed 92736K, reserved 1179648K
  class space    used 12877K, committed 13504K, reserved 1048576K
}
Event: 5146.921 GC heap before
{Heap before GC invocations=834 (full 32):
 garbage-first heap   total 524288K, used 227146K [0x0000000701800000, 0x0000000800000000)
  region size 2048K, 40 young (81920K), 4 survivors (8192K)
 Metaspace       used 91937K, committed 92800K, reserved 1179648K
  class space    used 12883K, committed 13504K, reserved 1048576K
}
Event: 5146.924 GC heap after
{Heap after GC invocations=835 (full 32):
 garbage-first heap   total 524288K, used 146680K [0x0000000701800000, 0x0000000800000000)
  region size 2048K, 1 young (2048K), 1 survivors (2048K)
 Metaspace       used 91937K, committed 92800K, reserved 1179648K
  class space    used 12883K, committed 13504K, reserved 1048576K
}
Event: 5147.182 GC heap before
{Heap before GC invocations=835 (full 32):
 garbage-first heap   total 524288K, used 175352K [0x0000000701800000, 0x0000000800000000)
  region size 2048K, 16 young (32768K), 1 survivors (2048K)
 Metaspace       used 91938K, committed 92800K, reserved 1179648K
  class space    used 12883K, committed 13504K, reserved 1048576K
}
Event: 5147.288 GC heap after
{Heap after GC invocations=836 (full 33):
 garbage-first heap   total 524288K, used 144443K [0x0000000701800000, 0x0000000800000000)
  region size 2048K, 0 young (0K), 0 survivors (0K)
 Metaspace       used 91938K, committed 92800K, reserved 1179648K
  class space    used 12883K, committed 13504K, reserved 1048576K
}
Event: 5153.779 GC heap before
{Heap before GC invocations=836 (full 33):
 garbage-first heap   total 524288K, used 226363K [0x0000000701800000, 0x0000000800000000)
  region size 2048K, 40 young (81920K), 0 survivors (0K)
 Metaspace       used 91950K, committed 92800K, reserved 1179648K
  class space    used 12883K, committed 13504K, reserved 1048576K
}
Event: 5153.782 GC heap after
{Heap after GC invocations=837 (full 33):
 garbage-first heap   total 524288K, used 145174K [0x0000000701800000, 0x0000000800000000)
  region size 2048K, 1 young (2048K), 1 survivors (2048K)
 Metaspace       used 91950K, committed 92800K, reserved 1179648K
  class space    used 12883K, committed 13504K, reserved 1048576K
}
Event: 5160.815 GC heap before
{Heap before GC invocations=837 (full 33):
 garbage-first heap   total 524288K, used 225046K [0x0000000701800000, 0x0000000800000000)
  region size 2048K, 40 young (81920K), 1 survivors (2048K)
 Metaspace       used 92013K, committed 92864K, reserved 1179648K
  class space    used 12900K, committed 13504K, reserved 1048576K
}
Event: 5160.818 GC heap after
{Heap after GC invocations=838 (full 33):
 garbage-first heap   total 524288K, used 146413K [0x0000000701800000, 0x0000000800000000)
  region size 2048K, 1 young (2048K), 1 survivors (2048K)
 Metaspace       used 92013K, committed 92864K, reserved 1179648K
  class space    used 12900K, committed 13504K, reserved 1048576K
}
Event: 5167.437 GC heap before
{Heap before GC invocations=838 (full 33):
 garbage-first heap   total 524288K, used 244717K [0x0000000701800000, 0x0000000800000000)
  region size 2048K, 40 young (81920K), 1 survivors (2048K)
 Metaspace       used 92059K, committed 92992K, reserved 1179648K
  class space    used 12900K, committed 13504K, reserved 1048576K
}
Event: 5167.441 GC heap after
{Heap after GC invocations=839 (full 33):
 garbage-first heap   total 524288K, used 166135K [0x0000000701800000, 0x0000000800000000)
  region size 2048K, 2 young (4096K), 2 survivors (4096K)
 Metaspace       used 92059K, committed 92992K, reserved 1179648K
  class space    used 12900K, committed 13504K, reserved 1048576K
}
Event: 5167.517 GC heap before
{Heap before GC invocations=839 (full 33):
 garbage-first heap   total 524288K, used 243959K [0x0000000701800000, 0x0000000800000000)
  region size 2048K, 40 young (81920K), 2 survivors (4096K)
 Metaspace       used 92087K, committed 92992K, reserved 1179648K
  class space    used 12900K, committed 13504K, reserved 1048576K
}
Event: 5167.520 GC heap after
{Heap after GC invocations=840 (full 33):
 garbage-first heap   total 524288K, used 155796K [0x0000000701800000, 0x0000000800000000)
  region size 2048K, 2 young (4096K), 2 survivors (4096K)
 Metaspace       used 92087K, committed 92992K, reserved 1179648K
  class space    used 12900K, committed 13504K, reserved 1048576K
}
Event: 5168.139 GC heap before
{Heap before GC invocations=840 (full 33):
 garbage-first heap   total 524288K, used 241812K [0x0000000701800000, 0x0000000800000000)
  region size 2048K, 40 young (81920K), 2 survivors (4096K)
 Metaspace       used 92104K, committed 92992K, reserved 1179648K
  class space    used 12900K, committed 13504K, reserved 1048576K
}
Event: 5168.145 GC heap after
{Heap after GC invocations=841 (full 33):
 garbage-first heap   total 524288K, used 165053K [0x0000000701800000, 0x0000000800000000)
  region size 2048K, 3 young (6144K), 3 survivors (6144K)
 Metaspace       used 92104K, committed 92992K, reserved 1179648K
  class space    used 12900K, committed 13504K, reserved 1048576K
}
Event: 5173.917 GC heap before
{Heap before GC invocations=841 (full 33):
 garbage-first heap   total 524288K, used 240829K [0x0000000701800000, 0x0000000800000000)
  region size 2048K, 40 young (81920K), 3 survivors (6144K)
 Metaspace       used 92113K, committed 92992K, reserved 1179648K
  class space    used 12900K, committed 13504K, reserved 1048576K
}
Event: 5173.925 GC heap after
{Heap after GC invocations=842 (full 33):
 garbage-first heap   total 524288K, used 172828K [0x0000000701800000, 0x0000000800000000)
  region size 2048K, 5 young (10240K), 5 survivors (10240K)
 Metaspace       used 92113K, committed 92992K, reserved 1179648K
  class space    used 12900K, committed 13504K, reserved 1048576K
}

Dll operation events (20 events):
Event: 2.445 Loaded shared library D:\Vivado\2023.2\lib\win64.o\librdi_ipservicestasks.dll
Event: 2.448 Loaded shared library D:\Vivado\2023.2\lib\win64.o\librdi_vivadotasks.dll
Event: 2.449 Loaded shared library D:\Vivado\2023.2\lib\win64.o\librdi_board.dll
Event: 2.450 Loaded shared library D:\Vivado\2023.2\lib\win64.o\librdi_boarddep.dll
Event: 2.450 Loaded shared library D:\Vivado\2023.2\lib\win64.o\librdi_boardcommontasks.dll
Event: 2.451 Loaded shared library D:\Vivado\2023.2\lib\win64.o\librdi_ptgen.dll
Event: 2.452 Loaded shared library D:\Vivado\2023.2\lib\win64.o\librdi_ip.dll
Event: 2.453 Loaded shared library D:\Vivado\2023.2\lib\win64.o\librdi_mig.dll
Event: 2.456 Loaded shared library D:\Vivado\2023.2\lib\win64.o\librdi_implflow.dll
Event: 2.457 Loaded shared library D:\Vivado\2023.2\lib\win64.o\librdi_xhubtasks.dll
Event: 2.499 Loaded shared library D:\Vivado\2023.2\lib\win64.o\librdi_iptasks.dll
Event: 2.502 Loaded shared library D:\Vivado\2023.2\lib\win64.o\librdi_synth.dll
Event: 4.082 Loaded shared library D:\Vivado\2023.2\tps\win64\jre17.0.7_7\bin\verify.dll
Event: 4.361 Loaded shared library D:\Vivado\2023.2\tps\win64\jre17.0.7_7\bin\javajpeg.dll
Event: 4.371 Loaded shared library D:\Vivado\2023.2\tps\win64\jre17.0.7_7\bin\lcms.dll
Event: 5.442 Loaded shared library D:\Vivado\2023.2\tps\win64\jre17.0.7_7\bin\freetype.dll
Event: 5.497 Loaded shared library D:\Vivado\2023.2\tps\win64\jre17.0.7_7\bin\fontmanager.dll
Event: 19.471 Loaded shared library D:\Vivado\2023.2\lib\win64.o\librdi_xhub.dll
Event: 25.691 Loaded shared library D:\Vivado\2023.2\tps\win64\jre17.0.7_7\bin\management.dll
Event: 25.696 Loaded shared library D:\Vivado\2023.2\tps\win64\jre17.0.7_7\bin\management_ext.dll

Deoptimization events (20 events):
Event: 5160.844 Thread 0x00000211bed394e0 Uncommon trap: trap_request=0xffffffde fr.pc=0x00000211a619398c relative=0x000000000000088c
Event: 5160.844 Thread 0x00000211bed394e0 Uncommon trap: reason=class_check action=maybe_recompile pc=0x00000211a619398c method=com.jidesoft.plaf.basic.BasicCellStyleTableHeaderUIDelegate.a(ZZ)V @ 96 c2
Event: 5160.844 Thread 0x00000211bed394e0 DEOPT PACKING pc=0x00000211a619398c sp=0x000000629c6fd4f0
Event: 5160.844 Thread 0x00000211bed394e0 DEOPT UNPACKING pc=0x00000211a4d369a3 sp=0x000000629c6fd498 mode 2
Event: 5163.066 Thread 0x00000211bed394e0 Uncommon trap: trap_request=0xffffff54 fr.pc=0x00000211a5a3f5d4 relative=0x0000000000000394
Event: 5163.066 Thread 0x00000211bed394e0 Uncommon trap: reason=speculate_null_assert action=make_not_entrant pc=0x00000211a5a3f5d4 method=javax.swing.JComponent.registerNextFocusableComponent(Ljava/awt/Component;)V @ 1 c2
Event: 5163.066 Thread 0x00000211bed394e0 DEOPT PACKING pc=0x00000211a5a3f5d4 sp=0x000000629c6fe6d0
Event: 5163.066 Thread 0x00000211bed394e0 DEOPT UNPACKING pc=0x00000211a4d369a3 sp=0x000000629c6fe650 mode 2
Event: 5167.869 Thread 0x00000211bed394e0 Uncommon trap: trap_request=0xffffffde fr.pc=0x00000211a65829e8 relative=0x00000000000061e8
Event: 5167.869 Thread 0x00000211bed394e0 Uncommon trap: reason=class_check action=maybe_recompile pc=0x00000211a65829e8 method=ui.frmwork.f.b$f.a(Lcom/jidesoft/grid/ExpandableRow;Lui/frmwork/f/A;ZLjava/util/Set;)V @ 19 c2
Event: 5167.869 Thread 0x00000211bed394e0 DEOPT PACKING pc=0x00000211a65829e8 sp=0x000000629c6fdfb0
Event: 5167.869 Thread 0x00000211bed394e0 DEOPT UNPACKING pc=0x00000211a4d369a3 sp=0x000000629c6fdfe8 mode 2
Event: 5167.870 Thread 0x00000211bed394e0 Uncommon trap: trap_request=0xffffffde fr.pc=0x00000211a65829e8 relative=0x00000000000061e8
Event: 5167.870 Thread 0x00000211bed394e0 Uncommon trap: reason=class_check action=maybe_recompile pc=0x00000211a65829e8 method=ui.frmwork.f.b$f.a(Lcom/jidesoft/grid/ExpandableRow;Lui/frmwork/f/A;ZLjava/util/Set;)V @ 19 c2
Event: 5167.870 Thread 0x00000211bed394e0 DEOPT PACKING pc=0x00000211a65829e8 sp=0x000000629c6fdfb0
Event: 5167.870 Thread 0x00000211bed394e0 DEOPT UNPACKING pc=0x00000211a4d369a3 sp=0x000000629c6fdfe8 mode 2
Event: 5167.870 Thread 0x00000211bed394e0 Uncommon trap: trap_request=0xffffff45 fr.pc=0x00000211a59379c0 relative=0x00000000000057a0
Event: 5167.870 Thread 0x00000211bed394e0 Uncommon trap: reason=unstable_if action=reinterpret pc=0x00000211a59379c0 method=ui.frmwork.f.b$f.a(Lcom/jidesoft/grid/ExpandableRow;Lui/frmwork/f/A;ZLjava/util/Set;)V @ 57 c2
Event: 5167.870 Thread 0x00000211bed394e0 DEOPT PACKING pc=0x00000211a59379c0 sp=0x000000629c6fddd0
Event: 5167.870 Thread 0x00000211bed394e0 DEOPT UNPACKING pc=0x00000211a4d369a3 sp=0x000000629c6fde18 mode 2

Classes unloaded (20 events):
Event: 4634.395 Thread 0x000002118dcb72f0 Unloading class 0x0000000801489800 'java/lang/invoke/LambdaForm$MH+0x0000000801489800'
Event: 4634.395 Thread 0x000002118dcb72f0 Unloading class 0x0000000801489400 'java/lang/invoke/LambdaForm$MH+0x0000000801489400'
Event: 4634.395 Thread 0x000002118dcb72f0 Unloading class 0x0000000801489000 'java/lang/invoke/LambdaForm$MH+0x0000000801489000'
Event: 4634.395 Thread 0x000002118dcb72f0 Unloading class 0x0000000801488c00 'java/lang/invoke/LambdaForm$MH+0x0000000801488c00'
Event: 4634.395 Thread 0x000002118dcb72f0 Unloading class 0x0000000801488800 'java/lang/invoke/LambdaForm$MH+0x0000000801488800'
Event: 4634.395 Thread 0x000002118dcb72f0 Unloading class 0x0000000801488400 'java/lang/invoke/LambdaForm$MH+0x0000000801488400'
Event: 4634.395 Thread 0x000002118dcb72f0 Unloading class 0x0000000801488000 'java/lang/invoke/LambdaForm$MH+0x0000000801488000'
Event: 4634.395 Thread 0x000002118dcb72f0 Unloading class 0x0000000801458c00 'java/lang/invoke/LambdaForm$MH+0x0000000801458c00'
Event: 4634.395 Thread 0x000002118dcb72f0 Unloading class 0x0000000801458800 'java/lang/invoke/LambdaForm$MH+0x0000000801458800'
Event: 4634.395 Thread 0x000002118dcb72f0 Unloading class 0x0000000801458400 'java/lang/invoke/LambdaForm$MH+0x0000000801458400'
Event: 4634.395 Thread 0x000002118dcb72f0 Unloading class 0x00000008013d4000 'jdk/internal/reflect/GeneratedMethodAccessor4'
Event: 4634.395 Thread 0x000002118dcb72f0 Unloading class 0x0000000801348c00 'jdk/internal/reflect/GeneratedConstructorAccessor11'
Event: 4634.395 Thread 0x000002118dcb72f0 Unloading class 0x0000000801204c00 'java/lang/invoke/LambdaForm$DMH+0x0000000801204c00'
Event: 4634.395 Thread 0x000002118dcb72f0 Unloading class 0x0000000801204400 'java/lang/invoke/LambdaForm$DMH+0x0000000801204400'
Event: 4634.395 Thread 0x000002118dcb72f0 Unloading class 0x0000000801204000 'jdk/internal/reflect/GeneratedConstructorAccessor7'
Event: 4634.395 Thread 0x000002118dcb72f0 Unloading class 0x000000080100d400 'java/lang/invoke/LambdaForm$MH+0x000000080100d400'
Event: 4634.395 Thread 0x000002118dcb72f0 Unloading class 0x000000080100d000 'java/lang/invoke/LambdaForm$MH+0x000000080100d000'
Event: 4634.395 Thread 0x000002118dcb72f0 Unloading class 0x000000080100cc00 'java/lang/invoke/LambdaForm$MH+0x000000080100cc00'
Event: 4634.395 Thread 0x000002118dcb72f0 Unloading class 0x000000080100c800 'java/lang/invoke/LambdaForm$MH+0x000000080100c800'
Event: 4634.395 Thread 0x000002118dcb72f0 Unloading class 0x000000080100c000 'java/lang/invoke/LambdaForm$MH+0x000000080100c000'

Classes redefined (0 events):
No events

Internal exceptions (20 events):
Event: 5124.193 Thread 0x00000211bed394e0 Exception <a 'java/io/FileNotFoundException'{0x000000071e50a070}> (0x000000071e50a070) 
thrown [s\src\hotspot\share\prims\jni.cpp, line 516]
Event: 5129.188 Thread 0x00000211bed394e0 Exception <a 'java/io/FileNotFoundException'{0x00000007211a56e8}> (0x00000007211a56e8) 
thrown [s\src\hotspot\share\prims\jni.cpp, line 516]
Event: 5129.194 Thread 0x00000211bed394e0 Exception <a 'java/io/FileNotFoundException'{0x00000007211a5eb0}> (0x00000007211a5eb0) 
thrown [s\src\hotspot\share\prims\jni.cpp, line 516]
Event: 5134.188 Thread 0x00000211bed394e0 Exception <a 'java/io/FileNotFoundException'{0x000000071fb88ce8}> (0x000000071fb88ce8) 
thrown [s\src\hotspot\share\prims\jni.cpp, line 516]
Event: 5134.195 Thread 0x00000211bed394e0 Exception <a 'java/io/FileNotFoundException'{0x000000071fb894b0}> (0x000000071fb894b0) 
thrown [s\src\hotspot\share\prims\jni.cpp, line 516]
Event: 5139.189 Thread 0x00000211bed394e0 Exception <a 'java/io/FileNotFoundException'{0x000000071dc7d9d0}> (0x000000071dc7d9d0) 
thrown [s\src\hotspot\share\prims\jni.cpp, line 516]
Event: 5139.197 Thread 0x00000211bed394e0 Exception <a 'java/io/FileNotFoundException'{0x000000071dc7e938}> (0x000000071dc7e938) 
thrown [s\src\hotspot\share\prims\jni.cpp, line 516]
Event: 5144.189 Thread 0x00000211bed394e0 Exception <a 'java/io/FileNotFoundException'{0x000000071d857aa8}> (0x000000071d857aa8) 
thrown [s\src\hotspot\share\prims\jni.cpp, line 516]
Event: 5144.198 Thread 0x00000211bed394e0 Exception <a 'java/io/FileNotFoundException'{0x000000071d85be50}> (0x000000071d85be50) 
thrown [s\src\hotspot\share\prims\jni.cpp, line 516]
Event: 5149.191 Thread 0x00000211bed394e0 Exception <a 'java/io/FileNotFoundException'{0x000000071ec2a8b0}> (0x000000071ec2a8b0) 
thrown [s\src\hotspot\share\prims\jni.cpp, line 516]
Event: 5149.198 Thread 0x00000211bed394e0 Exception <a 'java/io/FileNotFoundException'{0x000000071ec2b078}> (0x000000071ec2b078) 
thrown [s\src\hotspot\share\prims\jni.cpp, line 516]
Event: 5154.191 Thread 0x00000211bed394e0 Exception <a 'java/io/FileNotFoundException'{0x00000007217b8b38}> (0x00000007217b8b38) 
thrown [s\src\hotspot\share\prims\jni.cpp, line 516]
Event: 5154.198 Thread 0x00000211bed394e0 Exception <a 'java/io/FileNotFoundException'{0x00000007217c1218}> (0x00000007217c1218) 
thrown [s\src\hotspot\share\prims\jni.cpp, line 516]
Event: 5159.194 Thread 0x00000211bed394e0 Exception <a 'java/io/FileNotFoundException'{0x000000071d574290}> (0x000000071d574290) 
thrown [s\src\hotspot\share\prims\jni.cpp, line 516]
Event: 5159.199 Thread 0x00000211bed394e0 Exception <a 'java/io/FileNotFoundException'{0x000000071d574a58}> (0x000000071d574a58) 
thrown [s\src\hotspot\share\prims\jni.cpp, line 516]
Event: 5160.691 Thread 0x00000211bed394e0 Implicit null exception at 0x00000211a5e87356 to 0x00000211a5e87d3c
Event: 5164.195 Thread 0x00000211bed394e0 Exception <a 'java/io/FileNotFoundException'{0x000000071fda1bb0}> (0x000000071fda1bb0) 
thrown [s\src\hotspot\share\prims\jni.cpp, line 516]
Event: 5164.200 Thread 0x00000211bed394e0 Exception <a 'java/io/FileNotFoundException'{0x000000071fda2378}> (0x000000071fda2378) 
thrown [s\src\hotspot\share\prims\jni.cpp, line 516]
Event: 5169.195 Thread 0x00000211bed394e0 Exception <a 'java/io/FileNotFoundException'{0x00000007206b1268}> (0x00000007206b1268) 
thrown [s\src\hotspot\share\prims\jni.cpp, line 516]
Event: 5169.201 Thread 0x00000211bed394e0 Exception <a 'java/io/FileNotFoundException'{0x00000007206b1a30}> (0x00000007206b1a30) 
thrown [s\src\hotspot\share\prims\jni.cpp, line 516]

VM Operations (20 events):
Event: 5160.815 Executing VM operation: G1CollectForAllocation
Event: 5160.818 Executing VM operation: G1CollectForAllocation done
Event: 5162.818 Executing VM operation: Cleanup
Event: 5162.819 Executing VM operation: Cleanup done
Event: 5164.819 Executing VM operation: Cleanup
Event: 5164.819 Executing VM operation: Cleanup done
Event: 5165.819 Executing VM operation: Cleanup
Event: 5165.820 Executing VM operation: Cleanup done
Event: 5167.437 Executing VM operation: G1CollectForAllocation
Event: 5167.441 Executing VM operation: G1CollectForAllocation done
Event: 5167.517 Executing VM operation: G1CollectForAllocation
Event: 5167.520 Executing VM operation: G1CollectForAllocation done
Event: 5168.139 Executing VM operation: G1CollectForAllocation
Event: 5168.145 Executing VM operation: G1CollectForAllocation done
Event: 5170.147 Executing VM operation: Cleanup
Event: 5170.147 Executing VM operation: Cleanup done
Event: 5173.148 Executing VM operation: Cleanup
Event: 5173.148 Executing VM operation: Cleanup done
Event: 5173.917 Executing VM operation: G1CollectForAllocation
Event: 5173.926 Executing VM operation: G1CollectForAllocation done

Events (20 events):
Event: 5165.104 Thread 0x000002127d021880 Thread exited: 0x000002127d021880
Event: 5166.101 Thread 0x000002127d021d50 Thread added: 0x000002127d021d50
Event: 5166.106 Thread 0x000002127d021d50 Thread exited: 0x000002127d021d50
Event: 5167.102 Thread 0x000002127d025240 Thread added: 0x000002127d025240
Event: 5167.106 Thread 0x000002127d025240 Thread exited: 0x000002127d025240
Event: 5168.001 Thread 0x000002127d021880 Thread added: 0x000002127d021880
Event: 5168.008 Thread 0x000002127d021880 Thread exited: 0x000002127d021880
Event: 5168.017 Thread 0x000002127d025240 Thread added: 0x000002127d025240
Event: 5169.006 Thread 0x000002127d021880 Thread added: 0x000002127d021880
Event: 5169.011 Thread 0x000002127d021880 Thread exited: 0x000002127d021880
Event: 5169.339 Thread 0x000002127d025240 Thread exited: 0x000002127d025240
Event: 5170.007 Thread 0x000002127d021880 Thread added: 0x000002127d021880
Event: 5170.013 Thread 0x000002127d021880 Thread exited: 0x000002127d021880
Event: 5171.008 Thread 0x000002127d023f00 Thread added: 0x000002127d023f00
Event: 5171.012 Thread 0x000002127d023f00 Thread exited: 0x000002127d023f00
Event: 5171.448 Thread 0x000002127d021880 Thread added: 0x000002127d021880
Event: 5172.009 Thread 0x000002127d023560 Thread added: 0x000002127d023560
Event: 5172.014 Thread 0x000002127d023560 Thread exited: 0x000002127d023560
Event: 5173.010 Thread 0x000002127d023f00 Thread added: 0x000002127d023f00
Event: 5173.015 Thread 0x000002127d023f00 Thread exited: 0x000002127d023f00


Dynamic libraries:
0x00007ff7f4eb0000 - 0x00007ff7f4ee1000 	D:\Vivado\2023.2\bin\unwrapped\win64.o\vivado.exe
0x00007ffb01800000 - 0x00007ffb01a63000 	C:\WINDOWS\SYSTEM32\ntdll.dll
0x00007ffb005e0000 - 0x00007ffb006a8000 	C:\WINDOWS\System32\KERNEL32.DLL
0x00007ffafede0000 - 0x00007ffaff192000 	C:\WINDOWS\System32\KERNELBASE.dll
0x00007ffafebd0000 - 0x00007ffafed1b000 	C:\WINDOWS\System32\ucrtbase.dll
0x00007ffae7c90000 - 0x00007ffae7d1d000 	C:\WINDOWS\SYSTEM32\MSVCP140.dll
0x00007ffae7c20000 - 0x00007ffae7c3e000 	C:\WINDOWS\SYSTEM32\VCRUNTIME140.dll
0x00007ffaea120000 - 0x00007ffaea12c000 	C:\WINDOWS\SYSTEM32\VCRUNTIME140_1.dll
0x00007ffad18c0000 - 0x00007ffad18dc000 	D:\Vivado\2023.2\lib\win64.o\librdi_commonmain.dll
0x00007ffad1890000 - 0x00007ffad18b1000 	D:\Vivado\2023.2\lib\win64.o\libboost_filesystem.dll
0x00007ffb00460000 - 0x00007ffb00514000 	C:\WINDOWS\System32\ADVAPI32.dll
0x00007ffaff800000 - 0x00007ffaff8a9000 	C:\WINDOWS\System32\msvcrt.dll
0x00007ffb006d0000 - 0x00007ffb00776000 	C:\WINDOWS\System32\sechost.dll
0x00007ffa85400000 - 0x00007ffa85830000 	D:\Vivado\2023.2\lib\win64.o\python38.dll
0x00007ffaff660000 - 0x00007ffaff776000 	C:\WINDOWS\System32\RPCRT4.dll
0x00007ffa85830000 - 0x00007ffa86eda000 	D:\Vivado\2023.2\lib\win64.o\librdi_common.dll
0x00007ffb013d0000 - 0x00007ffb01598000 	C:\WINDOWS\System32\USER32.dll
0x00007ffaff630000 - 0x00007ffaff657000 	C:\WINDOWS\System32\win32u.dll
0x00007ffafb740000 - 0x00007ffafb749000 	D:\Vivado\2023.2\lib\win64.o\librdi_commonversion.dll
0x00007ffb005b0000 - 0x00007ffb005da000 	C:\WINDOWS\System32\GDI32.dll
0x00007ffaff3d0000 - 0x00007ffaff4fb000 	C:\WINDOWS\System32\gdi32full.dll
0x00007ffaff320000 - 0x00007ffaff3c3000 	C:\WINDOWS\System32\msvcp_win.dll
0x00007ffa87210000 - 0x00007ffa873c6000 	D:\Vivado\2023.2\lib\win64.o\librdi_commonxillic.dll
0x00007ffaffd40000 - 0x00007ffb00441000 	C:\WINDOWS\System32\SHELL32.dll
0x00007ffaff780000 - 0x00007ffaff7f4000 	C:\WINDOWS\System32\WS2_32.dll
0x00007ffaff500000 - 0x00007ffaff57f000 	C:\WINDOWS\System32\WINTRUST.dll
0x0000000054600000 - 0x000000005472c000 	D:\Vivado\2023.2\lib\win64.o\tcl85t.dll
0x00007ffa85090000 - 0x00007ffa853fe000 	D:\Vivado\2023.2\lib\win64.o\libCOIN-all.dll
0x00007ffad1870000 - 0x00007ffad1881000 	D:\Vivado\2023.2\lib\win64.o\libboost_date_time.dll
0x00007ffa87190000 - 0x00007ffa87209000 	D:\Vivado\2023.2\lib\win64.o\libboost_program_options.dll
0x00007ffa87070000 - 0x00007ffa87184000 	D:\Vivado\2023.2\lib\win64.o\libboost_regex.dll
0x00007ffb00ea0000 - 0x00007ffb00efd000 	C:\WINDOWS\System32\SHLWAPI.dll
0x00007ffad1850000 - 0x00007ffad186c000 	D:\Vivado\2023.2\lib\win64.o\libboost_thread.dll
0x00007ffad78b0000 - 0x00007ffad78bc000 	D:\Vivado\2023.2\lib\win64.o\libboost_xilinx.dll
0x00007ffa86fe0000 - 0x00007ffa87062000 	D:\Vivado\2023.2\lib\win64.o\libhdlpsolve.dll
0x00007ffa84fe0000 - 0x00007ffa85085000 	D:\Vivado\2023.2\lib\win64.o\libhdxml.dll
0x00007ffad1730000 - 0x00007ffad175a000 	D:\Vivado\2023.2\lib\win64.o\libisl_sysinfo.dll
0x00007ffa83f40000 - 0x00007ffa83fa5000 	D:\Vivado\2023.2\lib\win64.o\liblmx6.0.dll
0x00007ffabe750000 - 0x00007ffabe76a000 	D:\Vivado\2023.2\lib\win64.o\pthreadVC2.dll
0x00007ffab5110000 - 0x00007ffab512c000 	D:\Vivado\2023.2\lib\win64.o\librdiconfig.dll
0x00007ffa99760000 - 0x00007ffa99781000 	D:\Vivado\2023.2\lib\win64.o\librdizlib.dll
0x00007ffaea540000 - 0x00007ffaea55a000 	C:\WINDOWS\SYSTEM32\NETAPI32.dll
0x00007ffae4e00000 - 0x00007ffae5083000 	C:\WINDOWS\SYSTEM32\WININET.dll
0x00007ffaf6e50000 - 0x00007ffaf6f76000 	C:\WINDOWS\SYSTEM32\WINHTTP.dll
0x00007ffaeafb0000 - 0x00007ffaeb18d000 	C:\WINDOWS\SYSTEM32\urlmon.dll
0x00007ffa83c10000 - 0x00007ffa83f3d000 	D:\Vivado\2023.2\lib\win64.o\libXil_lmgr11.dll
0x00007ffb016d0000 - 0x00007ffb017bd000 	C:\WINDOWS\System32\COMDLG32.dll
0x00007ffb00790000 - 0x00007ffb00b0e000 	C:\WINDOWS\System32\combase.dll
0x00007ffb01120000 - 0x00007ffb011fa000 	C:\WINDOWS\System32\shcore.dll
0x00007ffb00f00000 - 0x00007ffb00fd6000 	C:\WINDOWS\System32\OLEAUT32.dll
0x00007ffb00c80000 - 0x00007ffb00e19000 	C:\WINDOWS\System32\ole32.dll
0x00007ffaff1a0000 - 0x00007ffaff316000 	C:\WINDOWS\System32\CRYPT32.dll
0x00007ffa83fb0000 - 0x00007ffa84fd4600 	D:\Vivado\2023.2\lib\win64.o\libisl_iostreams.dll
0x00007ffafe490000 - 0x00007ffafe4b6000 	C:\WINDOWS\SYSTEM32\bcrypt.dll
0x00007ffae7f00000 - 0x00007ffae7f0a000 	C:\WINDOWS\SYSTEM32\WSOCK32.dll
0x00007ffa888a0000 - 0x00007ffa888d0000 	C:\WINDOWS\SYSTEM32\VCOMP140.DLL
0x00007ffaf4540000 - 0x00007ffaf454b000 	C:\WINDOWS\SYSTEM32\VERSION.dll
0x00007ffaeaba0000 - 0x00007ffaeae69000 	C:\WINDOWS\SYSTEM32\iertutil.dll
0x00007ffafc8c0000 - 0x00007ffafd0f1000 	C:\WINDOWS\SYSTEM32\windows.storage.dll
0x00007ffad1540000 - 0x00007ffad15f4000 	C:\WINDOWS\WinSxS\amd64_microsoft.windows.common-controls_6595b64144ccf1df_5.82.26100.1882_none_87f34cef7a28f535\COMCTL32.dll
0x00007ffaf6b10000 - 0x00007ffaf6b35000 	C:\WINDOWS\SYSTEM32\dhcpcsvc.DLL
0x00007ffafdff0000 - 0x00007ffafe01b000 	C:\WINDOWS\SYSTEM32\USERENV.dll
0x00007ffa99410000 - 0x00007ffa99428000 	D:\Vivado\2023.2\lib\win64.o\libboost_iostreams.dll
0x00007ffa88870000 - 0x00007ffa88894000 	D:\Vivado\2023.2\lib\win64.o\libisl_iosutils.dll
0x00007ffaeab50000 - 0x00007ffaeab79000 	C:\WINDOWS\SYSTEM32\srvcli.dll
0x00007ffafd3e0000 - 0x00007ffafd3ed000 	C:\WINDOWS\SYSTEM32\netutils.dll
0x00007ffa81a20000 - 0x00007ffa81ce1000 	D:\Vivado\2023.2\lib\win64.o\xerces-c_3_2.dll
0x00007ffa81cf0000 - 0x00007ffa83c07000 	D:\Vivado\2023.2\lib\win64.o\gurobi90.dll
0x00007ffb00e20000 - 0x00007ffb00e93000 	C:\WINDOWS\System32\WLDAP32.dll
0x00007ffb01090000 - 0x00007ffb01098000 	C:\WINDOWS\System32\Normaliz.dll
0x00007ffafdf50000 - 0x00007ffafdfb8000 	C:\WINDOWS\SYSTEM32\MSWSOCK.DLL
0x00007ffb015d0000 - 0x00007ffb015ff000 	C:\WINDOWS\System32\IMM32.DLL
0x00007ffafe3e0000 - 0x00007ffafe3f3000 	C:\WINDOWS\SYSTEM32\MSASN1.dll
0x00007ffafd9e0000 - 0x00007ffafd9fa000 	C:\WINDOWS\SYSTEM32\kernel.appcore.dll
0x00007ffafe2c0000 - 0x00007ffafe2dc000 	C:\WINDOWS\SYSTEM32\CRYPTSP.dll
0x00007ffafd940000 - 0x00007ffafd978000 	C:\WINDOWS\system32\rsaenh.dll
0x00007ffafe2e0000 - 0x00007ffafe2ec000 	C:\WINDOWS\SYSTEM32\CRYPTBASE.dll
0x00007ffaff590000 - 0x00007ffaff629000 	C:\WINDOWS\System32\bcryptPrimitives.dll
0x00007ffb015a0000 - 0x00007ffb015c0000 	C:\WINDOWS\System32\imagehlp.dll
0x00007ffa814d0000 - 0x00007ffa81a1d000 	D:\Vivado\2023.2\lib\win64.o\librdi_commontasks.dll
0x00007ffa80550000 - 0x00007ffa81198000 	D:\Vivado\2023.2\tps\win64\jre17.0.7_7\bin\server\jvm.dll
0x00007ffa811a0000 - 0x00007ffa814cb800 	D:\Vivado\2023.2\lib\win64.o\librdi_sio.dll
0x00007ffaebf30000 - 0x00007ffaebf66000 	C:\WINDOWS\SYSTEM32\WINMM.dll
0x00007ffafd3f0000 - 0x00007ffafd422000 	C:\WINDOWS\SYSTEM32\IPHLPAPI.DLL
0x00007ffafdfc0000 - 0x00007ffafdfe7000 	C:\WINDOWS\SYSTEM32\gpapi.dll
0x00007ffaf4500000 - 0x00007ffaf453b000 	C:\Windows\System32\cryptnet.dll
0x00007ffafeae0000 - 0x00007ffafeb0e000 	C:\WINDOWS\SYSTEM32\profapi.dll
0x00007ffafb930000 - 0x00007ffafb93e000 	C:\WINDOWS\SYSTEM32\WINNSI.DLL
0x00007ffb00450000 - 0x00007ffb0045a000 	C:\WINDOWS\System32\NSI.dll
0x00007ffafdc80000 - 0x00007ffafdcc8000 	C:\WINDOWS\SYSTEM32\SspiCli.dll
0x00007ffae1350000 - 0x00007ffae1368000 	C:\WINDOWS\system32\napinsp.dll
0x00007ffafd480000 - 0x00007ffafd5a5000 	C:\WINDOWS\SYSTEM32\DNSAPI.dll
0x00007ffae0f80000 - 0x00007ffae0f92000 	C:\WINDOWS\System32\winrnr.dll
0x00007ffadddb0000 - 0x00007ffadddd2000 	C:\WINDOWS\system32\nlansp_c.dll
0x00007ffaf5d10000 - 0x00007ffaf5d26000 	C:\WINDOWS\system32\wshbth.dll
0x00007ffa7d780000 - 0x00007ffa80546000 	D:\Vivado\2023.2\lib\win64.o\librdi_tcltasks.dll
0x00007ffa7d580000 - 0x00007ffa7d780000 	D:\Vivado\2023.2\lib\win64.o\librdi_board.dll
0x00007ffa7d000000 - 0x00007ffa7d083000 	D:\Vivado\2023.2\lib\win64.o\librdi_boarddep.dll
0x00007ffa7d090000 - 0x00007ffa7d571000 	D:\Vivado\2023.2\lib\win64.o\librdi_bitstream.dll
0x00007ffa7ced0000 - 0x00007ffa7cffa000 	D:\Vivado\2023.2\lib\win64.o\librdi_chipscope.dll
0x00007ffa7ccc0000 - 0x00007ffa7cec7000 	D:\Vivado\2023.2\lib\win64.o\librdi_chipscopeimpl.dll
0x00007ffa7a5c0000 - 0x00007ffa7ccb5000 	D:\Vivado\2023.2\lib\win64.o\librdi_constraints.dll
0x00007ffa7a450000 - 0x00007ffa7a5be000 	D:\Vivado\2023.2\lib\win64.o\librdi_containers.dll
0x00007ffa77d10000 - 0x00007ffa7a446000 	D:\Vivado\2023.2\lib\win64.o\librdi_coregen.dll
0x00007ffa748f0000 - 0x00007ffa75ef3000 	D:\Vivado\2023.2\lib\win64.o\librdi_device.dll
0x00007ffa75f00000 - 0x00007ffa77d07000 	D:\Vivado\2023.2\lib\win64.o\librdi_designutils.dll
0x00007ffa74550000 - 0x00007ffa748ef000 	D:\Vivado\2023.2\lib\win64.o\librdi_dlyest.dll
0x00007ffa73d50000 - 0x00007ffa73e04000 	D:\Vivado\2023.2\lib\win64.o\librdi_dsp.dll
0x00007ffa73e10000 - 0x00007ffa74546000 	D:\Vivado\2023.2\lib\win64.o\librdi_drc.dll
0x00007ffa73590000 - 0x00007ffa73d4f000 	D:\Vivado\2023.2\lib\win64.o\librdi_filemgmt.dll
0x00007ffa73520000 - 0x00007ffa7358b000 	D:\Vivado\2023.2\lib\win64.o\librdi_hdf.dll
0x00007ffa73230000 - 0x00007ffa73514000 	D:\Vivado\2023.2\lib\win64.o\librdi_hip_devdesign.dll
0x00007ffa730e0000 - 0x00007ffa73228000 	D:\Vivado\2023.2\lib\win64.o\librdi_hip_perf_analysis.dll
0x00007ffa71f90000 - 0x00007ffa730d3000 	D:\Vivado\2023.2\lib\win64.o\librdi_implflow.dll
0x00007ffa70840000 - 0x00007ffa710da000 	D:\Vivado\2023.2\lib\win64.o\librdi_lopt.dll
0x00007ffa710e0000 - 0x00007ffa71f90000 	D:\Vivado\2023.2\lib\win64.o\librdi_ippcw.dll
0x00007ffa70160000 - 0x00007ffa701dd000 	D:\Vivado\2023.2\lib\win64.o\librdi_memoryarray.dll
0x00007ffa6cf00000 - 0x00007ffa6d704000 	D:\Vivado\2023.2\lib\win64.o\librdi_netlist.dll
0x00007ffa6ce80000 - 0x00007ffa6cef2000 	D:\Vivado\2023.2\lib\win64.o\librdi_noc_frameworks.dll
0x00007ffa701e0000 - 0x00007ffa70836000 	D:\Vivado\2023.2\lib\win64.o\librdi_memdata.dll
0x00007ffa6ce20000 - 0x00007ffa6ce7c000 	D:\Vivado\2023.2\lib\win64.o\librdi_pfi.dll
0x00007ffa6d710000 - 0x00007ffa70151000 	D:\Vivado\2023.2\lib\win64.o\librdi_mig.dll
0x00007ffa672b0000 - 0x00007ffa6772e000 	D:\Vivado\2023.2\lib\win64.o\librdi_platform.dll
0x00007ffa67730000 - 0x00007ffa6a5ec000 	D:\Vivado\2023.2\lib\win64.o\librdi_place.dll
0x00007ffa669b0000 - 0x00007ffa672a2000 	D:\Vivado\2023.2\lib\win64.o\librdi_power.dll
0x00007ffa66120000 - 0x00007ffa669ab000 	D:\Vivado\2023.2\lib\win64.o\librdi_project.dll
0x00007ffa659a0000 - 0x00007ffa66117000 	D:\Vivado\2023.2\lib\win64.o\librdi_psta.dll
0x00007ffa64dc0000 - 0x00007ffa64fd1000 	D:\Vivado\2023.2\lib\win64.o\librdi_advchipscopeimpl.dll

dbghelp: loaded successfully - version: 4.0.5 - missing functions: none
symbol engine: initialized successfully - sym options: 0x614 - pdb path: .;D:\Vivado\2023.2\bin\unwrapped\win64.o;C:\WINDOWS\SYSTEM32;D:\Vivado\2023.2\lib\win64.o;C:\WINDOWS\WinSxS\amd64_microsoft.windows.common-controls_6595b64144ccf1df_5.82.26100.1882_none_87f34cef7a28f535;D:\Vivado\2023.2\tps\win64\jre17.0.7_7\bin\server;D:\Vivado\2023.2\tps\win64\jre17.0.7_7\bin;C:\WINDOWS\WinSxS\amd64_microsoft.windows.common-controls_6595b64144ccf1df_6.0.26100.2454_none_3e0b68a2e331ad60

VM Arguments:
jvm_args: -Dsun.java2d.pmoffscreen=false -Dhttps.protocols=TLSv1,TLSv1.1,TLSv1.2 -Dsun.java2d.xrender=false -Dsun.java2d.d3d=false -Dsun.awt.nopixfmt=true -Dsun.java2d.dpiaware=true -Dsun.java2d.uiScale.enabled=false -Dswing.aatext=true -XX:-UsePerfData -Djdk.map.althashing.threshold=512 -XX:StringTableSize=4072 -XX:+UseStringDeduplication -XX:MaxGCPauseMillis=200 -XX:+ParallelRefProcEnabled --add-opens=java.desktop/javax.swing.plaf.synth=ALL-UNNAMED --add-opens=java.base/java.nio=ALL-UNNAMED --add-opens=java.desktop/sun.swing=ALL-UNNAMED --add-opens=java.desktop/javax.swing=ALL-UNNAMED --add-opens=java.desktop/javax.swing.tree=ALL-UNNAMED --add-opens=java.desktop/javax.swing.plaf.basic=ALL-UNNAMED --add-opens=java.desktop/javax.swing.plaf.synth=ALL-UNNAMED --add-opens=java.desktop/javax.swing.plaf.basic=ALL-UNNAMED --add-opens=java.desktop/javax.swing=ALL-UNNAMED --add-opens=java.desktop/javax.swing.tree=ALL-UNNAMED --add-opens=java.desktop/java.awt.event=ALL-UNNAMED --add-exports=java.desktop/javax.swing.plaf.synth=ALL-UNNAMED --add-exports=java.base/java.nio=ALL-UNNAMED --add-exports=java.desktop/sun.swing=ALL-UNNAMED --add-exports=java.desktop/javax.swing=ALL-UNNAMED --add-exports=java.desktop/javax.swing.tree=ALL-UNNAMED --add-exports=java.desktop/javax.swing.plaf.basic=ALL-UNNAMED --add-exports=java.desktop/sun.swing=ALL-UNNAMED --add-exports=java.desktop/sun.swing.table=ALL-UNNAMED --add-exports=java.desktop/sun.swing.plaf.synth=ALL-UNNAMED --add-exports=java.desktop/sun.awt.shell=ALL-UNNAMED --add-exports=java.base/sun.security.action=ALL-UNNAMED --add-exports=java.desktop/sun.font=ALL-UNNAMED -XX:NewSize=80m -XX:MaxNewSize=80m -Xms512m -Xmx4072m -Xss10m 
java_command: <unknown>
java_class_path (initial): D:/Vivado/2023.2\lib\classes\alloy.jar;D:/Vivado/2023.2\lib\classes\asm-9.3.jar;D:/Vivado/2023.2\lib\classes\asm-analysis-9.3.jar;D:/Vivado/2023.2\lib\classes\asm-commons-9.3.jar;D:/Vivado/2023.2\lib\classes\asm-tree-9.3.jar;D:/Vivado/2023.2\lib\classes\autoesl-models.jar;D:/Vivado/2023.2\lib\classes\batik-anim.jar;D:/Vivado/2023.2\lib\classes\batik-awt-util.jar;D:/Vivado/2023.2\lib\classes\batik-bridge.jar;D:/Vivado/2023.2\lib\classes\batik-codec.jar;D:/Vivado/2023.2\lib\classes\batik-constants.jar;D:/Vivado/2023.2\lib\classes\batik-css.jar;D:/Vivado/2023.2\lib\classes\batik-dom.jar;D:/Vivado/2023.2\lib\classes\batik-ext.jar;D:/Vivado/2023.2\lib\classes\batik-gui-util.jar;D:/Vivado/2023.2\lib\classes\batik-gvt.jar;D:/Vivado/2023.2\lib\classes\batik-i18n.jar;D:/Vivado/2023.2\lib\classes\batik-parser.jar;D:/Vivado/2023.2\lib\classes\batik-script.jar;D:/Vivado/2023.2\lib\classes\batik-svg-dom.jar;D:/Vivado/2023.2\lib\classes\batik-svggen.jar;D:/Vivado/2023.2\lib\classes\batik-swing.jar;D:/Vivado/2023.2\lib\classes\batik-transcoder.jar;D:/Vivado/2023.2\lib\classes\batik-util.jar;D:/Vivado/2023.2\lib\classes\batik-xml.jar;D:/Vivado/2023.2\lib\classes\com.fasterxml.jackson.core.jackson-annotations_2.12.1.v20210128-1726.jar;D:/Vivado/2023.2\lib\classes\com.fasterxml.jackson.core.jackson-core_2.12.1.v20210128-1726.jar;D:/Vivado/2023.2\lib\classes\com.fasterxml.jackson.core.jackson-databind_2.12.1.v20210128-1726.jar;D:/Vivado/2023.2\lib\classes\com.google.gson_2.8.9.v20220111-1409.jar;D:/Vivado/2023.2\lib\classes\com.google.guava_30.1.0.v20210127-2300.jar;D:/Vivado/2023.2\lib\classes\com.sigasi.hdt.connection_4.17.2.202304211001.jar;D:/Vivado/2023.2\lib\classes\com.sigasi.hdt.epl_4.17.2.202304211001.jar;D:/Vivado/2023.2\lib\classes\com.sigasi.hdt.project_4.17.2.202304211001.jar;D:/Vivado/2023.2\lib\classes\com.sigasi.hdt.readonlyfilesystem_4.17.2.202304211001.jar;D:/Vivado/2023.2\lib\classes\com.sigasi.hdt.shared_4.17.2.202304211001.jar;D:/Vivad
Launcher Type: generic

[Global flags]
     intx CICompilerCount                          = 4                                         {product} {ergonomic}
     uint ConcGCThreads                            = 2                                         {product} {ergonomic}
     uint G1ConcRefinementThreads                  = 8                                         {product} {ergonomic}
   size_t G1HeapRegionSize                         = 2097152                                   {product} {ergonomic}
    uintx GCDrainStackTargetSize                   = 64                                        {product} {ergonomic}
   size_t InitialHeapSize                          = 536870912                                 {product} {command line}
   size_t MarkStackSize                            = 4194304                                   {product} {ergonomic}
    uintx MaxGCPauseMillis                         = 200                                       {product} {command line}
   size_t MaxHeapSize                              = 4269801472                                {product} {command line}
   size_t MaxNewSize                               = 83886080                                  {product} {command line}
   size_t MinHeapDeltaBytes                        = 2097152                                   {product} {ergonomic}
   size_t MinHeapSize                              = 536870912                                 {product} {command line}
   size_t NewSize                                  = 83886080                                  {product} {command line}
    uintx NonNMethodCodeHeapSize                   = 5839372                                {pd product} {ergonomic}
    uintx NonProfiledCodeHeapSize                  = 122909434                              {pd product} {ergonomic}
     bool ParallelRefProcEnabled                   = true                                      {product} {command line}
    uintx ProfiledCodeHeapSize                     = 122909434                              {pd product} {ergonomic}
    uintx ReservedCodeCacheSize                    = 251658240                              {pd product} {ergonomic}
     bool SegmentedCodeCache                       = true                                      {product} {ergonomic}
   size_t SoftMaxHeapSize                          = 4269801472                             {manageable} {ergonomic}
    uintx StringTableSize                          = 4072                                      {product} {command line}
     intx ThreadStackSize                          = 10240                                  {pd product} {command line}
     bool UseCompressedClassPointers               = true                           {product lp64_product} {ergonomic}
     bool UseCompressedOops                        = true                           {product lp64_product} {ergonomic}
     bool UseG1GC                                  = true                                      {product} {ergonomic}
     bool UseLargePagesIndividualAllocation        = false                                  {pd product} {ergonomic}
     bool UsePerfData                              = false                                     {product} {command line}
     bool UseStringDeduplication                   = true                                      {product} {command line}

Logging:
Log output configuration:
 #0: stdout all=warning uptime,level,tags
 #1: stderr all=off uptime,level,tags

Environment Variables:
JAVA_HOME=C:\Users\debab\AppData\Local\Programs\Eclipse Adoptium\jdk-17.0.11.9-hotspot\
PATH=D:/Vivado/2023.2/bin;D:/Vivado/2023.2/tps/win64/java-cef-95.0.4638.69/bin/lib/win64;D:/Vivado/2023.2/tps/win64/javafx-sdk-17.0.1/lib;D:/Vivado/2023.2/tps/win64/javafx-sdk-17.0.1/bin;D:/Vivado/2023.2/lib/win64.o;D:/Vivado/2023.2/tps/win64/jre17.0.7_7/bin/server;D:/Vivado/2023.2/tps/win64/jre17.0.7_7/bin;D:/Vivado/2023.2/ids_lite/ISE/bin/nt64;D:/Vivado/2023.2/ids_lite/ISE/lib/nt64;D:/Vitis_HLS/2023.2/bin;C:\Program Files (x86)\Common Files\Oracle\Java\java8path;C:\Program Files (x86)\Common Files\Oracle\Java\javapath;C:\Python312\Scripts\;C:\Python312\;C:\oraclexe\app\oracle\product\11.2.0\server\bin;C:\ProgramData\Oracle\Java\javapath;C:\Windows\system32;C:\Windows;C:\Windows\System32\Wbem;C:\Windows\System32\WindowsPowerShell\v1.0\;C:\Windows\System32\OpenSSH\;C:\Program Files (x86)\NVIDIA Corporation\PhysX\Common;C:\Program Files\NVIDIA Corporation\NVIDIA NvDLISR;C:\Program Files\PuTTY\;C:\Program Files\nodejs\;C:\ProgramData\chocolatey\bin;C:\Program Files\Git\cmd;C:\Users\debab\AppData\Local\Programs\Eclipse Adoptium\jdk-17.0.11.9-hotspot\bin;C:\Program Files\MySQL\MySQL Shell 8.0\bin\;C:\Users\debab\AppData\Local\Microsoft\WindowsApps;C:\Users\debab\AppData\Local\Programs\Python\Python310;C:\Users\debab\AppData\Local\Programs\Python\Python310\Scripts;C:\Users\debab\AppData\Local\Programs\Microsoft VS Code\bin;C:\Users\debab\AppData\Roaming\npm;;D:/Vivado/2023.2\tps\mingw\6.2.0\win64.o\nt\bin;D:/Vivado/2023.2\tps\mingw\6.2.0\win64.o\nt\libexec\gcc\x86_64-w64-mingw32\6.2.0;D:/Vivado/2023.2\tps\win64\python-3.8.3;D:/Vivado/2023.2\tps\win64\python-3.8.3\bin;D:/Vivado/2023.2\tps\win64\python-3.8.3\lib;D:/Vivado/2023.2\tps\win64\python-3.8.3\lib\site-packages
USERNAME=debab
OS=Windows_NT
PROCESSOR_IDENTIFIER=Intel64 Family 6 Model 165 Stepping 2, GenuineIntel
TMP=C:\Users\debab\AppData\Local\Temp
TEMP=C:\Users\debab\AppData\Local\Temp



---------------  S Y S T E M  ---------------

OS:
 Windows 11 , 64 bit Build 26100 (10.0.26100.2454)
OS uptime: 0 days 1:28 hours
Hyper-V role detected

CPU: total 8 (initial active 8) (4 cores per cpu, 2 threads per core) family 6 model 165 stepping 2 microcode 0xe2, cx8, cmov, fxsr, ht, mmx, 3dnowpref, sse, sse2, sse3, ssse3, sse4.1, sse4.2, popcnt, lzcnt, tsc, tscinvbit, avx, avx2, aes, erms, clmul, bmi1, bmi2, adx, fma, vzeroupper, clflush, clflushopt, hv

Memory: 4k page, system-wide physical 8023M (1271M free)
TotalPageFile size 19799M (AvailPageFile size 5258M)
current process WorkingSet (physical memory assigned to process): 2480M, peak: 2855M
current process commit charge ("private bytes"): 4877M, peak: 5504M

vm_info: OpenJDK 64-Bit Server VM (17.0.7+7) for windows-amd64 JRE (17.0.7+7), built on Apr 18 2023 22:10:42 by "temurin" with MS VC++ 16.7 (VS2019)

END.
